"Date","Price","Open","High","Low","Vol.","Change %"
"03/18/2026","0.709","0.709","0.711","0.707","204.44K","0.00%"
"03/17/2026","0.709","0.708","0.710","0.706","255.88K","0.42%"
"03/16/2026","0.706","0.709","0.709","0.705","75.48K","-0.28%"
"03/15/2026","0.708","0.710","0.710","0.708","86.67K","-0.14%"
"03/12/2026","0.709","0.710","0.710","0.709","117.04K","-0.14%"
"03/11/2026","0.710","0.710","0.710","0.709","167.27K","0.00%"
"03/10/2026","0.710","0.706","0.710","0.704","327.86K","0.71%"
"03/09/2026","0.705","0.705","0.707","0.704","303.58K","0.00%"
"03/08/2026","0.705","0.700","0.709","0.700","276.74K","0.71%"
"03/05/2026","0.700","0.699","0.700","0.696","181.44K","0.14%"
"03/04/2026","0.699","0.697","0.700","0.695","115.61K","0.58%"
"03/03/2026","0.695","0.685","0.696","0.684","1.14M","1.31%"
"03/02/2026","0.686","0.690","0.694","0.685","156.70K","0.00%"
"03/01/2026","0.686","0.681","0.687","0.671","265.11K","-2.14%"
"02/26/2026","0.701","0.705","0.705","0.701","86.19K","-0.99%"
"02/25/2026","0.708","0.706","0.709","0.701","95.86K","0.14%"
"02/24/2026","0.707","0.705","0.708","0.705","21.44K","0.43%"
"02/23/2026","0.704","0.702","0.708","0.702","63.49K","0.28%"
"02/22/2026","0.702","0.706","0.706","0.702","109.39K","-0.57%"
"02/19/2026","0.706","0.709","0.709","0.705","111.73K","-0.56%"
"02/18/2026","0.710","0.710","0.710","0.709","206.23K","0.14%"
"02/17/2026","0.709","0.710","0.710","0.708","223.95K","0.00%"
"02/16/2026","0.709","0.710","0.710","0.708","138.84K","-0.14%"
"02/15/2026","0.710","0.708","0.710","0.707","168.99K","0.14%"
"02/12/2026","0.709","0.709","0.710","0.706","83.54K","0.14%"
"02/11/2026","0.708","0.710","0.710","0.707","125.90K","-0.28%"
"02/10/2026","0.710","0.709","0.710","0.707","325.10K","0.28%"
"02/09/2026","0.708","0.709","0.710","0.706","275.52K","0.00%"
"02/08/2026","0.708","0.706","0.710","0.706","308.84K","0.43%"
"02/05/2026","0.705","0.705","0.706","0.701","166.72K","-0.14%"
"02/04/2026","0.706","0.705","0.707","0.701","509.15K","0.86%"
"02/03/2026","0.700","0.698","0.707","0.698","379.44K","0.29%"
"02/02/2026","0.698","0.699","0.700","0.695","83.47K","-0.29%"
"02/01/2026","0.700","0.698","0.700","0.694","110.66K","0.14%"
"01/28/2026","0.699","0.699","0.704","0.696","1.04M","0.00%"
"01/27/2026","0.699","0.696","0.700","0.696","171.84K","0.14%"
"01/26/2026","0.698","0.699","0.699","0.690","296.20K","0.00%"
"01/25/2026","0.698","0.680","0.701","0.680","1.43M","2.80%"
"01/22/2026","0.679","0.675","0.679","0.672","253.85K","0.74%"
"01/21/2026","0.674","0.671","0.676","0.670","248.30K","0.45%"
"01/20/2026","0.671","0.677","0.679","0.670","216.31K","-0.89%"
"01/19/2026","0.677","0.675","0.679","0.670","335.49K","0.30%"
"01/18/2026","0.675","0.675","0.678","0.674","25.54K","0.15%"
"01/15/2026","0.674","0.680","0.684","0.671","267.71K","-0.88%"
"01/14/2026","0.680","0.677","0.680","0.671","188.85K","0.89%"
"01/13/2026","0.674","0.681","0.684","0.674","97.55K","-1.03%"
"01/12/2026","0.681","0.684","0.684","0.676","54.43K","0.15%"
"01/11/2026","0.680","0.681","0.685","0.670","688.76K","-0.73%"
"01/08/2026","0.685","0.693","0.693","0.674","869.52K","-1.15%"
"01/06/2026","0.693","0.694","0.696","0.691","280.00K","-0.29%"
"01/05/2026","0.695","0.695","0.697","0.693","116.29K","-0.29%"
"01/04/2026","0.697","0.699","0.700","0.696","59.60K","-0.29%"
"12/31/2025","0.699","0.702","0.705","0.695","313.27K","-0.57%"
"12/30/2025","0.703","0.703","0.706","0.703","112.45K","-0.14%"
"12/29/2025","0.704","0.708","0.708","0.704","193.14K","-0.28%"
"12/28/2025","0.706","0.705","0.710","0.705","290.28K","0.14%"
"12/25/2025","0.705","0.687","0.709","0.686","913.17K","2.62%"
"12/24/2025","0.687","0.686","0.694","0.686","312.53K","0.15%"
"12/23/2025","0.686","0.689","0.689","0.686","127.46K","-0.44%"
"12/22/2025","0.689","0.686","0.689","0.683","227.36K","0.58%"
"12/21/2025","0.685","0.687","0.690","0.685","133.36K","-0.44%"
"12/18/2025","0.688","0.688","0.689","0.687","96.52K","0.29%"
"12/17/2025","0.686","0.686","0.689","0.684","102.71K","0.44%"
"12/16/2025","0.683","0.691","0.692","0.683","450.04K","-1.30%"
"12/15/2025","0.692","0.691","0.695","0.690","729.69K","-0.14%"
"12/14/2025","0.693","0.678","0.694","0.678","646.06K","2.82%"
"12/11/2025","0.674","0.668","0.675","0.667","264.49K","1.97%"
"12/10/2025","0.661","0.668","0.671","0.660","952.94K","-0.60%"
"12/09/2025","0.665","0.655","0.669","0.652","502.57K","1.53%"
"12/08/2025","0.655","0.660","0.660","0.654","908.98K","-0.15%"
"12/07/2025","0.656","0.655","0.660","0.653","262.57K","-0.15%"
"12/04/2025","0.657","0.660","0.660","0.655","297.61K","-0.45%"
"12/03/2025","0.660","0.669","0.669","0.659","764.63K","-0.90%"
"12/02/2025","0.666","0.667","0.670","0.665","159.20K","-0.45%"
"12/01/2025","0.669","0.668","0.670","0.665","198.03K","-0.15%"
"11/30/2025","0.670","0.670","0.672","0.665","286.56K","-0.15%"
"11/27/2025","0.671","0.674","0.677","0.670","321.57K","-0.59%"
"11/26/2025","0.675","0.680","0.680","0.674","202.80K","-0.15%"
"11/25/2025","0.676","0.677","0.681","0.675","124.55K","0.00%"
"11/24/2025","0.676","0.678","0.679","0.675","113.83K","-0.15%"
"11/23/2025","0.677","0.681","0.681","0.676","373.85K","-0.44%"
"11/20/2025","0.680","0.677","0.681","0.676","66.20K","0.29%"
"11/19/2025","0.678","0.680","0.680","0.677","45.98K","-0.15%"
"11/18/2025","0.679","0.680","0.682","0.676","116.00K","0.00%"
"11/17/2025","0.679","0.693","0.693","0.679","1.48M","-1.88%"
"11/16/2025","0.692","0.696","0.696","0.689","324.07K","-0.57%"
"11/13/2025","0.696","0.698","0.698","0.695","69.44K","-0.14%"
"11/12/2025","0.697","0.699","0.699","0.697","177.21K","0.00%"
"11/11/2025","0.697","0.703","0.703","0.696","306.92K","-0.85%"
"11/10/2025","0.703","0.707","0.708","0.702","108.91K","-0.71%"
"11/09/2025","0.708","0.708","0.708","0.706","94.41K","0.00%"
"11/06/2025","0.708","0.708","0.709","0.708","42.80K","0.00%"
"11/05/2025","0.708","0.708","0.709","0.708","48.81K","-0.28%"
"11/04/2025","0.710","0.709","0.710","0.708","139.37K","0.14%"
"11/03/2025","0.709","0.710","0.710","0.709","98.69K","0.00%"
"11/02/2025","0.709","0.709","0.710","0.709","46.98K","0.00%"
"10/30/2025","0.709","0.709","0.710","0.708","186.59K","-0.14%"
"10/29/2025","0.710","0.707","0.710","0.707","78.39K","0.28%"
"10/28/2025","0.708","0.708","0.709","0.707","61.49K","-0.14%"
"10/27/2025","0.709","0.709","0.709","0.707","35.15K","0.14%"
"10/26/2025","0.708","0.710","0.710","0.708","157.40K","-0.14%"
"10/23/2025","0.709","0.710","0.710","0.708","97.19K","-0.14%"
"10/22/2025","0.710","0.709","0.710","0.708","52.37K","0.14%"
"10/21/2025","0.709","0.710","0.710","0.708","165.63K","-0.14%"
"10/20/2025","0.710","0.710","0.712","0.709","125.88K","0.00%"
"10/19/2025","0.710","0.710","0.712","0.709","135.21K","0.00%"
"10/16/2025","0.710","0.711","0.713","0.710","171.04K","-0.14%"
"10/15/2025","0.711","0.712","0.714","0.710","135.93K","-0.28%"
"10/14/2025","0.713","0.712","0.715","0.710","56.87K","0.14%"
"10/13/2025","0.712","0.712","0.714","0.711","85.49K","0.00%"
"10/12/2025","0.712","0.718","0.719","0.712","87.48K","-0.42%"
"10/08/2025","0.715","0.720","0.720","0.715","258.14K","-0.69%"
"10/07/2025","0.720","0.724","0.724","0.719","208.37K","-0.41%"
"10/06/2025","0.723","0.724","0.724","0.722","49.13K","-0.14%"
"10/05/2025","0.724","0.725","0.726","0.723","145.25K","-0.14%"
"10/02/2025","0.725","0.726","0.728","0.725","117.42K","-0.28%"
"10/01/2025","0.727","0.729","0.729","0.726","178.48K","0.14%"
"09/30/2025","0.726","0.727","0.729","0.726","56.41K","0.00%"
"09/29/2025","0.726","0.728","0.729","0.724","242.31K","-0.27%"
"09/28/2025","0.728","0.730","0.730","0.728","65.42K","-0.27%"
"09/25/2025","0.730","0.730","0.731","0.729","120.14K","0.00%"
"09/24/2025","0.730","0.727","0.731","0.727","889.56K","0.41%"
"09/23/2025","0.727","0.726","0.728","0.726","215.44K","-0.14%"
"09/22/2025","0.728","0.727","0.728","0.726","156.16K","0.14%"
"09/21/2025","0.727","0.727","0.728","0.726","126.90K","0.00%"
"09/18/2025","0.727","0.726","0.728","0.726","102.14K","0.14%"
"09/17/2025","0.726","0.725","0.728","0.725","221.02K","0.28%"
"09/16/2025","0.724","0.722","0.725","0.719","351.27K","0.28%"
"09/15/2025","0.722","0.718","0.725","0.718","145.87K","0.56%"
"09/14/2025","0.718","0.717","0.718","0.713","126.35K","0.42%"
"09/11/2025","0.715","0.715","0.716","0.715","113.89K","0.00%"
"09/10/2025","0.715","0.712","0.716","0.711","56.11K","0.28%"
"09/09/2025","0.713","0.717","0.717","0.713","14.68K","-0.14%"
"09/08/2025","0.714","0.718","0.718","0.713","59.15K","-0.42%"
"09/07/2025","0.717","0.715","0.719","0.711","148.69K","0.28%"
"09/03/2025","0.715","0.715","0.716","0.712","540.80K","0.00%"
"09/02/2025","0.715","0.710","0.715","0.708","371.60K","0.70%"
"09/01/2025","0.710","0.710","0.711","0.707","279.04K","0.42%"
"08/31/2025","0.707","0.713","0.714","0.707","188.96K","-0.56%"
"08/28/2025","0.711","0.715","0.717","0.711","111.22K","-0.56%"
"08/27/2025","0.715","0.707","0.716","0.705","463.54K","1.27%"
"08/26/2025","0.706","0.708","0.709","0.706","49.74K","-0.42%"
"08/25/2025","0.709","0.707","0.710","0.706","119.72K","-0.14%"
"08/24/2025","0.710","0.710","0.710","0.707","211.08K","0.00%"
"08/21/2025","0.710","0.711","0.712","0.708","473.61K","0.00%"
"08/20/2025","0.710","0.715","0.720","0.709","514.57K","-0.70%"
"08/19/2025","0.715","0.719","0.719","0.715","395.47K","-0.56%"
"08/18/2025","0.719","0.710","0.719","0.706","769.63K","1.55%"
"08/17/2025","0.708","0.700","0.710","0.700","333.54K","1.87%"
"08/14/2025","0.695","0.704","0.704","0.694","331.59K","-1.28%"
"08/13/2025","0.704","0.695","0.705","0.694","891.35K","1.00%"
"08/12/2025","0.697","0.684","0.697","0.684","681.81K","2.50%"
"08/11/2025","0.680","0.674","0.688","0.674","342.19K","1.19%"
"08/10/2025","0.672","0.666","0.673","0.665","169.90K","1.20%"
"08/07/2025","0.664","0.666","0.666","0.661","15.29K","0.45%"
"08/06/2025","0.661","0.664","0.666","0.661","99.00K","-0.60%"
"08/05/2025","0.665","0.662","0.667","0.662","137.37K","0.61%"
"08/04/2025","0.661","0.663","0.664","0.660","318.53K","0.15%"
"08/03/2025","0.660","0.660","0.662","0.658","57.56K","0.00%"
"07/31/2025","0.660","0.656","0.662","0.655","257.95K","0.46%"
"07/30/2025","0.657","0.657","0.659","0.656","426.43K","-0.15%"
"07/29/2025","0.658","0.655","0.659","0.652","173.35K","0.77%"
"07/28/2025","0.653","0.654","0.656","0.652","269.07K","0.46%"
"07/27/2025","0.650","0.664","0.667","0.649","524.97K","-1.52%"
"07/23/2025","0.660","0.671","0.671","0.655","535.47K","1.06%"
"07/22/2025","0.653","0.652","0.654","0.651","167.28K","0.15%"
"07/21/2025","0.652","0.651","0.653","0.650","81.06K","0.29%"
"07/20/2025","0.650","0.651","0.651","0.648","101.13K","0.00%"
"07/17/2025","0.650","0.648","0.651","0.648","49.20K","0.15%"
"07/16/2025","0.649","0.647","0.652","0.647","226.92K","0.29%"
"07/15/2025","0.647","0.652","0.652","0.647","38.69K","-0.29%"
"07/14/2025","0.649","0.652","0.652","0.645","480.68K","-0.58%"
"07/13/2025","0.653","0.656","0.658","0.653","288.18K","-0.29%"
"07/10/2025","0.655","0.652","0.655","0.652","96.10K","0.88%"
"07/09/2025","0.649","0.650","0.654","0.648","59.07K","-0.15%"
"07/07/2025","0.650","0.646","0.652","0.646","61.52K","0.89%"
"07/06/2025","0.644","0.655","0.655","0.640","287.85K","-1.46%"
"07/02/2025","0.654","0.659","0.661","0.654","173.66K","-0.72%"
"07/01/2025","0.659","0.657","0.662","0.656","115.44K","0.73%"
"06/30/2025","0.654","0.647","0.655","0.647","193.42K","1.03%"
"06/29/2025","0.647","0.647","0.650","0.646","166.95K","0.00%"
"06/25/2025","0.647","0.645","0.647","0.644","71.22K","0.15%"
"06/24/2025","0.646","0.629","0.647","0.629","152.87K","2.72%"
"06/23/2025","0.629","0.627","0.630","0.625","171.47K","0.61%"
"06/22/2025","0.625","0.606","0.627","0.603","86.92K","1.86%"
"06/19/2025","0.614","0.618","0.618","0.601","76.81K","-0.62%"
"06/18/2025","0.618","0.610","0.619","0.597","226.76K","0.78%"
"06/17/2025","0.613","0.630","0.630","0.612","409.02K","-1.68%"
"06/16/2025","0.624","0.632","0.635","0.624","333.88K","-1.95%"
"06/15/2025","0.636","0.644","0.644","0.622","318.37K","-1.91%"
"06/12/2025","0.648","0.657","0.657","0.647","399.00K","-1.30%"
"06/11/2025","0.657","0.657","0.657","0.655","131.66K","0.58%"
"06/10/2025","0.653","0.655","0.657","0.652","125.21K","-0.29%"
"06/04/2025","0.655","0.655","0.657","0.652","120.11K","0.88%"
"06/03/2025","0.649","0.654","0.655","0.649","64.54K","-0.58%"
"06/02/2025","0.653","0.654","0.658","0.650","60.67K","0.00%"
"06/01/2025","0.653","0.657","0.657","0.653","44.58K","0.15%"
"05/29/2025","0.652","0.657","0.659","0.652","158.41K","-0.87%"
"05/28/2025","0.658","0.653","0.662","0.652","150.14K","0.88%"
"05/27/2025","0.652","0.651","0.653","0.650","95.28K","0.15%"
"05/26/2025","0.651","0.651","0.652","0.650","87.18K","0.15%"
"05/25/2025","0.650","0.655","0.655","0.650","116.35K","-0.87%"
"05/22/2025","0.656","0.661","0.662","0.656","328.80K","-0.43%"
"05/21/2025","0.659","0.662","0.662","0.658","221.03K","-0.43%"
"05/20/2025","0.662","0.659","0.663","0.659","88.61K","0.43%"
"05/19/2025","0.659","0.660","0.662","0.658","252.65K","-0.14%"
"05/18/2025","0.660","0.664","0.664","0.657","507.11K","-1.00%"
"05/15/2025","0.666","0.665","0.666","0.663","164.44K","0.43%"
"05/14/2025","0.664","0.666","0.666","0.664","208.16K","-0.29%"
"05/13/2025","0.665","0.666","0.666","0.664","67.24K","-0.14%"
"05/12/2025","0.666","0.665","0.666","0.664","150.59K","0.29%"
"05/11/2025","0.664","0.665","0.667","0.664","195.18K","-0.14%"
"05/08/2025","0.665","0.665","0.666","0.664","104.37K","0.14%"
"05/07/2025","0.664","0.664","0.665","0.663","234.64K","0.14%"
"05/06/2025","0.664","0.664","0.666","0.664","282.08K","-0.14%"
"05/05/2025","0.664","0.665","0.666","0.663","213.18K","0.00%"
"05/04/2025","0.664","0.666","0.668","0.664","288.76K","0.14%"
"04/30/2025","0.664","0.673","0.673","0.664","293.56K","-0.85%"
"04/29/2025","0.669","0.664","0.671","0.663","66.70K","0.72%"
"04/28/2025","0.664","0.663","0.666","0.663","215.76K","0.29%"
"04/27/2025","0.663","0.676","0.680","0.662","593.68K","-5.43%"
"04/23/2025","0.701","0.698","0.703","0.698","235.04K","0.41%"
"04/22/2025","0.698","0.699","0.701","0.697","231.85K","-0.14%"
"04/17/2025","0.699","0.702","0.702","0.695","157.44K","-0.27%"
"04/16/2025","0.701","0.699","0.702","0.695","239.67K","0.82%"
"04/15/2025","0.695","0.695","0.702","0.695","176.22K","0.00%"
"04/14/2025","0.695","0.694","0.695","0.692","72.46K","0.27%"
"04/13/2025","0.693","0.695","0.695","0.692","17.33K","0.41%"
"04/10/2025","0.690","0.704","0.704","0.689","229.47K","0.00%"
"04/09/2025","0.690","0.692","0.693","0.685","212.23K","0.69%"
"04/08/2025","0.685","0.690","0.696","0.685","298.03K","-0.28%"
"04/07/2025","0.687","0.685","0.690","0.681","314.91K","0.42%"
"04/06/2025","0.684","0.700","0.700","0.676","379.11K","-2.97%"
"04/03/2025","0.705","0.704","0.705","0.702","80.42K","0.00%"
"03/27/2025","0.705","0.704","0.706","0.703","104.67K","0.54%"
"03/26/2025","0.702","0.704","0.704","0.702","77.06K","-0.41%"
"03/25/2025","0.704","0.704","0.708","0.700","231.29K","0.68%"
"03/24/2025","0.700","0.703","0.704","0.696","576.48K","-0.54%"
"03/23/2025","0.704","0.696","0.712","0.695","175.60K","1.09%"
"03/20/2025","0.696","0.685","0.698","0.685","233.08K","1.53%"
"03/19/2025","0.685","0.704","0.704","0.679","437.03K","-2.17%"
"03/18/2025","0.701","0.704","0.704","0.700","84.63K","-0.67%"
"03/17/2025","0.705","0.704","0.706","0.700","79.83K","0.68%"
"03/16/2025","0.701","0.709","0.714","0.700","128.93K","-1.21%"
"03/13/2025","0.709","0.715","0.719","0.709","202.92K","-0.80%"
"03/12/2025","0.715","0.722","0.722","0.715","62.11K","0.00%"
"03/11/2025","0.715","0.717","0.723","0.714","58.72K","-0.53%"
"03/10/2025","0.719","0.719","0.722","0.714","87.87K","-0.13%"
"03/09/2025","0.720","0.723","0.723","0.719","43.65K","-0.53%"
"03/06/2025","0.723","0.730","0.731","0.723","160.21K","-0.91%"
"03/05/2025","0.730","0.738","0.739","0.730","181.94K","-1.03%"
"03/04/2025","0.738","0.736","0.740","0.736","27.79K","0.26%"
"03/03/2025","0.736","0.752","0.752","0.736","600.48K","-2.15%"
"03/02/2025","0.752","0.756","0.756","0.750","84.61K","-0.25%"
"02/27/2025","0.754","0.756","0.756","0.753","45.69K","-0.13%"
"02/26/2025","0.755","0.754","0.756","0.754","35.38K","0.13%"
"02/25/2025","0.754","0.754","0.755","0.752","15.75K","0.13%"
"02/24/2025","0.753","0.757","0.757","0.751","91.52K","0.38%"
"02/23/2025","0.750","0.752","0.755","0.749","117.71K","-0.51%"
"02/20/2025","0.754","0.751","0.757","0.751","13.20K","0.38%"
"02/19/2025","0.751","0.760","0.760","0.750","196.11K","-1.13%"
"02/18/2025","0.760","0.747","0.760","0.746","387.29K","1.53%"
"02/17/2025","0.748","0.749","0.750","0.747","60.18K","-0.13%"
"02/16/2025","0.749","0.747","0.749","0.744","82.42K","0.77%"
"02/13/2025","0.743","0.746","0.747","0.743","84.69K","0.13%"
"02/12/2025","0.743","0.747","0.750","0.743","245.34K","-0.64%"
"02/11/2025","0.747","0.751","0.751","0.747","105.15K","-0.51%"
"02/10/2025","0.751","0.752","0.753","0.750","118.23K","-0.13%"
"02/09/2025","0.752","0.752","0.752","0.749","90.92K","0.00%"
"02/06/2025","0.752","0.743","0.752","0.743","114.58K","1.28%"
"02/05/2025","0.743","0.745","0.748","0.743","217.05K","-0.51%"
"02/04/2025","0.746","0.747","0.748","0.745","121.12K","0.13%"
"02/03/2025","0.745","0.753","0.754","0.743","711.28K","-1.01%"
"02/02/2025","0.753","0.760","0.760","0.753","134.78K","-0.50%"
"01/30/2025","0.757","0.757","0.759","0.754","78.03K","0.00%"
"01/29/2025","0.757","0.758","0.762","0.757","248.84K","0.00%"
"01/28/2025","0.757","0.762","0.762","0.757","145.46K","-0.50%"
"01/27/2025","0.761","0.769","0.769","0.759","287.51K","-0.99%"
"01/26/2025","0.768","0.769","0.771","0.768","129.07K","0.25%"
"01/23/2025","0.766","0.769","0.769","0.765","282.50K","-0.37%"
"01/22/2025","0.769","0.765","0.771","0.764","113.38K","0.62%"
"01/21/2025","0.764","0.763","0.766","0.763","86.00K","0.00%"
"01/20/2025","0.764","0.768","0.771","0.762","209.60K","0.25%"
"01/19/2025","0.763","0.769","0.769","0.763","137.46K","-0.99%"
"01/16/2025","0.770","0.761","0.771","0.761","167.86K","1.76%"
"01/15/2025","0.757","0.757","0.761","0.756","125.48K","0.13%"
"01/14/2025","0.756","0.760","0.761","0.752","256.97K","-0.63%"
"01/13/2025","0.761","0.762","0.763","0.761","201.92K","0.00%"
"01/12/2025","0.761","0.770","0.770","0.761","248.61K","-1.24%"
"01/09/2025","0.770","0.769","0.771","0.769","69.08K","0.00%"
"01/08/2025","0.770","0.779","0.779","0.769","345.20K","-1.10%"
"01/06/2025","0.779","0.782","0.782","0.777","154.10K","-0.49%"
"01/05/2025","0.783","0.786","0.787","0.782","228.55K","-0.36%"
"01/02/2025","0.785","0.766","0.795","0.766","597.26K","2.74%"
"12/31/2024","0.764","0.756","0.768","0.754","332.83K","1.13%"
"12/30/2024","0.756","0.754","0.759","0.753","82.00K","0.00%"
"12/29/2024","0.756","0.752","0.756","0.752","60.63K","0.51%"
"12/26/2024","0.752","0.750","0.756","0.750","683.84K","0.25%"
"12/25/2024","0.750","0.748","0.750","0.746","127.53K","0.25%"
"12/24/2024","0.748","0.743","0.748","0.742","128.75K","0.77%"
"12/23/2024","0.743","0.749","0.749","0.742","372.62K","-0.89%"
"12/22/2024","0.749","0.752","0.752","0.748","30.53K","-0.38%"
"12/19/2024","0.752","0.749","0.752","0.741","451.29K","0.38%"
"12/18/2024","0.749","0.752","0.752","0.747","113.30K","-0.13%"
"12/17/2024","0.750","0.748","0.754","0.748","64.43K","0.00%"
"12/16/2024","0.750","0.750","0.752","0.749","40.85K","0.00%"
"12/15/2024","0.750","0.751","0.755","0.748","35.53K","-0.88%"
"12/12/2024","0.757","0.760","0.762","0.743","316.20K","-0.62%"
"12/11/2024","0.762","0.762","0.764","0.760","179.50K","0.00%"
"12/10/2024","0.762","0.762","0.767","0.758","479.67K","0.38%"
"12/09/2024","0.759","0.733","0.769","0.733","782.00K","4.18%"
"12/08/2024","0.728","0.730","0.733","0.728","128.22K","-0.13%"
"12/05/2024","0.729","0.728","0.733","0.723","132.68K","0.13%"
"12/04/2024","0.728","0.730","0.731","0.726","57.35K","-0.26%"
"12/03/2024","0.730","0.736","0.738","0.723","300.03K","-1.03%"
"12/02/2024","0.738","0.740","0.742","0.737","185.70K","-0.13%"
"12/01/2024","0.739","0.743","0.750","0.734","75.54K","0.78%"
"11/28/2024","0.733","0.728","0.733","0.725","187.41K","1.32%"
"11/27/2024","0.723","0.734","0.735","0.723","321.84K","-1.30%"
"11/26/2024","0.733","0.738","0.742","0.731","299.95K","-1.28%"
"11/25/2024","0.743","0.746","0.746","0.740","259.69K","-0.64%"
"11/24/2024","0.747","0.751","0.754","0.747","133.50K","-0.51%"
"11/21/2024","0.751","0.752","0.757","0.750","114.21K","0.13%"
"11/20/2024","0.750","0.757","0.757","0.748","150.94K","-0.88%"
"11/19/2024","0.757","0.758","0.758","0.751","431.59K","-0.13%"
"11/18/2024","0.758","0.760","0.760","0.753","164.95K","-0.25%"
"11/17/2024","0.760","0.762","0.762","0.756","91.60K","-0.25%"
"11/14/2024","0.762","0.761","0.762","0.757","90.34K","0.63%"
"11/13/2024","0.757","0.762","0.762","0.756","152.27K","-0.50%"
"11/12/2024","0.761","0.754","0.763","0.753","469.33K","1.14%"
"11/11/2024","0.752","0.750","0.758","0.750","804.44K","0.00%"
"11/10/2024","0.752","0.751","0.756","0.750","123.44K","0.25%"
"11/07/2024","0.750","0.752","0.756","0.749","100.72K","0.00%"
"11/06/2024","0.750","0.755","0.761","0.749","281.24K","-0.38%"
"11/05/2024","0.753","0.759","0.759","0.751","45.12K","0.13%"
"11/04/2024","0.752","0.761","0.762","0.752","443.59K","-1.25%"
"11/03/2024","0.762","0.762","0.766","0.761","258.47K","0.00%"
"10/31/2024","0.762","0.771","0.773","0.762","596.47K","-0.99%"
"10/30/2024","0.769","0.782","0.782","0.768","422.60K","-1.58%"
"10/29/2024","0.782","0.785","0.785","0.781","35.70K","0.12%"
"10/28/2024","0.781","0.790","0.790","0.781","581.38K","-0.85%"
"10/27/2024","0.787","0.789","0.794","0.787","213.99K","-0.24%"
"10/24/2024","0.789","0.787","0.789","0.785","76.31K","0.12%"
"10/23/2024","0.788","0.788","0.790","0.786","55.18K","0.00%"
"10/22/2024","0.788","0.790","0.795","0.786","62.93K","-0.36%"
"10/21/2024","0.791","0.788","0.796","0.781","373.96K","0.61%"
"10/20/2024","0.786","0.799","0.801","0.785","182.20K","-1.43%"
"10/17/2024","0.798","0.785","0.802","0.785","332.87K","1.58%"
"10/16/2024","0.785","0.785","0.788","0.781","389.21K","0.49%"
"10/15/2024","0.782","0.795","0.795","0.779","403.14K","-1.08%"
"10/14/2024","0.790","0.790","0.795","0.787","165.53K","0.00%"
"10/13/2024","0.790","0.794","0.800","0.790","125.75K","-0.36%"
"10/10/2024","0.793","0.800","0.807","0.793","320.19K","-0.83%"
"10/09/2024","0.800","0.785","0.801","0.785","250.53K","1.82%"
"10/08/2024","0.785","0.793","0.795","0.784","388.44K","-0.72%"
"10/07/2024","0.791","0.797","0.800","0.791","270.31K","-1.31%"
"10/03/2024","0.802","0.802","0.809","0.800","286.37K","-0.59%"
"10/02/2024","0.806","0.810","0.814","0.799","476.42K","-1.40%"
"10/01/2024","0.818","0.809","0.820","0.809","254.43K","1.06%"
"09/30/2024","0.809","0.819","0.819","0.809","448.62K","-0.93%"
"09/29/2024","0.817","0.804","0.823","0.803","746.79K","1.54%"
"09/26/2024","0.804","0.809","0.809","0.803","243.80K","-0.35%"
"09/25/2024","0.807","0.807","0.809","0.803","230.34K","0.36%"
"09/24/2024","0.804","0.809","0.809","0.800","419.44K","-0.47%"
"09/23/2024","0.808","0.811","0.816","0.805","281.90K","-0.24%"
"09/22/2024","0.810","0.801","0.819","0.801","657.86K","1.31%"
"09/19/2024","0.800","0.795","0.813","0.788","1.82M","1.69%"
"09/18/2024","0.786","0.792","0.800","0.780","2.21M","0.12%"
"09/17/2024","0.785","0.810","0.810","0.784","1.53M","-3.40%"
"09/16/2024","0.813","0.838","0.840","0.810","1.57M","-3.17%"
"09/12/2024","0.840","0.828","0.853","0.809","1.56M","1.38%"
"09/11/2024","0.828","0.763","0.829","0.753","4.82M","8.75%"
"09/10/2024","0.762","0.741","0.771","0.741","3.37M","2.96%"
"09/09/2024","0.740","0.685","0.740","0.685","3.99M","7.92%"
"09/08/2024","0.685","0.685","0.687","0.682","82.09K","0.28%"
"09/05/2024","0.684","0.680","0.684","0.679","169.47K","0.42%"
"09/04/2024","0.681","0.686","0.687","0.681","439.67K","-0.83%"
"09/03/2024","0.686","0.688","0.690","0.685","240.95K","0.00%"
"09/02/2024","0.686","0.685","0.690","0.684","320.80K","0.14%"
"09/01/2024","0.685","0.685","0.687","0.685","251.13K","0.14%"
"08/29/2024","0.684","0.681","0.685","0.681","542.22K","0.98%"
"08/28/2024","0.678","0.682","0.684","0.676","243.79K","-0.14%"
"08/27/2024","0.679","0.677","0.682","0.676","160.61K","0.42%"
"08/26/2024","0.676","0.683","0.685","0.674","611.80K","-0.70%"
"08/25/2024","0.681","0.685","0.687","0.681","260.92K","-0.69%"
"08/22/2024","0.685","0.689","0.695","0.685","636.04K","-0.28%"
"08/21/2024","0.687","0.688","0.690","0.686","318.74K","-0.28%"
"08/20/2024","0.689","0.689","0.692","0.687","537.34K","0.00%"
"08/19/2024","0.689","0.695","0.697","0.688","863.61K","-0.55%"
"08/18/2024","0.693","0.699","0.702","0.693","253.42K","-0.27%"
"08/15/2024","0.695","0.700","0.700","0.694","453.01K","-0.68%"
"08/14/2024","0.700","0.701","0.702","0.697","167.36K","0.14%"
"08/13/2024","0.699","0.705","0.705","0.699","399.39K","-0.54%"
"08/12/2024","0.703","0.714","0.714","0.703","553.45K","-0.81%"
"08/11/2024","0.708","0.704","0.714","0.704","221.10K","0.40%"
"08/08/2024","0.705","0.710","0.710","0.704","105.85K","-0.27%"
"08/07/2024","0.707","0.703","0.710","0.700","129.00K","0.95%"
"08/06/2024","0.701","0.696","0.716","0.696","248.31K","0.82%"
"08/05/2024","0.695","0.711","0.711","0.685","513.33K","-2.14%"
"08/04/2024","0.710","0.719","0.723","0.709","442.24K","-1.71%"
"08/01/2024","0.723","0.732","0.733","0.722","608.79K","-1.04%"
"07/31/2024","0.730","0.738","0.739","0.723","591.20K","-0.90%"
"07/30/2024","0.737","0.737","0.738","0.734","337.20K","0.13%"
"07/29/2024","0.736","0.741","0.743","0.732","1.05M","-0.77%"
"07/28/2024","0.742","0.750","0.750","0.742","334.51K","-0.51%"
"07/24/2024","0.745","0.743","0.748","0.743","163.45K","0.38%"
"07/23/2024","0.743","0.752","0.756","0.742","1.19M","-1.27%"
"07/22/2024","0.752","0.771","0.771","0.752","1.67M","-1.62%"
"07/21/2024","0.764","0.754","0.764","0.747","702.50K","1.65%"
"07/18/2024","0.752","0.733","0.757","0.732","1.15M","3.95%"
"07/17/2024","0.723","0.704","0.743","0.704","2.18M","2.84%"
"07/16/2024","0.704","0.695","0.704","0.694","536.42K","1.51%"
"07/15/2024","0.693","0.695","0.697","0.688","349.79K","-0.27%"
"07/14/2024","0.695","0.687","0.697","0.687","310.47K","1.39%"
"07/10/2024","0.685","0.681","0.687","0.681","634.04K","0.84%"
"07/09/2024","0.680","0.685","0.685","0.680","253.51K","-0.14%"
"07/08/2024","0.681","0.686","0.691","0.678","96.33K","-0.83%"
"07/07/2024","0.686","0.695","0.699","0.683","258.15K","-1.23%"
"07/04/2024","0.695","0.703","0.703","0.694","328.15K","-1.08%"
"07/03/2024","0.703","0.704","0.704","0.701","56.99K","0.54%"
"07/02/2024","0.699","0.705","0.705","0.698","196.29K","-1.21%"
"07/01/2024","0.707","0.705","0.714","0.704","35.50K","0.41%"
"06/27/2024","0.704","0.711","0.714","0.703","89.48K","0.00%"
"06/26/2024","0.704","0.704","0.709","0.701","44.90K","0.41%"
"06/25/2024","0.702","0.722","0.723","0.698","732.29K","-2.90%"
"06/24/2024","0.723","0.733","0.734","0.721","438.17K","-1.43%"
"06/23/2024","0.733","0.742","0.743","0.732","536.40K","-1.28%"
"06/13/2024","0.743","0.744","0.744","0.741","155.99K","-0.26%"
"06/12/2024","0.744","0.744","0.745","0.743","12.51K","0.00%"
"06/11/2024","0.744","0.743","0.747","0.743","70.12K","0.26%"
"06/10/2024","0.743","0.747","0.747","0.738","80.94K","-0.64%"
"06/09/2024","0.747","0.752","0.759","0.745","30.59K","-0.63%"
"06/06/2024","0.752","0.736","0.752","0.736","662.08K","2.60%"
"06/05/2024","0.733","0.734","0.735","0.729","383.52K","0.26%"
"06/04/2024","0.731","0.733","0.735","0.727","12.33K","0.52%"
"06/03/2024","0.727","0.728","0.732","0.725","49.47K","0.26%"
"06/02/2024","0.725","0.740","0.740","0.725","84.49K","-0.65%"
"05/30/2024","0.730","0.739","0.740","0.730","275.92K","-1.41%"
"05/29/2024","0.741","0.743","0.743","0.738","99.16K","-0.26%"
"05/28/2024","0.743","0.744","0.744","0.738","238.56K","-0.51%"
"05/27/2024","0.746","0.750","0.750","0.744","47.09K","-0.38%"
"05/26/2024","0.749","0.746","0.751","0.743","58.14K","0.90%"
"05/23/2024","0.743","0.744","0.746","0.740","200.66K","0.00%"
"05/22/2024","0.743","0.751","0.751","0.738","236.67K","0.00%"
"05/21/2024","0.743","0.758","0.761","0.733","1.34M","-1.89%"
"05/20/2024","0.757","0.745","0.762","0.743","434.70K","1.53%"
"05/19/2024","0.745","0.750","0.750","0.739","55.14K","3.43%"
"05/16/2024","0.721","0.746","0.752","0.716","356.59K","-2.32%"
"05/15/2024","0.738","0.769","0.769","0.700","619.52K","-3.12%"
"05/14/2024","0.762","0.772","0.772","0.752","1.11M","-0.62%"
"05/13/2024","0.766","0.776","0.777","0.763","479.40K","-1.23%"
"05/12/2024","0.776","0.781","0.781","0.775","86.59K","-0.61%"
"05/09/2024","0.781","0.781","0.784","0.778","287.99K","0.00%"
"05/08/2024","0.781","0.785","0.785","0.780","468.24K","-0.36%"
"05/07/2024","0.783","0.779","0.784","0.776","142.15K","0.49%"
"05/02/2024","0.780","0.773","0.780","0.772","140.02K","0.86%"
"05/01/2024","0.773","0.768","0.776","0.766","98.20K","0.25%"
"04/30/2024","0.771","0.778","0.779","0.767","201.00K","-0.37%"
"04/29/2024","0.774","0.771","0.778","0.763","132.40K","0.37%"
"04/28/2024","0.771","0.780","0.783","0.767","237.74K","-6.90%"
"04/24/2024","0.828","0.841","0.841","0.823","662.43K","-1.47%"
"04/23/2024","0.841","0.847","0.848","0.838","706.35K","-0.79%"
"04/22/2024","0.847","0.845","0.847","0.835","294.97K","0.23%"
"04/21/2024","0.845","0.838","0.847","0.828","944.10K","0.91%"
"04/18/2024","0.838","0.831","0.843","0.822","1.18M","0.80%"
"04/17/2024","0.831","0.856","0.858","0.828","891.14K","-2.89%"
"04/16/2024","0.856","0.854","0.857","0.852","517.05K","0.22%"
"04/15/2024","0.854","0.857","0.857","0.851","357.45K","-0.33%"
"04/08/2024","0.857","0.857","0.857","0.854","98.66K","0.00%"
"04/07/2024","0.857","0.856","0.857","0.856","85.92K","0.11%"
"04/04/2024","0.856","0.857","0.857","0.855","97.24K","-0.11%"
"04/03/2024","0.857","0.855","0.857","0.852","133.71K","0.22%"
"04/02/2024","0.855","0.856","0.857","0.850","122.22K","-0.11%"
"04/01/2024","0.856","0.845","0.863","0.851","164.97K","1.24%"
"03/31/2024","0.845","0.838","0.846","0.838","148.34K","0.91%"
"03/28/2024","0.838","0.828","0.840","0.828","247.78K","1.15%"
"03/27/2024","0.828","0.838","0.851","0.828","268.93K","-1.14%"
"03/26/2024","0.838","0.834","0.851","0.836","156.11K","0.46%"
"03/25/2024","0.834","0.839","0.838","0.828","141.31K","-0.57%"
"03/24/2024","0.839","0.833","0.850","0.820","214.43K","0.69%"
"03/21/2024","0.833","0.829","0.838","0.823","385.33K","0.46%"
"03/20/2024","0.829","0.823","0.838","0.822","317.75K","0.69%"
"03/19/2024","0.823","0.842","0.847","0.820","446.41K","-2.26%"
"03/18/2024","0.842","0.859","0.857","0.842","440.55K","-1.88%"
"03/17/2024","0.859","0.857","0.866","0.850","213.86K","0.22%"
"03/14/2024","0.857","0.865","0.870","0.857","1.32M","-0.99%"
"03/13/2024","0.865","0.877","0.882","0.864","612.55K","-1.30%"
"03/12/2024","0.877","0.881","0.888","0.874","1.45M","-0.43%"
"03/11/2024","0.881","0.891","0.895","0.876","273.31K","-1.18%"
"03/10/2024","0.891","0.857","0.904","0.847","700.53K","4.00%"
"03/07/2024","0.857","0.847","0.861","0.838","711.59K","1.12%"
"03/06/2024","0.847","0.847","0.882","0.838","1.37M","0.00%"
"03/05/2024","0.847","0.855","0.857","0.838","568.46K","-0.89%"
"03/04/2024","0.855","0.869","0.871","0.854","1.18M","-1.64%"
"03/03/2024","0.869","0.871","0.882","0.869","402.66K","-0.22%"
"02/29/2024","0.871","0.873","0.876","0.866","359.39K","-0.22%"
"02/28/2024","0.873","0.862","0.876","0.859","847.91K","1.21%"
"02/27/2024","0.862","0.883","0.895","0.862","686.75K","-2.37%"
"02/26/2024","0.883","0.847","0.905","0.838","1.77M","4.27%"
"02/25/2024","0.847","0.747","0.847","0.758","1.44M","13.38%"
"02/22/2024","0.747","0.752","0.757","0.746","246.24K","-0.63%"
"02/21/2024","0.752","0.762","0.762","0.752","215.66K","-1.25%"
"02/20/2024","0.762","0.762","0.773","0.754","187.66K","0.00%"
"02/19/2024","0.762","0.756","0.776","0.757","342.58K","0.76%"
"02/18/2024","0.756","0.749","0.759","0.751","106.88K","0.89%"
"02/15/2024","0.749","0.739","0.752","0.740","277.34K","1.42%"
"02/14/2024","0.739","0.743","0.743","0.738","87.71K","-0.51%"
"02/13/2024","0.743","0.743","0.748","0.738","111.29K","0.00%"
"02/12/2024","0.743","0.748","0.759","0.742","155.69K","-0.76%"
"02/11/2024","0.748","0.752","0.760","0.743","35.55K","-0.51%"
"02/08/2024","0.752","0.743","0.758","0.743","86.93K","1.28%"
"02/07/2024","0.743","0.752","0.762","0.743","206.78K","-1.27%"
"02/06/2024","0.752","0.761","0.771","0.747","351.01K","-1.13%"
"02/05/2024","0.761","0.753","0.766","0.753","161.43K","1.01%"
"02/04/2024","0.753","0.761","0.760","0.752","183.22K","-1.00%"
"02/01/2024","0.761","0.752","0.770","0.748","453.15K","1.14%"
"01/31/2024","0.752","0.771","0.781","0.751","262.90K","-2.35%"
"01/30/2024","0.770","0.780","0.780","0.768","140.13K","-1.34%"
"01/29/2024","0.781","0.798","0.799","0.780","230.22K","-1.44%"
"01/28/2024","0.792","0.784","0.794","0.779","33.98K","1.46%"
"01/24/2024","0.781","0.780","0.782","0.777","130.66K","0.24%"
"01/23/2024","0.779","0.804","0.804","0.778","412.56K","-3.31%"
"01/22/2024","0.805","0.811","0.813","0.802","134.04K","-0.70%"
"01/21/2024","0.811","0.808","0.814","0.800","142.76K","1.43%"
"01/18/2024","0.800","0.798","0.809","0.798","216.10K","0.00%"
"01/17/2024","0.800","0.817","0.817","0.798","263.21K","-1.18%"
"01/16/2024","0.809","0.819","0.819","0.802","222.72K","-1.16%"
"01/15/2024","0.819","0.815","0.823","0.814","91.51K","0.35%"
"01/14/2024","0.816","0.805","0.825","0.805","163.43K","0.71%"
"01/11/2024","0.810","0.808","0.816","0.802","343.41K","1.31%"
"01/10/2024","0.800","0.777","0.803","0.777","319.99K","3.19%"
"01/09/2024","0.775","0.762","0.776","0.761","199.27K","3.04%"
"01/08/2024","0.752","0.749","0.752","0.743","339.19K","0.38%"
"01/04/2024","0.749","0.752","0.754","0.747","225.02K","-0.13%"
"01/03/2024","0.750","0.752","0.754","0.748","85.53K","-0.25%"
"01/02/2024","0.752","0.752","0.756","0.748","48.21K","0.51%"
"12/31/2023","0.748","0.756","0.759","0.738","246.68K","-0.51%"
"12/28/2023","0.752","0.767","0.769","0.750","478.66K","-2.23%"
"12/27/2023","0.769","0.769","0.771","0.765","92.04K","0.12%"
"12/26/2023","0.768","0.772","0.772","0.762","517.28K","-0.12%"
"12/25/2023","0.769","0.771","0.776","0.768","180.42K","0.25%"
"12/24/2023","0.767","0.778","0.778","0.766","61.35K","0.50%"
"12/21/2023","0.763","0.766","0.767","0.762","219.75K","0.25%"
"12/20/2023","0.762","0.767","0.775","0.762","266.70K","-0.99%"
"12/19/2023","0.769","0.771","0.782","0.768","367.65K","-0.25%"
"12/18/2023","0.771","0.778","0.789","0.770","519.55K","-0.74%"
"12/17/2023","0.777","0.766","0.779","0.762","287.71K","1.75%"
"12/14/2023","0.763","0.761","0.763","0.755","81.89K","0.88%"
"12/13/2023","0.757","0.751","0.761","0.746","151.49K","1.40%"
"12/12/2023","0.746","0.743","0.750","0.743","63.19K","0.38%"
"12/11/2023","0.743","0.743","0.752","0.738","236.07K","0.00%"
"12/10/2023","0.743","0.757","0.757","0.741","55.72K","-0.51%"
"12/07/2023","0.747","0.743","0.748","0.732","105.87K","2.61%"
"12/06/2023","0.728","0.743","0.745","0.728","449.51K","-1.67%"
"12/05/2023","0.741","0.763","0.764","0.740","324.18K","-2.51%"
"12/04/2023","0.760","0.765","0.765","0.747","224.53K","-0.37%"
"12/03/2023","0.763","0.738","0.764","0.729","246.90K","4.03%"
"11/30/2023","0.733","0.732","0.739","0.727","244.58K","0.26%"
"11/29/2023","0.731","0.749","0.755","0.727","203.49K","-2.66%"
"11/28/2023","0.751","0.766","0.771","0.744","187.92K","-1.37%"
"11/27/2023","0.762","0.773","0.773","0.761","253.39K","-1.36%"
"11/26/2023","0.772","0.768","0.779","0.767","91.07K","-0.49%"
"11/23/2023","0.776","0.776","0.781","0.770","45.46K","1.37%"
"11/22/2023","0.765","0.790","0.790","0.761","269.03K","-2.78%"
"11/21/2023","0.787","0.798","0.799","0.779","108.88K","-1.31%"
"11/20/2023","0.798","0.785","0.808","0.785","65.26K","2.70%"
"11/19/2023","0.777","0.771","0.784","0.770","129.63K","0.37%"
"11/16/2023","0.774","0.806","0.809","0.762","397.50K","-3.79%"
"11/15/2023","0.804","0.828","0.828","0.797","227.46K","-2.42%"
"11/14/2023","0.824","0.825","0.828","0.821","97.40K","-0.12%"
"11/13/2023","0.825","0.828","0.837","0.823","62.51K","-0.34%"
"11/12/2023","0.828","0.842","0.847","0.825","106.28K","0.81%"
"11/09/2023","0.822","0.828","0.847","0.820","125.81K","-0.80%"
"11/08/2023","0.828","0.857","0.866","0.828","269.41K","-2.25%"
"11/07/2023","0.847","0.857","0.857","0.846","146.15K","-0.67%"
"11/06/2023","0.853","0.853","0.870","0.852","111.78K","0.00%"
"11/05/2023","0.853","0.866","0.866","0.852","241.50K","-1.32%"
"11/02/2023","0.864","0.869","0.869","0.863","125.72K","-0.22%"
"11/01/2023","0.866","0.884","0.885","0.866","435.70K","-2.05%"
"10/31/2023","0.884","0.894","0.895","0.882","161.84K","-1.06%"
"10/30/2023","0.894","0.893","0.895","0.892","74.55K","0.54%"
"10/29/2023","0.889","0.893","0.895","0.887","105.55K","-0.64%"
"10/26/2023","0.895","0.891","0.895","0.885","201.68K","0.86%"
"10/25/2023","0.887","0.893","0.894","0.883","222.83K","-0.21%"
"10/24/2023","0.889","0.895","0.895","0.888","188.61K","-0.64%"
"10/23/2023","0.895","0.891","0.897","0.886","224.83K","0.53%"
"10/22/2023","0.890","0.886","0.894","0.883","69.78K","0.21%"
"10/19/2023","0.888","0.882","0.888","0.880","285.24K","0.97%"
"10/18/2023","0.880","0.864","0.881","0.862","468.69K","1.54%"
"10/17/2023","0.866","0.865","0.866","0.862","58.51K","0.33%"
"10/16/2023","0.863","0.866","0.870","0.861","290.12K","0.67%"
"10/15/2023","0.858","0.864","0.869","0.857","133.77K","-0.33%"
"10/12/2023","0.861","0.866","0.866","0.859","82.73K","-0.11%"
"10/11/2023","0.862","0.865","0.866","0.861","87.65K","0.44%"
"10/10/2023","0.858","0.866","0.874","0.857","21.03K","0.11%"
"10/09/2023","0.857","0.857","0.862","0.855","48.24K","0.00%"
"10/08/2023","0.857","0.864","0.866","0.843","235.75K","-0.99%"
"10/04/2023","0.865","0.866","0.866","0.863","77.04K","-0.11%"
"10/03/2023","0.866","0.865","0.871","0.864","72.92K","0.44%"
"10/02/2023","0.862","0.881","0.881","0.862","175.89K","-0.22%"
"10/01/2023","0.864","0.885","0.885","0.863","253.16K","-2.26%"
"09/27/2023","0.884","0.893","0.894","0.884","89.01K","-0.11%"
"09/26/2023","0.885","0.895","0.895","0.885","80.78K","-0.32%"
"09/25/2023","0.888","0.893","0.893","0.885","187.36K","-0.64%"
"09/24/2023","0.894","0.893","0.901","0.883","209.08K","2.74%"
"09/21/2023","0.870","0.871","0.879","0.866","178.62K","-0.11%"
"09/20/2023","0.871","0.882","0.885","0.868","243.49K","-1.29%"
"09/19/2023","0.882","0.895","0.897","0.882","92.60K","-1.38%"
"09/18/2023","0.895","0.885","0.895","0.885","49.51K","1.08%"
"09/17/2023","0.885","0.885","0.895","0.885","71.35K","0.54%"
"09/14/2023","0.881","0.901","0.901","0.881","475.43K","-1.60%"
"09/13/2023","0.895","0.884","0.895","0.884","68.55K","2.17%"
"09/12/2023","0.876","0.876","0.885","0.876","85.01K","0.00%"
"09/11/2023","0.876","0.876","0.888","0.875","141.51K","0.00%"
"09/10/2023","0.876","0.885","0.885","0.875","72.95K","0.00%"
"09/07/2023","0.876","0.893","0.893","0.876","240.10K","-1.92%"
"09/06/2023","0.893","0.902","0.904","0.890","152.39K","-1.26%"
"09/05/2023","0.904","0.904","0.904","0.901","141.92K","0.00%"
"09/04/2023","0.904","0.904","0.904","0.900","89.03K","0.00%"
"09/03/2023","0.904","0.917","0.919","0.904","147.85K","-0.63%"
"08/31/2023","0.910","0.906","0.912","0.906","44.01K","0.74%"
"08/30/2023","0.903","0.902","0.907","0.902","63.79K","-0.11%"
"08/29/2023","0.904","0.902","0.904","0.902","47.92K","0.42%"
"08/28/2023","0.901","0.904","0.904","0.900","5.66K","0.00%"
"08/27/2023","0.901","0.902","0.904","0.899","43.03K","-0.32%"
"08/24/2023","0.903","0.904","0.904","0.902","27.51K","-0.11%"
"08/23/2023","0.904","0.904","0.907","0.902","34.97K","0.00%"
"08/22/2023","0.904","0.904","0.904","0.901","112.22K","0.00%"
"08/21/2023","0.904","0.904","0.904","0.899","73.85K","0.21%"
"08/20/2023","0.902","0.909","0.909","0.901","238.84K","-0.32%"
"08/17/2023","0.905","0.907","0.909","0.904","55.97K","-0.21%"
"08/16/2023","0.907","0.909","0.909","0.900","57.24K","-0.21%"
"08/15/2023","0.909","0.914","0.914","0.904","166.29K","-0.52%"
"08/14/2023","0.914","0.914","0.915","0.912","64.92K","0.00%"
"08/13/2023","0.914","0.922","0.924","0.914","96.03K","-0.93%"
"08/10/2023","0.922","0.938","0.939","0.918","189.33K","-0.10%"
"08/09/2023","0.923","0.914","0.938","0.912","435.19K","1.04%"
"08/08/2023","0.914","0.920","0.922","0.912","132.95K","-0.72%"
"08/07/2023","0.921","0.928","0.928","0.920","60.07K","-0.31%"
"08/06/2023","0.923","0.928","0.931","0.922","100.23K","-0.21%"
"08/03/2023","0.925","0.931","0.944","0.923","249.63K","-0.10%"
"08/02/2023","0.926","0.940","0.940","0.924","181.81K","-1.22%"
"08/01/2023","0.938","0.941","0.942","0.937","79.94K","-0.10%"
"07/31/2023","0.939","0.942","0.947","0.938","39.91K","-0.30%"
"07/30/2023","0.941","0.942","0.942","0.934","118.04K","0.41%"
"07/27/2023","0.938","0.950","0.951","0.938","290.77K","-1.40%"
"07/26/2023","0.951","0.952","0.952","0.951","102.87K","0.30%"
"07/25/2023","0.948","0.961","0.961","0.947","157.87K","-1.39%"
"07/24/2023","0.961","0.972","0.976","0.960","151.72K","-0.59%"
"07/19/2023","0.967","0.969","0.970","0.966","224.51K","0.10%"
"07/18/2023","0.966","0.971","0.974","0.965","462.78K","-0.49%"
"07/17/2023","0.971","0.969","0.973","0.967","292.57K","0.39%"
"07/16/2023","0.967","0.966","0.970","0.963","157.23K","0.49%"
"07/13/2023","0.962","0.962","0.965","0.961","112.00K","0.00%"
"07/12/2023","0.962","0.964","0.965","0.962","71.62K","-0.10%"
"07/11/2023","0.963","0.968","0.968","0.962","110.31K","-0.30%"
"07/10/2023","0.966","0.964","0.967","0.962","61.47K","0.10%"
"07/09/2023","0.965","0.968","0.968","0.963","20.22K","0.00%"
"07/06/2023","0.965","0.967","0.967","0.964","17.62K","0.10%"
"07/05/2023","0.964","0.966","0.967","0.963","86.01K","-0.20%"
"07/04/2023","0.966","0.969","0.974","0.964","38.76K","-0.39%"
"06/26/2023","0.970","0.970","0.972","0.969","374.23K","0.00%"
"06/25/2023","0.970","0.971","0.976","0.970","14.81K","-0.10%"
"06/22/2023","0.971","0.971","0.971","0.970","396.84K","-0.29%"
"06/21/2023","0.974","0.974","0.977","0.971","60.19K","0.10%"
"06/20/2023","0.973","0.972","0.977","0.971","69.58K","-0.39%"
"06/19/2023","0.977","0.971","0.978","0.970","170.27K","0.59%"
"06/18/2023","0.971","0.972","0.979","0.970","142.13K","0.00%"
"06/15/2023","0.971","0.980","0.981","0.971","227.25K","-0.97%"
"06/14/2023","0.981","0.973","0.981","0.973","53.97K","0.98%"
"06/13/2023","0.971","0.981","0.985","0.969","319.05K","-0.87%"
"06/12/2023","0.980","0.981","0.981","0.979","43.77K","-0.10%"
"06/11/2023","0.981","0.987","0.987","0.980","128.22K","-0.39%"
"06/08/2023","0.984","0.979","0.984","0.979","280.54K","0.58%"
"06/07/2023","0.979","0.983","0.986","0.979","275.55K","-0.19%"
"06/06/2023","0.981","0.981","0.984","0.980","311.73K","0.39%"
"06/05/2023","0.977","0.979","0.981","0.976","364.30K","-0.29%"
"06/04/2023","0.980","0.981","0.985","0.977","25.11K","0.49%"
"06/01/2023","0.975","0.984","0.985","0.974","365.00K","-0.58%"
"05/31/2023","0.981","0.988","0.988","0.979","223.61K","0.00%"
"05/30/2023","0.981","0.984","0.989","0.981","53.78K","0.10%"
"05/29/2023","0.980","0.980","0.990","0.976","216.65K","0.39%"
"05/28/2023","0.976","0.980","0.981","0.972","49.76K","0.29%"
"05/25/2023","0.973","0.981","0.981","0.971","200.38K","-0.68%"
"05/24/2023","0.980","0.981","0.988","0.978","810.06K","0.78%"
"05/23/2023","0.972","0.978","0.979","0.968","140.90K","0.10%"
"05/22/2023","0.971","0.993","0.997","0.968","584.10K","-1.07%"
"05/21/2023","0.981","0.981","0.993","0.979","195.20K","0.10%"
"05/18/2023","0.981","0.971","0.981","0.967","162.78K","1.58%"
"05/17/2023","0.965","0.971","0.973","0.960","87.56K","-0.49%"
"05/16/2023","0.970","0.959","0.973","0.952","654.38K","1.39%"
"05/15/2023","0.957","0.961","0.976","0.953","334.14K","1.41%"
"05/14/2023","0.943","1.017","1.017","0.943","1.18M","-6.51%"
"05/11/2023","1.009","1.050","1.050","1.009","1.33M","-3.55%"
"05/10/2023","1.046","1.057","1.057","1.040","213.84K","0.83%"
"05/09/2023","1.038","1.076","1.076","1.038","808.42K","-2.68%"
"05/08/2023","1.066","1.075","1.075","1.065","493.98K","0.00%"
"05/07/2023","1.066","1.066","1.074","1.063","83.45K","0.09%"
"05/03/2023","1.065","1.088","1.093","1.060","874.71K","-1.84%"
"05/02/2023","1.085","1.094","1.094","1.084","260.31K","0.00%"
"05/01/2023","1.085","1.094","1.095","1.083","334.55K","-0.35%"
"04/30/2023","1.089","1.095","1.102","1.085","181.32K","-0.44%"
"04/27/2023","1.094","1.095","1.095","1.087","339.35K","0.79%"
"04/26/2023","1.085","1.095","1.107","1.083","432.53K","-0.87%"
"04/19/2023","1.095","1.100","1.114","1.092","609.67K","0.00%"
"04/18/2023","1.095","1.082","1.099","1.082","110.27K","1.23%"
"04/13/2023","1.081","1.070","1.085","1.066","333.79K","1.07%"
"04/12/2023","1.070","1.115","1.133","1.057","351.23K","-8.62%"
"04/11/2023","1.171","1.161","1.178","1.160","673.85K","0.49%"
"04/10/2023","1.165","1.171","1.182","1.162","212.80K","-0.16%"
"04/09/2023","1.167","1.162","1.175","1.162","103.45K","0.49%"
"04/06/2023","1.161","1.160","1.175","1.153","89.28K","0.83%"
"04/05/2023","1.152","1.159","1.165","1.150","397.21K","0.00%"
"04/04/2023","1.152","1.159","1.162","1.152","798.56K","0.00%"
"04/03/2023","1.152","1.159","1.159","1.147","457.76K","0.00%"
"04/02/2023","1.152","1.147","1.152","1.147","58.76K","0.67%"
"03/30/2023","1.144","1.147","1.152","1.142","278.06K","-0.17%"
"03/29/2023","1.146","1.156","1.157","1.142","122.70K","0.75%"
"03/28/2023","1.138","1.139","1.142","1.133","70.18K","-0.33%"
"03/27/2023","1.141","1.155","1.161","1.139","44.91K","-0.08%"
"03/26/2023","1.142","1.151","1.154","1.141","83.49K","-0.08%"
"03/23/2023","1.143","1.138","1.152","1.137","83.39K","1.35%"
"03/22/2023","1.128","1.139","1.140","1.123","496.02K","-0.42%"
"03/21/2023","1.133","1.142","1.142","1.132","797.49K","0.08%"
"03/20/2023","1.132","1.142","1.142","1.126","241.53K","-0.67%"
"03/19/2023","1.139","1.139","1.142","1.123","81.06K","2.31%"
"03/16/2023","1.114","1.145","1.157","1.114","5.93M","-3.31%"
"03/15/2023","1.152","1.168","1.178","1.144","342.85K","0.00%"
"03/14/2023","1.152","1.168","1.169","1.152","215.37K","-1.31%"
"03/13/2023","1.167","1.180","1.196","1.162","307.27K","-2.00%"
"03/12/2023","1.191","1.149","1.209","1.141","1.53M","3.13%"
"03/09/2023","1.155","1.137","1.160","1.133","55.73K","1.25%"
"03/08/2023","1.140","1.160","1.160","1.133","355.19K","-0.17%"
"03/07/2023","1.142","1.159","1.168","1.140","518.08K","-1.64%"
"03/06/2023","1.161","1.190","1.197","1.159","799.02K","-2.56%"
"03/05/2023","1.192","1.190","1.197","1.184","75.27K","0.16%"
"03/02/2023","1.190","1.198","1.198","1.188","119.81K","0.56%"
"03/01/2023","1.183","1.195","1.203","1.180","418.23K","-0.72%"
"02/28/2023","1.192","1.223","1.223","1.189","486.82K","-1.42%"
"02/27/2023","1.209","1.223","1.237","1.209","443.94K","-0.94%"
"02/26/2023","1.220","1.202","1.226","1.199","365.80K","2.31%"
"02/23/2023","1.193","1.170","1.202","1.170","923.40K","1.87%"
"02/22/2023","1.171","1.161","1.171","1.150","160.57K","0.16%"
"02/21/2023","1.169","1.162","1.171","1.151","434.54K","0.66%"
"02/20/2023","1.161","1.159","1.171","1.159","211.73K","0.00%"
"02/19/2023","1.161","1.165","1.175","1.159","141.82K","-0.65%"
"02/16/2023","1.169","1.171","1.171","1.166","409.13K","-0.16%"
"02/15/2023","1.171","1.179","1.179","1.170","92.84K","0.00%"
"02/14/2023","1.171","1.171","1.171","1.170","62.50K","0.00%"
"02/13/2023","1.171","1.180","1.180","1.170","1.22M","-0.81%"
"02/12/2023","1.180","1.180","1.180","1.173","30.73K","-0.08%"
"02/09/2023","1.181","1.178","1.185","1.171","845.00K","0.00%"
"02/08/2023","1.181","1.176","1.182","1.166","369.86K","0.89%"
"02/07/2023","1.171","1.175","1.178","1.170","129.30K","-0.08%"
"02/06/2023","1.172","1.166","1.177","1.164","211.59K","0.74%"
"02/05/2023","1.163","1.161","1.171","1.161","64.11K","0.16%"
"02/02/2023","1.161","1.174","1.174","1.159","218.49K","-1.05%"
"02/01/2023","1.174","1.167","1.175","1.158","71.54K","0.57%"
"01/31/2023","1.167","1.169","1.171","1.153","98.06K","0.82%"
"01/30/2023","1.158","1.173","1.177","1.155","218.51K","-1.62%"
"01/29/2023","1.177","1.171","1.179","1.161","216.09K","0.82%"
"01/25/2023","1.167","1.160","1.179","1.160","311.14K","1.32%"
"01/24/2023","1.152","1.152","1.161","1.151","171.04K","-0.82%"
"01/23/2023","1.161","1.143","1.161","1.138","253.52K","1.67%"
"01/22/2023","1.142","1.152","1.161","1.139","257.50K","-0.66%"
"01/19/2023","1.150","1.159","1.161","1.144","210.85K","0.25%"
"01/18/2023","1.147","1.161","1.170","1.143","211.90K","-0.90%"
"01/17/2023","1.158","1.170","1.170","1.156","109.80K","-1.22%"
"01/16/2023","1.172","1.157","1.180","1.152","411.49K","1.32%"
"01/15/2023","1.157","1.160","1.160","1.153","155.72K","-0.16%"
"01/12/2023","1.159","1.174","1.174","1.156","410.78K","-1.54%"
"01/11/2023","1.177","1.167","1.180","1.161","352.48K","0.08%"
"01/10/2023","1.176","1.180","1.180","1.170","257.25K","-0.40%"
"01/09/2023","1.180","1.163","1.180","1.163","234.48K","0.81%"
"01/05/2023","1.171","1.171","1.173","1.157","339.10K","0.00%"
"01/04/2023","1.171","1.169","1.174","1.159","153.90K","0.90%"
"01/03/2023","1.160","1.164","1.173","1.159","183.53K","-0.33%"
"01/02/2023","1.164","1.171","1.176","1.162","80.02K","0.08%"
"12/29/2022","1.163","1.174","1.179","1.161","138.69K","-1.45%"
"12/28/2022","1.180","1.163","1.180","1.163","212.24K","1.39%"
"12/27/2022","1.164","1.171","1.171","1.162","47.24K","-1.05%"
"12/26/2022","1.177","1.175","1.180","1.161","401.13K","-0.08%"
"12/25/2022","1.178","1.167","1.180","1.162","179.21K","1.23%"
"12/22/2022","1.163","1.160","1.164","1.151","254.75K","1.41%"
"12/21/2022","1.147","1.163","1.166","1.144","210.62K","-0.74%"
"12/20/2022","1.156","1.179","1.179","1.152","136.88K","-1.46%"
"12/19/2022","1.173","1.171","1.179","1.166","230.32K","-0.32%"
"12/18/2022","1.177","1.171","1.179","1.160","161.84K","-0.32%"
"12/15/2022","1.180","1.159","1.180","1.150","770.94K","1.97%"
"12/14/2022","1.158","1.161","1.162","1.157","358.76K","-0.33%"
"12/13/2022","1.161","1.157","1.161","1.154","246.38K","0.66%"
"12/12/2022","1.154","1.182","1.183","1.154","578.90K","-2.57%"
"12/11/2022","1.184","1.206","1.206","1.183","99.99K","-1.82%"
"12/08/2022","1.206","1.189","1.209","1.180","470.14K","1.85%"
"12/07/2022","1.184","1.203","1.208","1.179","182.49K","-0.40%"
"12/06/2022","1.189","1.206","1.206","1.185","95.81K","-1.50%"
"12/05/2022","1.207","1.183","1.207","1.182","239.34K","1.44%"
"12/04/2022","1.190","1.203","1.208","1.188","163.76K","-1.11%"
"12/01/2022","1.203","1.185","1.206","1.180","218.10K","1.94%"
"11/30/2022","1.180","1.176","1.182","1.161","211.62K","1.14%"
"11/29/2022","1.167","1.166","1.176","1.147","183.64K","0.49%"
"11/28/2022","1.161","1.150","1.164","1.137","77.46K","2.09%"
"11/27/2022","1.138","1.139","1.152","1.137","130.42K","-0.42%"
"11/24/2022","1.142","1.147","1.149","1.139","214.56K","-0.83%"
"11/23/2022","1.152","1.173","1.180","1.142","195.91K","-0.98%"
"11/22/2022","1.163","1.157","1.170","1.152","117.90K","1.08%"
"11/21/2022","1.151","1.153","1.156","1.150","159.43K","-0.25%"
"11/20/2022","1.154","1.188","1.188","1.152","68.18K","-0.16%"
"11/17/2022","1.156","1.161","1.170","1.151","135.09K","-0.08%"
"11/16/2022","1.157","1.180","1.180","1.153","229.26K","-2.57%"
"11/15/2022","1.187","1.139","1.190","1.136","270.24K","4.26%"
"11/14/2022","1.139","1.131","1.141","1.128","106.42K","0.93%"
"11/13/2022","1.128","1.115","1.131","1.115","27.22K","2.16%"
"11/10/2022","1.104","1.110","1.114","1.103","184.30K","-1.69%"
"11/09/2022","1.123","1.126","1.126","1.102","127.21K","-0.34%"
"11/08/2022","1.127","1.132","1.133","1.126","51.06K","-1.09%"
"11/07/2022","1.139","1.112","1.139","1.110","139.44K","2.75%"
"11/06/2022","1.109","1.100","1.109","1.099","133.22K","0.87%"
"11/03/2022","1.100","1.099","1.105","1.099","66.90K","-0.52%"
"11/02/2022","1.105","1.100","1.106","1.097","36.32K","0.17%"
"11/01/2022","1.103","1.107","1.112","1.100","17.21K","0.26%"
"10/31/2022","1.100","1.121","1.121","1.100","359.06K","-0.52%"
"10/30/2022","1.106","1.109","1.109","1.100","41.22K","-0.17%"
"10/27/2022","1.108","1.127","1.127","1.100","404.32K","-1.77%"
"10/26/2022","1.128","1.133","1.133","1.125","230.07K","0.00%"
"10/25/2022","1.128","1.123","1.129","1.123","156.07K","0.42%"
"10/24/2022","1.123","1.142","1.142","1.123","211.89K","-1.42%"
"10/23/2022","1.139","1.130","1.142","1.127","112.28K","0.67%"
"10/20/2022","1.132","1.139","1.139","1.129","259.48K","-0.59%"
"10/19/2022","1.139","1.124","1.139","1.124","176.35K","0.59%"
"10/18/2022","1.132","1.123","1.133","1.123","197.53K","0.17%"
"10/17/2022","1.130","1.124","1.132","1.123","142.28K","0.25%"
"10/16/2022","1.127","1.139","1.142","1.123","139.92K","-0.67%"
"10/13/2022","1.135","1.142","1.142","1.132","108.92K","0.08%"
"10/12/2022","1.134","1.133","1.142","1.133","224.25K","0.08%"
"10/11/2022","1.133","1.152","1.152","1.129","211.18K","-1.65%"
"10/10/2022","1.152","1.152","1.152","1.142","7.25K","0.00%"
"10/09/2022","1.152","1.142","1.152","1.133","210.10K","0.83%"
"10/05/2022","1.142","1.128","1.142","1.121","211.18K","2.13%"
"10/04/2022","1.119","1.127","1.128","1.115","159.27K","0.26%"
"10/03/2022","1.116","1.121","1.121","1.109","211.50K","1.03%"
"10/02/2022","1.104","1.132","1.132","1.099","216.90K","-2.52%"
"09/29/2022","1.133","1.123","1.139","1.114","190.68K","3.03%"
"09/28/2022","1.100","1.140","1.142","1.100","287.74K","-3.43%"
"09/27/2022","1.139","1.142","1.159","1.138","208.83K","-1.32%"
"09/26/2022","1.154","1.138","1.160","1.138","342.70K","1.51%"
"09/25/2022","1.137","1.116","1.139","1.114","118.20K","3.47%"
"09/22/2022","1.099","1.144","1.145","1.099","223.91K","-4.55%"
"09/21/2022","1.151","1.164","1.164","1.147","213.73K","-0.58%"
"09/20/2022","1.158","1.168","1.171","1.123","234.42K","-0.98%"
"09/19/2022","1.169","1.180","1.180","1.164","429.68K","-0.73%"
"09/18/2022","1.178","1.169","1.184","1.162","214.05K","0.73%"
"09/15/2022","1.169","1.207","1.209","1.169","421.15K","-3.31%"
"09/14/2022","1.209","1.209","1.209","1.195","210.65K","-0.78%"
"09/13/2022","1.219","1.228","1.228","1.213","213.43K","-0.78%"
"09/12/2022","1.228","1.228","1.228","1.223","211.14K","0.00%"
"09/11/2022","1.228","1.244","1.246","1.231","6.41K","0.00%"
"09/08/2022","1.228","1.228","1.229","1.227","64.17K","0.00%"
"09/07/2022","1.228","1.230","1.245","1.226","208.25K","-0.85%"
"09/06/2022","1.239","1.230","1.247","1.228","121.42K","0.46%"
"09/05/2022","1.233","1.238","1.238","1.233","15.48K","0.15%"
"09/04/2022","1.231","1.247","1.248","1.229","24.85K","-0.15%"
"09/01/2022","1.233","1.239","1.239","1.233","77.43K","-1.30%"
"08/31/2022","1.249","1.258","1.262","1.247","201.70K","-0.38%"
"08/30/2022","1.254","1.228","1.261","1.228","160.27K","1.93%"
"08/29/2022","1.230","1.233","1.233","1.225","114.83K","-0.23%"
"08/28/2022","1.233","1.233","1.244","1.233","10.81K","0.00%"
"08/25/2022","1.233","1.233","1.238","1.226","54.32K","0.62%"
"08/24/2022","1.225","1.237","1.237","1.223","12.01K","0.00%"
"08/23/2022","1.225","1.238","1.238","1.222","88.76K","-1.08%"
"08/22/2022","1.239","1.239","1.247","1.238","67.10K","-0.54%"
"08/21/2022","1.245","1.240","1.261","1.238","80.39K","0.00%"
"08/18/2022","1.245","1.238","1.240","1.238","3.36K","0.00%"
"08/17/2022","1.245","1.260","1.260","1.225","108.74K","-1.21%"
"08/16/2022","1.260","1.266","1.266","1.258","48.42K","-0.30%"
"08/15/2022","1.264","1.269","1.269","1.262","24.49K","-0.38%"
"08/14/2022","1.269","1.257","1.272","1.257","26.97K","1.14%"
"08/11/2022","1.255","1.261","1.273","1.253","90.48K","-0.53%"
"08/10/2022","1.261","1.249","1.262","1.249","34.65K","0.61%"
"08/09/2022","1.254","1.257","1.266","1.253","158.91K","0.30%"
"08/08/2022","1.250","1.249","1.255","1.231","231.98K","0.54%"
"08/07/2022","1.243","1.227","1.247","1.224","224.64K","1.87%"
"08/04/2022","1.220","1.211","1.221","1.209","190.47K","0.31%"
"08/03/2022","1.217","1.209","1.219","1.209","32.48K","0.55%"
"08/02/2022","1.210","1.210","1.216","1.204","59.56K","0.08%"
"08/01/2022","1.209","1.209","1.210","1.204","55.96K","0.00%"
"07/31/2022","1.209","1.214","1.214","1.201","16.01K","0.47%"
"07/28/2022","1.203","1.199","1.209","1.199","19.39K","0.32%"
"07/27/2022","1.199","1.199","1.199","1.191","15.82K","1.45%"
"07/26/2022","1.182","1.203","1.203","1.182","620.03K","-1.97%"
"07/25/2022","1.206","1.199","1.210","1.199","94.89K","0.56%"
"07/24/2022","1.199","1.202","1.202","1.199","20.90K","0.80%"
"07/21/2022","1.190","1.202","1.202","1.202","0.15K","0.00%"
"07/20/2022","1.190","1.195","1.199","1.190","12.34K","0.00%"
"07/19/2022","1.190","1.194","1.199","1.190","224.28K","0.00%"
"07/18/2022","1.190","1.180","1.190","1.180","97.53K","0.73%"
"07/17/2022","1.181","1.178","1.181","1.178","22.99K","0.16%"
"07/07/2022","1.179","1.180","1.185","1.177","30.88K","0.08%"
"07/06/2022","1.179","1.174","1.179","1.161","36.42K","0.49%"
"07/05/2022","1.173","1.161","1.175","1.153","59.11K","1.40%"
"07/04/2022","1.157","1.197","1.197","1.152","359.23K","-3.57%"
"07/03/2022","1.199","1.201","1.203","1.197","47.16K","-1.41%"
"06/29/2022","1.217","1.219","1.219","1.203","55.01K","0.55%"
"06/28/2022","1.210","1.231","1.231","1.206","207.77K","-2.08%"
"06/27/2022","1.236","1.245","1.263","1.232","38.88K","-0.15%"
"06/26/2022","1.238","1.241","1.242","1.238","83.88K","-0.38%"
"06/23/2022","1.242","1.244","1.244","1.240","18.42K","0.00%"
"06/22/2022","1.242","1.247","1.262","1.242","119.96K","-0.38%"
"06/21/2022","1.247","1.248","1.248","1.247","382.33K","-0.23%"
"06/20/2022","1.250","1.249","1.266","1.249","51.01K","0.00%"
"06/19/2022","1.250","1.249","1.250","1.247","36.46K","0.23%"
"06/16/2022","1.247","1.260","1.261","1.247","369.42K","-1.06%"
"06/15/2022","1.260","1.258","1.265","1.258","216.09K","-0.90%"
"06/14/2022","1.272","1.261","1.275","1.254","69.97K","0.45%"
"06/13/2022","1.266","1.274","1.274","1.266","112.47K","0.08%"
"06/12/2022","1.265","1.261","1.266","1.258","141.60K","0.53%"
"06/09/2022","1.258","1.260","1.265","1.256","684.01K","-0.15%"
"06/08/2022","1.260","1.276","1.276","1.258","719.70K","-1.71%"
"06/07/2022","1.282","1.281","1.282","1.268","47.06K","0.15%"
"06/06/2022","1.280","1.281","1.281","1.276","180.39K","0.07%"
"06/05/2022","1.279","1.276","1.281","1.276","23.47K","0.22%"
"06/02/2022","1.277","1.268","1.278","1.267","138.35K","-0.22%"
"06/01/2022","1.279","1.270","1.280","1.268","174.51K","0.22%"
"05/31/2022","1.277","1.282","1.282","1.266","237.57K","0.07%"
"05/30/2022","1.276","1.283","1.284","1.271","81.27K","-0.59%"
"05/29/2022","1.283","1.258","1.285","1.257","249.73K","1.51%"
"05/26/2022","1.264","1.260","1.266","1.257","261.45K","-0.15%"
"05/25/2022","1.266","1.276","1.276","1.260","178.18K","-0.37%"
"05/24/2022","1.271","1.277","1.277","1.267","93.94K","-0.45%"
"05/23/2022","1.277","1.294","1.294","1.274","100.20K","-0.96%"
"05/22/2022","1.289","1.298","1.298","1.276","123.10K","0.30%"
"05/19/2022","1.285","1.276","1.298","1.266","510.44K","0.60%"
"05/18/2022","1.278","1.276","1.285","1.276","395.63K","-0.45%"
"05/17/2022","1.283","1.276","1.290","1.271","403.55K","0.60%"
"05/16/2022","1.276","1.228","1.279","1.228","1.51M","3.88%"
"05/15/2022","1.228","1.229","1.245","1.225","218.94K","-0.15%"
"05/12/2022","1.230","1.244","1.244","1.226","210.35K","-1.67%"
"05/11/2022","1.251","1.255","1.257","1.244","303.36K","0.00%"
"05/10/2022","1.251","1.240","1.257","1.240","230.06K","-0.08%"
"05/09/2022","1.252","1.247","1.257","1.238","401.02K","0.38%"
"05/08/2022","1.247","1.228","1.247","1.228","451.56K","1.55%"
"04/28/2022","1.228","1.219","1.232","1.219","305.62K","1.18%"
"04/27/2022","1.214","1.206","1.219","1.195","349.53K","-0.39%"
"04/26/2022","1.219","1.190","1.219","1.179","364.67K","2.40%"
"04/21/2022","1.190","1.190","1.199","1.186","121.29K","-0.08%"
"04/20/2022","1.191","1.199","1.199","1.185","13.78K","0.08%"
"04/19/2022","1.190","1.228","1.228","1.187","373.12K","-6.23%"
"04/18/2022","1.269","1.261","1.271","1.261","655.71K","1.14%"
"04/17/2022","1.255","1.266","1.266","1.247","986.52K","-0.90%"
"04/14/2022","1.266","1.248","1.271","1.248","331.40K","0.76%"
"04/13/2022","1.257","1.255","1.266","1.255","1.39M","1.30%"
"04/12/2022","1.240","1.228","1.248","1.228","805.45K","1.40%"
"04/11/2022","1.223","1.223","1.230","1.221","82.61K","0.00%"
"04/10/2022","1.223","1.238","1.238","1.222","313.39K","0.08%"
"04/07/2022","1.222","1.215","1.238","1.209","302.30K","-0.85%"
"04/06/2022","1.233","1.197","1.233","1.145","443.05K","1.97%"
"04/05/2022","1.209","1.246","1.246","1.193","256.41K","-2.98%"
"04/04/2022","1.246","1.247","1.257","1.243","98.02K","-0.76%"
"04/03/2022","1.256","1.258","1.276","1.250","33.76K","-0.08%"
"03/31/2022","1.257","1.265","1.266","1.252","794.91K","-0.38%"
"03/30/2022","1.261","1.265","1.266","1.264","6.69K","0.00%"
"03/29/2022","1.261","1.242","1.266","1.242","79.56K","1.15%"
"03/28/2022","1.247","1.247","1.257","1.246","106.80K","-0.46%"
"03/27/2022","1.253","1.249","1.266","1.239","114.70K","0.08%"
"03/24/2022","1.252","1.285","1.285","1.249","199.59K","-1.20%"
"03/23/2022","1.267","1.281","1.290","1.267","379.77K","-1.11%"
"03/22/2022","1.281","1.304","1.304","1.278","109.37K","-0.30%"
"03/21/2022","1.285","1.351","1.358","1.269","896.27K","-3.91%"
"03/20/2022","1.338","1.304","1.352","1.304","284.50K","2.63%"
"03/17/2022","1.303","1.296","1.304","1.257","1.08M","0.37%"
"03/16/2022","1.298","1.309","1.314","1.293","395.35K","-1.16%"
"03/15/2022","1.314","1.326","1.326","1.309","236.05K","-1.00%"
"03/14/2022","1.327","1.342","1.342","1.323","356.92K","-0.43%"
"03/13/2022","1.333","1.335","1.342","1.319","322.44K","-0.64%"
"03/10/2022","1.341","1.357","1.357","1.338","591.52K","-1.12%"
"03/09/2022","1.357","1.371","1.371","1.356","266.00K","-1.45%"
"03/08/2022","1.377","1.366","1.379","1.363","328.25K","-0.07%"
"03/07/2022","1.377","1.363","1.389","1.363","519.71K","0.91%"
"03/06/2022","1.365","1.379","1.379","1.362","80.52K","-0.90%"
"03/03/2022","1.377","1.352","1.380","1.352","1.01M","1.54%"
"03/02/2022","1.357","1.352","1.359","1.352","389.13K","0.85%"
"03/01/2022","1.345","1.336","1.352","1.335","110.61K","0.78%"
"02/28/2022","1.335","1.336","1.352","1.333","760.04K","-0.14%"
"02/27/2022","1.337","1.314","1.340","1.314","80.66K","0.29%"
"02/24/2022","1.333","1.317","1.340","1.290","1.46M","0.00%"
"02/23/2022","1.333","1.332","1.333","1.331","601.82K","0.50%"
"02/22/2022","1.326","1.316","1.333","1.316","495.13K","0.65%"
"02/21/2022","1.318","1.316","1.328","1.316","241.37K","0.00%"
"02/20/2022","1.318","1.324","1.333","1.316","284.12K","-0.93%"
"02/17/2022","1.330","1.323","1.330","1.323","299.47K","0.07%"
"02/16/2022","1.329","1.324","1.333","1.324","160.75K","-0.29%"
"02/15/2022","1.333","1.323","1.333","1.323","702.12K","1.08%"
"02/14/2022","1.318","1.329","1.329","1.314","386.69K","-0.86%"
"02/13/2022","1.330","1.342","1.342","1.329","80.47K","-1.62%"
"02/10/2022","1.352","1.328","1.352","1.319","657.22K","1.79%"
"02/09/2022","1.328","1.322","1.333","1.316","482.25K","0.36%"
"02/08/2022","1.323","1.322","1.323","1.314","114.04K","0.07%"
"02/07/2022","1.322","1.323","1.323","1.314","54.27K","-0.07%"
"02/06/2022","1.323","1.323","1.324","1.321","207.07K","0.14%"
"02/03/2022","1.321","1.323","1.323","1.318","265.47K","-0.22%"
"02/02/2022","1.324","1.323","1.332","1.321","102.13K","0.07%"
"02/01/2022","1.323","1.332","1.332","1.321","821.42K","0.00%"
"01/31/2022","1.323","1.329","1.329","1.316","200.46K","-0.36%"
"01/30/2022","1.328","1.328","1.342","1.328","17.92K","0.00%"
"01/26/2022","1.328","1.318","1.334","1.318","532.02K","1.01%"
"01/25/2022","1.315","1.308","1.320","1.306","57.43K","0.73%"
"01/24/2022","1.305","1.323","1.323","1.300","138.47K","-1.37%"
"01/23/2022","1.323","1.327","1.333","1.322","155.60K","-0.64%"
"01/20/2022","1.332","1.327","1.341","1.324","277.67K","0.07%"
"01/19/2022","1.331","1.328","1.332","1.328","114.64K","-0.07%"
"01/18/2022","1.332","1.332","1.333","1.332","372.33K","0.43%"
"01/17/2022","1.326","1.333","1.333","1.323","175.73K","-0.29%"
"01/16/2022","1.330","1.338","1.338","1.329","167.60K","-1.13%"
"01/13/2022","1.345","1.342","1.352","1.323","338.89K","-0.49%"
"01/12/2022","1.352","1.338","1.352","1.336","61.01K","0.35%"
"01/11/2022","1.347","1.339","1.352","1.338","432.43K","0.64%"
"01/10/2022","1.338","1.338","1.340","1.338","38.16K","-0.28%"
"01/09/2022","1.342","1.341","1.351","1.336","134.59K","0.07%"
"01/05/2022","1.341","1.328","1.380","1.328","1.07M","1.00%"
"01/04/2022","1.328","1.280","1.333","1.280","1.27M","4.49%"
"01/03/2022","1.271","1.257","1.272","1.257","226.16K","1.14%"
"01/02/2022","1.257","1.247","1.257","1.247","130.53K","0.08%"
"12/30/2021","1.256","1.243","1.264","1.243","303.31K","1.07%"
"12/29/2021","1.242","1.247","1.248","1.242","625.52K","-0.38%"
"12/28/2021","1.247","1.266","1.266","1.247","717.05K","-1.50%"
"12/27/2021","1.266","1.257","1.266","1.257","133.03K","0.61%"
"12/26/2021","1.258","1.280","1.280","1.257","449.47K","-2.00%"
"12/23/2021","1.284","1.273","1.294","1.273","793.71K","0.67%"
"12/22/2021","1.276","1.257","1.276","1.252","1.32M","1.44%"
"12/21/2021","1.258","1.263","1.272","1.257","265.22K","-0.75%"
"12/20/2021","1.267","1.298","1.298","1.264","198.52K","-1.19%"
"12/19/2021","1.282","1.286","1.286","1.281","117.60K","-0.96%"
"12/16/2021","1.295","1.282","1.295","1.282","987.56K","0.97%"
"12/15/2021","1.282","1.286","1.289","1.282","85.36K","-0.59%"
"12/14/2021","1.290","1.280","1.293","1.279","473.55K","0.37%"
"12/13/2021","1.285","1.284","1.285","1.283","289.82K","0.07%"
"12/12/2021","1.284","1.287","1.287","1.279","81.59K","-0.74%"
"12/09/2021","1.294","1.288","1.295","1.280","237.07K","-0.07%"
"12/08/2021","1.295","1.295","1.297","1.278","631.54K","0.44%"
"12/07/2021","1.289","1.295","1.295","1.287","214.11K","-0.44%"
"12/06/2021","1.295","1.295","1.298","1.292","316.71K","0.00%"
"12/05/2021","1.295","1.295","1.295","1.294","60.26K","0.07%"
"12/02/2021","1.294","1.314","1.314","1.290","32.91K","-1.16%"
"12/01/2021","1.309","1.313","1.314","1.304","142.50K","0.36%"
"11/30/2021","1.304","1.303","1.314","1.300","409.50K","0.00%"
"11/29/2021","1.304","1.295","1.305","1.295","175.60K","1.11%"
"11/28/2021","1.290","1.314","1.314","1.278","208.35K","-2.87%"
"11/25/2021","1.328","1.317","1.331","1.316","70.86K","0.43%"
"11/24/2021","1.322","1.349","1.349","1.294","479.66K","-1.98%"
"11/23/2021","1.349","1.354","1.361","1.347","160.19K","-0.91%"
"11/22/2021","1.361","1.371","1.371","1.353","358.54K","-2.05%"
"11/21/2021","1.390","1.390","1.391","1.371","13.02K","0.00%"
"11/18/2021","1.390","1.386","1.395","1.371","436.17K","0.27%"
"11/17/2021","1.386","1.371","1.390","1.371","456.91K","1.46%"
"11/16/2021","1.366","1.361","1.371","1.361","134.09K","0.00%"
"11/15/2021","1.366","1.372","1.380","1.357","809.04K","-0.62%"
"11/14/2021","1.375","1.341","1.418","1.341","1.66M","3.00%"
"11/11/2021","1.335","1.326","1.337","1.326","236.33K","0.79%"
"11/10/2021","1.324","1.333","1.351","1.323","70.95K","-0.64%"
"11/09/2021","1.333","1.309","1.342","1.304","901.63K","2.12%"
"11/08/2021","1.305","1.295","1.306","1.295","452.44K","0.81%"
"11/07/2021","1.295","1.292","1.295","1.292","18.71K","-0.37%"
"11/04/2021","1.299","1.304","1.304","1.295","472.07K","-0.44%"
"11/03/2021","1.305","1.305","1.309","1.304","221.84K","-0.15%"
"11/02/2021","1.307","1.306","1.312","1.304","317.95K","0.07%"
"11/01/2021","1.306","1.304","1.318","1.304","439.57K","0.15%"
"10/31/2021","1.304","1.313","1.314","1.303","933.80K","-0.65%"
"10/28/2021","1.313","1.310","1.316","1.304","600.92K","0.22%"
"10/27/2021","1.310","1.312","1.323","1.285","826.66K","1.18%"
"10/26/2021","1.295","1.304","1.313","1.289","796.00K","-1.38%"
"10/25/2021","1.313","1.312","1.314","1.300","678.80K","-0.79%"
"10/24/2021","1.323","1.299","1.333","1.299","873.10K","1.46%"
"10/20/2021","1.304","1.299","1.318","1.295","828.93K","1.03%"
"10/19/2021","1.291","1.266","1.304","1.266","1.32M","2.73%"
"10/18/2021","1.257","1.257","1.266","1.257","440.48K","0.00%"
"10/17/2021","1.257","1.256","1.266","1.252","791.92K","0.08%"
"10/14/2021","1.256","1.223","1.257","1.219","1.40M","3.29%"
"10/13/2021","1.216","1.199","1.223","1.199","1.21M","1.67%"
"10/12/2021","1.196","1.180","1.203","1.180","571.17K","1.70%"
"10/11/2021","1.176","1.180","1.180","1.171","180.28K","-0.40%"
"10/10/2021","1.180","1.118","1.199","1.118","3.27M","5.80%"
"10/06/2021","1.116","1.114","1.118","1.109","551.76K","0.09%"
"10/05/2021","1.115","1.100","1.116","1.100","1.01M","1.39%"
"10/04/2021","1.100","1.101","1.101","1.095","75.29K","0.43%"
"10/03/2021","1.095","1.104","1.104","1.095","221.33K","-0.17%"
"09/30/2021","1.097","1.086","1.103","1.086","215.25K","1.05%"
"09/29/2021","1.085","1.101","1.101","1.085","96.34K","-1.55%"
"09/28/2021","1.102","1.086","1.104","1.085","632.66K","1.05%"
"09/27/2021","1.091","1.090","1.096","1.085","705.44K","0.53%"
"09/26/2021","1.085","1.080","1.085","1.071","117.89K","0.80%"
"09/23/2021","1.077","1.067","1.084","1.066","418.96K","0.89%"
"09/22/2021","1.067","1.076","1.076","1.066","269.07K","0.09%"
"09/21/2021","1.066","1.075","1.085","1.057","643.27K","-0.88%"
"09/20/2021","1.076","1.100","1.100","1.073","705.48K","-2.84%"
"09/19/2021","1.107","1.114","1.118","1.101","636.50K","-0.60%"
"09/16/2021","1.114","1.107","1.116","1.104","235.93K","0.00%"
"09/15/2021","1.114","1.095","1.114","1.094","648.27K","1.74%"
"09/14/2021","1.095","1.113","1.113","1.094","344.19K","-1.54%"
"09/13/2021","1.112","1.109","1.113","1.104","329.42K","0.17%"
"09/12/2021","1.110","1.105","1.111","1.100","175.29K","0.43%"
"09/09/2021","1.105","1.103","1.110","1.095","1.28M","0.35%"
"09/08/2021","1.101","1.089","1.104","1.089","1.01M","1.49%"
"09/07/2021","1.085","1.075","1.089","1.073","1.02M","1.33%"
"09/06/2021","1.071","1.076","1.076","1.066","229.53K","-0.44%"
"09/05/2021","1.076","1.066","1.076","1.061","434.59K","0.89%"
"09/02/2021","1.066","1.074","1.074","1.066","709.28K","-0.80%"
"09/01/2021","1.075","1.076","1.079","1.066","1.40M","-0.35%"
"08/31/2021","1.079","1.085","1.085","1.073","1.43M","-0.70%"
"08/30/2021","1.086","1.094","1.094","1.080","1.10M","-0.09%"
"08/29/2021","1.087","1.084","1.092","1.084","276.19K","0.44%"
"08/26/2021","1.082","1.085","1.085","1.074","107.68K","0.26%"
"08/25/2021","1.080","1.081","1.091","1.074","1.21M","-1.13%"
"08/24/2021","1.092","1.085","1.095","1.076","2.85M","2.05%"
"08/23/2021","1.070","1.038","1.087","1.038","2.42M","3.21%"
"08/22/2021","1.037","1.033","1.044","1.021","982.16K","1.30%"
"08/19/2021","1.023","1.001","1.038","1.001","3.64M","1.90%"
"08/18/2021","1.004","0.990","1.019","0.990","1.26M","1.34%"
"08/17/2021","0.991","0.990","1.009","0.984","1.32M","-0.86%"
"08/16/2021","1.000","1.009","1.010","0.990","1.19M","-1.41%"
"08/15/2021","1.014","0.974","1.047","0.974","1.24M","4.41%"
"08/11/2021","0.971","0.961","0.995","0.957","2.22M","1.29%"
"08/10/2021","0.959","0.942","0.971","0.936","2.05M","2.23%"
"08/09/2021","0.938","0.939","0.942","0.933","302.95K","0.51%"
"08/08/2021","0.933","0.938","0.941","0.928","254.58K","0.00%"
"08/05/2021","0.933","0.934","0.938","0.933","76.48K","-0.51%"
"08/04/2021","0.938","0.934","0.942","0.929","912.64K","0.51%"
"08/03/2021","0.933","0.927","0.942","0.925","189.20K","-0.10%"
"08/02/2021","0.934","0.939","0.952","0.927","328.06K","-0.91%"
"08/01/2021","0.942","0.946","0.947","0.939","151.29K","-0.50%"
"07/29/2021","0.947","0.948","0.952","0.935","230.37K","0.81%"
"07/28/2021","0.940","0.949","0.950","0.933","362.49K","0.30%"
"07/27/2021","0.937","0.935","0.949","0.935","249.88K","0.20%"
"07/26/2021","0.935","0.933","0.947","0.933","429.80K","-0.51%"
"07/25/2021","0.940","0.934","0.942","0.928","217.11K","1.02%"
"07/18/2021","0.930","0.926","0.941","0.926","56.99K","-0.10%"
"07/15/2021","0.931","0.938","0.947","0.924","125.05K","-0.41%"
"07/14/2021","0.935","0.936","0.952","0.917","913.71K","-1.41%"
"07/13/2021","0.948","0.938","0.952","0.934","1.39M","2.15%"
"07/12/2021","0.928","0.929","0.933","0.920","184.42K","0.41%"
"07/11/2021","0.924","0.929","0.929","0.919","386.71K","-0.41%"
"07/08/2021","0.928","0.938","0.942","0.923","207.23K","-1.52%"
"07/07/2021","0.942","0.935","0.950","0.935","90.75K","0.81%"
"07/06/2021","0.935","0.937","0.949","0.923","626.78K","0.10%"
"07/05/2021","0.934","0.942","0.943","0.931","1.03M","-0.91%"
"07/04/2021","0.942","0.952","0.952","0.940","280.86K","-0.30%"
"06/30/2021","0.945","0.952","0.952","0.942","431.38K","-0.50%"
"06/29/2021","0.950","0.952","0.952","0.945","394.72K","-0.30%"
"06/28/2021","0.953","0.961","0.961","0.950","633.52K","-0.50%"
"06/27/2021","0.958","0.962","0.966","0.949","1.41M","-0.49%"
"06/24/2021","0.962","0.961","0.968","0.961","216.80K","-0.20%"
"06/23/2021","0.964","0.964","0.971","0.961","139.00K","-0.59%"
"06/22/2021","0.970","0.969","0.974","0.961","643.40K","0.69%"
"06/21/2021","0.963","0.963","0.969","0.962","1.91M","0.10%"
"06/20/2021","0.962","0.961","0.964","0.961","95.98K","-0.10%"
"06/17/2021","0.963","0.952","0.971","0.952","1.05M","2.33%"
"06/16/2021","0.941","0.957","0.957","0.935","957.42K","-2.37%"
"06/15/2021","0.964","0.963","0.969","0.961","492.11K","0.80%"
"06/14/2021","0.957","0.960","0.961","0.953","195.78K","-0.10%"
"06/13/2021","0.958","0.961","0.966","0.955","66.70K","-1.18%"
"06/10/2021","0.969","0.966","0.971","0.965","218.83K","0.39%"
"06/09/2021","0.965","0.970","0.970","0.958","36.06K","0.10%"
"06/08/2021","0.964","0.963","0.971","0.961","154.32K","-0.78%"
"06/07/2021","0.972","0.962","0.981","0.962","2.00M","1.39%"
"06/06/2021","0.959","0.957","0.967","0.952","379.47K","0.80%"
"06/03/2021","0.951","0.944","0.961","0.944","439.45K","-0.10%"
"06/02/2021","0.952","0.942","0.952","0.942","184.96K","0.30%"
"06/01/2021","0.949","0.942","0.956","0.933","484.29K","-1.29%"
"05/31/2021","0.961","0.950","0.971","0.942","293.95K","2.54%"
"05/30/2021","0.938","0.950","0.950","0.933","194.70K","0.61%"
"05/27/2021","0.932","0.935","0.942","0.926","569.38K","-0.31%"
"05/26/2021","0.935","0.951","0.970","0.931","867.14K","-1.50%"
"05/25/2021","0.949","0.967","0.967","0.941","1.14M","-1.87%"
"05/24/2021","0.967","0.977","0.977","0.961","348.30K","-1.45%"
"05/23/2021","0.981","0.982","0.988","0.981","153.44K","-0.58%"
"05/20/2021","0.987","0.997","0.997","0.982","355.23K","-0.38%"
"05/19/2021","0.991","0.992","0.995","0.983","333.20K","-0.10%"
"05/18/2021","0.992","0.966","1.009","0.966","2.98M","4.20%"
"05/17/2021","0.952","0.952","0.966","0.952","1.91M","0.10%"
"05/11/2021","0.951","0.943","0.952","0.943","542.37K","0.81%"
"05/10/2021","0.943","0.942","0.952","0.942","100.53K","-0.40%"
"05/09/2021","0.947","0.952","0.952","0.938","101.50K","-0.50%"
"05/06/2021","0.952","0.951","0.952","0.942","372.33K","0.60%"
"05/05/2021","0.946","0.952","0.952","0.938","83.91K","-0.60%"
"05/04/2021","0.952","0.948","0.952","0.948","1.15M","0.00%"
"04/28/2021","0.952","0.952","0.952","0.951","166.46K","0.00%"
"04/27/2021","0.952","0.952","0.952","0.949","323.52K","-0.40%"
"04/26/2021","0.956","0.953","0.966","0.942","715.28K","-0.79%"
"04/25/2021","0.963","0.966","0.966","0.961","16.55K","-0.69%"
"04/22/2021","0.970","0.971","0.979","0.952","1.25M","0.69%"
"04/21/2021","0.963","0.972","0.972","0.961","58.38K","-1.46%"
"04/20/2021","0.978","0.967","0.985","0.961","1.25M","1.08%"
"04/19/2021","0.967","0.961","0.971","0.961","603.59K","1.91%"
"04/18/2021","0.949","0.923","0.961","0.923","328.14K","2.78%"
"04/15/2021","0.923","0.946","0.948","0.914","514.88K","1.23%"
"04/14/2021","0.912","0.961","0.961","0.891","2.94M","-4.70%"
"04/13/2021","0.957","0.969","0.969","0.952","522.20K","-0.90%"
"04/12/2021","0.966","0.960","0.973","0.957","150.83K","0.90%"
"04/11/2021","0.957","0.978","0.978","0.954","246.25K","-0.98%"
"04/08/2021","0.967","0.967","0.978","0.963","432.86K","0.99%"
"04/07/2021","0.957","0.991","0.991","0.948","1.70M","-3.07%"
"04/06/2021","0.987","0.997","0.997","0.982","1.93M","-0.61%"
"04/05/2021","0.994","0.998","1.000","0.992","360.19K","-0.95%"
"04/04/2021","1.003","1.004","1.004","0.999","652.90K","0.00%"
"04/01/2021","1.003","0.995","1.007","0.995","182.17K","0.52%"
"03/31/2021","0.998","0.993","1.008","0.989","712.13K","0.52%"
"03/30/2021","0.993","0.995","0.999","0.987","233.30K","-0.17%"
"03/29/2021","0.994","0.995","0.995","0.991","376.25K","0.17%"
"03/28/2021","0.993","0.995","0.995","0.987","27.28K","1.41%"
"03/25/2021","0.979","0.971","0.995","0.971","909.05K","0.62%"
"03/24/2021","0.973","0.987","0.987","0.969","389.55K","-0.53%"
"03/23/2021","0.978","0.982","0.982","0.971","1.80M","-1.31%"
"03/22/2021","0.991","0.999","0.999","0.983","829.23K","-1.21%"
"03/21/2021","1.003","0.998","1.004","0.998","1.85M","0.09%"
"03/18/2021","1.002","1.005","1.007","0.996","1.78M","-0.34%"
"03/17/2021","1.006","1.009","1.013","1.001","2.09M","0.52%"
"03/16/2021","1.000","0.999","1.010","0.995","372.32K","-0.34%"
"03/15/2021","1.004","0.995","1.013","0.995","1.66M","0.96%"
"03/14/2021","0.994","0.987","1.003","0.978","4.36M","0.97%"
"03/11/2021","0.985","0.982","0.986","0.981","48.24K","1.52%"
"03/10/2021","0.970","0.977","0.978","0.969","382.67K","0.54%"
"03/09/2021","0.965","0.969","0.978","0.960","559.06K","-1.68%"
"03/08/2021","0.981","0.986","0.986","0.963","694.49K","-0.35%"
"03/07/2021","0.985","0.979","0.987","0.979","49.79K","0.44%"
"03/04/2021","0.981","0.979","0.994","0.978","127.25K","1.25%"
"03/03/2021","0.968","0.962","0.993","0.962","12.70M","0.63%"
"03/02/2021","0.962","0.978","0.978","0.953","1.45M","-2.11%"
"03/01/2021","0.983","0.995","1.004","0.974","668.16K","-1.90%"
"02/28/2021","1.002","1.002","1.007","0.990","221.38K","0.09%"
"02/25/2021","1.001","1.000","1.005","0.995","601.85K","1.31%"
"02/24/2021","0.988","0.995","0.996","0.986","644.63K","-0.70%"
"02/23/2021","0.995","0.987","1.004","0.979","573.90K","0.00%"
"02/22/2021","0.995","0.978","1.004","0.978","2.22M","1.23%"
"02/21/2021","0.983","0.978","0.989","0.978","134.85K","0.09%"
"02/18/2021","0.982","0.983","0.987","0.974","573.16K","0.53%"
"02/17/2021","0.977","0.989","0.992","0.970","588.99K","-1.66%"
"02/16/2021","0.994","0.987","0.998","0.987","777.51K","1.15%"
"02/15/2021","0.982","0.974","0.995","0.963","1.72M","0.71%"
"02/14/2021","0.975","0.994","0.994","0.961","460.93K","-1.66%"
"02/11/2021","0.992","0.987","1.004","0.980","2.75M","2.78%"
"02/10/2021","0.965","0.926","0.990","0.926","4.75M","3.53%"
"02/09/2021","0.932","0.918","0.935","0.918","197.14K","0.09%"
"02/08/2021","0.931","0.934","0.939","0.917","1.14M","-0.09%"
"02/07/2021","0.932","0.934","0.935","0.930","567.58K","-0.28%"
"02/04/2021","0.935","0.934","0.941","0.930","493.42K","0.09%"
"02/03/2021","0.934","0.934","0.935","0.929","672.48K","-0.19%"
"02/02/2021","0.936","0.927","0.944","0.926","1.11M","0.93%"
"02/01/2021","0.927","0.905","0.951","0.903","2.85M","2.39%"
"01/31/2021","0.905","0.909","0.909","0.903","1.68M","-0.38%"
"01/27/2021","0.909","0.909","0.910","0.903","511.49K","0.00%"
"01/26/2021","0.909","0.910","0.912","0.906","798.54K","0.00%"
"01/25/2021","0.909","0.905","0.915","0.904","1.46M","0.19%"
"01/24/2021","0.907","0.907","0.908","0.906","1.79M","0.29%"
"01/21/2021","0.904","0.910","0.910","0.902","1.06M","-1.51%"
"01/20/2021","0.918","0.919","0.929","0.908","602.40K","-0.75%"
"01/19/2021","0.925","0.917","0.927","0.917","340.77K","-0.56%"
"01/18/2021","0.930","0.925","0.943","0.912","1.42M","1.70%"
"01/17/2021","0.915","0.889","0.935","0.883","3.42M","3.32%"
"01/14/2021","0.885","0.887","0.888","0.879","460.51K","0.79%"
"01/13/2021","0.878","0.877","0.887","0.874","1.00M","-0.29%"
"01/12/2021","0.881","0.878","0.883","0.877","136.97K","0.10%"
"01/11/2021","0.880","0.875","0.883","0.874","94.59K","-0.39%"
"01/10/2021","0.884","0.867","0.894","0.865","801.95K","2.10%"
"01/06/2021","0.865","0.848","0.874","0.848","3.71M","2.77%"
"01/05/2021","0.842","0.874","0.874","0.822","3.17M","-3.66%"
"01/04/2021","0.874","0.876","0.880","0.871","53.28K","-0.10%"
"01/03/2021","0.875","0.882","0.883","0.874","39.97K","-0.20%"
"12/31/2020","0.877","0.883","0.883","0.866","347.86K","-0.69%"
"12/30/2020","0.883","0.883","0.883","0.881","566.93K","0.10%"
"12/29/2020","0.882","0.883","0.883","0.879","478.23K","0.10%"
"12/28/2020","0.881","0.878","0.883","0.874","281.91K","0.79%"
"12/27/2020","0.874","0.868","0.878","0.867","280.00K","-0.10%"
"12/24/2020","0.875","0.874","0.881","0.874","407.94K","0.90%"
"12/23/2020","0.867","0.866","0.890","0.862","1.22M","-1.28%"
"12/22/2020","0.878","0.865","0.883","0.865","395.65K","1.70%"
"12/21/2020","0.864","0.867","0.874","0.849","1.10M","-1.09%"
"12/20/2020","0.873","0.878","0.878","0.866","131.04K","0.00%"
"12/17/2020","0.873","0.883","0.883","0.865","459.16K","-1.27%"
"12/16/2020","0.884","0.891","0.891","0.874","473.34K","-0.58%"
"12/15/2020","0.890","0.887","0.891","0.885","1.11M","-0.19%"
"12/14/2020","0.891","0.896","0.900","0.891","938.04K","0.00%"
"12/13/2020","0.891","0.891","0.896","0.888","482.30K","0.59%"
"12/10/2020","0.886","0.883","0.893","0.883","3.30M","0.29%"
"12/09/2020","0.884","0.883","0.891","0.883","55.99K","0.29%"
"12/08/2020","0.881","0.883","0.892","0.866","865.90K","1.29%"
"12/07/2020","0.870","0.891","0.899","0.839","1.10M","-2.24%"
"12/06/2020","0.890","0.883","0.900","0.879","2.10M","0.88%"
"12/03/2020","0.882","0.878","0.884","0.874","330.55K","0.49%"
"12/02/2020","0.878","0.891","0.891","0.869","806.27K","-0.78%"
"12/01/2020","0.884","0.898","0.899","0.813","1.71M","-1.16%"
"11/30/2020","0.895","0.900","0.900","0.891","625.26K","-0.19%"
"11/29/2020","0.897","0.891","0.900","0.891","206.29K","1.07%"
"11/26/2020","0.887","0.890","0.899","0.883","648.62K","-0.49%"
"11/25/2020","0.891","0.900","0.900","0.885","504.03K","-0.87%"
"11/24/2020","0.899","0.904","0.904","0.894","615.83K","-0.57%"
"11/23/2020","0.904","0.901","0.909","0.900","1.75M","-0.38%"
"11/22/2020","0.908","0.916","0.926","0.902","193.20K","0.48%"
"11/19/2020","0.903","0.904","0.909","0.898","1.19M","-0.67%"
"11/18/2020","0.910","0.917","0.917","0.904","218.22K","-1.41%"
"11/17/2020","0.923","0.930","0.931","0.917","1.17M","-0.37%"
"11/16/2020","0.926","0.926","0.928","0.926","308.66K","-0.09%"
"11/15/2020","0.927","0.926","0.929","0.922","181.98K","0.19%"
"11/12/2020","0.925","0.929","0.930","0.921","2.69M","-0.28%"
"11/11/2020","0.928","0.917","0.935","0.917","701.93K","0.94%"
"11/10/2020","0.919","0.917","0.926","0.909","993.81K","1.82%"
"11/09/2020","0.903","0.904","0.917","0.897","288.46K","0.29%"
"11/08/2020","0.900","0.900","0.904","0.899","76.33K","0.39%"
"11/05/2020","0.897","0.891","0.903","0.891","137.11K","0.48%"
"11/04/2020","0.892","0.900","0.900","0.891","899.98K","-0.67%"
"11/03/2020","0.898","0.899","0.901","0.896","286.91K","0.19%"
"11/02/2020","0.897","0.900","0.901","0.895","383.56K","0.10%"
"11/01/2020","0.896","0.899","0.899","0.895","37.33K","-0.19%"
"10/28/2020","0.897","0.903","0.904","0.891","121.58K","-0.29%"
"10/27/2020","0.900","0.899","0.904","0.898","900.29K","0.10%"
"10/26/2020","0.899","0.900","0.904","0.896","659.47K","0.10%"
"10/25/2020","0.898","0.896","0.909","0.892","758.09K","-1.24%"
"10/22/2020","0.910","0.909","0.917","0.900","441.74K","-0.28%"
"10/21/2020","0.912","0.910","0.917","0.909","448.86K","0.29%"
"10/20/2020","0.910","0.909","0.914","0.909","191.87K","-0.10%"
"10/19/2020","0.910","0.911","0.921","0.907","75.58K","0.10%"
"10/18/2020","0.910","0.910","0.917","0.909","71.96K","-0.28%"
"10/15/2020","0.912","0.925","0.926","0.909","119.05K","-0.38%"
"10/14/2020","0.916","0.916","0.917","0.912","542.41K","-0.28%"
"10/13/2020","0.918","0.917","0.922","0.913","395.33K","-0.56%"
"10/12/2020","0.923","0.917","0.930","0.917","253.54K","1.23%"
"10/11/2020","0.912","0.911","0.917","0.910","56.88K","0.19%"
"10/07/2020","0.910","0.932","0.932","0.909","966.84K","-0.38%"
"10/06/2020","0.914","0.913","0.924","0.910","775.23K","-0.28%"
"10/05/2020","0.916","0.925","0.926","0.913","543.86K","-0.94%"
"10/04/2020","0.925","0.926","0.926","0.922","208.59K","0.19%"
"10/01/2020","0.923","0.924","0.927","0.918","258.62K","-0.19%"
"09/30/2020","0.925","0.940","0.940","0.919","793.75K","-0.93%"
"09/29/2020","0.934","0.935","0.935","0.928","612.20K","-0.74%"
"09/28/2020","0.941","0.948","0.948","0.935","450.03K","-0.28%"
"09/27/2020","0.943","0.943","0.943","0.937","315.97K","0.00%"
"09/24/2020","0.943","0.945","0.949","0.935","728.11K","-0.09%"
"09/23/2020","0.944","0.942","0.950","0.935","327.47K","1.11%"
"09/22/2020","0.934","0.915","0.936","0.914","1.54M","1.12%"
"09/21/2020","0.923","0.923","0.930","0.913","685.10K","-0.74%"
"09/20/2020","0.930","0.935","0.935","0.926","148.01K","-0.65%"
"09/17/2020","0.936","0.931","0.943","0.923","844.80K","0.74%"
"09/16/2020","0.929","0.926","0.935","0.926","504.46K","0.37%"
"09/15/2020","0.926","0.925","0.926","0.922","321.57K","-0.19%"
"09/14/2020","0.928","0.926","0.935","0.918","473.04K","0.85%"
"09/13/2020","0.920","0.917","0.930","0.917","120.73K","-0.56%"
"09/10/2020","0.925","0.913","0.926","0.913","883.03K","1.81%"
"09/09/2020","0.909","0.915","0.926","0.891","1.34M","-2.05%"
"09/08/2020","0.928","0.947","0.947","0.917","1.83M","-2.46%"
"09/07/2020","0.951","0.952","0.952","0.948","329.25K","-0.18%"
"09/06/2020","0.953","0.958","0.969","0.952","224.51K","-0.90%"
"09/03/2020","0.961","0.962","0.964","0.957","807.02K","-0.36%"
"09/02/2020","0.965","0.969","0.969","0.961","158.84K","-0.45%"
"09/01/2020","0.969","0.977","0.977","0.961","959.03K","-0.80%"
"08/31/2020","0.977","0.986","0.986","0.970","1.10M","-0.44%"
"08/30/2020","0.981","0.987","0.987","0.978","409.23K","0.35%"
"08/27/2020","0.978","0.978","0.990","0.970","537.94K","0.00%"
"08/26/2020","0.978","0.978","0.986","0.974","183.34K","0.00%"
"08/25/2020","0.978","0.984","0.990","0.975","258.62K","-0.53%"
"08/24/2020","0.983","0.987","0.995","0.978","472.94K","-1.05%"
"08/23/2020","0.994","0.982","0.997","0.978","730.43K","1.06%"
"08/19/2020","0.983","0.970","0.995","0.969","465.36K","1.79%"
"08/18/2020","0.966","0.952","0.978","0.952","1.43M","0.36%"
"08/17/2020","0.962","0.962","0.970","0.953","899.01K","1.55%"
"08/16/2020","0.948","0.931","0.965","0.929","1.41M","2.72%"
"08/13/2020","0.923","0.922","0.933","0.917","1.38M","0.09%"
"08/12/2020","0.922","0.919","0.927","0.919","357.58K","0.09%"
"08/11/2020","0.921","0.933","0.933","0.918","75.04K","-0.84%"
"08/10/2020","0.929","0.909","0.935","0.909","1.50M","2.09%"
"08/09/2020","0.910","0.902","0.917","0.900","408.30K","0.19%"
"08/06/2020","0.908","0.909","0.910","0.900","578.49K","-0.19%"
"08/05/2020","0.910","0.925","0.926","0.902","584.60K","-0.28%"
"08/04/2020","0.912","0.915","0.923","0.907","635.45K","0.76%"
"07/29/2020","0.905","0.900","0.913","0.896","445.80K","0.97%"
"07/28/2020","0.897","0.899","0.903","0.891","1.94M","0.19%"
"07/27/2020","0.895","0.892","0.909","0.888","2.07M","-0.19%"
"07/26/2020","0.897","0.884","0.905","0.883","413.98K","2.57%"
"07/22/2020","0.874","0.900","0.900","0.865","1.87M","-1.66%"
"07/21/2020","0.889","0.908","0.908","0.883","469.51K","-0.39%"
"07/20/2020","0.892","0.900","0.907","0.887","1.09M","-0.29%"
"07/19/2020","0.895","0.901","0.917","0.883","588.21K","-1.24%"
"07/16/2020","0.906","0.892","0.920","0.884","294.91K","0.38%"
"07/15/2020","0.903","0.917","0.917","0.874","1.04M","0.00%"
"07/14/2020","0.903","0.918","0.920","0.887","1.83M","-2.43%"
"07/13/2020","0.925","0.944","0.944","0.916","914.42K","-2.02%"
"07/12/2020","0.944","0.940","0.952","0.940","746.47K","0.37%"
"07/09/2020","0.941","0.940","0.944","0.937","767.07K","-0.91%"
"07/08/2020","0.949","0.954","0.954","0.941","1.21M","-0.54%"
"07/07/2020","0.955","0.965","0.965","0.952","626.08K","0.27%"
"07/06/2020","0.952","0.968","0.968","0.949","1.22M","-1.08%"
"07/05/2020","0.962","0.961","0.968","0.956","359.69K","0.72%"
"06/30/2020","0.955","0.968","0.968","0.952","483.26K","-1.08%"
"06/29/2020","0.966","0.961","0.977","0.961","286.11K","0.09%"
"06/28/2020","0.965","0.956","0.978","0.952","646.56K","0.54%"
"06/25/2020","0.960","0.953","0.977","0.952","1.09M","-0.27%"
"06/24/2020","0.962","0.968","0.969","0.958","508.29K","0.54%"
"06/23/2020","0.957","0.953","0.968","0.951","649.32K","0.00%"
"06/22/2020","0.957","0.969","0.969","0.949","377.26K","0.09%"
"06/21/2020","0.956","0.953","0.973","0.940","1.41M","0.00%"
"06/18/2020","0.956","0.935","0.968","0.935","3.11M","1.66%"
"06/17/2020","0.941","0.948","0.952","0.935","514.41K","-0.64%"
"06/16/2020","0.947","0.942","0.952","0.936","1.20M","3.60%"
"06/15/2020","0.914","0.919","0.922","0.906","2.17M","-1.22%"
"06/14/2020","0.925","0.936","0.936","0.917","2.02M","-2.73%"
"06/11/2020","0.951","0.969","0.978","0.942","1.31M","-2.57%"
"06/10/2020","0.976","0.987","0.987","0.969","411.39K","-1.14%"
"06/09/2020","0.987","0.994","0.995","0.979","646.59K","-0.26%"
"06/08/2020","0.990","0.979","1.000","0.972","1.92M","1.24%"
"06/07/2020","0.978","0.961","1.013","0.952","2.60M","3.20%"
"06/04/2020","0.948","0.943","0.961","0.935","1.78M","0.18%"
"06/03/2020","0.946","0.932","0.952","0.932","3.07M","3.21%"
"06/02/2020","0.916","0.900","0.926","0.898","1.29M","3.42%"
"06/01/2020","0.886","0.881","0.900","0.881","2.57M","1.79%"
"05/31/2020","0.871","0.865","0.878","0.865","803.10K","1.62%"
"05/21/2020","0.857","0.863","0.863","0.856","469.27K","0.10%"
"05/20/2020","0.856","0.857","0.862","0.848","560.84K","-0.50%"
"05/19/2020","0.860","0.865","0.865","0.853","2.11M","1.43%"
"05/18/2020","0.848","0.848","0.857","0.847","1.30M","-0.81%"
"05/17/2020","0.855","0.857","0.865","0.841","239.78K","0.30%"
"05/14/2020","0.852","0.862","0.865","0.840","707.43K","-1.60%"
"05/13/2020","0.866","0.889","0.889","0.862","680.19K","-2.25%"
"05/12/2020","0.886","0.868","0.893","0.866","3.63M","2.30%"
"05/11/2020","0.866","0.859","0.883","0.857","763.19K","0.00%"
"05/10/2020","0.866","0.870","0.874","0.857","971.65K","-1.09%"
"05/07/2020","0.876","0.884","0.891","0.866","919.54K","-2.03%"
"05/06/2020","0.894","0.891","0.903","0.884","1.22M","3.20%"
"05/05/2020","0.866","0.857","0.900","0.856","2.15M","2.46%"
"05/04/2020","0.846","0.844","0.857","0.833","301.61K","-0.31%"
"05/03/2020","0.848","0.861","0.861","0.846","2.37M","-2.00%"
"04/30/2020","0.865","0.865","0.878","0.858","674.83K","-1.38%"
"04/29/2020","0.878","0.865","0.883","0.861","3.12M","1.50%"
"04/28/2020","0.865","0.840","0.880","0.840","2.07M","1.73%"
"04/27/2020","0.850","0.822","0.859","0.819","706.85K","3.81%"
"04/26/2020","0.819","0.779","0.857","0.757","1.57M","2.16%"
"04/23/2020","0.801","0.782","0.811","0.782","782.40K","3.81%"
"04/22/2020","0.772","0.797","0.797","0.762","946.24K","-0.56%"
"04/21/2020","0.776","0.822","0.822","0.753","1.53M","-6.47%"
"04/16/2020","0.830","0.830","0.833","0.825","1.25M","0.00%"
"04/15/2020","0.830","0.838","0.838","0.824","721.97K","-0.72%"
"04/14/2020","0.836","0.839","0.839","0.833","1.27M","0.21%"
"04/13/2020","0.834","0.843","0.844","0.827","357.76K","0.94%"
"04/12/2020","0.826","0.826","0.839","0.826","1.42M","-0.93%"
"04/09/2020","0.834","0.839","0.846","0.822","733.46K","0.94%"
"04/08/2020","0.826","0.835","0.839","0.815","1.02M","0.21%"
"04/07/2020","0.825","0.813","0.839","0.813","1.02M","1.60%"
"04/06/2020","0.812","0.805","0.822","0.805","808.35K","1.96%"
"04/05/2020","0.796","0.802","0.802","0.792","231.79K","-1.29%"
"04/02/2020","0.807","0.801","0.807","0.801","9.35M","0.00%"
"04/01/2020","0.807","0.805","0.813","0.804","793.27K","-0.43%"
"03/31/2020","0.810","0.794","0.813","0.794","809.34K","1.41%"
"03/30/2020","0.799","0.806","0.806","0.796","397.62K","-1.81%"
"03/29/2020","0.813","0.813","0.813","0.811","134.74K","-1.88%"
"03/26/2020","0.829","0.831","0.835","0.813","1.06M","0.21%"
"03/25/2020","0.827","0.831","0.838","0.812","1.65M","2.03%"
"03/24/2020","0.811","0.836","0.836","0.799","866.61K","-4.97%"
"03/23/2020","0.853","0.857","0.865","0.834","1.51M","1.96%"
"03/22/2020","0.837","0.832","0.865","0.822","916.30K","1.79%"
"03/19/2020","0.822","0.745","0.860","0.711","2.67M","5.09%"
"03/18/2020","0.782","0.831","0.831","0.746","993.56K","-4.44%"
"03/17/2020","0.819","0.827","0.853","0.794","1.55M","-1.05%"
"03/16/2020","0.827","0.813","0.865","0.788","1.27M","-5.44%"
"03/15/2020","0.875","0.917","0.917","0.856","1.55M","-7.92%"
"03/11/2020","0.950","0.987","0.987","0.917","549.59K","-1.44%"
"03/10/2020","0.964","0.952","1.001","0.926","859.95K","4.80%"
"03/09/2020","0.920","1.013","1.013","0.905","1.45M","-8.52%"
"03/08/2020","1.006","1.006","1.019","0.995","176.69K","-3.73%"
"03/05/2020","1.045","1.017","1.055","1.017","449.10K","2.99%"
"03/04/2020","1.014","1.030","1.030","0.996","288.63K","-1.60%"
"03/03/2020","1.031","1.026","1.039","1.021","302.58K","2.32%"
"03/02/2020","1.007","0.953","1.034","0.952","1.85M","7.08%"
"03/01/2020","0.941","0.968","0.969","0.890","1.62M","-4.82%"
"02/27/2020","0.988","1.046","1.055","0.962","2.36M","-3.71%"
"02/26/2020","1.026","1.051","1.055","1.004","501.29K","-2.39%"
"02/25/2020","1.051","1.051","1.069","1.041","415.90K","-0.65%"
"02/24/2020","1.058","1.056","1.064","1.051","881.93K","0.00%"
"02/23/2020","1.058","1.072","1.073","1.047","88.83K","-0.41%"
"02/20/2020","1.063","1.068","1.068","1.047","3.36M","-0.49%"
"02/19/2020","1.068","1.073","1.073","1.056","284.14K","-0.56%"
"02/18/2020","1.074","1.099","1.099","1.048","134.94K","-1.35%"
"02/17/2020","1.089","1.090","1.099","1.084","18.82K","-0.87%"
"02/16/2020","1.098","1.099","1.099","1.092","55.14K","-0.08%"
"02/13/2020","1.099","1.099","1.099","1.099","2.45M","0.00%"
"02/12/2020","1.099","1.099","1.099","1.098","594.23K","0.40%"
"02/11/2020","1.095","1.090","1.099","1.086","632.79K","-0.16%"
"02/10/2020","1.096","1.097","1.098","1.093","50.57K","0.00%"
"02/09/2020","1.096","1.094","1.099","1.094","15.99K","-0.24%"
"02/06/2020","1.099","1.096","1.103","1.096","1.17M","0.87%"
"02/05/2020","1.090","1.083","1.099","1.082","421.73K","0.64%"
"02/04/2020","1.083","1.082","1.090","1.082","126.06K","0.08%"
"02/03/2020","1.082","1.082","1.084","1.082","112.54K","0.00%"
"02/02/2020","1.082","1.095","1.095","1.082","255.14K","-1.57%"
"01/30/2020","1.099","1.099","1.099","1.088","245.55K","0.79%"
"01/29/2020","1.090","1.098","1.098","1.085","144.59K","-0.47%"
"01/28/2020","1.096","1.099","1.099","1.093","100.70K","-0.39%"
"01/27/2020","1.100","1.108","1.108","1.096","35.93K","-0.70%"
"01/26/2020","1.108","1.108","1.116","1.101","471.21K","0.39%"
"01/23/2020","1.103","1.099","1.116","1.099","516.00K","0.39%"
"01/22/2020","1.099","1.105","1.106","1.096","1.18M","0.24%"
"01/21/2020","1.096","1.099","1.105","1.090","1.29M","-0.24%"
"01/20/2020","1.099","1.085","1.099","1.085","2.03M","0.08%"
"01/19/2020","1.098","1.098","1.099","1.084","909.98K","0.32%"
"01/16/2020","1.095","1.082","1.099","1.082","2.14M","1.20%"
"01/15/2020","1.082","1.080","1.090","1.080","1.01M","0.00%"
"01/14/2020","1.082","1.089","1.096","1.073","2.90M","-0.79%"
"01/13/2020","1.090","1.103","1.103","1.086","265.06K","-0.08%"
"01/12/2020","1.091","1.091","1.095","1.090","190.22K","0.64%"
"01/09/2020","1.084","1.082","1.103","1.074","639.81K","2.37%"
"01/08/2020","1.059","1.017","1.080","1.017","1.68M","3.90%"
"01/06/2020","1.019","1.081","1.081","1.003","1.96M","-3.36%"
"01/05/2020","1.055","1.103","1.108","1.043","414.48K","-6.01%"
"01/02/2020","1.122","1.125","1.125","1.103","365.59K","-1.82%"
"12/31/2019","1.143","1.145","1.194","1.101","1.62M","0.53%"
"12/30/2019","1.137","1.134","1.159","1.125","534.51K","1.70%"
"12/29/2019","1.118","1.110","1.125","1.108","199.56K","0.86%"
"12/26/2019","1.109","1.110","1.116","1.106","306.04K","-0.31%"
"12/25/2019","1.112","1.116","1.121","1.109","140.37K","-0.54%"
"12/24/2019","1.118","1.125","1.125","1.109","281.43K","-0.54%"
"12/23/2019","1.124","1.125","1.134","1.116","111.84K","0.54%"
"12/22/2019","1.118","1.125","1.125","1.116","281.25K","-0.62%"
"12/19/2019","1.125","1.142","1.142","1.116","1.32M","-1.74%"
"12/18/2019","1.145","1.148","1.151","1.142","200.99K","-0.08%"
"12/17/2019","1.146","1.159","1.159","1.142","13.50M","-0.60%"
"12/16/2019","1.153","1.147","1.160","1.142","338.91K","0.60%"
"12/15/2019","1.146","1.142","1.151","1.142","67.71K","0.91%"
"12/12/2019","1.135","1.138","1.147","1.125","351.21K","-0.68%"
"12/11/2019","1.143","1.160","1.160","1.134","93.92K","-1.42%"
"12/10/2019","1.160","1.163","1.164","1.154","51.65K","-1.25%"
"12/09/2019","1.174","1.176","1.177","1.163","257.11K","-0.22%"
"12/08/2019","1.177","1.177","1.185","1.177","30.49K","-0.07%"
"12/05/2019","1.178","1.182","1.186","1.177","34.40K","-0.07%"
"12/04/2019","1.179","1.184","1.186","1.177","131.46K","0.81%"
"12/03/2019","1.169","1.169","1.177","1.165","232.75K","0.00%"
"12/02/2019","1.169","1.168","1.176","1.167","216.57K","0.07%"
"12/01/2019","1.168","1.177","1.177","1.164","20.37K","-0.15%"
"11/28/2019","1.170","1.170","1.177","1.166","182.10K","0.15%"
"11/27/2019","1.168","1.185","1.185","1.168","948.88K","0.67%"
"11/26/2019","1.161","1.199","1.199","1.116","1.56M","-4.15%"
"11/25/2019","1.211","1.219","1.220","1.194","1.55M","-1.20%"
"11/24/2019","1.225","1.222","1.229","1.219","821.27K","0.14%"
"11/21/2019","1.224","1.230","1.238","1.220","365.69K","-0.91%"
"11/20/2019","1.235","1.238","1.238","1.231","1.03M","-0.28%"
"11/19/2019","1.238","1.238","1.242","1.230","1.65M","-0.28%"
"11/18/2019","1.242","1.245","1.246","1.237","82.30K","-0.28%"
"11/17/2019","1.245","1.246","1.250","1.238","477.43K","0.91%"
"11/14/2019","1.234","1.234","1.246","1.230","186.49K","-0.77%"
"11/13/2019","1.244","1.247","1.247","1.234","232.17K","-0.07%"
"11/12/2019","1.244","1.240","1.246","1.240","135.96K","-0.62%"
"11/11/2019","1.252","1.253","1.255","1.241","260.62K","0.63%"
"11/07/2019","1.244","1.227","1.254","1.222","912.11K","1.91%"
"11/06/2019","1.221","1.212","1.229","1.212","533.83K","0.86%"
"11/05/2019","1.211","1.203","1.229","1.194","1.07M","1.75%"
"11/04/2019","1.190","1.194","1.194","1.186","93.33K","-0.36%"
"11/03/2019","1.194","1.197","1.197","1.191","328.50K","-0.65%"
"10/31/2019","1.202","1.192","1.207","1.189","465.48K","0.80%"
"10/30/2019","1.193","1.192","1.193","1.192","3.68K","0.00%"
"10/29/2019","1.193","1.186","1.208","1.186","190.96K","0.58%"
"10/28/2019","1.186","1.184","1.194","1.184","220.65K","0.00%"
"10/27/2019","1.186","1.184","1.186","1.184","82.49K","0.15%"
"10/24/2019","1.184","1.186","1.186","1.181","45.25K","0.00%"
"10/23/2019","1.184","1.193","1.194","1.177","54.87K","-0.29%"
"10/22/2019","1.187","1.202","1.202","1.186","94.13K","-0.36%"
"10/21/2019","1.192","1.212","1.212","1.177","449.43K","-1.71%"
"10/20/2019","1.212","1.203","1.217","1.203","45.90K","1.23%"
"10/17/2019","1.198","1.194","1.210","1.190","33.24K","0.22%"
"10/16/2019","1.195","1.216","1.216","1.192","15.09K","0.36%"
"10/15/2019","1.191","1.216","1.216","1.186","502.38K","-1.92%"
"10/14/2019","1.214","1.212","1.220","1.207","103.68K","-0.36%"
"10/13/2019","1.219","1.207","1.220","1.205","240.22K","0.21%"
"10/10/2019","1.216","1.220","1.220","1.207","198.97K","-0.07%"
"10/09/2019","1.217","1.220","1.232","1.212","121.33K","-1.47%"
"10/08/2019","1.235","1.233","1.238","1.229","307.00K","0.28%"
"10/07/2019","1.231","1.216","1.243","1.216","351.43K","1.35%"
"10/03/2019","1.215","1.222","1.234","1.212","564.94K","-1.13%"
"10/02/2019","1.229","1.229","1.236","1.229","294.66K","-0.56%"
"10/01/2019","1.236","1.221","1.244","1.220","617.81K","1.28%"
"09/30/2019","1.220","1.220","1.229","1.220","865.54K","-0.28%"
"09/29/2019","1.224","1.199","1.242","1.199","1.56M","2.76%"
"09/26/2019","1.191","1.173","1.198","1.173","882.30K","2.61%"
"09/25/2019","1.161","1.151","1.170","1.151","641.55K","2.60%"
"09/24/2019","1.131","1.118","1.151","1.116","957.14K","-0.91%"
"09/23/2019","1.141","1.167","1.168","1.091","947.48K","-2.58%"
"09/22/2019","1.172","1.222","1.222","1.151","3.79M","-7.13%"
"09/19/2019","1.262","1.255","1.281","1.228","10.47M","0.14%"
"09/18/2019","1.260","1.257","1.264","1.238","2.39M","0.34%"
"09/17/2019","1.256","1.281","1.289","1.246","514.41K","-1.96%"
"09/16/2019","1.281","1.281","1.287","1.273","1.14M","-0.40%"
"09/15/2019","1.286","1.297","1.298","1.281","369.64K","-0.87%"
"09/12/2019","1.297","1.259","1.315","1.259","2.38M","2.04%"
"09/11/2019","1.271","1.268","1.278","1.256","392.93K","0.89%"
"09/10/2019","1.260","1.251","1.272","1.251","716.29K","0.69%"
"09/09/2019","1.251","1.255","1.255","1.246","613.81K","0.14%"
"09/08/2019","1.250","1.246","1.255","1.246","68.66K","-0.28%"
"09/05/2019","1.253","1.251","1.255","1.246","958.81K","0.49%"
"09/04/2019","1.247","1.247","1.255","1.242","819.85K","-0.62%"
"09/03/2019","1.255","1.251","1.263","1.242","756.90K","-0.07%"
"09/02/2019","1.256","1.229","1.271","1.229","2.08M","3.05%"
"09/01/2019","1.219","1.196","1.233","1.196","891.83K","0.72%"
"08/29/2019","1.210","1.177","1.220","1.177","4.95M","4.25%"
"08/28/2019","1.161","1.134","1.186","1.125","2.60M","2.60%"
"08/27/2019","1.131","1.122","1.134","1.121","96.67K","0.69%"
"08/26/2019","1.123","1.109","1.138","1.108","2.33M","0.62%"
"08/25/2019","1.116","1.134","1.134","1.108","1.24M","0.08%"
"08/22/2019","1.116","1.129","1.142","1.108","1.86M","-1.38%"
"08/21/2019","1.131","1.142","1.142","1.125","599.88K","-1.21%"
"08/20/2019","1.145","1.164","1.164","1.142","119.02K","-0.15%"
"08/19/2019","1.147","1.154","1.167","1.142","377.33K","-1.49%"
"08/18/2019","1.164","1.177","1.177","1.154","140.26K","-0.30%"
"08/15/2019","1.167","1.161","1.169","1.160","642.83K","-0.30%"
"08/14/2019","1.171","1.169","1.178","1.168","937.90K","-0.66%"
"08/08/2019","1.179","1.167","1.190","1.167","1.08M","3.26%"
"08/07/2019","1.141","1.115","1.168","1.115","1.56M","4.43%"
"08/06/2019","1.093","1.073","1.108","1.073","1.02M","1.85%"
"08/05/2019","1.073","1.069","1.078","1.067","700.14K","0.49%"
"08/04/2019","1.068","1.073","1.073","1.064","503.79K","-0.16%"
"08/01/2019","1.070","1.059","1.076","1.048","656.41K","0.90%"
"07/31/2019","1.060","1.069","1.072","1.040","1.98M","0.33%"
"07/30/2019","1.057","1.056","1.082","1.041","2.16M","-0.08%"
"07/29/2019","1.058","1.064","1.064","1.051","280.00K","-0.65%"
"07/28/2019","1.064","1.064","1.069","1.064","567.69K","-0.08%"
"07/25/2019","1.065","1.078","1.078","1.063","1.96M","-1.83%"
"07/24/2019","1.085","1.099","1.099","1.080","832.22K","-1.26%"
"07/22/2019","1.099","1.103","1.103","1.092","1.39M","0.32%"
"07/21/2019","1.096","1.103","1.108","1.090","201.68K","-1.33%"
"07/18/2019","1.110","1.122","1.122","1.103","603.98K","-0.70%"
"07/17/2019","1.118","1.116","1.125","1.108","342.12K","0.31%"
"07/16/2019","1.115","1.125","1.125","1.103","370.02K","-1.23%"
"07/15/2019","1.129","1.134","1.134","1.121","334.20K","-0.23%"
"07/14/2019","1.131","1.126","1.151","1.120","217.99K","-0.23%"
"07/11/2019","1.134","1.133","1.142","1.129","305.81K","-1.43%"
"07/10/2019","1.150","1.160","1.160","1.134","329.46K","-0.23%"
"07/09/2019","1.153","1.168","1.168","1.151","183.89K","4.14%"
"07/08/2019","1.107","1.142","1.168","1.097","3.83M","-0.47%"
"07/07/2019","1.112","1.104","1.138","1.099","1.07M","0.63%"
"07/04/2019","1.105","1.126","1.127","1.095","3.11M","-3.70%"
"07/03/2019","1.148","1.167","1.167","1.128","751.79K","-0.67%"
"07/02/2019","1.155","1.160","1.160","1.150","900.82K","-0.37%"
"06/27/2019","1.160","1.173","1.173","1.151","911.95K","-0.81%"
"06/26/2019","1.169","1.182","1.182","1.151","2.46M","-1.24%"
"06/25/2019","1.184","1.186","1.187","1.182","356.69K","-0.65%"
"06/24/2019","1.192","1.194","1.194","1.186","246.53K","-0.22%"
"06/23/2019","1.194","1.194","1.211","1.190","225.49K","-0.07%"
"06/20/2019","1.195","1.203","1.220","1.186","996.56K","-0.86%"
"06/19/2019","1.206","1.212","1.220","1.200","176.47K","-0.57%"
"06/18/2019","1.212","1.212","1.227","1.211","70.60K","-0.36%"
"06/17/2019","1.217","1.218","1.220","1.211","363.42K","-1.33%"
"06/16/2019","1.233","1.238","1.238","1.220","214.55K","-0.35%"
"06/13/2019","1.238","1.242","1.242","1.236","297.42K","-0.28%"
"06/12/2019","1.241","1.238","1.246","1.238","86.61K","-0.42%"
"06/11/2019","1.246","1.261","1.261","1.238","214.08K","-0.62%"
"06/10/2019","1.254","1.255","1.264","1.247","614.85K","0.00%"
"06/09/2019","1.254","1.251","1.264","1.246","599.63K","1.90%"
"06/03/2019","1.231","1.229","1.252","1.229","162.52K","0.07%"
"06/02/2019","1.230","1.230","1.254","1.214","354.38K","-1.39%"
"05/30/2019","1.247","1.250","1.259","1.238","422.55K","-0.21%"
"05/29/2019","1.250","1.272","1.272","1.237","701.06K","-2.43%"
"05/28/2019","1.281","1.273","1.281","1.272","705.16K","0.20%"
"05/27/2019","1.278","1.272","1.281","1.256","262.66K","0.20%"
"05/26/2019","1.276","1.276","1.281","1.264","909.38K","0.00%"
"05/23/2019","1.276","1.242","1.281","1.241","1.04M","2.72%"
"05/22/2019","1.242","1.219","1.278","1.219","590.04K","2.79%"
"05/21/2019","1.208","1.207","1.215","1.205","1.33M","0.29%"
"05/20/2019","1.205","1.203","1.209","1.199","80.26K","0.14%"
"05/19/2019","1.203","1.209","1.210","1.203","365.63K","0.51%"
"05/16/2019","1.197","1.196","1.208","1.190","288.89K","0.00%"
"05/15/2019","1.197","1.199","1.203","1.194","434.57K","-0.22%"
"05/14/2019","1.199","1.194","1.207","1.194","157.05K","0.51%"
"05/13/2019","1.193","1.229","1.229","1.183","791.61K","-2.34%"
"05/12/2019","1.222","1.225","1.229","1.219","107.33K","-0.49%"
"05/09/2019","1.228","1.229","1.233","1.220","167.06K","0.14%"
"05/08/2019","1.226","1.238","1.238","1.218","588.76K","-0.70%"
"05/07/2019","1.235","1.229","1.246","1.229","211.73K","0.21%"
"05/06/2019","1.232","1.238","1.238","1.220","262.10K","-1.39%"
"05/05/2019","1.250","1.258","1.258","1.238","105.08K","-1.10%"
"05/02/2019","1.264","1.264","1.264","1.252","527.98K","0.21%"
"04/30/2019","1.261","1.230","1.270","1.229","780.35K","2.39%"
"04/24/2019","1.231","1.218","1.246","1.218","262.13K","2.82%"
"04/23/2019","1.198","1.212","1.212","1.191","607.19K","-3.62%"
"04/22/2019","1.243","1.256","1.257","1.229","613.24K","-1.17%"
"04/21/2019","1.257","1.251","1.270","1.248","344.40K","1.96%"
"04/18/2019","1.233","1.220","1.250","1.220","1.06M","2.37%"
"04/17/2019","1.205","1.194","1.220","1.194","438.48K","0.29%"
"04/16/2019","1.201","1.220","1.220","1.192","1.95M","-1.70%"
"04/15/2019","1.222","1.238","1.243","1.212","1.08M","-0.84%"
"04/14/2019","1.232","1.246","1.246","1.225","296.01K","-1.32%"
"04/11/2019","1.249","1.290","1.290","1.229","2.03M","-4.31%"
"04/10/2019","1.305","1.334","1.334","1.281","1.37M","-2.71%"
"04/09/2019","1.341","1.347","1.347","1.335","983.57K","-1.08%"
"04/08/2019","1.356","1.359","1.359","1.344","133.61K","-0.19%"
"04/07/2019","1.359","1.359","1.360","1.359","109.86K","-0.25%"
"04/04/2019","1.362","1.359","1.367","1.345","15.50M","-0.38%"
"04/03/2019","1.367","1.367","1.370","1.360","81.06K","-0.06%"
"04/02/2019","1.368","1.372","1.372","1.366","1.04M","0.13%"
"04/01/2019","1.366","1.359","1.367","1.359","281.89K","-0.19%"
"03/31/2019","1.369","1.372","1.375","1.360","249.99K","0.51%"
"03/28/2019","1.362","1.344","1.367","1.338","1.19M","0.19%"
"03/27/2019","1.360","1.363","1.372","1.350","2.63M","0.71%"
"03/26/2019","1.350","1.333","1.367","1.333","5.61M","1.76%"
"03/25/2019","1.327","1.315","1.341","1.315","3.38M","1.19%"
"03/24/2019","1.311","1.300","1.315","1.298","69.96K","-0.33%"
"03/21/2019","1.315","1.324","1.324","1.315","1.46M","0.46%"
"03/20/2019","1.309","1.289","1.332","1.281","5.01M","1.54%"
"03/19/2019","1.289","1.289","1.298","1.282","3.24M","-0.33%"
"03/18/2019","1.294","1.307","1.307","1.283","450.97K","-0.33%"
"03/17/2019","1.298","1.289","1.309","1.289","1.25M","2.67%"
"03/14/2019","1.264","1.255","1.289","1.255","2.82M","2.10%"
"03/13/2019","1.238","1.229","1.264","1.222","2.01M","0.99%"
"03/12/2019","1.226","1.229","1.229","1.213","692.25K","0.00%"
"03/11/2019","1.226","1.211","1.229","1.199","1.53M","1.94%"
"03/10/2019","1.203","1.203","1.210","1.199","81.21K","0.07%"
"03/07/2019","1.202","1.206","1.213","1.186","1.35M","-0.43%"
"03/06/2019","1.207","1.225","1.228","1.177","1.18M","-1.83%"
"03/05/2019","1.230","1.229","1.238","1.225","1.91M","0.07%"
"03/04/2019","1.229","1.212","1.248","1.212","1.64M","1.07%"
"03/03/2019","1.216","1.238","1.238","1.195","240.25K","-3.37%"
"02/28/2019","1.258","1.219","1.340","1.117","11.59M","13.59%"
"02/27/2019","1.108","1.103","1.116","1.099","1.15M","0.00%"
"02/26/2019","1.108","1.102","1.115","1.102","773.93K","0.47%"
"02/25/2019","1.103","1.104","1.111","1.099","369.86K","-0.47%"
"02/24/2019","1.108","1.110","1.116","1.105","553.18K","-0.78%"
"02/21/2019","1.116","1.117","1.118","1.111","577.99K","0.00%"
"02/20/2019","1.116","1.125","1.125","1.116","210.73K","-0.31%"
"02/19/2019","1.120","1.114","1.125","1.113","546.54K","0.23%"
"02/18/2019","1.117","1.123","1.125","1.112","1.21M","0.16%"
"02/17/2019","1.116","1.103","1.122","1.093","788.50K","1.50%"
"02/14/2019","1.099","1.109","1.109","1.091","348.30K","-0.94%"
"02/13/2019","1.109","1.114","1.115","1.108","178.22K","-0.47%"
"02/12/2019","1.115","1.114","1.116","1.108","295.78K","0.39%"
"02/11/2019","1.110","1.110","1.114","1.108","666.95K","0.08%"
"02/10/2019","1.109","1.108","1.116","1.107","791.97K","0.87%"
"02/07/2019","1.100","1.095","1.108","1.092","1.65M","0.39%"
"02/06/2019","1.096","1.088","1.099","1.086","1.05M","-0.16%"
"02/05/2019","1.097","1.099","1.101","1.089","1.01M","0.32%"
"02/04/2019","1.094","1.098","1.099","1.089","399.66K","-0.39%"
"02/03/2019","1.098","1.099","1.105","1.084","1.17M","0.63%"
"01/31/2019","1.091","1.082","1.103","1.081","3.39M","0.56%"
"01/30/2019","1.085","1.069","1.090","1.064","2.86M","2.12%"
"01/29/2019","1.063","1.035","1.084","1.034","2.08M","2.68%"
"01/28/2019","1.035","1.030","1.039","1.029","235.34K","0.17%"
"01/27/2019","1.033","1.048","1.056","1.021","1.80M","-2.13%"
"01/23/2019","1.056","1.073","1.073","1.045","1.21M","-2.63%"
"01/22/2019","1.084","1.082","1.099","1.065","3.72M","3.13%"
"01/21/2019","1.051","0.978","1.089","0.978","8.30M","6.21%"
"01/20/2019","0.990","0.991","0.994","0.984","102.23K","0.97%"
"01/17/2019","0.981","0.986","0.986","0.961","1.40M","-0.35%"
"01/16/2019","0.984","1.002","1.004","0.974","1.36M","-0.96%"
"01/15/2019","0.994","0.974","0.996","0.974","1.09M","2.14%"
"01/14/2019","0.973","0.970","0.985","0.969","28.12K","0.00%"
"01/13/2019","0.973","0.960","0.994","0.956","995.85K","1.81%"
"01/10/2019","0.955","0.937","0.963","0.937","588.37K","1.75%"
"01/09/2019","0.939","0.936","0.944","0.936","2.04M","-0.28%"
"01/08/2019","0.942","0.947","0.947","0.936","311.27K","0.28%"
"01/06/2019","0.939","0.930","0.943","0.930","120.23K","0.37%"
"01/03/2019","0.936","0.935","0.940","0.935","167.66K","0.84%"
"01/02/2019","0.928","0.929","0.935","0.926","34.03K","-0.19%"
"12/31/2018","0.929","0.927","0.929","0.927","15.70K","0.28%"
"12/30/2018","0.927","0.923","0.929","0.923","24.85K","0.09%"
"12/27/2018","0.926","0.923","0.930","0.923","79.12K","0.00%"
"12/26/2018","0.926","0.935","0.935","0.924","484.50K","0.00%"
"12/25/2018","0.926","0.926","0.930","0.922","55.80K","0.00%"
"12/24/2018","0.926","0.924","0.933","0.924","128.17K","-0.37%"
"12/23/2018","0.929","0.943","0.943","0.926","232.23K","-0.65%"
"12/20/2018","0.936","0.926","0.951","0.922","2.02M","1.98%"
"12/19/2018","0.917","0.921","0.926","0.911","534.59K","-1.40%"
"12/18/2018","0.930","0.927","0.933","0.918","962.93K","-0.37%"
"12/17/2018","0.934","0.933","0.937","0.932","266.49K","0.37%"
"12/16/2018","0.930","0.921","0.934","0.918","229.77K","-0.19%"
"12/13/2018","0.932","0.935","0.935","0.926","96.83K","-0.19%"
"12/12/2018","0.934","0.933","0.935","0.928","178.64K","0.84%"
"12/11/2018","0.926","0.926","0.935","0.923","295.21K","0.66%"
"12/10/2018","0.920","0.917","0.935","0.909","433.21K","0.66%"
"12/09/2018","0.914","0.942","0.942","0.891","309.78K","-1.49%"
"12/06/2018","0.928","0.935","0.935","0.919","259.72K","-0.74%"
"12/05/2018","0.935","0.935","0.936","0.934","501.10K","0.00%"
"12/04/2018","0.935","0.943","0.943","0.929","679.99K","-1.01%"
"12/03/2018","0.944","0.943","0.949","0.936","184.10K","1.02%"
"12/02/2018","0.935","0.936","0.936","0.935","378.43K","-0.46%"
"11/29/2018","0.939","0.935","0.943","0.935","14.76M","0.56%"
"11/28/2018","0.934","0.930","0.943","0.927","47.36K","-0.09%"
"11/27/2018","0.935","0.935","0.942","0.935","300.32K","0.00%"
"11/26/2018","0.935","0.935","0.942","0.930","522.89K","0.47%"
"11/25/2018","0.930","0.941","0.941","0.926","668.64K","-1.47%"
"11/22/2018","0.944","0.949","0.951","0.943","1.49M","-0.82%"
"11/21/2018","0.952","0.954","0.961","0.949","732.86K","-0.81%"
"11/19/2018","0.960","0.955","0.961","0.955","256.58K","0.27%"
"11/18/2018","0.957","0.952","0.961","0.952","109.11K","0.09%"
"11/15/2018","0.956","0.966","0.967","0.953","670.85K","0.45%"
"11/14/2018","0.952","0.952","0.955","0.943","172.83K","-0.63%"
"11/13/2018","0.958","0.969","0.969","0.949","308.99K","-1.16%"
"11/12/2018","0.969","0.969","0.969","0.961","91.38K","0.18%"
"11/11/2018","0.968","0.957","0.968","0.957","109.10K","0.81%"
"11/08/2018","0.960","0.958","0.961","0.956","875.18K","0.45%"
"11/07/2018","0.955","0.956","0.968","0.949","780.04K","0.18%"
"11/06/2018","0.954","0.967","0.967","0.952","109.50K","0.18%"
"11/05/2018","0.952","0.952","0.953","0.946","236.70K","-0.09%"
"11/04/2018","0.953","0.968","0.968","0.952","848.36K","-1.34%"
"11/01/2018","0.966","0.961","0.976","0.957","102.06K","0.54%"
"10/31/2018","0.961","0.953","0.968","0.952","119.70K","0.09%"
"10/30/2018","0.960","0.952","0.968","0.952","80.89K","0.54%"
"10/29/2018","0.955","0.955","0.961","0.938","2.12M","-0.27%"
"10/28/2018","0.957","0.953","0.961","0.952","107.12K","0.09%"
"10/25/2018","0.956","0.961","0.961","0.948","1.75M","-1.34%"
"10/24/2018","0.969","0.978","0.978","0.961","1.65M","-0.09%"
"10/23/2018","0.970","0.972","0.978","0.969","204.62K","-0.62%"
"10/22/2018","0.976","0.978","0.979","0.970","146.17K","-0.62%"
"10/21/2018","0.982","0.974","0.987","0.974","68.70K","-0.53%"
"10/18/2018","0.987","0.987","0.991","0.983","414.06K","-0.09%"
"10/17/2018","0.988","0.987","0.994","0.966","652.37K","1.06%"
"10/16/2018","0.978","0.974","0.986","0.974","1.86M","0.36%"
"10/15/2018","0.974","0.976","0.978","0.968","2.18M","-0.27%"
"10/14/2018","0.977","0.977","0.978","0.969","605.24K","1.62%"
"10/11/2018","0.961","0.962","0.976","0.952","2.65M","-0.27%"
"10/10/2018","0.964","0.962","0.969","0.961","423.41K","-0.36%"
"10/09/2018","0.968","0.978","0.978","0.961","1.27M","-0.53%"
"10/08/2018","0.973","0.989","0.989","0.964","1.12M","-2.18%"
"10/04/2018","0.994","0.997","0.997","0.989","269.06K","-0.61%"
"10/03/2018","1.000","1.004","1.004","0.997","19.15K","-0.34%"
"10/02/2018","1.004","1.004","1.004","1.003","67.02K","-0.51%"
"10/01/2018","1.009","1.010","1.013","1.000","1.16M","0.17%"
"09/30/2018","1.007","0.995","1.012","0.995","76.25K","0.43%"
"09/27/2018","1.003","0.983","1.006","0.978","1.23M","1.85%"
"09/26/2018","0.985","0.978","0.991","0.978","1.10M","1.34%"
"09/25/2018","0.972","0.977","0.978","0.961","309.98K","-0.44%"
"09/24/2018","0.976","0.987","0.994","0.969","685.75K","-0.79%"
"09/23/2018","0.984","0.987","0.987","0.978","643.14K","0.89%"
"09/20/2018","0.975","1.013","1.013","0.935","4.29M","-3.68%"
"09/19/2018","1.013","1.030","1.030","0.995","1.01M","-2.50%"
"09/18/2018","1.039","1.039","1.047","1.030","261.42K","-0.83%"
"09/17/2018","1.047","1.047","1.047","1.039","204.84K","0.00%"
"09/16/2018","1.047","1.056","1.056","1.047","514.75K","-0.82%"
"09/13/2018","1.056","1.064","1.064","1.056","1.20M","0.00%"
"09/12/2018","1.056","1.047","1.064","1.039","2.02M","1.67%"
"09/10/2018","1.039","1.030","1.047","1.030","1.47M","0.00%"
"09/09/2018","1.039","1.047","1.047","1.021","333.64K","0.00%"
"09/06/2018","1.039","1.021","1.047","1.021","6.37M","1.69%"
"09/05/2018","1.021","1.021","1.021","1.013","262.58K","0.00%"
"09/04/2018","1.021","1.030","1.030","1.013","1.92M","0.00%"
"09/03/2018","1.021","1.021","1.030","1.013","2.95M","-0.84%"
"09/02/2018","1.030","1.030","1.030","1.021","451.33K","0.00%"
"08/30/2018","1.030","1.030","1.039","1.021","1.02M","0.85%"
"08/29/2018","1.021","1.013","1.021","1.013","1.77M","0.85%"
"08/28/2018","1.013","1.004","1.021","1.004","85.11K","0.00%"
"08/27/2018","1.013","0.995","1.021","0.995","878.78K","1.74%"
"08/26/2018","0.995","0.995","0.995","0.995","27.30K","0.00%"
"08/19/2018","0.995","1.004","1.004","0.995","131.96K","0.00%"
"08/16/2018","0.995","0.995","1.004","0.995","6.37K","0.00%"
"08/15/2018","0.995","0.995","1.004","0.995","1.41M","0.00%"
"08/14/2018","0.995","0.995","0.995","0.987","139.16K","0.88%"
"08/13/2018","0.987","1.004","1.004","0.987","554.50K","-1.72%"
"08/12/2018","1.004","1.004","1.004","0.995","149.19K","0.00%"
"08/09/2018","1.004","1.004","1.013","1.004","200.87K","-0.85%"
"08/08/2018","1.013","1.013","1.021","1.013","348.88K","0.00%"
"08/07/2018","1.013","1.004","1.013","1.004","1.35M","0.86%"
"08/06/2018","1.004","1.004","1.013","1.004","541.44K","0.00%"
"08/05/2018","1.004","1.004","1.013","0.995","344.45K","0.87%"
"08/02/2018","0.995","0.995","1.004","0.995","103.49K","0.00%"
"08/01/2018","0.995","0.987","1.004","0.987","309.69K","0.88%"
"07/31/2018","0.987","0.995","0.995","0.987","1.15M","-0.87%"
"07/30/2018","0.995","0.987","0.995","0.987","42.63K","0.00%"
"07/29/2018","0.995","0.995","0.995","0.987","25.73K","0.00%"
"07/26/2018","0.995","0.995","1.004","0.987","1.60M","-0.86%"
"07/25/2018","1.004","0.995","1.004","0.995","115.31K","0.00%"
"07/24/2018","1.004","1.004","1.013","0.995","332.82K","-0.85%"
"07/22/2018","1.013","1.013","1.013","1.004","281.44K","0.00%"
"07/19/2018","1.013","1.013","1.013","1.013","275.92K","0.00%"
"07/18/2018","1.013","1.004","1.013","1.004","188.40K","0.86%"
"07/17/2018","1.004","1.013","1.013","1.004","641.85K","-0.85%"
"07/16/2018","1.013","1.013","1.013","1.004","534.11K","0.00%"
"07/15/2018","1.013","1.013","1.013","1.004","219.55K","0.00%"
"07/12/2018","1.013","1.013","1.013","1.004","164.00K","0.00%"
"07/11/2018","1.013","1.013","1.021","1.013","141.45K","0.00%"
"07/10/2018","1.013","1.004","1.030","1.004","977.20K","0.86%"
"07/09/2018","1.004","0.995","1.004","0.987","1.05M","0.00%"
"07/08/2018","1.004","1.004","1.004","0.995","262.19K","0.87%"
"07/05/2018","0.995","0.995","1.004","0.995","505.32K","0.00%"
"07/04/2018","0.995","0.995","1.004","0.995","101.55K","0.00%"
"07/03/2018","0.995","0.987","1.004","0.987","685.67K","0.88%"
"07/02/2018","0.987","0.995","0.995","0.987","82.29K","-0.87%"
"06/28/2018","0.995","0.987","0.995","0.987","1.39M","0.88%"
"06/27/2018","0.987","0.978","0.995","0.978","612.29K","0.00%"
"06/26/2018","0.987","0.987","0.995","0.978","706.82K","-0.87%"
"06/25/2018","0.995","0.987","0.995","0.987","535.35K","0.88%"
"06/24/2018","0.987","0.987","0.995","0.987","89.38K","-0.87%"
"06/21/2018","0.995","0.987","0.995","0.987","101.29K","0.88%"
"06/20/2018","0.987","0.987","0.987","0.987","418.56K","0.88%"
"06/19/2018","0.978","0.978","0.987","0.978","153.77K","-0.88%"
"06/14/2018","0.987","0.995","0.995","0.969","1.32M","-0.87%"
"06/13/2018","0.995","0.995","1.004","0.995","297.32K","0.00%"
"06/12/2018","0.995","0.987","0.995","0.987","73.99K","0.00%"
"06/11/2018","0.995","1.004","1.004","0.987","400.01K","-0.86%"
"06/10/2018","1.004","1.004","1.004","0.995","127.56K","0.00%"
"06/07/2018","1.004","0.995","1.013","0.995","1.67M","0.00%"
"06/06/2018","1.004","1.013","1.013","0.995","1.59M","-0.85%"
"06/05/2018","1.013","1.021","1.021","0.995","1.86M","-0.85%"
"06/04/2018","1.021","1.021","1.030","1.013","1.36M","0.85%"
"06/03/2018","1.013","1.021","1.021","1.013","67.27K","0.00%"
"05/31/2018","1.013","1.013","1.021","1.004","527.74K","-0.85%"
"05/30/2018","1.021","1.021","1.030","1.013","1.26M","-0.84%"
"05/29/2018","1.030","1.021","1.030","1.021","1.25M","0.85%"
"05/28/2018","1.021","1.013","1.030","1.013","2.88M","0.00%"
"05/27/2018","1.021","1.013","1.021","1.013","171.46K","0.85%"
"05/24/2018","1.013","1.013","1.021","1.013","43.47K","0.00%"
"05/23/2018","1.013","1.013","1.021","1.013","489.76K","0.00%"
"05/22/2018","1.013","1.013","1.013","1.004","855.99K","-0.85%"
"05/21/2018","1.021","1.004","1.039","1.004","2.31M","1.72%"
"05/20/2018","1.004","1.004","1.013","0.995","663.28K","0.00%"
"05/17/2018","1.004","0.995","1.013","0.995","1.03M","0.00%"
"05/16/2018","1.004","0.978","1.013","0.978","3.03M","2.65%"
"05/15/2018","0.978","0.969","0.978","0.969","208.10K","0.89%"
"05/14/2018","0.969","0.969","0.978","0.961","773.65K","0.00%"
"05/13/2018","0.969","0.987","0.987","0.969","250.29K","-0.88%"
"05/10/2018","0.978","0.978","0.987","0.969","674.91K","0.89%"
"05/09/2018","0.969","0.987","0.987","0.961","2.15M","-1.75%"
"05/08/2018","0.987","0.995","0.995","0.978","1.12M","-0.87%"
"05/07/2018","0.995","0.995","0.995","0.987","133.73K","0.88%"
"05/06/2018","0.987","1.004","1.004","0.987","558.74K","-1.72%"
"05/03/2018","1.004","1.004","1.013","0.995","1.15M","0.87%"
"05/02/2018","0.995","0.978","1.004","0.978","772.41K","2.68%"
"04/30/2018","0.969","0.969","0.987","0.961","1.87M","0.00%"
"04/29/2018","0.969","0.978","0.978","0.961","1.20M","-2.61%"
"04/26/2018","0.995","0.978","1.013","0.978","2.99M","2.68%"
"04/24/2018","0.969","0.952","0.978","0.952","1.38M","3.70%"
"04/23/2018","0.935","0.926","0.952","0.926","1.16M","2.86%"
"04/22/2018","0.909","0.909","0.926","0.900","1.55M","-3.67%"
"04/19/2018","0.943","0.943","0.943","0.935","1.20M","0.00%"
"04/18/2018","0.943","0.935","0.952","0.926","1.98M","1.87%"
"04/17/2018","0.926","0.917","0.935","0.909","1.52M","1.90%"
"04/16/2018","0.909","0.891","0.917","0.891","2.08M","1.94%"
"04/15/2018","0.891","0.900","0.900","0.891","959.17K","-0.96%"
"04/12/2018","0.900","0.891","0.900","0.891","545.50K","0.00%"
"04/11/2018","0.900","0.926","0.926","0.891","1.69M","-2.80%"
"04/10/2018","0.926","0.917","0.935","0.917","1.67M","0.94%"
"04/05/2018","0.917","0.891","0.935","0.883","1.94M","1.92%"
"04/04/2018","0.900","0.900","0.900","0.883","1.87M","2.97%"
"04/03/2018","0.874","0.891","0.909","0.857","1.55M","-1.94%"
"04/02/2018","0.891","0.865","0.909","0.865","1.48M","1.98%"
"04/01/2018","0.874","0.865","0.874","0.865","530.92K","1.00%"
"03/29/2018","0.865","0.865","0.874","0.857","236.84K","0.00%"
"03/28/2018","0.865","0.874","0.874","0.857","2.66M","-0.99%"
"03/27/2018","0.874","0.874","0.891","0.865","603.69K","1.00%"
"03/26/2018","0.865","0.891","0.891","0.857","4.76M","-2.91%"
"03/25/2018","0.891","0.883","0.891","0.883","491.33K","0.98%"
"03/22/2018","0.883","0.883","0.883","0.874","1.10M","0.00%"
"03/21/2018","0.883","0.874","0.891","0.874","2.26M","0.00%"
"03/20/2018","0.883","0.891","0.891","0.874","344.68K","0.00%"
"03/19/2018","0.883","0.900","0.909","0.865","2.50M","-3.77%"
"03/18/2018","0.917","0.926","0.935","0.900","1.38M","0.00%"
"03/15/2018","0.917","0.900","0.935","0.900","13.15M","1.92%"
"03/14/2018","0.900","0.891","0.926","0.883","9.56M","1.96%"
"03/13/2018","0.883","0.883","0.891","0.874","947.37K","0.00%"
"03/12/2018","0.883","0.883","0.891","0.874","1.71M","0.99%"
"03/11/2018","0.874","0.857","0.891","0.857","1.86M","2.02%"
"03/08/2018","0.857","0.848","0.865","0.848","1.35M","0.00%"
"03/07/2018","0.857","0.857","0.857","0.848","1.93M","0.00%"
"03/06/2018","0.857","0.857","0.865","0.848","960.74K","0.00%"
"03/05/2018","0.857","0.857","0.857","0.848","591.35K","0.00%"
"03/04/2018","0.857","0.865","0.865","0.857","610.83K","-1.00%"
"03/01/2018","0.865","0.839","0.865","0.839","1.45M","3.09%"
"02/28/2018","0.839","0.848","0.848","0.831","988.03K","0.00%"
"02/27/2018","0.839","0.848","0.857","0.839","1.06M","-1.02%"
"02/26/2018","0.848","0.848","0.857","0.839","695.35K","-1.01%"
"02/25/2018","0.857","0.874","0.874","0.839","940.56K","-1.98%"
"02/22/2018","0.874","0.874","0.874","0.865","1.52M","0.00%"
"02/21/2018","0.874","0.865","0.883","0.865","96.89K","-0.98%"
"02/20/2018","0.883","0.883","0.891","0.874","1.91M","0.00%"
"02/19/2018","0.883","0.857","0.891","0.857","1.36M","3.03%"
"02/18/2018","0.857","0.857","0.857","0.848","2.30M","0.00%"
"02/15/2018","0.857","0.848","0.857","0.848","591.36K","2.06%"
"02/14/2018","0.839","0.831","0.848","0.831","402.12K","1.04%"
"02/13/2018","0.831","0.822","0.839","0.822","448.00K","0.00%"
"02/12/2018","0.831","0.831","0.839","0.822","423.57K","0.00%"
"02/11/2018","0.831","0.822","0.831","0.822","706.84K","0.00%"
"02/08/2018","0.831","0.831","0.839","0.831","456.14K","0.00%"
"02/07/2018","0.831","0.839","0.848","0.831","801.57K","0.00%"
"02/06/2018","0.831","0.831","0.839","0.813","1.03M","-1.03%"
"02/05/2018","0.839","0.848","0.857","0.839","589.66K","-2.02%"
"02/04/2018","0.857","0.857","0.857","0.848","247.83K","-1.00%"
"02/01/2018","0.865","0.839","0.865","0.839","4.60M","3.09%"
"01/31/2018","0.839","0.839","0.848","0.839","3.30M","0.00%"
"01/30/2018","0.839","0.822","0.857","0.822","1.29M","2.11%"
"01/29/2018","0.822","0.822","0.831","0.813","283.78K","0.00%"
"01/28/2018","0.822","0.822","0.831","0.822","420.62K","0.00%"
"01/24/2018","0.822","0.822","0.831","0.822","141.62K","0.00%"
"01/23/2018","0.822","0.822","0.822","0.813","1.80M","0.00%"
"01/22/2018","0.822","0.822","0.831","0.813","269.91K","0.00%"
"01/21/2018","0.822","0.831","0.831","0.822","531.05K","0.00%"
"01/18/2018","0.822","0.813","0.831","0.805","4.19M","2.15%"
"01/17/2018","0.805","0.770","0.822","0.770","3.02M","4.49%"
"01/16/2018","0.770","0.762","0.788","0.753","1.31M","1.14%"
"01/15/2018","0.762","0.753","0.762","0.753","53.35K","1.15%"
"01/14/2018","0.753","0.762","0.762","0.753","257.57K","-1.14%"
"01/11/2018","0.762","0.762","0.762","0.753","274.62K","0.00%"
"01/10/2018","0.762","0.762","0.762","0.762","387.26K","0.00%"
"01/09/2018","0.762","0.762","0.770","0.753","57.77K","0.00%"
"01/08/2018","0.762","0.753","0.762","0.753","396.01K","1.15%"
"01/04/2018","0.753","0.762","0.762","0.753","299.89K","-1.14%"
"01/03/2018","0.762","0.770","0.770","0.753","763.64K","0.00%"
"01/02/2018","0.762","0.744","0.779","0.744","1.71M","3.53%"
"12/31/2017","0.736","0.736","0.744","0.727","402.59K","0.00%"
"12/28/2017","0.736","0.736","0.744","0.736","981.94K","0.00%"
"12/27/2017","0.736","0.727","0.736","0.727","1.32M","1.19%"
"12/26/2017","0.727","0.727","0.727","0.718","539.81K","0.00%"
"12/25/2017","0.727","0.727","0.727","0.727","136.85K","0.00%"
"12/24/2017","0.727","0.727","0.727","0.727","108.83K","0.00%"
"12/21/2017","0.727","0.727","0.727","0.727","118.14K","-1.18%"
"12/20/2017","0.736","0.727","0.736","0.727","203.15K","0.00%"
"12/19/2017","0.736","0.736","0.744","0.736","571.70K","0.00%"
"12/18/2017","0.736","0.736","0.744","0.727","558.38K","0.00%"
"12/17/2017","0.736","0.736","0.744","0.736","942.97K","0.00%"
"12/14/2017","0.736","0.736","0.744","0.727","1.20M","0.00%"
"12/13/2017","0.736","0.736","0.744","0.736","1.26M","0.00%"
"12/12/2017","0.736","0.727","0.744","0.727","1.34M","3.66%"
"12/11/2017","0.710","0.710","0.718","0.701","1.13M","1.23%"
"12/10/2017","0.701","0.692","0.710","0.692","435.28K","0.00%"
"12/07/2017","0.701","0.710","0.710","0.692","231.25K","-1.22%"
"12/06/2017","0.710","0.710","0.718","0.710","127.82K","-1.20%"
"12/05/2017","0.718","0.718","0.727","0.710","121.62K","0.00%"
"12/04/2017","0.718","0.718","0.727","0.718","170.51K","-1.19%"
"12/03/2017","0.727","0.727","0.727","0.718","3.42K","1.20%"
"11/29/2017","0.718","0.727","0.727","0.718","456.52K","-2.35%"
"11/28/2017","0.736","0.727","0.736","0.718","802.66K","1.19%"
"11/27/2017","0.727","0.718","0.736","0.710","891.25K","1.20%"
"11/26/2017","0.718","0.727","0.727","0.718","590.37K","-3.49%"
"11/23/2017","0.744","0.736","0.744","0.718","9.97M","3.61%"
"11/22/2017","0.718","0.692","0.736","0.692","2.98M","3.75%"
"11/21/2017","0.692","0.675","0.701","0.675","1.18M","2.56%"
"11/20/2017","0.675","0.675","0.675","0.666","840.10K","1.30%"
"11/19/2017","0.666","0.675","0.675","0.666","320.28K","-1.28%"
"11/16/2017","0.675","0.666","0.684","0.666","866.71K","2.63%"
"11/15/2017","0.658","0.658","0.675","0.658","1.35M","-1.30%"
"11/14/2017","0.666","0.658","0.666","0.658","149.71K","0.00%"
"11/13/2017","0.666","0.666","0.666","0.658","109.20K","0.00%"
"11/12/2017","0.666","0.666","0.666","0.658","60.89K","1.32%"
"11/09/2017","0.658","0.666","0.666","0.658","71.10K","0.00%"
"11/08/2017","0.658","0.658","0.666","0.649","427.06K","0.00%"
"11/07/2017","0.658","0.666","0.666","0.649","854.17K","0.00%"
"11/06/2017","0.658","0.666","0.675","0.649","1.99M","-2.56%"
"11/05/2017","0.675","0.675","0.675","0.666","572.46K","-1.27%"
"11/02/2017","0.684","0.684","0.684","0.675","941.51K","0.00%"
"11/01/2017","0.684","0.675","0.684","0.675","277.41K","0.00%"
"10/31/2017","0.684","0.684","0.692","0.675","542.42K","1.28%"
"10/30/2017","0.675","0.675","0.684","0.675","64.10K","1.30%"
"10/29/2017","0.666","0.666","0.684","0.658","252.13K","-1.28%"
"10/26/2017","0.675","0.684","0.692","0.666","1.63M","0.00%"
"10/25/2017","0.675","0.675","0.684","0.658","631.63K","1.30%"
"10/24/2017","0.666","0.666","0.675","0.658","455.45K","0.00%"
"10/23/2017","0.666","0.666","0.666","0.658","335.98K","0.00%"
"10/22/2017","0.666","0.658","0.675","0.658","107.14K","0.00%"
"10/19/2017","0.666","0.692","0.692","0.649","2.36M","-2.53%"
"10/18/2017","0.684","0.692","0.701","0.675","1.39M","0.00%"
"10/17/2017","0.684","0.675","0.692","0.675","790.88K","1.28%"
"10/16/2017","0.675","0.684","0.684","0.666","603.54K","-1.27%"
"10/15/2017","0.684","0.666","0.701","0.666","2.70M","2.60%"
"10/12/2017","0.666","0.666","0.675","0.666","681.87K","0.00%"
"10/11/2017","0.666","0.666","0.675","0.658","368.60K","-1.28%"
"10/10/2017","0.675","0.692","0.692","0.658","1.54M","-2.50%"
"10/09/2017","0.692","0.710","0.710","0.684","1.30M","-1.23%"
"10/08/2017","0.701","0.675","0.710","0.666","1.45M","5.19%"
"10/04/2017","0.666","0.658","0.684","0.649","2.03M","2.67%"
"10/03/2017","0.649","0.640","0.658","0.640","1.24M","4.17%"
"10/02/2017","0.623","0.588","0.640","0.580","5.43M","5.88%"
"10/01/2017","0.588","0.588","0.588","0.580","751.66K","0.00%"
"09/28/2017","0.588","0.580","0.588","0.580","200.64K","1.49%"
"09/27/2017","0.580","0.580","0.588","0.571","288.30K","-1.47%"
"09/26/2017","0.588","0.588","0.588","0.580","238.44K","0.00%"
"09/25/2017","0.588","0.580","0.588","0.580","1.04M","1.49%"
"09/24/2017","0.580","0.563","0.580","0.563","1.37M","3.08%"
"09/20/2017","0.563","0.554","0.580","0.545","2.25M","1.56%"
"09/19/2017","0.554","0.545","0.554","0.545","722.48K","0.00%"
"09/18/2017","0.554","0.563","0.563","0.545","250.23K","4.92%"
"09/17/2017","0.528","0.511","0.554","0.511","3.23M","3.39%"
"09/14/2017","0.511","0.511","0.519","0.511","365.23K","0.00%"
"09/13/2017","0.511","0.511","0.519","0.511","1.10M","0.00%"
"09/12/2017","0.511","0.511","0.519","0.511","738.23K","-1.67%"
"09/11/2017","0.519","0.519","0.519","0.511","86.87K","1.69%"
"09/10/2017","0.511","0.519","0.519","0.511","645.17K","-1.67%"
"09/07/2017","0.519","0.519","0.519","0.511","14.95K","0.00%"
"09/06/2017","0.519","0.519","0.519","0.511","349.95K","0.00%"
"09/05/2017","0.519","0.519","0.519","0.519","195.49K","0.00%"
"08/30/2017","0.519","0.519","0.519","0.519","172.23K","0.00%"
"08/29/2017","0.519","0.519","0.519","0.519","112.80K","0.00%"
"08/28/2017","0.519","0.519","0.528","0.511","1.86M","0.00%"
"08/27/2017","0.519","0.519","0.519","0.519","721.71K","0.00%"
"08/24/2017","0.519","0.519","0.519","0.519","104.30K","0.00%"
"08/23/2017","0.519","0.519","0.528","0.519","208.05K","0.00%"
"08/22/2017","0.519","0.519","0.528","0.511","125.70K","0.00%"
"08/21/2017","0.519","0.519","0.519","0.511","502.60K","0.00%"
"08/20/2017","0.519","0.519","0.519","0.519","494.14K","0.00%"
"08/17/2017","0.519","0.519","0.519","0.519","786.83K","0.00%"
"08/16/2017","0.519","0.519","0.519","0.511","352.47K","0.00%"
"08/15/2017","0.519","0.511","0.519","0.511","229.32K","1.69%"
"08/14/2017","0.511","0.511","0.519","0.511","1.20M","-1.67%"
"08/13/2017","0.519","0.519","0.519","0.511","25.17K","0.00%"
"08/10/2017","0.519","0.511","0.519","0.511","41.25K","1.69%"
"08/09/2017","0.511","0.511","0.511","0.511","51.87K","-1.67%"
"08/08/2017","0.519","0.519","0.528","0.519","366.86K","0.00%"
"08/07/2017","0.519","0.519","0.528","0.511","808.83K","1.69%"
"08/06/2017","0.511","0.511","0.511","0.511","655.19K","0.00%"
"08/03/2017","0.511","0.511","0.511","0.511","424.81K","1.72%"
"08/02/2017","0.502","0.519","0.519","0.502","446.48K","-1.69%"
"08/01/2017","0.511","0.511","0.519","0.511","38.55K","0.00%"
"07/31/2017","0.511","0.511","0.519","0.511","52.19K","0.00%"
"07/30/2017","0.511","0.519","0.519","0.511","568.89K","0.00%"
"07/27/2017","0.511","0.511","0.511","0.511","589.64K","0.00%"
"07/26/2017","0.511","0.511","0.519","0.511","1.11M","-1.67%"
"07/25/2017","0.519","0.519","0.528","0.511","809.09K","-1.64%"
"07/24/2017","0.528","0.519","0.528","0.519","885.22K","1.67%"
"07/20/2017","0.519","0.528","0.528","0.519","761.04K","-1.64%"
"07/19/2017","0.528","0.528","0.528","0.519","636.17K","0.00%"
"07/18/2017","0.528","0.528","0.537","0.519","451.57K","-1.61%"
"07/17/2017","0.537","0.528","0.537","0.528","248.13K","1.64%"
"07/16/2017","0.528","0.528","0.528","0.519","550.58K","0.00%"
"07/13/2017","0.528","0.528","0.528","0.519","940.93K","0.00%"
"07/12/2017","0.528","0.519","0.528","0.519","1.27M","1.67%"
"07/11/2017","0.519","0.519","0.528","0.511","789.85K","1.69%"
"07/10/2017","0.511","0.519","0.519","0.511","1.55M","-1.67%"
"07/09/2017","0.519","0.519","0.519","0.511","331.41K","-1.64%"
"07/06/2017","0.528","0.537","0.537","0.519","2.71M","-1.61%"
"07/05/2017","0.537","0.545","0.545","0.528","1.97M","-3.12%"
"07/04/2017","0.554","0.545","0.554","0.545","682.81K","0.00%"
"07/03/2017","0.554","0.554","0.554","0.554","472.12K","0.00%"
"07/02/2017","0.554","0.554","0.563","0.554","415.03K","0.00%"
"06/28/2017","0.554","0.554","0.563","0.554","412.74K","0.00%"
"06/22/2017","0.554","0.554","0.563","0.554","67.64K","0.00%"
"06/21/2017","0.554","0.563","0.563","0.554","962.12K","-1.54%"
"06/20/2017","0.563","0.554","0.563","0.554","380.34K","1.56%"
"06/19/2017","0.554","0.554","0.554","0.554","86.33K","0.00%"
"06/18/2017","0.554","0.554","0.554","0.545","116.48K","0.00%"
"06/15/2017","0.554","0.554","0.563","0.545","1.67M","1.59%"
"06/14/2017","0.545","0.554","0.554","0.545","53.69K","-1.56%"
"06/13/2017","0.554","0.545","0.554","0.545","444.85K","1.59%"
"06/12/2017","0.545","0.545","0.554","0.545","818.69K","0.00%"
"06/11/2017","0.545","0.545","0.545","0.545","74.78K","0.00%"
"06/08/2017","0.545","0.554","0.554","0.545","83.81K","0.00%"
"06/07/2017","0.545","0.554","0.554","0.545","37.83K","0.00%"
"06/06/2017","0.545","0.554","0.554","0.545","672.38K","0.00%"
"06/05/2017","0.545","0.545","0.545","0.545","45.10K","0.00%"
"06/04/2017","0.545","0.545","0.554","0.545","46.58K","0.00%"
"06/01/2017","0.545","0.554","0.554","0.545","151.36K","0.00%"
"05/31/2017","0.545","0.545","0.554","0.545","541.78K","-1.56%"
"05/30/2017","0.554","0.554","0.554","0.545","1.59M","0.00%"
"05/29/2017","0.554","0.554","0.554","0.545","576.65K","0.00%"
"05/28/2017","0.554","0.554","0.563","0.554","33.80K","0.00%"
"05/25/2017","0.554","0.554","0.563","0.554","554.84K","-1.54%"
"05/24/2017","0.563","0.563","0.563","0.554","294.88K","1.56%"
"05/23/2017","0.554","0.554","0.563","0.554","85.45K","0.00%"
"05/22/2017","0.554","0.554","0.563","0.554","1.62M","0.00%"
"05/21/2017","0.554","0.554","0.563","0.554","90.59K","0.00%"
"05/18/2017","0.554","0.554","0.563","0.545","1.62M","0.00%"
"05/17/2017","0.554","0.563","0.563","0.554","829.52K","-1.54%"
"05/16/2017","0.563","0.563","0.571","0.554","678.67K","0.00%"
"05/15/2017","0.563","0.563","0.563","0.554","725.04K","1.56%"
"05/14/2017","0.554","0.563","0.563","0.554","58.36K","-1.54%"
"05/11/2017","0.563","0.563","0.571","0.563","698.17K","0.00%"
"05/10/2017","0.563","0.563","0.571","0.554","1.86M","0.00%"
"05/09/2017","0.563","0.554","0.571","0.545","1.81M","1.56%"
"05/08/2017","0.554","0.554","0.554","0.545","1.12M","1.59%"
"05/07/2017","0.545","0.545","0.545","0.545","209.52K","0.00%"
"05/04/2017","0.545","0.545","0.545","0.537","407.69K","0.00%"
"05/03/2017","0.545","0.545","0.545","0.545","159.29K","0.00%"
"05/02/2017","0.545","0.545","0.554","0.545","1.14M","0.00%"
"04/30/2017","0.545","0.545","0.554","0.545","139.86K","-1.56%"
"04/27/2017","0.554","0.563","0.563","0.545","321.78K","0.00%"
"04/26/2017","0.554","0.545","0.554","0.545","507.97K","1.59%"
"04/24/2017","0.545","0.545","0.554","0.545","671.15K","0.00%"
"04/23/2017","0.545","0.554","0.554","0.545","97.72K","-1.56%"
"04/20/2017","0.554","0.563","0.563","0.554","323.86K","0.00%"
"04/19/2017","0.554","0.554","0.563","0.545","814.19K","0.00%"
"04/18/2017","0.554","0.554","0.554","0.545","353.93K","0.00%"
"04/13/2017","0.554","0.554","0.554","0.545","60.52K","0.00%"
"04/12/2017","0.554","0.563","0.563","0.545","1.34M","-4.48%"
"04/11/2017","0.580","0.588","0.597","0.571","1.58M","0.00%"
"04/10/2017","0.580","0.571","0.588","0.571","911.58K","1.52%"
"04/09/2017","0.571","0.580","0.580","0.571","284.27K","-1.49%"
"04/06/2017","0.580","0.580","0.588","0.571","668.26K","0.00%"
"04/05/2017","0.580","0.580","0.588","0.580","112.73K","-1.47%"
"04/04/2017","0.588","0.588","0.588","0.580","167.55K","1.49%"
"04/03/2017","0.580","0.580","0.580","0.580","90.67K","0.00%"
"04/02/2017","0.580","0.580","0.580","0.571","55.14K","0.00%"
"03/30/2017","0.580","0.580","0.588","0.571","163.90K","0.00%"
"03/29/2017","0.580","0.580","0.588","0.580","621.07K","0.00%"
"03/28/2017","0.580","0.588","0.588","0.571","192.35K","0.00%"
"03/27/2017","0.580","0.580","0.580","0.571","375.44K","0.00%"
"03/26/2017","0.580","0.580","0.580","0.571","439.19K","1.52%"
"03/23/2017","0.571","0.580","0.580","0.571","489.78K","-1.49%"
"03/22/2017","0.580","0.580","0.580","0.571","618.07K","0.00%"
"03/21/2017","0.580","0.571","0.588","0.571","861.15K","1.52%"
"03/20/2017","0.571","0.588","0.588","0.563","831.38K","-2.94%"
"03/19/2017","0.588","0.597","0.597","0.580","400.82K","1.49%"
"03/16/2017","0.580","0.580","0.597","0.571","1.71M","1.52%"
"03/15/2017","0.571","0.571","0.571","0.563","175.17K","0.00%"
"03/14/2017","0.571","0.571","0.571","0.563","493.58K","1.54%"
"03/13/2017","0.563","0.554","0.571","0.554","1.06M","1.56%"
"03/12/2017","0.554","0.563","0.563","0.554","226.27K","0.00%"
"03/09/2017","0.554","0.563","0.563","0.554","538.87K","0.00%"
"03/08/2017","0.554","0.563","0.571","0.554","212.89K","-1.54%"
"03/07/2017","0.563","0.563","0.563","0.554","183.00K","0.00%"
"03/06/2017","0.563","0.563","0.571","0.563","49.61K","-1.52%"
"03/05/2017","0.571","0.571","0.571","0.563","113.42K","1.54%"
"03/02/2017","0.563","0.563","0.571","0.563","252.73K","1.56%"
"03/01/2017","0.554","0.571","0.571","0.554","857.38K","0.00%"
"02/28/2017","0.554","0.563","0.563","0.554","52.63K","-1.54%"
"02/27/2017","0.563","0.563","0.563","0.554","66.31K","0.00%"
"02/26/2017","0.563","0.563","0.563","0.554","218.35K","0.00%"
"02/23/2017","0.563","0.563","0.571","0.554","782.40K","-1.52%"
"02/22/2017","0.571","0.580","0.580","0.571","436.56K","0.00%"
"02/21/2017","0.571","0.563","0.580","0.563","1.08M","1.54%"
"02/20/2017","0.563","0.554","0.571","0.554","598.23K","1.56%"
"02/19/2017","0.554","0.554","0.563","0.554","170.65K","0.00%"
"02/16/2017","0.554","0.563","0.563","0.554","349.09K","0.00%"
"02/15/2017","0.554","0.554","0.554","0.545","525.82K","0.00%"
"02/14/2017","0.554","0.563","0.563","0.554","1.96M","0.00%"
"02/13/2017","0.554","0.554","0.571","0.545","2.88M","0.00%"
"02/12/2017","0.554","0.563","0.563","0.554","979.71K","-1.54%"
"02/09/2017","0.563","0.563","0.571","0.554","982.07K","0.00%"
"02/08/2017","0.563","0.571","0.571","0.554","872.26K","-1.52%"
"02/07/2017","0.571","0.571","0.571","0.563","138.69K","0.00%"
"02/06/2017","0.571","0.563","0.571","0.563","294.84K","0.00%"
"02/05/2017","0.571","0.571","0.571","0.563","199.14K","0.00%"
"02/02/2017","0.571","0.563","0.571","0.563","479.66K","1.54%"
"02/01/2017","0.563","0.563","0.571","0.554","1.72M","0.00%"
"01/31/2017","0.563","0.554","0.571","0.554","702.67K","-1.52%"
"01/30/2017","0.571","0.588","0.588","0.554","952.19K","-1.49%"
"01/29/2017","0.580","0.580","0.588","0.580","313.69K","0.00%"
"01/26/2017","0.580","0.571","0.588","0.571","1.48M","3.08%"
"01/24/2017","0.563","0.563","0.571","0.554","688.11K","-1.52%"
"01/23/2017","0.571","0.563","0.580","0.563","901.92K","3.12%"
"01/22/2017","0.554","0.554","0.563","0.537","931.61K","0.00%"
"01/19/2017","0.554","0.571","0.571","0.528","2.80M","-4.48%"
"01/18/2017","0.580","0.597","0.597","0.571","966.73K","-4.29%"
"01/17/2017","0.606","0.588","0.606","0.588","2.27M","4.48%"
"01/16/2017","0.580","0.571","0.597","0.554","2.49M","3.08%"
"01/15/2017","0.563","0.554","0.571","0.554","1.04M","1.56%"
"01/12/2017","0.554","0.545","0.563","0.545","2.03M","1.59%"
"01/11/2017","0.545","0.545","0.545","0.537","178.33K","0.00%"
"01/10/2017","0.545","0.545","0.554","0.537","1.45M","1.61%"
"01/09/2017","0.537","0.537","0.545","0.537","669.52K","0.00%"
"01/08/2017","0.537","0.545","0.545","0.537","774.78K","-1.59%"
"01/05/2017","0.545","0.537","0.554","0.537","4.14M","3.28%"
"01/04/2017","0.528","0.519","0.545","0.511","3.40M","3.39%"
"01/03/2017","0.511","0.511","0.519","0.511","521.73K","1.72%"
"01/02/2017","0.502","0.511","0.511","0.502","80.17K","0.00%"
"12/29/2016","0.502","0.519","0.519","0.493","3.91M","-3.33%"
"12/28/2016","0.519","0.511","0.528","0.511","3.13M","1.69%"
"12/27/2016","0.511","0.511","0.519","0.502","308.60K","1.72%"
"12/26/2016","0.502","0.502","0.511","0.502","102.52K","-1.69%"
"12/25/2016","0.511","0.511","0.511","0.502","371.89K","0.00%"
"12/22/2016","0.511","0.519","0.519","0.502","1.12M","-1.67%"
"12/21/2016","0.519","0.519","0.519","0.511","323.52K","0.00%"
"12/20/2016","0.519","0.511","0.528","0.511","1.12M","1.69%"
"12/19/2016","0.511","0.502","0.519","0.502","1.10M","1.72%"
"12/18/2016","0.502","0.502","0.511","0.502","713.41K","0.00%"
"12/15/2016","0.502","0.502","0.511","0.493","1.18M","0.00%"
"12/14/2016","0.502","0.493","0.502","0.493","59.21K","0.00%"
"12/13/2016","0.502","0.502","0.502","0.493","228.30K","0.00%"
"12/12/2016","0.502","0.493","0.511","0.493","2.42M","0.00%"
"12/08/2016","0.502","0.493","0.511","0.493","418.97K","0.00%"
"12/07/2016","0.502","0.511","0.511","0.493","626.65K","-1.69%"
"12/06/2016","0.511","0.511","0.511","0.502","320.85K","1.72%"
"12/05/2016","0.502","0.511","0.519","0.502","1.22M","-1.69%"
"12/04/2016","0.511","0.502","0.511","0.502","990.86K","1.72%"
"12/01/2016","0.502","0.511","0.511","0.502","740.77K","-1.69%"
"11/30/2016","0.511","0.511","0.519","0.502","1.30M","1.72%"
"11/29/2016","0.502","0.519","0.519","0.502","593.50K","-1.69%"
"11/28/2016","0.511","0.502","0.519","0.493","1.13M","1.72%"
"11/27/2016","0.502","0.502","0.502","0.493","598.80K","-1.69%"
"11/24/2016","0.511","0.511","0.519","0.502","1.07M","0.00%"
"11/23/2016","0.511","0.511","0.519","0.511","584.78K","-1.67%"
"11/22/2016","0.519","0.502","0.528","0.493","3.06M","3.45%"
"11/21/2016","0.502","0.511","0.519","0.493","3.07M","-3.33%"
"11/20/2016","0.519","0.493","0.528","0.493","2.24M","7.14%"
"11/17/2016","0.485","0.459","0.485","0.459","4.38M","9.80%"
"11/16/2016","0.441","0.433","0.459","0.424","5.17M","4.08%"
"11/15/2016","0.424","0.407","0.424","0.407","1.08M","2.08%"
"11/14/2016","0.415","0.415","0.433","0.407","2.31M","-2.04%"
"11/13/2016","0.424","0.424","0.441","0.407","2.05M","4.26%"
"11/10/2016","0.407","0.398","0.424","0.398","3.80M","4.44%"
"11/09/2016","0.389","0.363","0.398","0.363","1.59M","2.27%"
"11/08/2016","0.381","0.372","0.389","0.372","1.85M","4.76%"
"11/07/2016","0.363","0.363","0.372","0.363","656.68K","-2.33%"
"11/06/2016","0.372","0.372","0.372","0.363","216.99K","2.38%"
"11/03/2016","0.363","0.363","0.372","0.346","1.94M","2.44%"
"11/02/2016","0.355","0.363","0.372","0.355","2.79M","0.00%"
"11/01/2016","0.355","0.363","0.363","0.355","112.41K","-2.38%"
"10/31/2016","0.363","0.355","0.372","0.355","346.27K","0.00%"
"10/30/2016","0.363","0.363","0.372","0.355","159.84K","0.00%"
"10/27/2016","0.363","0.363","0.363","0.355","148.97K","0.00%"
"10/26/2016","0.363","0.363","0.372","0.355","60.24K","2.44%"
"10/25/2016","0.355","0.346","0.363","0.346","1.29M","5.13%"
"10/24/2016","0.338","0.346","0.346","0.338","289.21K","0.00%"
"10/23/2016","0.338","0.338","0.346","0.338","87.32K","-2.50%"
"10/20/2016","0.346","0.346","0.346","0.338","1.15M","0.00%"
"10/19/2016","0.346","0.346","0.346","0.338","64.03K","2.56%"
"10/18/2016","0.338","0.346","0.346","0.338","142.47K","-2.50%"
"10/17/2016","0.346","0.338","0.346","0.338","1.57M","2.56%"
"10/16/2016","0.338","0.346","0.346","0.338","841.24K","-2.50%"
"10/13/2016","0.346","0.355","0.355","0.346","459.59K","-2.44%"
"10/12/2016","0.355","0.355","0.363","0.346","1.04M","0.00%"
"10/11/2016","0.355","0.355","0.355","0.355","44.45K","0.00%"
"10/10/2016","0.355","0.372","0.372","0.355","5.20M","-4.65%"
"10/09/2016","0.372","0.381","0.381","0.372","183.40K","-2.27%"
"10/05/2016","0.381","0.381","0.381","0.372","217.01K","0.00%"
"10/04/2016","0.381","0.381","0.381","0.372","83.32K","0.00%"
"10/03/2016","0.381","0.381","0.389","0.372","227.98K","0.00%"
"09/29/2016","0.381","0.372","0.381","0.363","158.01K","2.33%"
"09/28/2016","0.372","0.381","0.381","0.372","623.73K","0.00%"
"09/27/2016","0.372","0.381","0.381","0.372","384.11K","0.00%"
"09/26/2016","0.372","0.381","0.381","0.372","95.89K","-2.27%"
"09/25/2016","0.381","0.372","0.381","0.372","70.46K","0.00%"
"09/22/2016","0.381","0.381","0.381","0.372","245.92K","0.00%"
"09/21/2016","0.381","0.381","0.389","0.372","76.71K","0.00%"
"09/20/2016","0.381","0.381","0.381","0.372","1.10M","-2.22%"
"09/19/2016","0.389","0.381","0.389","0.381","274.82K","2.27%"
"09/18/2016","0.381","0.389","0.389","0.381","65.69K","0.00%"
"09/15/2016","0.381","0.381","0.389","0.381","390.88K","-2.22%"
"09/14/2016","0.389","0.389","0.389","0.389","40.16K","0.00%"
"09/08/2016","0.389","0.389","0.389","0.381","45.12K","0.00%"
"09/07/2016","0.389","0.389","0.389","0.389","58.76K","0.00%"
"09/06/2016","0.389","0.389","0.389","0.389","70.27K","0.00%"
"09/05/2016","0.389","0.398","0.398","0.389","154.57K","-2.17%"
"09/04/2016","0.398","0.398","0.398","0.389","35.23K","4.55%"
"09/01/2016","0.381","0.389","0.389","0.381","69.64K","-2.22%"
"08/31/2016","0.389","0.389","0.398","0.389","177.39K","0.00%"
"08/30/2016","0.389","0.389","0.389","0.389","252.54K","0.00%"
"08/29/2016","0.389","0.389","0.389","0.389","177.28K","0.00%"
"08/28/2016","0.389","0.389","0.389","0.389","145.90K","0.00%"
"08/25/2016","0.389","0.398","0.398","0.389","1.10M","-2.17%"
"08/24/2016","0.398","0.398","0.398","0.389","235.08K","0.00%"
"08/23/2016","0.398","0.398","0.407","0.398","1.09M","-2.13%"
"08/22/2016","0.407","0.407","0.415","0.398","275.80K","0.00%"
"08/21/2016","0.407","0.407","0.407","0.398","135.58K","2.17%"
"08/18/2016","0.398","0.398","0.407","0.398","43.23K","0.00%"
"08/17/2016","0.398","0.407","0.407","0.398","136.56K","-2.13%"
"08/16/2016","0.407","0.398","0.407","0.398","219.66K","0.00%"
"08/15/2016","0.407","0.407","0.407","0.398","45.78K","0.00%"
"08/14/2016","0.407","0.398","0.407","0.398","107.16K","2.17%"
"08/11/2016","0.398","0.398","0.398","0.398","279.00K","0.00%"
"08/10/2016","0.398","0.407","0.407","0.398","167.71K","-2.13%"
"08/09/2016","0.407","0.389","0.407","0.389","48.93K","2.17%"
"08/08/2016","0.398","0.398","0.398","0.398","112.01K","0.00%"
"08/07/2016","0.398","0.398","0.398","0.398","67.49K","0.00%"
"08/04/2016","0.398","0.407","0.407","0.398","1.04M","0.00%"
"08/03/2016","0.398","0.398","0.407","0.398","291.38K","0.00%"
"08/02/2016","0.398","0.389","0.398","0.389","95.92K","0.00%"
"08/01/2016","0.398","0.398","0.398","0.389","69.54K","2.22%"
"07/31/2016","0.389","0.389","0.398","0.389","217.18K","-2.17%"
"07/28/2016","0.398","0.398","0.398","0.389","701.29K","0.00%"
"07/27/2016","0.398","0.407","0.407","0.389","1.10M","-2.13%"
"07/26/2016","0.407","0.407","0.407","0.398","847.11K","2.17%"
"07/25/2016","0.398","0.398","0.407","0.389","528.57K","0.00%"
"07/24/2016","0.398","0.398","0.407","0.398","216.31K","0.00%"
"07/21/2016","0.398","0.398","0.407","0.389","1.41M","-2.13%"
"07/20/2016","0.407","0.415","0.415","0.398","683.84K","-2.08%"
"07/19/2016","0.415","0.415","0.424","0.407","1.40M","-2.04%"
"07/18/2016","0.424","0.441","0.450","0.415","2.28M","4.26%"
"07/17/2016","0.407","0.381","0.415","0.381","2.03M","6.82%"
"07/14/2016","0.381","0.372","0.389","0.363","1.34M","2.33%"
"07/13/2016","0.372","0.372","0.372","0.363","152.06K","2.38%"
"07/12/2016","0.363","0.363","0.372","0.363","1.48M","-2.33%"
"07/11/2016","0.372","0.381","0.381","0.363","3.79M","-2.27%"
"07/10/2016","0.381","0.363","0.389","0.355","2.24M","4.76%"
"07/04/2016","0.363","0.363","0.363","0.355","598.35K","2.44%"
"07/03/2016","0.355","0.355","0.355","0.355","446.03K","0.00%"
"06/29/2016","0.355","0.346","0.355","0.346","525.29K","2.50%"
"06/28/2016","0.346","0.346","0.346","0.338","85.18K","0.00%"
"06/27/2016","0.346","0.346","0.346","0.346","218.86K","2.56%"
"06/26/2016","0.338","0.338","0.346","0.320","1.32M","-4.88%"
"06/23/2016","0.355","0.355","0.355","0.346","181.10K","0.00%"
"06/22/2016","0.355","0.355","0.355","0.346","395.46K","0.00%"
"06/21/2016","0.355","0.355","0.363","0.355","1.02M","0.00%"
"06/20/2016","0.355","0.355","0.363","0.346","451.24K","0.00%"
"06/19/2016","0.355","0.355","0.363","0.346","574.70K","2.50%"
"06/16/2016","0.346","0.338","0.355","0.338","1.12M","5.26%"
"06/15/2016","0.329","0.329","0.338","0.329","887.58K","0.00%"
"06/14/2016","0.329","0.329","0.329","0.320","559.43K","2.70%"
"06/13/2016","0.320","0.320","0.329","0.320","473.88K","0.00%"
"06/12/2016","0.320","0.320","0.320","0.320","221.97K","0.00%"
"06/09/2016","0.320","0.320","0.329","0.320","772.87K","-2.63%"
"06/08/2016","0.329","0.329","0.329","0.320","1.85M","0.00%"
"06/07/2016","0.329","0.329","0.329","0.320","430.34K","0.00%"
"06/06/2016","0.329","0.338","0.338","0.329","2.00M","-2.56%"
"06/05/2016","0.338","0.338","0.338","0.329","177.15K","0.00%"
"06/02/2016","0.338","0.338","0.346","0.338","329.84K","0.00%"
"06/01/2016","0.338","0.338","0.346","0.329","435.06K","2.63%"
"05/31/2016","0.329","0.346","0.346","0.312","7.80M","-5.00%"
"05/30/2016","0.346","0.355","0.355","0.346","1.06M","-4.76%"
"05/29/2016","0.363","0.363","0.372","0.355","570.88K","0.00%"
"05/26/2016","0.363","0.363","0.372","0.363","580.67K","0.00%"
"05/25/2016","0.363","0.363","0.363","0.363","1.12M","-2.33%"
"05/24/2016","0.372","0.372","0.372","0.372","382.26K","0.00%"
"05/23/2016","0.372","0.372","0.372","0.363","545.79K","-2.27%"
"05/22/2016","0.381","0.381","0.381","0.372","98.54K","2.33%"
"05/19/2016","0.372","0.372","0.381","0.372","1.84M","-2.27%"
"05/18/2016","0.381","0.389","0.389","0.372","2.01M","-2.22%"
"05/17/2016","0.389","0.389","0.389","0.389","578.43K","0.00%"
"05/16/2016","0.389","0.389","0.398","0.381","1.10M","0.00%"
"05/15/2016","0.389","0.389","0.389","0.381","916.07K","0.00%"
"05/12/2016","0.389","0.398","0.398","0.389","482.98K","0.00%"
"05/11/2016","0.389","0.398","0.398","0.389","636.84K","-2.17%"
"05/10/2016","0.398","0.398","0.398","0.389","105.81K","0.00%"
"05/09/2016","0.398","0.398","0.407","0.389","36.15K","0.00%"
"05/08/2016","0.398","0.398","0.398","0.389","429.77K","0.00%"
"05/05/2016","0.398","0.398","0.398","0.389","151.41K","2.22%"
"05/04/2016","0.389","0.389","0.398","0.389","687.95K","-2.17%"
"05/03/2016","0.398","0.398","0.398","0.389","45.62K","0.00%"
"04/28/2016","0.398","0.398","0.398","0.389","151.34K","0.00%"
"04/27/2016","0.398","0.407","0.407","0.389","545.57K","-2.13%"
"04/26/2016","0.407","0.398","0.407","0.398","20.71K","2.17%"
"04/24/2016","0.398","0.407","0.407","0.398","149.00K","0.00%"
"04/21/2016","0.398","0.398","0.407","0.398","780.20K","0.00%"
"04/20/2016","0.398","0.407","0.407","0.398","140.45K","-2.13%"
"04/19/2016","0.407","0.407","0.415","0.398","805.99K","0.00%"
"04/18/2016","0.407","0.407","0.407","0.398","219.84K","0.00%"
"04/17/2016","0.407","0.398","0.415","0.398","1.27M","2.17%"
"04/14/2016","0.398","0.407","0.407","0.398","381.80K","-2.13%"
"04/13/2016","0.407","0.407","0.415","0.407","357.72K","0.00%"
"04/12/2016","0.407","0.407","0.407","0.407","552.21K","-4.08%"
"04/11/2016","0.424","0.415","0.433","0.415","703.61K","0.00%"
"04/10/2016","0.424","0.424","0.424","0.415","154.08K","2.08%"
"04/07/2016","0.415","0.415","0.424","0.407","581.47K","2.13%"
"04/06/2016","0.407","0.407","0.415","0.407","11.78M","0.00%"
"04/05/2016","0.407","0.415","0.415","0.407","60.33K","-2.08%"
"04/04/2016","0.415","0.415","0.415","0.407","98.42K","0.00%"
"04/03/2016","0.415","0.407","0.415","0.407","52.08K","2.13%"
"03/31/2016","0.407","0.415","0.415","0.407","4.14M","-2.08%"
"03/30/2016","0.415","0.415","0.415","0.407","349.35K","0.00%"
"03/29/2016","0.415","0.407","0.415","0.407","151.58K","0.00%"
"03/28/2016","0.415","0.415","0.415","0.407","80.79K","0.00%"
"03/27/2016","0.415","0.415","0.415","0.407","198.90K","0.00%"
"03/24/2016","0.415","0.415","0.415","0.407","181.49K","0.00%"
"03/23/2016","0.415","0.415","0.415","0.415","305.96K","0.00%"
"03/22/2016","0.415","0.424","0.424","0.415","335.78K","0.00%"
"03/21/2016","0.415","0.415","0.424","0.415","925.81K","0.00%"
"03/20/2016","0.415","0.415","0.424","0.407","65.52M","0.00%"
"03/17/2016","0.415","0.433","0.433","0.398","12.31M","-4.00%"
"03/16/2016","0.433","0.424","0.441","0.424","2.21M","4.17%"
"03/15/2016","0.415","0.424","0.433","0.407","2.75M","-2.04%"
"03/14/2016","0.424","0.424","0.441","0.424","847.82K","-2.00%"
"03/13/2016","0.433","0.433","0.433","0.415","674.36K","2.04%"
"03/10/2016","0.424","0.407","0.433","0.407","2.41M","6.52%"
"03/09/2016","0.398","0.398","0.407","0.398","119.33K","0.00%"
"03/08/2016","0.398","0.407","0.407","0.398","304.46K","-2.13%"
"03/07/2016","0.407","0.407","0.415","0.398","260.18K","0.00%"
"03/06/2016","0.407","0.407","0.415","0.407","458.92K","2.17%"
"03/03/2016","0.398","0.407","0.407","0.398","806.94K","-2.13%"
"03/02/2016","0.407","0.398","0.407","0.398","267.99K","0.00%"
"03/01/2016","0.407","0.407","0.415","0.407","407.15K","2.17%"
"02/29/2016","0.398","0.398","0.407","0.398","1.03M","2.22%"
"02/28/2016","0.389","0.389","0.398","0.389","598.36K","0.00%"
"02/25/2016","0.389","0.381","0.389","0.381","76.92K","2.27%"
"02/24/2016","0.381","0.389","0.389","0.381","853.10K","-2.22%"
"02/23/2016","0.389","0.389","0.407","0.389","2.04M","-2.17%"
"02/22/2016","0.398","0.389","0.407","0.389","374.40K","0.00%"
"02/21/2016","0.398","0.389","0.398","0.389","42.05K","0.00%"
"02/18/2016","0.398","0.398","0.398","0.389","777.50K","0.00%"
"02/17/2016","0.398","0.398","0.407","0.398","278.60K","-2.13%"
"02/16/2016","0.407","0.398","0.407","0.398","166.97K","0.00%"
"02/15/2016","0.407","0.407","0.407","0.398","602.45K","0.00%"
"02/14/2016","0.407","0.407","0.415","0.398","371.34K","0.00%"
"02/11/2016","0.407","0.407","0.415","0.398","325.40K","-2.08%"
"02/10/2016","0.415","0.407","0.415","0.407","47.41K","2.13%"
"02/09/2016","0.407","0.407","0.415","0.407","297.72K","-2.08%"
"02/08/2016","0.415","0.424","0.424","0.407","809.88K","-2.04%"
"02/07/2016","0.424","0.424","0.424","0.415","134.89K","0.00%"
"02/04/2016","0.424","0.424","0.433","0.415","507.92K","2.08%"
"02/03/2016","0.415","0.415","0.415","0.407","130.55K","0.00%"
"02/02/2016","0.415","0.424","0.424","0.415","373.92K","0.00%"
"02/01/2016","0.415","0.424","0.424","0.415","136.25K","-2.04%"
"01/31/2016","0.424","0.424","0.424","0.415","245.63K","0.00%"
"01/28/2016","0.424","0.424","0.424","0.415","141.25K","0.00%"
"01/27/2016","0.424","0.424","0.424","0.415","49.97K","0.00%"
"01/26/2016","0.424","0.415","0.424","0.415","4.92M","0.00%"
"01/24/2016","0.424","0.424","0.424","0.415","67.55K","2.08%"
"01/21/2016","0.415","0.415","0.424","0.415","641.37K","0.00%"
"01/20/2016","0.415","0.424","0.424","0.415","628.27K","-4.00%"
"01/19/2016","0.433","0.424","0.433","0.424","25.53K","2.04%"
"01/18/2016","0.424","0.424","0.424","0.415","75.00K","2.08%"
"01/17/2016","0.415","0.415","0.433","0.415","1.24M","-2.04%"
"01/14/2016","0.424","0.433","0.433","0.407","2.06M","-3.92%"
"01/13/2016","0.441","0.441","0.450","0.433","1.20M","0.00%"
"01/12/2016","0.441","0.441","0.450","0.441","405.31K","0.00%"
"01/11/2016","0.441","0.450","0.450","0.441","298.98K","0.00%"
"01/10/2016","0.441","0.441","0.450","0.441","37.86K","-1.92%"
"01/06/2016","0.450","0.450","0.459","0.450","1.88M","1.96%"
"01/05/2016","0.441","0.441","0.450","0.441","95.24K","0.00%"
"01/04/2016","0.441","0.441","0.450","0.441","66.36K","-1.92%"
"01/03/2016","0.450","0.450","0.450","0.441","41.85K","0.00%"
"12/31/2015","0.450","0.450","0.450","0.441","137.85K","0.00%"
"12/30/2015","0.450","0.450","0.450","0.441","375.98K","1.96%"
"12/29/2015","0.441","0.450","0.450","0.441","147.04K","-1.92%"
"12/28/2015","0.450","0.441","0.450","0.441","122.86K","1.96%"
"12/27/2015","0.441","0.450","0.459","0.441","939.03K","-1.92%"
"12/24/2015","0.450","0.450","0.450","0.450","8.13K","0.00%"
"12/22/2015","0.450","0.450","0.450","0.450","105.82K","0.00%"
"12/21/2015","0.450","0.450","0.450","0.441","458.06K","0.00%"
"12/20/2015","0.450","0.450","0.450","0.441","456.82K","0.00%"
"12/17/2015","0.450","0.450","0.459","0.450","1.07M","0.00%"
"12/16/2015","0.450","0.450","0.459","0.441","171.65K","0.00%"
"12/15/2015","0.450","0.450","0.450","0.441","11.39M","1.96%"
"12/14/2015","0.441","0.441","0.450","0.441","214.93K","0.00%"
"12/13/2015","0.441","0.450","0.450","0.433","819.74K","-1.92%"
"12/10/2015","0.450","0.459","0.459","0.450","269.58K","0.00%"
"12/09/2015","0.450","0.459","0.459","0.450","170.66K","-1.89%"
"12/08/2015","0.459","0.459","0.467","0.450","390.73K","0.00%"
"12/07/2015","0.459","0.467","0.467","0.459","242.74K","-1.85%"
"12/06/2015","0.467","0.459","0.467","0.459","240.75K","0.00%"
"12/03/2015","0.467","0.467","0.467","0.459","139.84K","0.00%"
"12/02/2015","0.467","0.459","0.467","0.450","496.39K","3.85%"
"12/01/2015","0.450","0.441","0.450","0.441","185.27K","0.00%"
"11/30/2015","0.450","0.450","0.459","0.441","387.46K","0.00%"
"11/29/2015","0.450","0.459","0.459","0.450","642.90K","0.00%"
"11/26/2015","0.450","0.450","0.459","0.450","595.69K","0.00%"
"11/25/2015","0.450","0.459","0.459","0.450","572.19K","-1.89%"
"11/24/2015","0.459","0.459","0.459","0.450","408.81K","0.00%"
"11/23/2015","0.459","0.459","0.459","0.450","369.93K","0.00%"
"11/22/2015","0.459","0.459","0.467","0.459","21.04K","0.00%"
"11/19/2015","0.459","0.459","0.467","0.459","280.46K","1.92%"
"11/18/2015","0.450","0.450","0.459","0.450","116.28K","0.00%"
"11/17/2015","0.450","0.467","0.467","0.450","1.05M","-3.70%"
"11/16/2015","0.467","0.467","0.467","0.459","265.19K","1.89%"
"11/15/2015","0.459","0.467","0.467","0.459","1.23M","-3.64%"
"11/12/2015","0.476","0.476","0.485","0.467","860.34K","0.00%"
"11/11/2015","0.476","0.485","0.485","0.476","393.64K","-1.79%"
"11/10/2015","0.485","0.493","0.493","0.467","1.82M","-1.75%"
"11/09/2015","0.493","0.493","0.502","0.493","478.04K","-1.72%"
"11/08/2015","0.502","0.502","0.502","0.493","173.29K","-1.69%"
"11/05/2015","0.511","0.511","0.519","0.511","603.57K","1.72%"
"11/04/2015","0.502","0.493","0.502","0.493","260.64K","1.75%"
"11/03/2015","0.493","0.493","0.502","0.493","125.24K","0.00%"
"11/02/2015","0.493","0.493","0.502","0.493","2.58K","0.00%"
"11/01/2015","0.493","0.502","0.502","0.493","554.59K","-1.72%"
"10/29/2015","0.502","0.502","0.502","0.493","658.14K","0.00%"
"10/28/2015","0.502","0.502","0.511","0.502","283.76K","-1.69%"
"10/27/2015","0.511","0.511","0.519","0.502","27.98K","0.00%"
"10/26/2015","0.511","0.511","0.519","0.511","575.89K","0.00%"
"10/25/2015","0.511","0.502","0.511","0.502","278.97K","1.72%"
"10/22/2015","0.502","0.502","0.511","0.502","24.79K","0.00%"
"10/21/2015","0.502","0.493","0.519","0.493","1.06M","3.57%"
"10/20/2015","0.485","0.485","0.493","0.476","221.01K","0.00%"
"10/19/2015","0.485","0.476","0.485","0.476","257.19K","0.00%"
"10/18/2015","0.485","0.485","0.485","0.476","528.98K","0.00%"
"10/15/2015","0.485","0.485","0.485","0.476","547.41K","0.00%"
"10/13/2015","0.485","0.485","0.493","0.485","39.50K","0.00%"
"10/12/2015","0.485","0.485","0.493","0.476","366.93K","0.00%"
"10/11/2015","0.485","0.485","0.485","0.476","74.72K","0.00%"
"10/08/2015","0.485","0.485","0.493","0.476","694.39K","0.00%"
"10/07/2015","0.485","0.485","0.485","0.476","269.38K","1.82%"
"10/05/2015","0.476","0.476","0.485","0.467","812.26K","-1.79%"
"10/04/2015","0.485","0.493","0.493","0.476","861.79K","-1.75%"
"10/01/2015","0.493","0.493","0.502","0.493","6.32K","-1.72%"
"09/30/2015","0.502","0.493","0.502","0.493","1.75M","1.75%"
"09/29/2015","0.493","0.502","0.502","0.493","192.63K","-1.72%"
"09/28/2015","0.502","0.502","0.511","0.493","220.43K","0.00%"
"09/22/2015","0.502","0.502","0.502","0.493","145.27K","1.75%"
"09/21/2015","0.493","0.493","0.502","0.485","481.61K","1.79%"
"09/20/2015","0.485","0.485","0.493","0.485","160.02K","-1.75%"
"09/17/2015","0.493","0.511","0.511","0.476","6.39M","-3.39%"
"09/16/2015","0.511","0.511","0.519","0.511","108.56K","0.00%"
"09/15/2015","0.511","0.511","0.519","0.511","901.86K","-1.67%"
"09/14/2015","0.519","0.519","0.519","0.511","396.78K","0.00%"
"09/13/2015","0.519","0.511","0.528","0.511","356.68K","1.69%"
"09/10/2015","0.511","0.511","0.519","0.511","185.88K","0.00%"
"09/09/2015","0.511","0.511","0.511","0.502","120.66K","1.72%"
"09/08/2015","0.502","0.502","0.519","0.493","519.14K","-1.69%"
"09/07/2015","0.511","0.528","0.528","0.511","1.24M","-3.28%"
"09/06/2015","0.528","0.528","0.528","0.519","46.35K","0.00%"
"09/03/2015","0.528","0.528","0.528","0.519","780.96K","0.00%"
"09/02/2015","0.528","0.528","0.537","0.519","1.24M","0.00%"
"09/01/2015","0.528","0.528","0.537","0.528","311.70K","-1.61%"
"08/31/2015","0.537","0.519","0.537","0.519","652.54K","1.64%"
"08/30/2015","0.528","0.528","0.537","0.511","627.35K","0.00%"
"08/27/2015","0.528","0.511","0.537","0.511","636.26K","5.17%"
"08/26/2015","0.502","0.511","0.511","0.502","93.99K","-1.69%"
"08/25/2015","0.511","0.493","0.519","0.493","416.18K","1.72%"
"08/24/2015","0.502","0.502","0.511","0.493","602.62K","-1.69%"
"08/23/2015","0.511","0.519","0.519","0.502","532.94K","-3.28%"
"08/20/2015","0.528","0.528","0.528","0.519","817.86K","0.00%"
"08/19/2015","0.528","0.528","0.537","0.528","185.83K","-1.61%"
"08/18/2015","0.537","0.545","0.545","0.528","1.03M","0.00%"
"08/17/2015","0.537","0.537","0.545","0.528","225.46K","0.00%"
"08/16/2015","0.537","0.537","0.537","0.537","323.12K","0.00%"
"08/13/2015","0.537","0.537","0.545","0.537","164.01K","0.00%"
"08/12/2015","0.537","0.537","0.537","0.537","195.24K","0.00%"
"08/11/2015","0.537","0.537","0.545","0.537","13.93K","0.00%"
"08/10/2015","0.537","0.537","0.545","0.537","138.21K","0.00%"
"08/09/2015","0.537","0.537","0.545","0.537","321.37K","-1.59%"
"08/05/2015","0.545","0.537","0.545","0.537","996.82K","1.61%"
"08/04/2015","0.537","0.545","0.545","0.537","72.84K","-1.59%"
"08/03/2015","0.545","0.545","0.545","0.537","159.39K","0.00%"
"08/02/2015","0.545","0.545","0.545","0.537","713.62K","0.00%"
"07/30/2015","0.545","0.545","0.545","0.537","455.61K","1.61%"
"07/29/2015","0.537","0.545","0.545","0.537","432.67K","-1.59%"
"07/28/2015","0.545","0.554","0.554","0.537","218.78K","-1.56%"
"07/27/2015","0.554","0.554","0.554","0.545","328.38K","0.00%"
"07/26/2015","0.554","0.563","0.563","0.554","338.89K","0.00%"
"07/22/2015","0.554","0.554","0.554","0.554","112.50K","0.00%"
"07/21/2015","0.554","0.563","0.563","0.554","902.49K","0.00%"
"07/16/2015","0.554","0.545","0.571","0.545","1.43M","3.23%"
"07/15/2015","0.537","0.528","0.545","0.528","164.36K","0.00%"
"07/14/2015","0.537","0.528","0.537","0.528","49.54K","1.64%"
"07/13/2015","0.528","0.528","0.528","0.528","201.47K","0.00%"
"07/12/2015","0.528","0.528","0.537","0.528","41.51K","0.00%"
"07/09/2015","0.528","0.519","0.528","0.519","738.60K","-1.61%"
"07/08/2015","0.537","0.537","0.537","0.519","1.76M","0.00%"
"07/07/2015","0.537","0.545","0.545","0.528","898.37K","0.00%"
"07/06/2015","0.537","0.537","0.545","0.528","1.64M","0.00%"
"07/05/2015","0.537","0.537","0.545","0.537","235.16K","0.00%"
"07/02/2015","0.537","0.537","0.545","0.537","3.84M","0.00%"
"06/29/2015","0.537","0.545","0.545","0.528","2.10M","0.00%"
"06/28/2015","0.537","0.537","0.545","0.528","153.80K","0.00%"
"06/25/2015","0.537","0.528","0.537","0.528","626.36K","0.00%"
"06/24/2015","0.537","0.537","0.545","0.537","218.09K","1.64%"
"06/23/2015","0.528","0.528","0.537","0.528","870.47K","0.00%"
"06/22/2015","0.528","0.528","0.537","0.519","607.93K","-1.61%"
"06/21/2015","0.537","0.537","0.537","0.528","1.68M","0.00%"
"06/18/2015","0.537","0.537","0.545","0.528","314.15K","1.64%"
"06/17/2015","0.528","0.537","0.537","0.528","433.45K","-1.61%"
"06/16/2015","0.537","0.528","0.545","0.528","76.26K","0.00%"
"06/15/2015","0.537","0.537","0.537","0.528","529.87K","0.00%"
"06/14/2015","0.537","0.537","0.545","0.528","167.47K","0.00%"
"06/11/2015","0.537","0.537","0.545","0.537","110.48K","0.00%"
"06/10/2015","0.537","0.537","0.545","0.537","97.78K","0.00%"
"06/09/2015","0.537","0.545","0.545","0.537","271.66K","0.00%"
"06/08/2015","0.537","0.545","0.545","0.537","164.26K","0.00%"
"06/07/2015","0.537","0.537","0.545","0.537","422.15K","0.00%"
"06/04/2015","0.537","0.537","0.545","0.537","323.43K","-1.59%"
"06/03/2015","0.545","0.545","0.545","0.537","297.18K","0.00%"
"06/02/2015","0.545","0.545","0.545","0.537","276.99K","0.00%"
"06/01/2015","0.545","0.554","0.554","0.545","276.35K","0.00%"
"05/31/2015","0.545","0.545","0.545","0.545","288.84K","0.00%"
"05/28/2015","0.545","0.554","0.554","0.545","508.14K","-1.56%"
"05/27/2015","0.554","0.554","0.563","0.554","157.70K","0.00%"
"05/26/2015","0.554","0.554","0.563","0.554","63.34K","0.00%"
"05/25/2015","0.554","0.554","0.563","0.554","395.33K","0.00%"
"05/24/2015","0.554","0.563","0.563","0.554","640.84K","0.00%"
"05/21/2015","0.554","0.554","0.571","0.554","2.20M","0.00%"
"05/20/2015","0.554","0.545","0.554","0.545","413.63K","0.00%"
"05/19/2015","0.554","0.580","0.580","0.537","1.77M","-3.03%"
"05/18/2015","0.571","0.554","0.580","0.554","2.71M","4.76%"
"05/17/2015","0.545","0.537","0.554","0.537","1.13M","1.61%"
"05/14/2015","0.537","0.554","0.554","0.528","2.00M","-3.12%"
"05/13/2015","0.554","0.563","0.563","0.545","1.30M","-1.54%"
"05/12/2015","0.563","0.563","0.563","0.554","249.86K","0.00%"
"05/11/2015","0.563","0.563","0.563","0.563","213.95K","0.00%"
"05/10/2015","0.563","0.563","0.571","0.563","52.04K","-1.52%"
"05/07/2015","0.571","0.571","0.571","0.563","508.67K","0.00%"
"05/06/2015","0.571","0.571","0.571","0.563","367.46K","0.00%"
"05/05/2015","0.571","0.563","0.571","0.563","1.91M","1.54%"
"05/04/2015","0.563","0.563","0.571","0.554","301.01K","0.00%"
"05/03/2015","0.563","0.571","0.571","0.563","278.40K","-1.52%"
"04/30/2015","0.571","0.554","0.580","0.554","958.89K","3.12%"
"04/29/2015","0.554","0.545","0.563","0.545","178.07K","1.59%"
"04/28/2015","0.545","0.545","0.554","0.545","451.56K","0.00%"
"04/27/2015","0.545","0.545","0.545","0.537","440.37K","0.00%"
"04/26/2015","0.545","0.545","0.545","0.537","512.95K","0.00%"
"04/23/2015","0.545","0.545","0.554","0.545","454.19K","0.00%"
"04/22/2015","0.545","0.545","0.554","0.545","373.14K","0.00%"
"04/21/2015","0.545","0.545","0.554","0.537","835.89K","0.00%"
"04/20/2015","0.545","0.545","0.554","0.537","719.02K","-3.08%"
"04/19/2015","0.563","0.563","0.571","0.563","378.08K","-1.52%"
"04/16/2015","0.571","0.563","0.571","0.563","1.10M","0.00%"
"04/15/2015","0.571","0.563","0.571","0.554","1.06M","1.54%"
"04/14/2015","0.563","0.571","0.571","0.554","768.38K","-2.99%"
"04/09/2015","0.580","0.571","0.597","0.563","697.90K","6.35%"
"04/08/2015","0.545","0.519","0.571","0.519","5.50M","5.00%"
"04/07/2015","0.519","0.519","0.528","0.511","1.77M","1.69%"
"04/06/2015","0.511","0.502","0.519","0.502","462.19K","1.72%"
"04/05/2015","0.502","0.511","0.511","0.502","500.45K","-1.69%"
"04/02/2015","0.511","0.511","0.511","0.502","3.18M","1.72%"
"04/01/2015","0.502","0.502","0.511","0.502","95.27K","-1.69%"
"03/31/2015","0.511","0.511","0.511","0.502","931.48K","0.00%"
"03/30/2015","0.511","0.511","0.519","0.511","816.31K","0.00%"
"03/29/2015","0.511","0.519","0.528","0.502","1.03M","0.00%"
"03/26/2015","0.511","0.502","0.519","0.502","1.15M","0.00%"
"03/25/2015","0.511","0.502","0.519","0.502","1.10M","0.00%"
"03/24/2015","0.511","0.519","0.519","0.493","3.20M","-1.67%"
"03/23/2015","0.519","0.519","0.528","0.502","672.57K","0.00%"
"03/22/2015","0.519","0.545","0.545","0.511","3.24M","-4.76%"
"03/19/2015","0.545","0.563","0.563","0.528","3.81M","-1.56%"
"03/18/2015","0.554","0.563","0.563","0.554","781.55K","-1.54%"
"03/17/2015","0.563","0.563","0.571","0.554","1.23M","-1.52%"
"03/16/2015","0.571","0.571","0.571","0.563","311.31K","-1.49%"
"03/15/2015","0.580","0.580","0.588","0.563","535.46K","1.52%"
"03/12/2015","0.571","0.571","0.580","0.571","268.35K","0.00%"
"03/11/2015","0.571","0.571","0.571","0.563","545.56K","0.00%"
"03/10/2015","0.571","0.580","0.580","0.571","601.49K","-2.94%"
"03/09/2015","0.588","0.588","0.597","0.580","693.83K","1.49%"
"03/08/2015","0.580","0.580","0.597","0.571","654.21K","0.00%"
"03/05/2015","0.580","0.571","0.588","0.571","721.18K","1.52%"
"03/04/2015","0.571","0.571","0.580","0.563","1.84M","0.00%"
"03/03/2015","0.571","0.580","0.580","0.571","220.04K","-1.49%"
"03/02/2015","0.580","0.588","0.588","0.571","2.32M","-1.47%"
"03/01/2015","0.588","0.588","0.597","0.580","207.67K","0.00%"
"02/26/2015","0.588","0.588","0.597","0.588","675.47K","0.00%"
"02/25/2015","0.588","0.597","0.597","0.580","1.53M","-1.45%"
"02/24/2015","0.597","0.597","0.597","0.597","242.73K","0.00%"
"02/23/2015","0.597","0.597","0.606","0.588","560.12K","-1.43%"
"02/22/2015","0.606","0.597","0.606","0.597","387.79K","1.45%"
"02/19/2015","0.597","0.606","0.606","0.588","962.80K","-1.43%"
"02/18/2015","0.606","0.597","0.606","0.597","94.14K","1.45%"
"02/17/2015","0.597","0.606","0.606","0.588","587.88K","-1.43%"
"02/16/2015","0.606","0.606","0.606","0.597","532.35K","-1.41%"
"02/15/2015","0.614","0.606","0.614","0.606","178.49K","1.43%"
"02/12/2015","0.606","0.606","0.606","0.597","210.68K","1.45%"
"02/11/2015","0.597","0.606","0.606","0.597","374.63K","-1.43%"
"02/10/2015","0.606","0.606","0.606","0.597","143.25K","0.00%"
"02/09/2015","0.606","0.614","0.614","0.597","199.05K","0.00%"
"02/08/2015","0.606","0.606","0.614","0.606","92.79K","0.00%"
"02/05/2015","0.606","0.606","0.614","0.597","1.23M","-1.41%"
"02/04/2015","0.614","0.623","0.623","0.606","1.68M","0.00%"
"02/03/2015","0.614","0.632","0.632","0.597","13.17M","-1.39%"
"02/02/2015","0.623","0.623","0.632","0.614","479.16K","0.00%"
"02/01/2015","0.623","0.632","0.632","0.623","133.55K","0.00%"
"01/29/2015","0.623","0.623","0.640","0.614","520.88K","-1.37%"
"01/28/2015","0.632","0.632","0.632","0.623","198.26K","-1.35%"
"01/27/2015","0.640","0.640","0.649","0.632","3.18M","2.78%"
"01/26/2015","0.623","0.623","0.640","0.614","584.12K","0.00%"
"01/22/2015","0.623","0.614","0.632","0.614","323.37K","1.41%"
"01/21/2015","0.614","0.614","0.614","0.606","91.07K","1.43%"
"01/20/2015","0.606","0.632","0.632","0.606","1.44M","-2.78%"
"01/19/2015","0.623","0.632","0.632","0.614","1.44M","-2.70%"
"01/18/2015","0.640","0.640","0.649","0.632","365.28K","0.00%"
"01/15/2015","0.640","0.640","0.649","0.632","231.76K","0.00%"
"01/14/2015","0.640","0.649","0.649","0.632","266.94K","0.00%"
"01/13/2015","0.640","0.640","0.649","0.632","256.54K","-1.33%"
"01/12/2015","0.649","0.640","0.649","0.632","237.10K","1.35%"
"01/11/2015","0.640","0.632","0.640","0.632","93.99K","1.37%"
"01/08/2015","0.632","0.640","0.658","0.623","1.22M","0.00%"
"01/06/2015","0.632","0.640","0.640","0.614","610.75K","-2.67%"
"01/05/2015","0.649","0.649","0.658","0.640","504.62K","0.00%"
"01/04/2015","0.649","0.649","0.658","0.640","173.71K","0.00%"
"12/31/2014","0.649","0.658","0.666","0.640","1.02M","0.00%"
"12/30/2014","0.649","0.649","0.666","0.640","348.12K","-3.85%"
"12/29/2014","0.675","0.692","0.692","0.658","1.30M","-3.70%"
"12/28/2014","0.701","0.727","0.727","0.684","951.67K","-3.57%"
"12/25/2014","0.727","0.710","0.744","0.710","1.27M","2.44%"
"12/24/2014","0.710","0.692","0.718","0.692","1.88M","3.80%"
"12/23/2014","0.684","0.701","0.701","0.675","2.79M","-1.25%"
"12/22/2014","0.692","0.666","0.710","0.666","3.40M","5.26%"
"12/21/2014","0.658","0.658","0.675","0.649","1.17M","4.11%"
"12/18/2014","0.632","0.623","0.649","0.614","3.57M","2.82%"
"12/17/2014","0.614","0.623","0.658","0.588","3.57M","1.43%"
"12/16/2014","0.606","0.606","0.632","0.563","4.21M","2.94%"
"12/15/2014","0.588","0.571","0.606","0.563","2.88M","6.25%"
"12/14/2014","0.554","0.563","0.571","0.537","1.79M","-5.88%"
"12/11/2014","0.588","0.640","0.640","0.580","3.25M","-8.11%"
"12/10/2014","0.640","0.649","0.658","0.632","1.68M","-3.90%"
"12/09/2014","0.666","0.684","0.684","0.649","1.47M","-2.53%"
"12/08/2014","0.684","0.692","0.692","0.684","696.01K","0.00%"
"12/07/2014","0.684","0.684","0.692","0.684","1.21M","-1.25%"
"12/04/2014","0.692","0.692","0.701","0.692","437.71K","2.56%"
"12/03/2014","0.675","0.684","0.692","0.675","621.09K","-1.27%"
"12/02/2014","0.684","0.701","0.701","0.675","1.23M","-2.47%"
"12/01/2014","0.701","0.710","0.710","0.692","579.54K","-2.41%"
"11/30/2014","0.718","0.718","0.718","0.710","527.62K","0.00%"
"11/27/2014","0.718","0.701","0.718","0.701","448.05K","1.22%"
"11/26/2014","0.710","0.710","0.710","0.701","282.60K","1.23%"
"11/25/2014","0.701","0.692","0.710","0.692","603.44K","1.25%"
"11/24/2014","0.692","0.701","0.701","0.684","353.40K","-2.44%"
"11/23/2014","0.710","0.718","0.727","0.692","971.24K","-1.20%"
"11/20/2014","0.718","0.718","0.727","0.718","141.39K","0.00%"
"11/19/2014","0.718","0.727","0.727","0.718","192.32K","0.00%"
"11/18/2014","0.718","0.727","0.727","0.718","243.12K","0.00%"
"11/17/2014","0.718","0.718","0.727","0.710","543.04K","0.00%"
"11/16/2014","0.718","0.727","0.727","0.710","161.33K","-1.19%"
"11/13/2014","0.727","0.727","0.727","0.710","1.60M","0.00%"
"11/12/2014","0.727","0.736","0.736","0.710","1.51M","0.00%"
"11/11/2014","0.727","0.736","0.744","0.718","1.04M","-2.33%"
"11/10/2014","0.744","0.727","0.753","0.727","478.12K","1.18%"
"11/09/2014","0.736","0.753","0.753","0.727","765.66K","-2.30%"
"11/06/2014","0.753","0.770","0.770","0.744","786.27K","-2.25%"
"11/05/2014","0.770","0.779","0.779","0.762","435.04K","-1.11%"
"11/04/2014","0.779","0.788","0.788","0.770","615.94K","0.00%"
"11/03/2014","0.779","0.779","0.796","0.779","5.16M","1.12%"
"11/02/2014","0.770","0.770","0.788","0.762","1.18M","1.14%"
"10/30/2014","0.762","0.753","0.770","0.744","922.55K","1.15%"
"10/29/2014","0.753","0.744","0.762","0.744","630.04K","1.16%"
"10/28/2014","0.744","0.736","0.753","0.736","221.08K","0.00%"
"10/27/2014","0.744","0.753","0.753","0.727","1.64M","-1.15%"
"10/26/2014","0.753","0.762","0.762","0.736","271.79K","-1.14%"
"10/23/2014","0.762","0.744","0.770","0.744","578.32K","0.00%"
"10/22/2014","0.762","0.762","0.762","0.753","414.70K","2.33%"
"10/21/2014","0.744","0.736","0.762","0.736","520.10K","2.38%"
"10/20/2014","0.727","0.727","0.744","0.710","698.18K","1.20%"
"10/19/2014","0.718","0.744","0.744","0.701","664.56K","-1.19%"
"10/16/2014","0.727","0.736","0.744","0.710","1.04M","-2.33%"
"10/15/2014","0.744","0.753","0.753","0.736","420.74K","0.00%"
"10/14/2014","0.744","0.770","0.770","0.736","721.54K","-2.27%"
"10/13/2014","0.762","0.770","0.779","0.753","778.68K","-1.12%"
"10/12/2014","0.770","0.796","0.796","0.762","766.51K","-4.30%"
"10/09/2014","0.805","0.788","0.805","0.788","130.63K","2.20%"
"10/08/2014","0.788","0.805","0.805","0.779","627.67K","-2.15%"
"10/02/2014","0.805","0.813","0.813","0.805","147.92K","-1.06%"
"10/01/2014","0.813","0.805","0.822","0.805","246.17K","1.08%"
"09/30/2014","0.805","0.805","0.813","0.796","490.23K","0.00%"
"09/29/2014","0.805","0.813","0.813","0.805","93.25K","0.00%"
"09/28/2014","0.805","0.813","0.813","0.796","410.61K","-2.11%"
"09/25/2014","0.822","0.822","0.822","0.813","1.08M","1.06%"
"09/24/2014","0.813","0.822","0.822","0.813","466.23K","-2.08%"
"09/23/2014","0.831","0.822","0.831","0.822","377.29K","1.05%"
"09/22/2014","0.822","0.813","0.839","0.805","1.23M","1.06%"
"09/21/2014","0.813","0.805","0.813","0.805","719.63K","1.08%"
"09/18/2014","0.805","0.813","0.813","0.796","1.09M","0.00%"
"09/17/2014","0.805","0.805","0.813","0.805","119.45K","0.00%"
"09/16/2014","0.805","0.813","0.813","0.796","124.06K","-1.06%"
"09/15/2014","0.813","0.805","0.813","0.805","242.47K","1.08%"
"09/14/2014","0.805","0.796","0.813","0.796","1.53M","2.20%"
"09/11/2014","0.788","0.788","0.796","0.779","462.71K","-1.09%"
"09/10/2014","0.796","0.805","0.805","0.788","876.32K","-1.08%"
"09/09/2014","0.805","0.813","0.813","0.796","143.31K","-1.06%"
"09/08/2014","0.813","0.813","0.813","0.796","1.43M","0.00%"
"09/07/2014","0.813","0.822","0.822","0.805","264.31K","0.00%"
"09/04/2014","0.813","0.813","0.822","0.805","1.02M","-1.05%"
"09/03/2014","0.822","0.805","0.822","0.805","1.08M","1.06%"
"09/02/2014","0.813","0.839","0.839","0.796","2.39M","-2.08%"
"09/01/2014","0.831","0.839","0.839","0.822","160.92K","-1.03%"
"08/31/2014","0.839","0.839","0.857","0.831","702.97K","0.00%"
"08/28/2014","0.839","0.839","0.848","0.839","412.20K","0.00%"
"08/27/2014","0.839","0.831","0.839","0.831","360.76K","1.04%"
"08/26/2014","0.831","0.839","0.839","0.822","1.48M","-1.03%"
"08/25/2014","0.839","0.848","0.848","0.831","351.54K","-1.02%"
"08/24/2014","0.848","0.848","0.857","0.839","260.11K","1.03%"
"08/21/2014","0.839","0.839","0.857","0.831","276.31K","0.00%"
"08/20/2014","0.839","0.874","0.874","0.813","1.80M","-3.96%"
"08/19/2014","0.874","0.900","0.900","0.857","1.70M","-2.88%"
"08/18/2014","0.900","0.909","0.909","0.900","234.82K","-0.95%"
"08/17/2014","0.909","0.909","0.909","0.900","364.01K","0.00%"
"08/14/2014","0.909","0.909","0.909","0.900","344.28K","0.00%"
"08/13/2014","0.909","0.909","0.917","0.909","515.80K","0.00%"
"08/12/2014","0.909","0.900","0.909","0.900","572.22K","0.96%"
"08/11/2014","0.900","0.909","0.909","0.900","645.40K","0.00%"
"08/10/2014","0.900","0.909","0.909","0.900","462.54K","-0.95%"
"08/07/2014","0.909","0.909","0.917","0.900","1.15M","0.00%"
"08/06/2014","0.909","0.900","0.917","0.900","211.36K","0.00%"
"08/05/2014","0.909","0.909","0.917","0.900","332.10K","0.00%"
"08/04/2014","0.909","0.900","0.917","0.900","70.98K","0.96%"
"08/03/2014","0.900","0.909","0.909","0.900","212.67K","0.00%"
"07/31/2014","0.900","0.917","0.917","0.900","671.28K","-0.95%"
"07/27/2014","0.909","0.909","0.917","0.909","142.69K","0.00%"
"07/24/2014","0.909","0.909","0.917","0.909","247.85K","0.00%"
"07/22/2014","0.909","0.909","0.909","0.900","240.81K","0.96%"
"07/21/2014","0.900","0.909","0.909","0.900","31.29K","-0.95%"
"07/20/2014","0.909","0.909","0.909","0.909","53.28K","-0.94%"
"07/17/2014","0.917","0.909","0.917","0.909","101.39K","0.95%"
"07/16/2014","0.909","0.917","0.917","0.900","374.02K","-0.94%"
"07/15/2014","0.917","0.917","0.926","0.909","99.14K","0.95%"
"07/14/2014","0.909","0.917","0.917","0.900","395.34K","0.00%"
"07/13/2014","0.909","0.917","0.917","0.909","144.44K","-0.94%"
"07/10/2014","0.917","0.917","0.926","0.909","238.28K","-1.85%"
"07/09/2014","0.935","0.935","0.935","0.926","167.87K","0.93%"
"07/08/2014","0.926","0.909","0.943","0.909","714.13K","1.90%"
"07/07/2014","0.909","0.909","0.909","0.900","368.05K","0.00%"
"07/06/2014","0.909","0.900","0.917","0.900","872.85K","0.00%"
"07/03/2014","0.909","0.909","0.909","0.900","71.45K","0.96%"
"07/02/2014","0.900","0.900","0.909","0.891","681.63K","-0.95%"
"06/30/2014","0.909","0.900","0.909","0.900","577.48K","0.96%"
"06/29/2014","0.900","0.909","0.909","0.900","142.16K","-0.95%"
"06/26/2014","0.909","0.909","0.909","0.900","84.57K","0.96%"
"06/25/2014","0.900","0.900","0.909","0.891","1.80M","-0.95%"
"06/24/2014","0.909","0.935","0.935","0.900","649.32K","0.00%"
"06/23/2014","0.909","0.909","0.926","0.900","1.05M","0.00%"
"06/22/2014","0.909","0.900","0.909","0.900","156.85K","0.96%"
"06/19/2014","0.900","0.909","0.917","0.891","522.07K","-0.95%"
"06/18/2014","0.909","0.926","0.926","0.900","882.01K","-0.94%"
"06/17/2014","0.917","0.926","0.935","0.917","342.29K","-0.93%"
"06/16/2014","0.926","0.935","0.943","0.926","790.60K","-0.93%"
"06/15/2014","0.935","0.935","0.943","0.935","126.16K","-0.92%"
"06/12/2014","0.943","0.943","0.952","0.935","427.43K","0.00%"
"06/11/2014","0.943","0.952","0.952","0.935","540.33K","-0.91%"
"06/10/2014","0.952","0.952","0.952","0.943","439.59K","-0.90%"
"06/09/2014","0.961","0.969","0.969","0.952","513.78K","0.00%"
"06/05/2014","0.961","0.952","0.969","0.952","1.63M","1.83%"
"06/04/2014","0.943","0.935","0.952","0.926","560.58K","1.87%"
"06/03/2014","0.926","0.943","0.935","0.917","320.39K","0.00%"
"06/02/2014","0.926","0.935","0.952","0.909","1.37M","1.90%"
"06/01/2014","0.909","0.961","0.961","0.883","2.35M","-5.41%"
"05/29/2014","0.961","0.978","0.978","0.943","1.44M","-0.89%"
"05/28/2014","0.969","0.969","0.978","0.961","764.78K","-0.88%"
"05/26/2014","0.978","0.987","0.995","0.969","393.16K","-0.88%"
"05/25/2014","0.987","0.978","0.995","0.969","866.75K","0.88%"
"05/22/2014","0.978","0.978","0.987","0.969","1.75M","1.80%"
"05/21/2014","0.961","0.961","0.978","0.952","1.96M","0.00%"
"05/20/2014","0.961","0.978","0.978","0.952","1.43M","-2.63%"
"05/19/2014","0.987","0.969","0.987","0.969","1.12M","0.88%"
"05/18/2014","0.978","0.995","0.995","0.969","928.15K","0.89%"
"05/15/2014","0.969","0.961","0.995","0.943","2.80M","1.82%"
"05/14/2014","0.952","0.943","0.952","0.943","633.71K","0.92%"
"05/13/2014","0.943","0.943","0.952","0.943","364.25K","0.00%"
"05/12/2014","0.943","0.935","0.943","0.935","279.67K","0.93%"
"05/11/2014","0.935","0.926","0.943","0.926","239.51K","-0.92%"
"05/08/2014","0.943","0.943","0.943","0.926","601.17K","0.00%"
"05/07/2014","0.943","0.952","0.952","0.926","920.09K","0.00%"
"05/06/2014","0.943","0.943","0.952","0.935","417.63K","0.93%"
"05/05/2014","0.935","0.926","0.943","0.909","1.18M","0.93%"
"05/04/2014","0.926","0.909","0.935","0.909","489.80K","1.90%"
"04/30/2014","0.909","0.900","0.926","0.891","1.35M","1.94%"
"04/29/2014","0.891","0.891","0.900","0.874","671.37K","0.98%"
"04/28/2014","0.883","0.891","0.900","0.874","1.53M","-1.92%"
"04/27/2014","0.900","0.900","0.900","0.891","2.12M","0.97%"
"04/23/2014","0.891","0.891","0.909","0.883","2.79M","-0.96%"
"04/22/2014","0.900","0.900","0.909","0.891","2.17M","0.97%"
"04/17/2014","0.891","0.891","0.909","0.874","1.08M","0.00%"
"04/16/2014","0.891","0.874","0.891","0.874","1.29M","0.98%"
"04/15/2014","0.883","0.883","0.891","0.874","348.20K","0.00%"
"04/14/2014","0.883","0.883","0.891","0.874","255.17K","0.99%"
"04/13/2014","0.874","0.900","0.900","0.865","616.10K","-1.94%"
"04/10/2014","0.891","0.883","0.900","0.874","889.35K","1.98%"
"04/09/2014","0.874","0.891","0.891","0.865","422.14K","-0.98%"
"04/08/2014","0.883","0.874","0.900","0.865","946.72K","4.08%"
"04/07/2014","0.848","0.813","0.874","0.813","664.51K","0.00%"
"04/06/2014","0.848","0.900","0.909","0.805","2.40M","-4.85%"
"04/03/2014","0.891","0.917","0.917","0.874","1.43M","-2.83%"
"04/02/2014","0.917","0.926","0.935","0.909","1.25M","-0.93%"
"04/01/2014","0.926","0.909","0.935","0.909","274.37K","0.94%"
"03/31/2014","0.917","0.961","0.961","0.900","1.46M","-1.47%"
"03/30/2014","0.931","0.939","0.948","0.923","2.81M","-1.75%"
"03/27/2014","0.948","0.981","0.981","0.931","2.09M","-1.72%"
"03/26/2014","0.964","0.973","0.981","0.956","1.96M","0.00%"
"03/25/2014","0.964","0.964","0.973","0.956","1.12M","0.87%"
"03/24/2014","0.956","0.964","0.964","0.956","799.38K","-0.86%"
"03/23/2014","0.964","0.973","0.981","0.948","979.98K","-1.69%"
"03/20/2014","0.981","0.973","0.989","0.956","5.07M","3.51%"
"03/19/2014","0.948","0.923","0.973","0.914","2.50M","3.64%"
"03/18/2014","0.914","0.923","0.923","0.914","608.09K","-0.90%"
"03/17/2014","0.923","0.956","0.956","0.914","925.87K","0.00%"
"03/16/2014","0.923","0.939","0.939","0.914","780.85K","-1.77%"
"03/13/2014","0.939","0.923","0.948","0.923","1.16M","0.89%"
"03/12/2014","0.931","0.948","0.948","0.923","742.62K","-0.88%"
"03/11/2014","0.939","0.939","0.948","0.923","803.69K","2.73%"
"03/10/2014","0.914","0.898","0.939","0.890","1.60M","0.92%"
"03/09/2014","0.906","0.906","0.914","0.898","642.13K","0.00%"
"03/06/2014","0.906","0.914","0.914","0.898","863.50K","-1.80%"
"03/05/2014","0.923","0.931","0.948","0.914","2.29M","0.00%"
"03/04/2014","0.923","0.906","0.939","0.906","1.22M","1.83%"
"03/03/2014","0.906","0.939","0.939","0.890","2.47M","-3.54%"
"03/02/2014","0.939","0.964","0.964","0.914","1.66M","-0.88%"
"02/27/2014","0.948","0.923","0.964","0.923","2.75M","2.70%"
"02/26/2014","0.923","0.898","0.931","0.898","1.49M","0.91%"
"02/25/2014","0.914","0.914","0.931","0.890","2.59M","1.85%"
"02/24/2014","0.898","0.873","0.923","0.856","4.81M","3.85%"
"02/23/2014","0.865","0.831","0.898","0.831","5.44M","5.05%"
"02/20/2014","0.823","0.815","0.831","0.806","1.58M","2.06%"
"02/19/2014","0.806","0.806","0.815","0.798","1.39M","0.00%"
"02/18/2014","0.806","0.798","0.806","0.798","708.96K","2.11%"
"02/17/2014","0.790","0.790","0.798","0.790","401.97K","-1.04%"
"02/16/2014","0.798","0.798","0.806","0.790","409.12K","0.00%"
"02/13/2014","0.798","0.798","0.806","0.790","755.71K","-1.03%"
"02/12/2014","0.806","0.806","0.806","0.798","237.93K","0.00%"
"02/11/2014","0.806","0.806","0.806","0.798","662.33K","0.00%"
"02/10/2014","0.806","0.806","0.815","0.798","537.25K","1.04%"
"02/09/2014","0.798","0.790","0.806","0.790","470.42K","0.00%"
"02/06/2014","0.798","0.798","0.815","0.790","1.29M","0.00%"
"02/05/2014","0.798","0.790","0.798","0.781","837.73K","1.05%"
"02/04/2014","0.790","0.806","0.806","0.765","2.53M","-2.06%"
"02/03/2014","0.806","0.806","0.815","0.798","851.81K","-1.02%"
"02/02/2014","0.815","0.831","0.831","0.806","740.46K","-1.01%"
"01/30/2014","0.823","0.823","0.831","0.815","697.29K","0.00%"
"01/29/2014","0.823","0.831","0.831","0.806","790.64K","-1.00%"
"01/28/2014","0.831","0.831","0.840","0.823","2.36M","1.01%"
"01/27/2014","0.823","0.815","0.831","0.806","833.87K","1.02%"
"01/26/2014","0.815","0.823","0.831","0.806","718.25K","-1.01%"
"01/23/2014","0.823","0.831","0.831","0.815","1.49M","-1.00%"
"01/22/2014","0.831","0.823","0.840","0.823","2.83M","3.09%"
"01/21/2014","0.806","0.765","0.831","0.765","6.31M","6.59%"
"01/20/2014","0.756","0.740","0.773","0.740","3.07M","2.25%"
"01/19/2014","0.740","0.740","0.756","0.732","842.73K","0.00%"
"01/16/2014","0.740","0.740","0.748","0.740","974.59K","1.14%"
"01/15/2014","0.732","0.740","0.748","0.732","1.09M","0.00%"
"01/14/2014","0.732","0.740","0.748","0.723","1.32M","-1.12%"
"01/12/2014","0.740","0.723","0.748","0.723","2.44M","3.49%"
"01/09/2014","0.715","0.723","0.723","0.707","1.13M","-1.15%"
"01/08/2014","0.723","0.732","0.732","0.715","771.65K","0.00%"
"01/06/2014","0.723","0.740","0.740","0.715","953.04K","-2.25%"
"01/05/2014","0.740","0.748","0.748","0.732","849.09K","-1.11%"
"01/02/2014","0.748","0.756","0.756","0.748","481.92K","-1.10%"
"12/31/2013","0.756","0.756","0.765","0.748","835.78K","0.00%"
"12/30/2013","0.756","0.748","0.765","0.748","677.88K","1.11%"
"12/29/2013","0.748","0.748","0.756","0.740","173.80K","0.00%"
"12/26/2013","0.748","0.756","0.756","0.748","270.39K","-1.10%"
"12/25/2013","0.756","0.748","0.765","0.748","580.65K","2.25%"
"12/24/2013","0.740","0.732","0.748","0.732","1.33M","0.00%"
"12/23/2013","0.740","0.748","0.748","0.732","817.05K","-1.11%"
"12/22/2013","0.748","0.756","0.756","0.740","627.85K","-1.10%"
"12/19/2013","0.756","0.773","0.773","0.748","2.85M","-2.15%"
"12/18/2013","0.773","0.773","0.773","0.765","2.39M","0.00%"
"12/17/2013","0.773","0.765","0.781","0.765","1.91M","0.00%"
"12/16/2013","0.773","0.773","0.773","0.765","1.22M","-1.06%"
"12/15/2013","0.781","0.781","0.781","0.773","531.29K","1.08%"
"12/12/2013","0.773","0.765","0.781","0.765","3.23M","1.09%"
"12/11/2013","0.765","0.773","0.773","0.756","1.25M","-1.08%"
"12/10/2013","0.773","0.773","0.773","0.765","596.66K","0.00%"
"12/09/2013","0.773","0.765","0.781","0.765","3.23M","1.09%"
"12/08/2013","0.765","0.748","0.773","0.748","1.43M","3.37%"
"12/05/2013","0.740","0.740","0.748","0.740","92.92K","0.00%"
"12/04/2013","0.740","0.740","0.748","0.732","1.60M","0.00%"
"12/03/2013","0.740","0.748","0.748","0.740","660.63K","-1.11%"
"12/02/2013","0.748","0.756","0.765","0.740","788.68K","-1.10%"
"12/01/2013","0.756","0.756","0.756","0.748","405.87K","1.11%"
"11/28/2013","0.748","0.748","0.756","0.740","309.63K","0.00%"
"11/27/2013","0.748","0.756","0.756","0.740","1.59M","-2.17%"
"11/26/2013","0.765","0.756","0.773","0.756","962.42K","1.10%"
"11/25/2013","0.756","0.765","0.765","0.748","1.15M","-2.15%"
"11/24/2013","0.773","0.756","0.781","0.756","1.18M","1.09%"
"11/21/2013","0.765","0.773","0.773","0.756","2.74M","-1.08%"
"11/20/2013","0.773","0.765","0.773","0.765","579.01K","1.09%"
"11/19/2013","0.765","0.765","0.773","0.756","627.92K","0.00%"
"11/18/2013","0.765","0.765","0.765","0.756","205.86K","1.10%"
"11/17/2013","0.756","0.756","0.765","0.748","607.81K","0.00%"
"11/14/2013","0.756","0.756","0.765","0.740","2.36M","-1.09%"
"11/13/2013","0.765","0.773","0.773","0.756","1.79M","-2.13%"
"11/12/2013","0.781","0.781","0.790","0.773","500.31K","1.08%"
"11/11/2013","0.773","0.773","0.781","0.773","1.56M","-1.06%"
"11/10/2013","0.781","0.790","0.790","0.773","980.45K","-1.05%"
"11/07/2013","0.790","0.790","0.798","0.790","537.43K","0.00%"
"11/06/2013","0.790","0.790","0.798","0.790","453.41K","1.06%"
"11/04/2013","0.781","0.773","0.790","0.773","948.59K","1.08%"
"11/03/2013","0.773","0.773","0.773","0.765","332.84K","0.00%"
"10/31/2013","0.773","0.773","0.781","0.765","689.49K","0.00%"
"10/30/2013","0.773","0.781","0.790","0.773","780.03K","0.00%"
"10/29/2013","0.773","0.748","0.790","0.748","1.64M","3.33%"
"10/28/2013","0.748","0.765","0.765","0.740","1.86M","-3.23%"
"10/27/2013","0.773","0.798","0.798","0.756","2.22M","-2.11%"
"10/24/2013","0.790","0.790","0.798","0.781","605.50K","0.00%"
"10/23/2013","0.790","0.790","0.806","0.781","863.81K","-2.06%"
"10/22/2013","0.806","0.798","0.815","0.790","1.98M","1.04%"
"10/21/2013","0.798","0.790","0.806","0.781","1.13M","1.05%"
"10/20/2013","0.790","0.790","0.798","0.781","1.86M","1.06%"
"10/13/2013","0.781","0.765","0.790","0.765","1.25M","1.08%"
"10/10/2013","0.773","0.748","0.781","0.748","2.43M","5.68%"
"10/09/2013","0.732","0.732","0.748","0.723","2.51M","1.15%"
"10/08/2013","0.723","0.732","0.732","0.723","591.94K","0.00%"
"10/07/2013","0.723","0.732","0.732","0.723","962.01K","0.00%"
"10/03/2013","0.723","0.723","0.732","0.723","198.38K","0.00%"
"10/02/2013","0.723","0.723","0.732","0.715","1.75M","0.00%"
"10/01/2013","0.723","0.715","0.732","0.715","777.81K","1.16%"
"09/30/2013","0.715","0.723","0.732","0.707","1.98M","-1.15%"
"09/29/2013","0.723","0.723","0.732","0.715","1.99M","1.16%"
"09/26/2013","0.715","0.707","0.723","0.707","1.81M","2.38%"
"09/25/2013","0.698","0.707","0.707","0.698","621.82K","-1.18%"
"09/24/2013","0.707","0.715","0.715","0.698","897.17K","0.00%"
"09/23/2013","0.707","0.698","0.707","0.690","1.87M","1.19%"
"09/22/2013","0.698","0.698","0.715","0.690","901.40K","1.20%"
"09/19/2013","0.690","0.657","0.707","0.657","3.87M","6.41%"
"09/18/2013","0.648","0.657","0.657","0.648","1.10M","-1.27%"
"09/17/2013","0.657","0.657","0.665","0.648","522.90K","-1.25%"
"09/16/2013","0.665","0.665","0.673","0.657","1.19M","2.56%"
"09/15/2013","0.648","0.640","0.673","0.632","2.50M","2.63%"
"09/12/2013","0.632","0.632","0.648","0.623","2.20M","1.33%"
"09/11/2013","0.623","0.599","0.640","0.599","3.43M","7.14%"
"09/10/2013","0.582","0.582","0.607","0.574","3.82M","0.00%"
"09/09/2013","0.582","0.574","0.590","0.574","383.04K","1.45%"
"09/08/2013","0.574","0.582","0.582","0.574","60.76K","-1.43%"
"09/05/2013","0.582","0.582","0.590","0.574","404.67K","0.00%"
"09/04/2013","0.582","0.582","0.590","0.574","1.14M","0.00%"
"09/03/2013","0.582","0.582","0.590","0.574","289.27K","0.00%"
"09/02/2013","0.582","0.590","0.590","0.582","398.75K","-1.41%"
"09/01/2013","0.590","0.590","0.599","0.582","800.69K","1.43%"
"08/29/2013","0.582","0.582","0.590","0.582","825.39K","0.00%"
"08/28/2013","0.582","0.582","0.582","0.574","1.15M","-2.78%"
"08/27/2013","0.599","0.607","0.607","0.582","2.74M","0.00%"
"08/26/2013","0.599","0.615","0.623","0.599","7.44M","-2.70%"
"08/25/2013","0.615","0.607","0.615","0.607","548.42K","1.37%"
"08/22/2013","0.607","0.607","0.615","0.599","504.26K","0.00%"
"08/21/2013","0.607","0.607","0.607","0.599","282.67K","1.39%"
"08/20/2013","0.599","0.615","0.615","0.599","5.39M","0.00%"
"08/19/2013","0.599","0.599","0.607","0.590","952.59K","0.00%"
"08/18/2013","0.599","0.607","0.615","0.590","1.54M","-2.70%"
"08/14/2013","0.615","0.623","0.623","0.607","1.48M","-1.33%"
"08/13/2013","0.623","0.632","0.632","0.623","684.06K","0.00%"
"08/12/2013","0.623","0.623","0.632","0.615","513.47K","0.00%"
"08/07/2013","0.623","0.623","0.632","0.615","802.78K","0.00%"
"08/06/2013","0.623","0.623","0.632","0.615","722.99K","0.00%"
"08/05/2013","0.623","0.623","0.632","0.615","2.65M","1.35%"
"08/04/2013","0.615","0.615","0.623","0.615","808.93K","1.37%"
"08/01/2013","0.607","0.615","0.615","0.607","511.87K","-1.35%"
"07/31/2013","0.615","0.615","0.623","0.607","1.11M","0.00%"
"07/30/2013","0.615","0.615","0.623","0.615","771.79K","1.37%"
"07/29/2013","0.607","0.607","0.615","0.607","214.05K","0.00%"
"07/28/2013","0.607","0.607","0.615","0.599","372.08K","0.00%"
"07/25/2013","0.607","0.590","0.615","0.590","446.99K","1.39%"
"07/24/2013","0.599","0.607","0.607","0.590","886.98K","-2.70%"
"07/22/2013","0.615","0.615","0.623","0.607","354.68K","1.37%"
"07/21/2013","0.607","0.607","0.615","0.599","216.61K","0.00%"
"07/18/2013","0.607","0.607","0.623","0.590","2.22M","0.00%"
"07/17/2013","0.607","0.623","0.623","0.599","1.25M","-1.35%"
"07/16/2013","0.615","0.615","0.623","0.607","1.00M","0.00%"
"07/15/2013","0.615","0.615","0.615","0.607","743.62K","0.00%"
"07/14/2013","0.615","0.623","0.623","0.607","660.94K","-1.33%"
"07/11/2013","0.623","0.632","0.632","0.615","1.21M","-1.32%"
"07/10/2013","0.632","0.623","0.640","0.615","1.80M","2.70%"
"07/09/2013","0.615","0.599","0.632","0.599","1.98M","1.37%"
"07/08/2013","0.607","0.648","0.657","0.590","4.70M","-6.41%"
"07/07/2013","0.648","0.715","0.715","0.632","1.89M","-2.50%"
"07/04/2013","0.665","0.673","0.673","0.640","14.97M","8.11%"
"07/03/2013","0.615","0.557","0.623","0.557","1.80M","0.00%"
"07/02/2013","0.615","0.590","0.623","0.590","5.12M","5.71%"
"06/30/2013","0.582","0.574","0.599","0.574","669.83K","0.00%"
"06/27/2013","0.582","0.574","0.590","0.574","1.14M","1.45%"
"06/26/2013","0.574","0.582","0.582","0.574","383.45K","0.00%"
"06/25/2013","0.574","0.574","0.582","0.574","767.42K","0.00%"
"06/24/2013","0.574","0.557","0.574","0.557","454.11K","2.99%"
"06/23/2013","0.557","0.582","0.582","0.549","1.75M","-4.29%"
"06/20/2013","0.582","0.574","0.590","0.565","3.01M","1.45%"
"06/19/2013","0.574","0.557","0.582","0.557","1.18M","4.55%"
"06/18/2013","0.549","0.565","0.565","0.540","3.43M","-1.49%"
"06/17/2013","0.557","0.557","0.574","0.540","1.34M","0.00%"
"06/16/2013","0.557","0.582","0.582","0.557","236.66K","-1.47%"
"06/13/2013","0.565","0.540","0.582","0.540","2.11M","3.03%"
"06/12/2013","0.549","0.599","0.599","0.532","3.78M","-7.04%"
"06/11/2013","0.590","0.607","0.607","0.574","2.21M","0.00%"
"06/10/2013","0.590","0.615","0.615","0.557","5.64M","-4.05%"
"06/09/2013","0.615","0.648","0.648","0.599","1.49M","-3.90%"
"06/06/2013","0.640","0.648","0.665","0.623","3.05M","-3.75%"
"06/05/2013","0.665","0.715","0.715","0.657","16.68M","-8.05%"
"06/04/2013","0.723","0.732","0.732","0.715","1.42M","-1.14%"
"06/03/2013","0.732","0.748","0.748","0.715","4.41M","-3.30%"
"06/02/2013","0.756","0.765","0.765","0.740","2.46M","0.00%"
"05/29/2013","0.756","0.765","0.773","0.748","5.97M","-2.15%"
"05/28/2013","0.773","0.806","0.806","0.756","2.05M","-4.12%"
"05/27/2013","0.806","0.823","0.831","0.790","1.99M","-2.02%"
"05/26/2013","0.823","0.823","0.840","0.806","1.63M","0.00%"
"05/23/2013","0.823","0.856","0.856","0.798","2.52M","-4.81%"
"05/22/2013","0.865","0.881","0.881","0.856","1.53M","-0.95%"
"05/21/2013","0.873","0.873","0.881","0.865","394.26K","-0.94%"
"05/20/2013","0.881","0.898","0.898","0.865","690.94K","-1.85%"
"05/19/2013","0.898","0.898","0.906","0.890","768.26K","-0.92%"
"05/16/2013","0.906","0.956","0.956","0.881","4.37M","-5.22%"
"05/15/2013","0.956","0.956","0.964","0.948","210.13K","0.00%"
"05/14/2013","0.956","0.964","0.964","0.956","105.19K","0.00%"
"05/13/2013","0.956","0.956","0.964","0.948","428.35K","-0.86%"
"05/12/2013","0.964","0.973","0.973","0.956","527.75K","-0.85%"
"05/09/2013","0.973","0.973","0.981","0.973","351.39K","0.00%"
"05/08/2013","0.973","0.973","0.973","0.964","285.22K","0.00%"
"05/07/2013","0.000","1.170","1.170","1.160","126.47K","-100.00%"
"05/02/2013","0.973","0.973","0.973","0.964","374.09K","0.00%"
"04/30/2013","0.973","0.981","0.981","0.964","805.93K","-0.85%"
"04/29/2013","0.981","0.981","0.989","0.973","86.96K","0.00%"
"04/28/2013","0.981","0.981","0.981","0.973","160.53K","0.00%"
"04/24/2013","0.981","0.973","0.989","0.973","504.12K","0.85%"
"04/23/2013","0.973","0.981","0.981","0.964","290.95K","0.00%"
"04/22/2013","0.973","0.973","0.981","0.964","565.97K","0.86%"
"04/21/2013","0.964","0.973","0.973","0.964","40.68K","0.00%"
"04/18/2013","0.964","0.973","0.973","0.956","295.51K","-0.85%"
"04/17/2013","0.973","0.981","0.981","0.964","1.82M","-0.85%"
"04/16/2013","0.981","0.981","0.989","0.973","805.96K","-0.84%"
"04/15/2013","0.989","0.998","0.998","0.981","356.36K","-0.83%"
"04/14/2013","0.998","0.989","0.998","0.981","131.98K","0.84%"
"04/11/2013","0.989","0.981","0.989","0.981","311.98K","0.00%"
"04/10/2013","0.989","0.989","0.998","0.981","321.41K","0.00%"
"04/09/2013","0.989","0.998","0.998","0.989","702.96K","0.85%"
"04/08/2013","0.981","0.964","0.998","0.964","922.62K","1.72%"
"04/07/2013","0.964","0.964","0.973","0.956","120.90K","0.00%"
"04/04/2013","0.964","0.956","0.973","0.948","473.73K","0.00%"
"04/03/2013","0.964","0.973","0.981","0.948","464.95K","-0.85%"
"04/02/2013","0.973","0.981","0.981","0.964","248.29K","-0.85%"
"04/01/2013","0.981","0.981","0.989","0.973","251.76K","-0.84%"
"03/31/2013","0.989","0.998","0.998","0.981","92.29K","-0.83%"
"03/28/2013","0.998","0.998","1.006","0.989","422.78K","0.00%"
"03/27/2013","0.998","0.989","0.998","0.981","655.27K","0.84%"
"03/26/2013","0.989","0.981","1.006","0.981","291.30K","-0.83%"
"03/25/2013","0.998","0.998","0.998","0.989","202.36K","0.00%"
"03/24/2013","0.998","0.998","0.998","0.989","74.90K","0.00%"
"03/21/2013","0.998","0.998","1.006","0.989","271.87K","0.00%"
"03/20/2013","0.998","0.998","1.006","0.989","167.02K","-0.83%"
"03/19/2013","1.006","0.998","1.014","0.989","521.56K","1.68%"
"03/18/2013","0.989","0.964","1.006","0.964","634.01K","1.71%"
"03/17/2013","0.973","0.956","0.981","0.956","167.61K","1.74%"
"03/14/2013","0.956","0.939","0.973","0.939","985.46K","1.77%"
"03/13/2013","0.939","0.939","0.948","0.939","411.73K","-0.88%"
"03/12/2013","0.948","0.956","0.964","0.931","407.22K","-0.87%"
"03/11/2013","0.956","0.956","0.964","0.956","294.01K","-0.86%"
"03/10/2013","0.964","0.948","0.973","0.948","273.85K","2.65%"
"03/07/2013","0.939","0.939","0.948","0.931","569.38K","2.73%"
"03/06/2013","0.914","0.956","0.956","0.890","1.04M","1.85%"
"03/05/2013","0.898","0.923","0.939","0.881","811.12K","-5.26%"
"03/04/2013","0.948","0.998","0.998","0.931","642.58K","-0.87%"
"03/03/2013","0.956","0.956","0.964","0.956","154.60K","-1.71%"
"02/28/2013","0.973","0.981","0.981","0.956","808.93K","-2.50%"
"02/27/2013","0.998","1.023","1.023","0.981","808.43K","-2.44%"
"02/26/2013","1.023","1.023","1.031","1.014","200.95K","0.00%"
"02/25/2013","1.023","1.031","1.031","1.014","363.71K","-0.81%"
"02/24/2013","1.031","1.031","1.039","1.023","265.77K","0.00%"
"02/21/2013","1.031","1.031","1.039","1.023","1.23M","0.00%"
"02/20/2013","1.031","1.039","1.039","1.023","824.57K","0.00%"
"02/19/2013","1.031","1.039","1.047","1.031","547.93K","0.00%"
"02/18/2013","1.031","1.031","1.039","1.023","306.39K","-0.80%"
"02/17/2013","1.039","1.072","1.072","1.023","1.53M","-2.34%"
"02/14/2013","1.064","1.072","1.072","1.056","822.05K","-0.78%"
"02/13/2013","1.072","1.072","1.072","1.064","219.14K","0.00%"
"02/12/2013","1.072","1.072","1.072","1.064","454.12K","0.00%"
"02/11/2013","1.072","1.064","1.072","1.064","461.91K","0.00%"
"02/10/2013","1.072","1.064","1.081","1.064","140.64K","0.78%"
"02/07/2013","1.064","1.072","1.081","1.056","384.97K","-1.54%"
"02/06/2013","1.081","1.081","1.089","1.072","535.63K","0.00%"
"02/05/2013","1.081","1.072","1.089","1.072","455.23K","0.00%"
"02/04/2013","1.081","1.064","1.089","1.064","1.06M","1.56%"
"02/03/2013","1.064","1.047","1.072","1.047","509.98K","1.59%"
"01/31/2013","1.047","1.056","1.056","1.039","860.18K","-0.79%"
"01/30/2013","1.056","1.056","1.064","1.047","279.65K","0.79%"
"01/29/2013","1.047","1.039","1.064","1.039","379.33K","-0.79%"
"01/28/2013","1.056","1.064","1.064","1.039","594.06K","-0.78%"
"01/27/2013","1.064","1.039","1.072","1.031","509.46K","0.79%"
"01/23/2013","1.056","1.039","1.072","1.039","370.92K","0.79%"
"01/22/2013","1.047","1.047","1.056","1.039","145.91K","0.80%"
"01/21/2013","1.039","1.031","1.056","1.023","451.89K","-0.79%"
"01/20/2013","1.047","1.064","1.064","1.039","479.52K","-2.33%"
"01/17/2013","1.072","1.072","1.081","1.056","2.27M","0.00%"
"01/16/2013","1.072","1.064","1.081","1.056","1.53M","0.00%"
"01/15/2013","1.072","1.081","1.081","1.064","768.73K","-1.53%"
"01/14/2013","1.089","1.081","1.097","1.081","322.73K","0.00%"
"01/13/2013","1.089","1.081","1.097","1.072","748.24K","0.77%"
"01/10/2013","1.081","1.081","1.089","1.064","563.33K","0.00%"
"01/09/2013","1.081","1.081","1.089","1.072","721.46K","0.78%"
"01/08/2013","1.072","1.072","1.081","1.064","408.97K","-0.77%"
"01/06/2013","1.081","1.089","1.089","1.064","463.78K","-1.52%"
"01/03/2013","1.097","1.056","1.114","1.056","1.72M","3.13%"
"01/02/2013","1.064","1.064","1.081","1.056","496.80K","0.00%"
"12/31/2012","1.064","1.039","1.089","1.039","1.05M","4.07%"
"12/30/2012","1.023","0.998","1.039","0.998","431.24K","2.50%"
"12/27/2012","0.998","0.998","0.998","0.989","476.44K","0.84%"
"12/26/2012","0.989","0.989","0.998","0.989","1.50M","0.00%"
"12/25/2012","0.989","0.998","1.006","0.981","192.49K","-0.83%"
"12/24/2012","0.998","0.973","1.014","0.973","602.77K","1.69%"
"12/23/2012","0.981","1.014","1.014","0.956","668.11K","-1.67%"
"12/20/2012","0.998","0.998","1.006","0.989","519.85K","0.00%"
"12/19/2012","0.998","0.981","1.014","0.981","836.81K","2.56%"
"12/18/2012","0.973","0.964","0.981","0.964","442.76K","0.86%"
"12/17/2012","0.964","0.973","0.973","0.956","344.25K","0.00%"
"12/16/2012","0.964","0.956","0.981","0.956","353.44K","2.65%"
"12/13/2012","0.939","0.923","0.973","0.923","714.24K","2.73%"
"12/12/2012","0.914","0.898","0.931","0.898","789.14K","1.85%"
"12/11/2012","0.898","0.906","0.906","0.890","342.35K","0.00%"
"12/10/2012","0.898","0.898","0.906","0.890","227.34K","0.00%"
"12/09/2012","0.898","0.898","0.906","0.890","162.97K","2.86%"
"12/06/2012","0.873","0.856","0.890","0.856","375.70K","-1.87%"
"12/05/2012","0.890","0.906","0.906","0.881","392.43K","-0.93%"
"12/04/2012","0.898","0.873","0.906","0.873","737.71K","3.85%"
"12/03/2012","0.865","0.890","0.890","0.856","266.89K","-2.80%"
"12/02/2012","0.890","0.873","0.914","0.865","751.97K","1.90%"
"11/29/2012","0.873","0.865","0.881","0.865","1.17M","-0.94%"
"11/28/2012","0.881","0.914","0.914","0.865","530.89K","-3.64%"
"11/27/2012","0.914","0.914","0.931","0.906","147.65K","-0.90%"
"11/26/2012","0.923","0.881","0.956","0.881","504.72K","3.74%"
"11/25/2012","0.890","0.964","0.964","0.890","1.24M","-9.32%"
"11/22/2012","0.981","0.981","0.989","0.973","378.07K","0.00%"
"11/21/2012","0.981","0.998","0.998","0.973","377.59K","0.00%"
"11/20/2012","0.981","0.973","0.998","0.973","280.43K","-0.84%"
"11/19/2012","0.989","0.998","0.998","0.981","353.42K","-0.83%"
"11/18/2012","0.998","0.998","1.006","0.998","516.17K","0.00%"
"11/14/2012","0.998","1.006","1.006","0.998","272.98K","-0.83%"
"11/13/2012","1.006","1.006","1.014","0.998","125.93K","0.00%"
"11/12/2012","1.006","1.006","1.006","0.998","76.33K","0.83%"
"11/11/2012","0.998","0.998","1.006","0.998","139.68K","-0.83%"
"11/08/2012","1.006","1.006","1.014","0.998","186.03K","0.00%"
"11/07/2012","1.006","1.006","1.014","0.998","429.71K","0.00%"
"11/06/2012","1.006","1.006","1.014","0.998","144.07K","1.68%"
"11/05/2012","0.989","0.989","0.998","0.981","228.48K","0.00%"
"11/04/2012","0.989","0.998","1.006","0.989","390.83K","-2.46%"
"11/01/2012","1.014","1.047","1.047","0.973","1.10M","-3.17%"
"10/31/2012","1.047","1.047","1.056","1.039","377.59K","0.00%"
"10/30/2012","1.047","1.056","1.056","1.039","184.02K","-1.56%"
"10/29/2012","1.064","1.047","1.072","1.047","302.55K","1.59%"
"10/24/2012","1.047","1.047","1.056","1.047","85.17K","0.80%"
"10/23/2012","1.039","1.047","1.047","1.031","217.85K","-0.79%"
"10/22/2012","1.047","1.047","1.056","1.039","824.93K","0.80%"
"10/21/2012","1.039","1.047","1.047","1.039","693.69K","-1.57%"
"10/18/2012","1.056","1.064","1.072","1.039","844.82K","-1.55%"
"10/17/2012","1.072","1.081","1.089","1.056","787.22K","0.00%"
"10/16/2012","1.072","1.072","1.081","1.072","241.73K","-0.77%"
"10/15/2012","1.081","1.106","1.106","1.064","1.41M","-2.26%"
"10/14/2012","1.106","1.072","1.114","1.072","582.99K","2.31%"
"10/11/2012","1.081","1.089","1.097","1.081","174.20K","-0.76%"
"10/10/2012","1.089","1.089","1.097","1.081","157.49K","1.55%"
"10/09/2012","1.072","1.056","1.097","1.056","583.45K","1.57%"
"10/08/2012","1.056","1.064","1.064","1.056","384.63K","-1.55%"
"10/04/2012","1.072","1.064","1.097","1.064","903.97K","1.57%"
"10/03/2012","1.056","1.056","1.072","1.056","603.21K","-0.78%"
"10/02/2012","1.064","1.081","1.089","1.047","1.43M","-2.29%"
"10/01/2012","1.089","1.106","1.106","1.081","1.10M","-1.50%"
"09/30/2012","1.106","1.114","1.114","1.106","34.24K","-0.75%"
"09/27/2012","1.114","1.114","1.122","1.106","698.51K","0.00%"
"09/26/2012","1.114","1.122","1.122","1.106","420.59K","-0.74%"
"09/25/2012","1.122","1.114","1.131","1.106","854.18K","0.75%"
"09/24/2012","1.114","1.097","1.122","1.097","829.65K","1.52%"
"09/23/2012","1.097","1.106","1.122","1.089","882.14K","-0.75%"
"09/20/2012","1.106","1.097","1.122","1.089","533.53K","0.00%"
"09/19/2012","1.106","1.106","1.114","1.089","1.13M","0.76%"
"09/18/2012","1.097","1.106","1.114","1.097","1.14M","-1.49%"
"09/17/2012","1.114","1.114","1.122","1.106","590.96K","0.75%"
"09/16/2012","1.106","1.114","1.122","1.097","758.42K","0.76%"
"09/13/2012","1.097","1.106","1.106","1.081","1.13M","-1.49%"
"09/12/2012","1.114","1.139","1.139","1.097","593.22K","0.00%"
"09/11/2012","1.114","1.056","1.147","1.056","2.90M","6.35%"
"09/10/2012","1.047","1.047","1.056","1.039","381.10K","0.00%"
"09/09/2012","1.047","1.056","1.064","1.047","77.74K","-0.79%"
"09/06/2012","1.056","1.047","1.064","1.047","649.79K","0.79%"
"09/05/2012","1.047","1.047","1.056","1.047","570.57K","-0.79%"
"09/04/2012","1.056","1.072","1.072","1.047","582.32K","-0.78%"
"09/03/2012","1.064","1.056","1.064","1.056","210.24K","0.00%"
"09/02/2012","1.064","1.064","1.064","1.056","343.85K","0.79%"
"08/30/2012","1.056","1.047","1.064","1.047","598.62K","0.79%"
"08/29/2012","1.047","1.047","1.047","1.039","195.66K","-0.79%"
"08/28/2012","1.056","1.064","1.064","1.047","815.40K","0.00%"
"08/27/2012","1.056","1.056","1.064","1.047","541.02K","-0.78%"
"08/26/2012","1.064","1.072","1.072","1.056","384.03K","0.79%"
"08/23/2012","1.056","1.047","1.064","1.039","1.04M","1.60%"
"08/22/2012","1.039","1.039","1.047","1.031","117.96K","0.81%"
"08/21/2012","1.031","1.039","1.039","1.031","235.01K","-0.80%"
"08/16/2012","1.039","1.039","1.047","1.031","185.41K","0.00%"
"08/15/2012","1.039","1.039","1.039","1.031","372.38K","0.00%"
"08/14/2012","1.039","1.031","1.047","1.023","988.91K","1.63%"
"08/13/2012","1.023","1.006","1.031","1.006","814.53K","0.82%"
"08/12/2012","1.014","1.006","1.023","1.006","206.10K","0.83%"
"08/09/2012","1.006","0.998","1.006","0.989","326.98K","-1.63%"
"08/08/2012","1.023","1.014","1.031","1.006","702.59K","0.00%"
"08/07/2012","1.023","1.031","1.031","1.014","579.54K","0.00%"
"08/06/2012","1.023","1.014","1.031","1.014","482.27K","-0.81%"
"08/05/2012","1.031","1.023","1.039","1.014","708.43K","0.00%"
"08/02/2012","1.031","1.023","1.039","1.023","403.83K","0.00%"
"08/01/2012","1.031","1.023","1.047","1.014","1.09M","2.48%"
"07/31/2012","1.006","0.989","1.023","0.989","1.33M","1.68%"
"07/30/2012","0.989","0.981","0.989","0.981","127.85K","0.00%"
"07/29/2012","0.989","0.989","0.989","0.989","63.15K","0.00%"
"07/26/2012","0.989","0.981","0.998","0.973","519.24K","0.00%"
"07/25/2012","0.989","0.981","0.989","0.981","410.27K","0.00%"
"07/24/2012","0.989","0.998","1.006","0.981","599.58K","-0.83%"
"07/22/2012","0.998","0.964","0.998","0.964","515.82K","0.84%"
"07/19/2012","0.989","0.989","0.998","0.981","304.63K","0.00%"
"07/18/2012","0.989","0.989","0.998","0.973","1.14M","1.71%"
"07/17/2012","0.973","0.956","0.989","0.956","1.22M","1.74%"
"07/16/2012","0.956","0.948","0.964","0.948","274.55K","0.88%"
"07/15/2012","0.948","0.956","0.956","0.939","86.18K","0.00%"
"07/12/2012","0.948","0.948","0.956","0.939","402.34K","0.88%"
"07/11/2012","0.939","0.931","0.948","0.931","320.85K","0.89%"
"07/10/2012","0.931","0.906","0.948","0.906","396.34K","-0.88%"
"07/09/2012","0.939","0.956","0.956","0.923","612.22K","-3.42%"
"07/08/2012","0.973","0.973","0.981","0.964","147.94K","0.00%"
"07/05/2012","0.973","0.973","0.981","0.964","333.72K","0.00%"
"07/04/2012","0.973","0.973","0.973","0.964","218.10K","0.00%"
"07/03/2012","0.973","0.989","0.989","0.964","354.09K","-1.68%"
"07/02/2012","0.989","0.981","0.998","0.973","969.88K","2.59%"
"06/28/2012","0.964","0.939","0.981","0.939","614.50K","1.75%"
"06/27/2012","0.948","0.948","0.964","0.931","651.55K","-0.87%"
"06/26/2012","0.956","0.956","0.973","0.939","2.16M","2.68%"
"06/25/2012","0.931","0.890","0.948","0.890","1.81M","7.69%"
"06/24/2012","0.865","0.848","0.881","0.848","740.47K","2.97%"
"06/21/2012","0.840","0.840","0.848","0.840","317.89K","0.00%"
"06/20/2012","0.840","0.840","0.856","0.831","354.88K","0.00%"
"06/19/2012","0.840","0.865","0.873","0.815","1.15M","-3.81%"
"06/18/2012","0.873","0.881","0.881","0.856","155.42K","0.00%"
"06/14/2012","0.873","0.873","0.881","0.865","557.35K","0.00%"
"06/13/2012","0.873","0.881","0.881","0.865","588.90K","-1.87%"
"06/12/2012","0.890","0.873","0.898","0.873","184.37K","0.94%"
"06/11/2012","0.881","0.890","0.898","0.873","355.01K","-1.85%"
"06/10/2012","0.898","0.898","0.898","0.890","192.45K","0.93%"
"06/07/2012","0.890","0.890","0.890","0.881","251.41K","0.00%"
"06/06/2012","0.890","0.898","0.906","0.881","405.87K","0.00%"
"06/05/2012","0.890","0.898","0.898","0.881","796.62K","-1.83%"
"06/04/2012","0.906","0.914","0.914","0.898","350.08K","0.00%"
"06/03/2012","0.906","0.906","0.914","0.898","374.69K","-1.80%"
"05/31/2012","0.923","0.890","0.939","0.890","2.32M","2.78%"
"05/30/2012","0.898","0.890","0.914","0.890","815.91K","1.89%"
"05/29/2012","0.881","0.881","0.890","0.873","730.59K","-0.93%"
"05/28/2012","0.890","0.914","0.914","0.881","473.66K","-1.83%"
"05/27/2012","0.906","0.923","0.931","0.898","641.82K","-2.68%"
"05/24/2012","0.931","0.923","0.939","0.923","325.28K","1.82%"
"05/23/2012","0.914","0.890","0.948","0.890","1.81M","1.85%"
"05/22/2012","0.898","0.906","0.906","0.881","686.20K","0.00%"
"05/21/2012","0.898","0.890","0.914","0.881","750.69K","2.86%"
"05/20/2012","0.873","0.890","0.890","0.865","293.92K","-0.94%"
"05/17/2012","0.881","0.898","0.898","0.865","828.91K","-1.85%"
"05/16/2012","0.898","0.906","0.906","0.898","675.55K","-0.92%"
"05/15/2012","0.906","0.914","0.914","0.898","731.32K","-0.91%"
"05/14/2012","0.914","0.914","0.923","0.906","317.80K","0.00%"
"05/13/2012","0.914","0.914","0.923","0.906","185.29K","0.92%"
"05/10/2012","0.906","0.914","0.914","0.898","310.09K","-0.91%"
"05/09/2012","0.914","0.914","0.914","0.906","315.24K","-0.90%"
"05/08/2012","0.923","0.931","0.931","0.923","227.58K","0.00%"
"05/07/2012","0.923","0.923","0.931","0.914","629.17K","0.00%"
"05/06/2012","0.923","0.906","0.931","0.906","257.92K","0.91%"
"05/03/2012","0.914","0.914","0.914","0.906","233.80K","0.00%"
"05/02/2012","0.914","0.914","0.923","0.906","504.36K","-0.90%"
"04/30/2012","0.923","0.914","0.939","0.914","650.73K","0.91%"
"04/29/2012","0.914","0.914","0.914","0.914","94.63K","-0.90%"
"04/26/2012","0.923","0.914","0.923","0.914","109.33K","0.00%"
"04/24/2012","0.923","0.923","0.931","0.898","1.35M","0.00%"
"04/23/2012","0.923","0.923","0.939","0.914","1.18M","0.91%"
"04/22/2012","0.914","0.906","0.923","0.898","278.94K","0.92%"
"04/19/2012","0.906","0.906","0.906","0.898","196.80K","0.00%"
"04/18/2012","0.906","0.898","0.906","0.898","91.59K","1.87%"
"04/17/2012","0.890","0.906","0.906","0.890","340.31K","-1.83%"
"04/12/2012","0.906","0.914","0.923","0.890","500.98K","0.00%"
"04/11/2012","0.906","0.898","0.914","0.890","339.72K","0.93%"
"04/10/2012","0.898","0.898","0.906","0.881","1.00M","-1.82%"
"04/09/2012","0.914","0.931","0.939","0.898","472.44K","-1.79%"
"04/08/2012","0.931","0.931","0.939","0.923","155.98K","-0.88%"
"04/05/2012","0.939","0.939","0.948","0.931","106.55K","0.00%"
"04/04/2012","0.939","0.939","0.948","0.931","255.59K","0.00%"
"04/03/2012","0.939","0.939","0.948","0.939","93.94K","-0.88%"
"04/02/2012","0.948","0.931","0.956","0.931","491.60K","1.79%"
"04/01/2012","0.931","0.939","0.948","0.931","160.29K","-1.75%"
"03/29/2012","0.948","0.948","0.956","0.939","477.58K","0.00%"
"03/28/2012","0.948","0.939","0.948","0.939","355.33K","0.00%"
"03/27/2012","0.948","0.939","0.956","0.923","1.66M","1.79%"
"03/26/2012","0.931","0.923","0.948","0.914","818.94K","0.00%"
"03/25/2012","0.931","0.939","0.948","0.923","891.14K","-2.61%"
"03/22/2012","0.956","0.956","0.956","0.939","680.15K","0.00%"
"03/21/2012","0.956","0.964","0.964","0.956","530.54K","0.88%"
"03/20/2012","0.948","0.939","0.973","0.931","748.98K","-4.20%"
"03/19/2012","0.989","0.998","0.998","0.981","549.56K","0.00%"
"03/18/2012","0.989","0.956","1.014","0.956","221.88K","-1.65%"
"03/15/2012","1.006","0.981","1.014","0.981","2.30M","4.31%"
"03/14/2012","0.964","0.923","0.973","0.923","765.73K","0.00%"
"03/13/2012","0.964","0.981","0.981","0.956","1.01M","-0.85%"
"03/12/2012","0.973","0.973","0.989","0.964","674.70K","-0.85%"
"03/11/2012","0.981","0.998","0.998","0.973","1.59M","-0.84%"
"03/08/2012","0.989","0.998","1.006","0.981","1.21M","-1.65%"
"03/07/2012","1.006","1.014","1.023","0.998","706.40K","-1.63%"
"03/06/2012","1.023","1.023","1.031","1.014","903.22K","0.82%"
"03/05/2012","1.014","0.998","1.023","0.998","336.40K","0.83%"
"03/04/2012","1.006","1.023","1.023","0.998","613.10K","-1.63%"
"03/01/2012","1.023","1.031","1.031","1.014","698.27K","-0.81%"
"02/29/2012","1.031","1.014","1.039","1.014","809.51K","1.64%"
"02/28/2012","1.014","1.014","1.023","0.998","918.35K","0.00%"
"02/27/2012","1.014","1.023","1.023","1.006","234.01K","-0.81%"
"02/26/2012","1.023","1.023","1.031","1.006","594.80K","2.50%"
"02/23/2012","0.998","0.964","1.023","0.964","2.82M","4.35%"
"02/22/2012","0.956","0.956","0.973","0.948","418.69K","-0.86%"
"02/21/2012","0.964","0.981","0.981","0.948","642.97K","-1.69%"
"02/20/2012","0.981","1.006","1.014","0.956","1.66M","-0.84%"
"02/19/2012","0.989","0.964","1.006","0.964","1.43M","3.48%"
"02/16/2012","0.956","0.956","0.964","0.939","844.43K","0.00%"
"02/15/2012","0.956","0.989","0.989","0.939","1.11M","-1.71%"
"02/14/2012","0.973","0.981","0.998","0.939","1.83M","-0.85%"
"02/13/2012","0.981","0.973","0.989","0.964","1.96M","3.51%"
"02/12/2012","0.948","0.923","0.964","0.923","1.85M","1.79%"
"02/09/2012","0.931","0.948","0.948","0.923","845.78K","-0.88%"
"02/08/2012","0.939","0.923","0.956","0.914","1.35M","3.67%"
"02/07/2012","0.906","0.890","0.923","0.890","1.14M","1.87%"
"02/06/2012","0.890","0.873","0.898","0.873","707.12K","-0.93%"
"02/02/2012","0.898","0.873","0.914","0.873","763.10K","-3.57%"
"02/01/2012","0.931","0.939","0.948","0.914","744.46K","0.00%"
"01/31/2012","0.931","0.914","0.948","0.906","2.08M","3.70%"
"01/30/2012","0.898","0.890","0.914","0.890","843.65K","-1.82%"
"01/29/2012","0.914","0.914","0.931","0.890","1.44M","0.92%"
"01/26/2012","0.906","0.890","0.923","0.881","2.48M","3.81%"
"01/24/2012","0.873","0.848","0.890","0.840","2.34M","2.94%"
"01/23/2012","0.848","0.840","0.856","0.840","545.72K","0.99%"
"01/22/2012","0.840","0.856","0.856","0.831","553.72K","-0.98%"
"01/19/2012","0.848","0.848","0.865","0.840","545.37K","-0.97%"
"01/18/2012","0.856","0.873","0.873","0.840","1.23M","-0.96%"
"01/17/2012","0.865","0.840","0.881","0.840","2.01M","2.97%"
"01/16/2012","0.840","0.840","0.848","0.823","1.08M","1.00%"
"01/15/2012","0.831","0.798","0.856","0.798","1.90M","4.17%"
"01/12/2012","0.798","0.790","0.806","0.790","1.33M","1.05%"
"01/11/2012","0.790","0.790","0.806","0.781","744.40K","1.06%"
"01/10/2012","0.781","0.781","0.798","0.773","1.40M","0.00%"
"01/09/2012","0.781","0.798","0.798","0.773","1.11M","-2.08%"
"01/05/2012","0.798","0.798","0.806","0.798","187.65K","0.00%"
"01/04/2012","0.798","0.798","0.806","0.790","251.91K","0.00%"
"01/03/2012","0.798","0.815","0.815","0.798","731.90K","-2.04%"
"01/02/2012","0.815","0.815","0.823","0.815","95.53K","0.00%"
"12/29/2011","0.815","0.815","0.823","0.806","376.32K","2.08%"
"12/28/2011","0.798","0.806","0.815","0.790","958.14K","0.00%"
"12/27/2011","0.798","0.798","0.806","0.790","434.00K","0.00%"
"12/26/2011","0.798","0.815","0.815","0.798","330.30K","-2.04%"
"12/25/2011","0.815","0.806","0.823","0.798","443.29K","3.16%"
"12/22/2011","0.790","0.798","0.806","0.781","1.24M","-2.06%"
"12/21/2011","0.806","0.806","0.815","0.790","487.86K","0.00%"
"12/20/2011","0.806","0.831","0.831","0.798","676.22K","-3.00%"
"12/19/2011","0.831","0.831","0.840","0.823","350.05K","0.00%"
"12/18/2011","0.831","0.848","0.848","0.815","618.93K","-2.91%"
"12/15/2011","0.856","0.865","0.873","0.856","658.55K","-1.90%"
"12/14/2011","0.873","0.873","0.881","0.865","357.41K","0.00%"
"12/13/2011","0.873","0.865","0.881","0.865","382.29K","0.96%"
"12/12/2011","0.865","0.881","0.881","0.856","696.32K","-3.70%"
"12/11/2011","0.898","0.865","0.914","0.865","479.63K","0.93%"
"12/08/2011","0.890","0.881","0.906","0.881","353.08K","0.94%"
"12/07/2011","0.881","0.873","0.906","0.873","1.64M","1.92%"
"12/06/2011","0.865","0.840","0.873","0.840","988.13K","2.97%"
"12/05/2011","0.840","0.840","0.848","0.831","160.99K","-0.98%"
"12/04/2011","0.848","0.856","0.856","0.840","209.22K","-0.97%"
"12/01/2011","0.856","0.865","0.865","0.848","321.81K","0.98%"
"11/30/2011","0.848","0.856","0.865","0.831","853.58K","2.00%"
"11/29/2011","0.831","0.856","0.856","0.798","1.64M","6.38%"
"11/24/2011","0.781","0.748","0.790","0.748","1.13M","0.00%"
"11/23/2011","0.781","0.765","0.798","0.765","1.25M","0.00%"
"11/22/2011","0.781","0.790","0.790","0.765","614.17K","-2.08%"
"11/21/2011","0.798","0.806","0.806","0.790","636.90K","-2.04%"
"11/20/2011","0.815","0.823","0.823","0.806","526.49K","-2.00%"
"11/17/2011","0.831","0.831","0.831","0.823","1.18M","0.00%"
"11/16/2011","0.831","0.831","0.831","0.823","683.04K","0.00%"
"11/15/2011","0.831","0.831","0.840","0.823","162.62K","1.01%"
"11/14/2011","0.823","0.840","0.840","0.823","558.28K","-1.98%"
"11/13/2011","0.840","0.848","0.848","0.831","209.29K","-0.98%"
"11/10/2011","0.848","0.848","0.856","0.848","35.34K","-0.97%"
"11/09/2011","0.856","0.865","0.865","0.848","173.46K","0.00%"
"11/03/2011","0.856","0.848","0.865","0.848","317.72K","0.98%"
"11/02/2011","0.848","0.848","0.856","0.848","179.70K","0.00%"
"11/01/2011","0.848","0.856","0.856","0.840","671.57K","-0.97%"
"10/31/2011","0.856","0.856","0.865","0.848","506.84K","-0.96%"
"10/30/2011","0.865","0.865","0.865","0.856","218.57K","0.97%"
"10/27/2011","0.856","0.856","0.865","0.848","332.12K","0.98%"
"10/26/2011","0.848","0.848","0.856","0.848","203.59K","0.00%"
"10/25/2011","0.848","0.856","0.856","0.840","372.89K","-0.97%"
"10/24/2011","0.856","0.848","0.856","0.848","389.53K","0.98%"
"10/23/2011","0.848","0.848","0.856","0.848","160.55K","0.00%"
"10/20/2011","0.848","0.848","0.848","0.840","339.94K","0.00%"
"10/19/2011","0.848","0.848","0.856","0.840","436.83K","0.99%"
"10/18/2011","0.840","0.840","0.848","0.831","306.18K","-0.98%"
"10/17/2011","0.848","0.848","0.856","0.840","394.76K","0.00%"
"10/16/2011","0.848","0.856","0.856","0.840","399.79K","0.99%"
"10/13/2011","0.840","0.815","0.848","0.815","1.47M","3.06%"
"10/12/2011","0.815","0.815","0.823","0.806","445.44K","1.03%"
"10/11/2011","0.806","0.806","0.815","0.798","1.06M","1.04%"
"10/10/2011","0.798","0.798","0.806","0.781","1.31M","-2.04%"
"10/09/2011","0.815","0.823","0.831","0.806","470.13K","-1.01%"
"10/05/2011","0.823","0.840","0.848","0.798","1.46M","-1.98%"
"10/04/2011","0.840","0.831","0.848","0.831","451.36K","0.00%"
"10/03/2011","0.840","0.848","0.848","0.840","396.77K","-0.98%"
"10/02/2011","0.848","0.848","0.865","0.848","139.68K","0.99%"
"09/29/2011","0.840","0.840","0.856","0.831","744.70K","1.00%"
"09/28/2011","0.831","0.856","0.856","0.823","1.41M","-3.85%"
"09/27/2011","0.865","0.881","0.881","0.856","539.46K","-0.95%"
"09/26/2011","0.873","0.873","0.881","0.865","1.52M","-0.94%"
"09/25/2011","0.881","0.881","0.898","0.856","703.85K","0.00%"
"09/22/2011","0.881","0.890","0.906","0.873","440.55K","-1.85%"
"09/21/2011","0.898","0.914","0.914","0.881","459.95K","-1.82%"
"09/20/2011","0.914","0.898","0.923","0.890","466.56K","1.85%"
"09/19/2011","0.898","0.890","0.906","0.881","286.65K","1.89%"
"09/18/2011","0.881","0.906","0.906","0.873","290.57K","-1.85%"
"09/15/2011","0.898","0.923","0.923","0.865","1.46M","-2.70%"
"09/14/2011","0.923","0.931","0.939","0.914","507.05K","-0.89%"
"09/13/2011","0.931","0.939","0.939","0.923","348.36K","-1.75%"
"09/12/2011","0.948","0.956","0.956","0.931","306.05K","-0.87%"
"09/11/2011","0.956","0.956","0.964","0.948","385.08K","-0.86%"
"09/08/2011","0.964","0.964","0.973","0.964","130.32K","0.00%"
"09/07/2011","0.964","0.964","0.973","0.956","304.66K","0.00%"
"09/06/2011","0.964","0.956","0.981","0.948","448.87K","0.00%"
"09/05/2011","0.964","0.956","0.973","0.956","523.44K","0.00%"
"09/04/2011","0.964","0.964","0.964","0.956","223.41K","0.87%"
"08/29/2011","0.956","0.956","0.973","0.956","328.08K","0.88%"
"08/28/2011","0.948","0.948","0.964","0.939","333.73K","0.00%"
"08/25/2011","0.948","0.948","0.964","0.939","463.03K","0.00%"
"08/24/2011","0.948","0.948","0.956","0.939","421.81K","0.00%"
"08/23/2011","0.948","0.948","0.956","0.939","445.31K","0.88%"
"08/22/2011","0.939","0.948","0.948","0.931","326.57K","0.00%"
"08/21/2011","0.939","0.964","0.964","0.931","330.55K","-2.59%"
"08/18/2011","0.964","0.956","0.981","0.948","602.75K","0.87%"
"08/17/2011","0.956","0.939","0.964","0.939","602.93K","1.77%"
"08/16/2011","0.939","0.939","0.948","0.923","473.46K","0.00%"
"08/15/2011","0.939","0.931","0.948","0.931","288.27K","0.89%"
"08/14/2011","0.931","0.939","0.939","0.923","115.13K","1.82%"
"08/11/2011","0.914","0.931","0.931","0.906","507.32K","-0.90%"
"08/10/2011","0.923","0.989","0.989","0.914","826.14K","1.83%"
"08/09/2011","0.906","0.931","0.931","0.873","1.12M","-4.39%"
"08/08/2011","0.948","0.981","0.981","0.931","722.50K","-3.39%"
"08/07/2011","0.981","0.989","0.989","0.973","446.22K","-2.48%"
"08/04/2011","1.006","1.014","1.014","0.998","387.21K","0.83%"
"08/03/2011","0.998","1.014","1.014","0.989","956.06K","-1.64%"
"08/02/2011","1.014","1.031","1.031","0.998","452.37K","-2.40%"
"08/01/2011","1.039","1.023","1.047","1.023","492.52K","2.46%"
"07/31/2011","1.014","1.006","1.023","1.006","164.24K","0.83%"
"07/28/2011","1.006","1.006","1.014","0.998","509.11K","0.83%"
"07/27/2011","0.998","0.998","0.998","0.989","193.05K","-0.83%"
"07/26/2011","1.006","1.014","1.023","0.989","410.84K","-0.82%"
"07/25/2011","1.014","1.006","1.023","0.998","399.23K","0.00%"
"07/21/2011","1.014","1.014","1.023","1.006","129.26K","0.83%"
"07/20/2011","1.006","1.014","1.023","1.006","294.20K","-1.63%"
"07/19/2011","1.023","1.023","1.023","1.006","410.80K","0.00%"
"07/18/2011","1.023","1.031","1.031","1.014","607.35K","-0.81%"
"07/17/2011","1.031","1.023","1.039","1.023","911.98K","1.64%"
"07/14/2011","1.014","1.014","1.023","0.998","903.18K","0.00%"
"07/13/2011","1.014","1.023","1.023","1.006","315.12K","2.52%"
"07/12/2011","0.989","0.989","1.023","0.973","924.75K","-0.83%"
"07/11/2011","0.998","1.014","1.014","0.981","930.39K","-2.44%"
"07/10/2011","1.023","1.023","1.047","1.014","402.38K","-1.60%"
"07/07/2011","1.039","1.014","1.047","1.014","389.32K","2.46%"
"07/06/2011","1.014","1.047","1.047","1.006","987.55K","-3.17%"
"07/05/2011","1.047","1.056","1.056","1.031","870.57K","-1.56%"
"07/04/2011","1.064","1.064","1.072","1.047","501.52K","-0.78%"
"07/03/2011","1.072","1.072","1.081","1.064","134.67K","0.00%"
"06/30/2011","1.072","1.072","1.089","1.064","637.95K","0.78%"
"06/29/2011","1.064","1.081","1.081","1.056","424.12K","-1.54%"
"06/28/2011","1.081","1.081","1.097","1.072","553.21K","-0.76%"
"06/27/2011","1.089","1.097","1.106","1.072","1.66M","-1.50%"
"06/26/2011","1.106","1.114","1.114","1.097","299.89K","0.00%"
"06/23/2011","1.106","1.097","1.114","1.097","839.15K","0.76%"
"06/22/2011","1.097","1.089","1.106","1.089","255.24K","0.00%"
"06/21/2011","1.097","1.106","1.106","1.089","465.60K","-1.49%"
"06/20/2011","1.114","1.122","1.122","1.097","677.97K","-1.47%"
"06/19/2011","1.131","1.131","1.131","1.122","305.07K","0.74%"
"06/16/2011","1.122","1.122","1.131","1.114","1.93M","-0.74%"
"06/15/2011","1.131","1.131","1.131","1.122","534.99K","0.00%"
"06/14/2011","1.131","1.122","1.131","1.122","528.48K","0.00%"
"06/13/2011","1.131","1.131","1.139","1.122","348.96K","0.00%"
"06/12/2011","1.131","1.122","1.139","1.122","245.60K","0.74%"
"06/09/2011","1.122","1.131","1.131","1.114","1.11M","-0.74%"
"06/08/2011","1.131","1.131","1.139","1.114","1.00M","0.00%"
"06/07/2011","1.131","1.147","1.147","1.122","832.89K","-0.73%"
"06/06/2011","1.139","1.147","1.147","1.131","240.23K","-0.72%"
"06/05/2011","1.147","1.147","1.156","1.139","331.16K","1.47%"
"06/02/2011","1.131","1.147","1.147","1.122","1.11M","-2.16%"
"06/01/2011","1.156","1.156","1.164","1.147","184.17K","0.00%"
"05/31/2011","1.156","1.139","1.172","1.131","2.52M","0.72%"
"05/30/2011","1.147","1.156","1.156","1.131","1.26M","-0.72%"
"05/29/2011","1.156","1.147","1.164","1.139","1.39M","2.21%"
"05/26/2011","1.131","1.131","1.147","1.131","1.38M","0.00%"
"05/25/2011","1.131","1.114","1.139","1.114","1.90M","1.49%"
"05/24/2011","1.114","1.114","1.131","1.097","959.68K","0.00%"
"05/23/2011","1.114","1.122","1.147","1.089","2.77M","1.52%"
"05/22/2011","1.097","1.072","1.122","1.072","2.18M","2.33%"
"05/19/2011","1.072","1.064","1.081","1.064","305.87K","0.78%"
"05/18/2011","1.064","1.072","1.072","1.056","711.33K","-0.78%"
"05/17/2011","1.072","1.056","1.081","1.047","740.60K","0.78%"
"05/16/2011","1.064","1.064","1.072","1.047","581.40K","0.00%"
"05/15/2011","1.064","1.047","1.081","1.039","546.93K","2.40%"
"05/12/2011","1.039","1.056","1.056","1.039","1.05M","-0.79%"
"05/11/2011","1.047","1.047","1.056","1.039","223.94K","0.00%"
"05/10/2011","1.047","1.056","1.056","1.047","217.33K","0.80%"
"05/09/2011","1.039","1.047","1.056","1.039","655.90K","-0.79%"
"05/08/2011","1.047","1.081","1.081","1.031","1.12M","-2.33%"
"05/05/2011","1.072","1.081","1.081","1.064","418.94K","-0.77%"
"05/04/2011","1.081","1.097","1.097","1.072","401.09K","-1.52%"
"05/03/2011","1.097","1.081","1.106","1.081","1.30M","2.33%"
"05/02/2011","1.072","1.064","1.081","1.056","683.49K","1.57%"
"04/28/2011","1.056","1.056","1.064","1.047","1.05M","0.00%"
"04/27/2011","1.056","1.064","1.064","1.047","654.12K","-0.78%"
"04/26/2011","1.064","1.064","1.072","1.056","305.99K","-0.78%"
"04/21/2011","1.072","1.056","1.081","1.039","830.02K","2.38%"
"04/20/2011","1.047","1.039","1.072","1.014","2.35M","0.00%"
"04/19/2011","1.047","1.031","1.056","1.031","940.86K","4.13%"
"04/18/2011","1.006","1.023","1.039","0.981","1.99M","-1.63%"
"04/17/2011","1.023","1.047","1.106","1.006","3.78M","-8.21%"
"04/14/2011","1.114","1.147","1.147","1.097","749.63K","-0.74%"
"04/13/2011","1.122","1.106","1.147","1.097","1.06M","3.05%"
"04/12/2011","1.089","1.097","1.106","1.072","832.33K","-2.24%"
"04/11/2011","1.114","1.139","1.147","1.089","1.19M","-2.19%"
"04/10/2011","1.139","1.147","1.147","1.131","227.06K","-1.44%"
"04/07/2011","1.156","1.147","1.164","1.131","831.67K","1.46%"
"04/06/2011","1.139","1.172","1.172","1.122","1.12M","-2.14%"
"04/05/2011","1.164","1.147","1.189","1.147","1.15M","1.45%"
"04/04/2011","1.147","1.164","1.164","1.139","476.80K","-1.43%"
"04/03/2011","1.164","1.147","1.172","1.139","507.37K","1.45%"
"03/31/2011","1.147","1.164","1.164","1.139","1.02M","-1.43%"
"03/30/2011","1.164","1.164","1.180","1.139","1.63M","2.19%"
"03/29/2011","1.139","1.139","1.189","1.097","3.26M","2.24%"
"03/28/2011","1.114","1.122","1.122","1.081","3.61M","8.94%"
"03/27/2011","1.023","1.023","1.023","1.023","51.84K","9.82%"
"03/24/2011","0.931","0.856","1.039","0.856","3.98M","-1.75%"
"03/23/2011","0.948","0.948","0.948","0.948","941.41K","-9.52%"
"01/27/2011","1.047","1.156","1.164","0.989","2.59M","-13.70%"
"01/26/2011","1.214","1.297","1.297","1.114","3.94M","-8.18%"
"01/24/2011","1.322","1.330","1.347","1.313","1.07M","-0.62%"
"01/23/2011","1.330","1.347","1.347","1.305","505.87K","-1.23%"
"01/20/2011","1.347","1.322","1.355","1.322","1.44M","3.18%"
"01/19/2011","1.305","1.297","1.338","1.289","1.45M","-2.48%"
"01/18/2011","1.338","1.388","1.397","1.255","2.80M","-3.59%"
"01/17/2011","1.388","1.422","1.430","1.363","2.24M","-2.34%"
"01/16/2011","1.422","1.446","1.446","1.413","1.05M","-1.72%"
"01/13/2011","1.446","1.438","1.463","1.430","1.43M","1.16%"
"01/12/2011","1.430","1.438","1.438","1.422","352.24K","0.00%"
"01/11/2011","1.430","1.438","1.438","1.422","1.28M","-1.15%"
"01/10/2011","1.446","1.455","1.455","1.430","2.29M","-1.14%"
"01/06/2011","1.463","1.463","1.471","1.446","971.91K","-1.12%"
"01/05/2011","1.480","1.480","1.488","1.455","1.24M","0.56%"
"01/04/2011","1.471","1.446","1.505","1.446","4.54M","1.72%"
"01/03/2011","1.446","1.422","1.463","1.413","1.05M","1.75%"
"01/02/2011","1.422","1.413","1.430","1.413","183.43K","0.59%"
"12/30/2010","1.413","1.413","1.422","1.405","519.09K","0.00%"
"12/29/2010","1.413","1.405","1.422","1.405","444.51K","0.00%"
"12/28/2010","1.413","1.405","1.413","1.405","363.85K","0.00%"
"12/27/2010","1.413","1.413","1.413","1.405","89.38K","0.00%"
"12/26/2010","1.413","1.413","1.430","1.405","223.56K","0.00%"
"12/23/2010","1.413","1.413","1.430","1.405","1.03M","0.00%"
"12/22/2010","1.413","1.422","1.430","1.405","383.97K","0.00%"
"12/21/2010","1.413","1.422","1.430","1.405","284.42K","0.00%"
"12/20/2010","1.413","1.422","1.430","1.405","738.21K","-1.16%"
"12/19/2010","1.430","1.430","1.446","1.422","564.64K","-1.15%"
"12/16/2010","1.446","1.422","1.455","1.422","2.06M","1.75%"
"12/15/2010","1.422","1.422","1.430","1.405","848.94K","-0.58%"
"12/14/2010","1.430","1.430","1.438","1.422","415.34K","0.58%"
"12/13/2010","1.422","1.430","1.430","1.405","624.55K","1.18%"
"12/12/2010","1.405","1.430","1.430","1.397","367.56K","-1.17%"
"12/09/2010","1.422","1.422","1.430","1.405","462.05K","0.59%"
"12/08/2010","1.413","1.397","1.430","1.397","547.96K","1.80%"
"12/06/2010","1.388","1.397","1.397","1.380","486.96K","-0.60%"
"12/05/2010","1.397","1.397","1.405","1.380","393.35K","0.00%"
"12/02/2010","1.397","1.405","1.405","1.380","486.94K","0.00%"
"12/01/2010","1.397","1.388","1.405","1.380","443.21K","0.60%"
"11/30/2010","1.388","1.405","1.405","1.380","1.32M","-1.76%"
"11/29/2010","1.413","1.422","1.430","1.405","427.34K","0.00%"
"11/28/2010","1.413","1.430","1.430","1.397","1.01M","-1.16%"
"11/25/2010","1.430","1.413","1.446","1.405","1.59M","1.18%"
"11/24/2010","1.413","1.413","1.422","1.397","753.72K","0.00%"
"11/23/2010","1.413","1.430","1.430","1.397","1.65M","-1.16%"
"11/22/2010","1.430","1.438","1.446","1.422","1.21M","-1.15%"
"11/21/2010","1.446","1.463","1.471","1.430","638.61K","-0.57%"
"11/18/2010","1.455","1.422","1.471","1.422","534.69K","2.94%"
"11/14/2010","1.413","1.413","1.422","1.405","382.98K","-1.16%"
"11/11/2010","1.430","1.446","1.446","1.413","1.74M","-2.27%"
"11/10/2010","1.463","1.455","1.471","1.446","897.81K","0.00%"
"11/09/2010","1.463","1.471","1.480","1.455","589.26K","-1.12%"
"11/08/2010","1.480","1.480","1.488","1.471","225.41K","-0.56%"
"11/07/2010","1.488","1.471","1.496","1.471","72.78K","0.56%"
"11/04/2010","1.480","1.505","1.505","1.455","1.01M","-2.20%"
"11/03/2010","1.513","1.513","1.530","1.488","1.17M","2.25%"
"11/02/2010","1.480","1.422","1.530","1.422","3.41M","5.95%"
"11/01/2010","1.397","1.388","1.405","1.388","448.94K","0.00%"
"10/31/2010","1.397","1.397","1.405","1.388","84.92K","0.00%"
"10/28/2010","1.397","1.397","1.405","1.380","684.80K","0.00%"
"10/27/2010","1.397","1.405","1.413","1.380","472.39K","0.00%"
"10/26/2010","1.397","1.413","1.413","1.388","197.01K","-1.18%"
"10/25/2010","1.413","1.388","1.422","1.388","965.79K","3.03%"
"10/24/2010","1.372","1.388","1.397","1.363","171.54K","-0.60%"
"10/21/2010","1.380","1.380","1.388","1.372","288.49K","0.61%"
"10/20/2010","1.372","1.380","1.397","1.355","890.10K","-1.20%"
"10/19/2010","1.388","1.413","1.413","1.372","2.98M","-2.34%"
"10/18/2010","1.422","1.422","1.430","1.405","679.29K","-0.58%"
"10/17/2010","1.430","1.430","1.438","1.422","278.13K","-1.15%"
"10/14/2010","1.446","1.446","1.471","1.430","923.34K","0.58%"
"10/13/2010","1.438","1.438","1.455","1.413","1.18M","0.58%"
"10/12/2010","1.430","1.422","1.446","1.413","965.14K","1.78%"
"10/11/2010","1.405","1.413","1.422","1.388","712.20K","0.00%"
"10/10/2010","1.405","1.446","1.446","1.388","1.50M","-3.43%"
"10/07/2010","1.455","1.446","1.480","1.422","4.61M","6.06%"
"10/05/2010","1.372","1.372","1.388","1.355","512.33K","0.00%"
"10/04/2010","1.372","1.388","1.397","1.355","2.06M","-0.60%"
"10/03/2010","1.380","1.355","1.397","1.355","3.04M","4.40%"
"09/30/2010","1.322","1.305","1.355","1.297","6.07M","4.61%"
"09/29/2010","1.264","1.264","1.280","1.255","819.49K","0.00%"
"09/28/2010","1.264","1.264","1.272","1.264","460.06K","0.00%"
"09/27/2010","1.264","1.264","1.272","1.255","166.00K","-0.65%"
"09/26/2010","1.272","1.280","1.289","1.255","1.12M","0.00%"
"09/23/2010","1.272","1.264","1.280","1.264","725.76K","0.00%"
"09/22/2010","1.272","1.255","1.280","1.255","1.43M","0.66%"
"09/21/2010","1.264","1.255","1.264","1.255","561.27K","1.33%"
"09/20/2010","1.247","1.255","1.264","1.247","474.29K","-0.66%"
"09/19/2010","1.255","1.247","1.255","1.247","438.65K","0.67%"
"09/16/2010","1.247","1.247","1.255","1.239","616.28K","-0.66%"
"09/15/2010","1.255","1.255","1.272","1.239","1.19M","-1.31%"
"09/14/2010","1.272","1.289","1.289","1.255","922.52K","-0.65%"
"09/13/2010","1.280","1.272","1.297","1.272","761.93K","1.99%"
"09/08/2010","1.255","1.247","1.272","1.247","1.15M","0.67%"
"09/07/2010","1.247","1.255","1.255","1.239","662.83K","-0.66%"
"09/06/2010","1.255","1.264","1.272","1.247","1.14M","-0.66%"
"09/05/2010","1.264","1.280","1.289","1.247","782.35K","-0.65%"
"09/02/2010","1.272","1.264","1.280","1.255","285.79K","0.66%"
"09/01/2010","1.264","1.255","1.272","1.247","210.11K","1.33%"
"08/31/2010","1.247","1.247","1.264","1.230","799.96K","-0.66%"
"08/30/2010","1.255","1.247","1.255","1.247","366.43K","0.00%"
"08/29/2010","1.255","1.280","1.280","1.247","339.49K","-1.31%"
"08/26/2010","1.272","1.264","1.280","1.264","693.52K","1.32%"
"08/25/2010","1.255","1.255","1.264","1.239","567.81K","-1.31%"
"08/24/2010","1.272","1.264","1.289","1.264","353.73K","0.00%"
"08/23/2010","1.272","1.264","1.272","1.264","500.57K","1.32%"
"08/22/2010","1.255","1.264","1.264","1.247","71.54K","0.00%"
"08/19/2010","1.255","1.255","1.272","1.247","593.35K","-0.66%"
"08/18/2010","1.264","1.272","1.272","1.247","452.25K","-0.65%"
"08/17/2010","1.272","1.247","1.289","1.247","507.98K","2.00%"
"08/16/2010","1.247","1.247","1.247","1.230","262.99K","-0.66%"
"08/15/2010","1.255","1.272","1.272","1.239","424.10K","-1.31%"
"08/12/2010","1.272","1.272","1.280","1.264","250.35K","-0.65%"
"08/11/2010","1.280","1.289","1.297","1.272","403.64K","-0.65%"
"08/10/2010","1.289","1.289","1.297","1.280","282.50K","0.00%"
"08/09/2010","1.289","1.289","1.297","1.289","243.29K","0.00%"
"08/08/2010","1.289","1.297","1.305","1.272","747.43K","-1.27%"
"08/05/2010","1.305","1.297","1.322","1.297","749.32K","1.95%"
"08/04/2010","1.280","1.239","1.313","1.230","1.65M","3.36%"
"08/03/2010","1.239","1.255","1.264","1.230","424.57K","1.36%"
"08/02/2010","1.222","1.230","1.247","1.205","1.35M","-1.34%"
"08/01/2010","1.239","1.230","1.255","1.222","677.81K","2.05%"
"07/29/2010","1.214","1.189","1.230","1.189","310.23K","0.69%"
"07/28/2010","1.205","1.222","1.230","1.189","357.25K","-0.68%"
"07/27/2010","1.214","1.205","1.230","1.205","1.26M","2.82%"
"07/26/2010","1.180","1.172","1.189","1.164","470.31K","1.43%"
"07/25/2010","1.164","1.172","1.172","1.164","456.46K","0.72%"
"07/22/2010","1.156","1.147","1.164","1.147","278.69K","0.72%"
"07/21/2010","1.147","1.147","1.164","1.139","620.17K","0.00%"
"07/20/2010","1.147","1.164","1.164","1.131","568.56K","-0.72%"
"07/19/2010","1.156","1.156","1.164","1.147","333.05K","0.72%"
"07/18/2010","1.147","1.156","1.164","1.122","269.73K","-2.13%"
"07/15/2010","1.172","1.156","1.189","1.156","380.14K","-0.70%"
"07/14/2010","1.180","1.222","1.222","1.147","2.87M","-0.70%"
"07/13/2010","1.189","1.189","1.214","1.164","1.57M","0.00%"
"07/12/2010","1.189","1.247","1.247","1.156","1.34M","-4.67%"
"07/11/2010","1.247","1.247","1.255","1.222","466.96K","1.35%"
"07/08/2010","1.230","1.247","1.255","1.214","358.83K","0.00%"
"07/07/2010","1.230","1.255","1.264","1.205","632.81K","-1.99%"
"07/06/2010","1.255","1.264","1.280","1.239","1.75M","0.00%"
"07/05/2010","1.255","1.255","1.264","1.247","731.12K","-0.66%"
"07/04/2010","1.264","1.255","1.280","1.247","307.59K","-0.65%"
"06/30/2010","1.272","1.264","1.289","1.255","849.05K","-0.65%"
"06/29/2010","1.280","1.330","1.330","1.247","1.30M","-3.75%"
"06/28/2010","1.330","1.347","1.355","1.330","343.80K","-1.23%"
"06/27/2010","1.347","1.363","1.363","1.338","312.58K","-1.82%"
"06/24/2010","1.372","1.380","1.388","1.355","789.35K","0.00%"
"06/23/2010","1.372","1.372","1.405","1.363","1.39M","-0.60%"
"06/22/2010","1.380","1.388","1.388","1.372","236.48K","-1.78%"
"06/21/2010","1.405","1.413","1.422","1.388","915.34K","-0.59%"
"06/20/2010","1.413","1.397","1.422","1.388","1.20M","1.19%"
"06/17/2010","1.397","1.372","1.413","1.372","544.30K","0.60%"
"06/16/2010","1.388","1.397","1.397","1.380","201.83K","0.00%"
"06/15/2010","1.388","1.363","1.405","1.363","746.78K","0.60%"
"06/14/2010","1.380","1.388","1.388","1.363","130.23K","0.00%"
"06/13/2010","1.380","1.405","1.405","1.363","245.08K","0.00%"
"06/10/2010","1.380","1.388","1.388","1.372","392.35K","-1.78%"
"06/09/2010","1.405","1.405","1.422","1.388","440.88K","0.00%"
"06/08/2010","1.405","1.405","1.430","1.372","1.70M","2.42%"
"06/07/2010","1.372","1.355","1.405","1.330","1.64M","1.23%"
"06/06/2010","1.355","1.347","1.372","1.322","556.13K","-1.81%"
"06/03/2010","1.380","1.372","1.397","1.363","1.05M","2.47%"
"06/02/2010","1.347","1.330","1.363","1.322","457.03K","0.62%"
"06/01/2010","1.338","1.347","1.372","1.322","546.45K","0.00%"
"05/31/2010","1.338","1.338","1.372","1.313","1.52M","-1.23%"
"05/30/2010","1.355","1.363","1.397","1.330","1.71M","2.52%"
"05/27/2010","1.322","1.313","1.380","1.264","2.04M","2.58%"
"05/26/2010","1.289","1.355","1.372","1.247","4.65M","-4.32%"
"05/25/2010","1.347","1.413","1.413","1.289","1.86M","-7.95%"
"05/24/2010","1.463","1.505","1.513","1.413","634.81K","-1.12%"
"05/23/2010","1.480","1.505","1.505","1.463","504.38K","-1.11%"
"05/20/2010","1.496","1.480","1.521","1.463","973.44K","-0.55%"
"05/19/2010","1.505","1.546","1.555","1.455","1.22M","-4.74%"
"05/18/2010","1.579","1.579","1.596","1.555","448.95K","1.60%"
"05/17/2010","1.555","1.579","1.588","1.530","907.92K","-2.09%"
"05/16/2010","1.588","1.621","1.621","1.563","1.35M","-3.54%"
"05/13/2010","1.646","1.671","1.679","1.621","1.05M","0.37%"
"05/12/2010","1.640","1.632","1.648","1.625","875.45K","0.93%"
"05/11/2010","1.625","1.648","1.648","1.602","833.86K","-0.92%"
"05/10/2010","1.640","1.648","1.663","1.617","2.06M","1.40%"
"05/09/2010","1.617","1.648","1.663","1.579","4.03M","-4.46%"
"05/06/2010","1.693","1.700","1.716","1.685","976.02K","0.00%"
"05/05/2010","1.693","1.685","1.716","1.678","567.78K","-0.44%"
"05/04/2010","1.700","1.708","1.731","1.685","908.86K","0.00%"
"05/03/2010","1.700","1.716","1.716","1.685","527.50K","-0.44%"
"05/02/2010","1.708","1.731","1.731","1.685","549.25K","-0.88%"
"04/29/2010","1.723","1.723","1.738","1.708","762.32K","0.00%"
"04/28/2010","1.723","1.708","1.738","1.700","3.56M","-0.87%"
"04/27/2010","1.738","1.738","1.753","1.716","3.16M","1.32%"
"04/26/2010","1.716","1.708","1.746","1.685","4.76M","0.44%"
"04/22/2010","1.708","1.693","1.716","1.693","1.23M","0.44%"
"04/21/2010","1.700","1.670","1.716","1.655","4.53M","2.74%"
"04/20/2010","1.655","1.648","1.670","1.648","8.59M","0.46%"
"04/19/2010","1.648","1.663","1.663","1.632","1.20M","-0.91%"
"04/18/2010","1.663","1.663","1.685","1.648","908.88K","-0.45%"
"04/15/2010","1.670","1.700","1.700","1.663","1.63M","-1.78%"
"04/14/2010","1.700","1.716","1.716","1.685","1.17M","0.45%"
"04/13/2010","1.693","1.731","1.731","1.663","3.63M","-2.61%"
"04/12/2010","1.738","1.768","1.768","1.731","1.38M","-1.71%"
"04/11/2010","1.768","1.776","1.784","1.753","3.99M","-0.43%"
"04/08/2010","1.776","1.776","1.784","1.753","2.07M","0.43%"
"04/07/2010","1.768","1.761","1.791","1.753","9.37M","2.18%"
"04/06/2010","1.731","1.708","1.746","1.708","2.68M","1.78%"
"04/01/2010","1.700","1.700","1.708","1.685","808.99K","0.00%"
"03/31/2010","1.700","1.723","1.723","1.693","1.54M","-1.32%"
"03/30/2010","1.723","1.716","1.738","1.708","2.19M","-0.87%"
"03/29/2010","1.738","1.738","1.753","1.716","3.01M","0.00%"
"03/28/2010","1.738","1.723","1.753","1.716","3.74M","0.88%"
"03/25/2010","1.723","1.723","1.753","1.693","4.94M","0.44%"
"03/24/2010","1.716","1.708","1.731","1.693","5.34M","1.79%"
"03/23/2010","1.685","1.655","1.708","1.655","5.10M","2.29%"
"03/22/2010","1.648","1.632","1.670","1.625","1.39M","0.00%"
"03/21/2010","1.648","1.648","1.663","1.640","387.42K","0.46%"
"03/18/2010","1.640","1.617","1.685","1.617","4.07M","0.93%"
"03/17/2010","1.625","1.648","1.648","1.595","1.36M","0.94%"
"03/16/2010","1.610","1.572","1.640","1.572","2.20M","0.95%"
"03/15/2010","1.595","1.632","1.632","1.564","1.78M","-3.21%"
"03/14/2010","1.648","1.700","1.700","1.632","3.33M","-1.80%"
"03/11/2010","1.678","1.648","1.708","1.648","4.87M","2.78%"
"03/10/2010","1.632","1.640","1.648","1.625","448.75K","0.47%"
"03/09/2010","1.625","1.640","1.640","1.602","967.98K","-0.92%"
"03/08/2010","1.640","1.655","1.655","1.625","979.70K","-0.91%"
"03/07/2010","1.655","1.640","1.663","1.632","753.67K","0.46%"
"03/04/2010","1.648","1.640","1.655","1.632","911.35K","0.00%"
"03/03/2010","1.648","1.655","1.655","1.640","1.13M","0.00%"
"03/02/2010","1.648","1.648","1.663","1.632","1.57M","0.00%"
"03/01/2010","1.648","1.663","1.670","1.632","342.49K","-0.46%"
"02/28/2010","1.655","1.670","1.678","1.632","738.56K","-0.90%"
"02/25/2010","1.670","1.648","1.685","1.648","1.68M","1.84%"
"02/24/2010","1.640","1.602","1.685","1.595","1.60M","1.40%"
"02/23/2010","1.617","1.663","1.663","1.595","1.27M","-2.73%"
"02/22/2010","1.663","1.655","1.685","1.640","1.93M","0.92%"
"02/21/2010","1.648","1.678","1.685","1.632","2.11M","-0.91%"
"02/18/2010","1.663","1.685","1.693","1.655","3.14M","-1.79%"
"02/17/2010","1.693","1.700","1.716","1.670","2.20M","-1.75%"
"02/16/2010","1.723","1.708","1.753","1.700","3.82M","1.79%"
"02/15/2010","1.693","1.708","1.723","1.655","8.73M","5.16%"
"02/14/2010","1.610","1.579","1.640","1.579","5.29M","3.90%"
"02/11/2010","1.549","1.542","1.564","1.534","1.69M","0.00%"
"02/10/2010","1.549","1.557","1.572","1.519","2.67M","0.99%"
"02/09/2010","1.534","1.504","1.557","1.504","2.58M","1.00%"
"02/08/2010","1.519","1.511","1.557","1.496","5.37M","1.01%"
"02/07/2010","1.504","1.511","1.519","1.489","3.08M","-1.97%"
"02/04/2010","1.534","1.564","1.564","1.519","1.07M","-1.93%"
"02/03/2010","1.564","1.549","1.579","1.542","2.94M","1.97%"
"02/02/2010","1.534","1.527","1.549","1.519","1.36M","1.50%"
"02/01/2010","1.511","1.511","1.534","1.481","2.62M","-0.50%"
"01/31/2010","1.519","1.579","1.579","1.489","4.22M","-3.83%"
"01/28/2010","1.579","1.587","1.595","1.572","1.32M","0.48%"
"01/27/2010","1.572","1.587","1.587","1.557","2.53M","0.00%"
"01/26/2010","1.572","1.587","1.587","1.564","1.53M","-1.42%"
"01/24/2010","1.595","1.610","1.625","1.564","2.81M","-3.21%"
"01/21/2010","1.648","1.632","1.663","1.625","2.43M","0.46%"
"01/20/2010","1.640","1.625","1.655","1.617","3.22M","0.46%"
"01/19/2010","1.632","1.648","1.655","1.602","3.94M","1.41%"
"01/18/2010","1.610","1.595","1.648","1.572","4.24M","0.47%"
"01/17/2010","1.602","1.602","1.617","1.587","2.67M","0.95%"
"01/14/2010","1.587","1.564","1.617","1.549","3.82M","1.94%"
"01/13/2010","1.557","1.579","1.579","1.534","1.68M","-0.96%"
"01/12/2010","1.572","1.564","1.595","1.549","1.04M","0.97%"
"01/11/2010","1.557","1.564","1.572","1.542","1.13M","-0.96%"
"01/10/2010","1.572","1.572","1.587","1.557","618.02K","0.48%"
"01/06/2010","1.564","1.557","1.587","1.549","982.59K","-0.96%"
"01/05/2010","1.579","1.549","1.595","1.549","1.28M","3.47%"
"01/04/2010","1.527","1.527","1.557","1.504","1.69M","1.51%"
"01/03/2010","1.504","1.511","1.519","1.489","231.94K","1.02%"