"Date","Price","Open","High","Low","Change %"
"01/30/2026","24.774","24.778","25.426","24.774","0.00%"
"01/29/2026","24.774","24.778","24.778","24.774","-0.01%"
"01/28/2026","24.777","24.809","24.809","24.777","-0.13%"
"01/27/2026","24.809","24.912","24.912","24.809","-0.06%"
"01/26/2026","24.823","25.109","25.109","24.823","-1.14%"
"01/23/2026","25.109","25.093","26.680","25.093","0.00%"
"01/22/2026","25.110","25.093","25.110","25.093","0.06%"
"01/21/2026","25.094","25.036","25.094","25.036","0.22%"
"01/20/2026","25.039","25.125","25.125","25.039","-0.35%"
"01/19/2026","25.127","25.139","25.139","25.127","-0.03%"
"01/16/2026","25.135","25.162","26.187","25.135","-0.02%"
"01/15/2026","25.140","25.162","25.162","25.140","-0.08%"
"01/14/2026","25.160","25.112","25.160","25.112","0.19%"
"01/13/2026","25.112","25.080","25.112","25.080","0.13%"
"01/12/2026","25.080","25.242","25.242","25.080","-0.63%"
"01/09/2026","25.240","25.160","26.198","25.160","0.00%"
"01/08/2026","25.240","25.160","25.240","25.160","0.32%"
"01/07/2026","25.160","25.160","25.160","25.160","0.01%"
"01/06/2026","25.158","25.061","25.158","25.061","0.40%"
"01/05/2026","25.059","25.382","25.382","25.059","-1.27%"
"01/02/2026","25.382","25.396","26.558","25.378","0.00%"
"01/01/2026","25.382","25.378","25.382","25.378","0.02%"
"12/31/2025","25.378","25.396","25.396","25.378","-0.08%"
"12/30/2025","25.398","25.262","25.398","25.262","0.54%"
"12/29/2025","25.261","25.607","25.607","25.261","-1.35%"
"12/25/2025","25.607","25.655","25.655","25.607","-0.19%"
"12/24/2025","25.656","25.579","25.656","25.579","0.29%"
"12/23/2025","25.581","25.479","25.581","25.479","0.38%"
"12/22/2025","25.483","26.070","26.070","25.483","-2.26%"
"12/19/2025","26.073","26.157","26.854","26.072","0.00%"
"12/18/2025","26.072","26.157","26.157","26.072","-0.32%"
"12/17/2025","26.157","26.137","26.157","26.137","0.08%"
"12/16/2025","26.137","26.209","26.209","26.137","-0.29%"
"12/15/2025","26.213","26.361","26.361","26.213","-0.55%"
"12/12/2025","26.359","26.428","27.097","26.358","0.00%"
"12/11/2025","26.358","26.428","26.428","26.358","-0.26%"
"12/10/2025","26.427","26.389","26.427","26.389","0.14%"
"12/09/2025","26.389","26.401","26.401","26.389","-0.05%"
"12/08/2025","26.401","26.417","26.417","26.401","-0.06%"
"12/05/2025","26.417","26.443","27.113","26.417","0.00%"
"12/04/2025","26.418","26.443","26.443","26.418","-0.09%"
"12/03/2025","26.441","26.059","26.441","26.059","0.07%"
"12/02/2025","26.423","26.423","26.423","26.423","0.00%"
"12/01/2025","26.424","26.376","26.424","26.376","0.17%"
"11/28/2025","26.378","26.383","27.741","26.376","0.01%"
"11/27/2025","26.376","26.383","26.383","26.376","-0.02%"
"11/26/2025","26.381","26.381","26.381","26.381","0.00%"
"11/25/2025","26.380","26.374","26.380","26.374","0.02%"
"11/24/2025","26.374","26.430","26.430","26.374","-0.21%"
"11/21/2025","26.429","26.437","27.645","26.425","0.02%"
"11/20/2025","26.425","26.437","26.437","26.425","-0.05%"
"11/19/2025","26.438","26.432","26.438","26.432","0.02%"
"11/18/2025","26.434","26.429","26.434","26.429","0.01%"
"11/17/2025","26.431","26.545","26.545","26.431","-0.43%"
"11/14/2025","26.546","26.587","27.655","26.546","-0.01%"
"11/13/2025","26.549","26.587","26.587","26.549","-0.15%"
"11/12/2025","26.590","26.584","26.590","26.584","0.01%"
"11/11/2025","26.588","26.545","26.588","26.545","0.17%"
"11/10/2025","26.544","26.649","26.649","26.544","-0.41%"
"11/07/2025","26.653","26.725","27.663","26.650","0.01%"
"11/06/2025","26.650","26.725","26.725","26.650","-0.28%"
"11/05/2025","26.725","26.646","26.725","26.646","0.30%"
"11/04/2025","26.646","26.573","26.646","26.573","0.29%"
"11/03/2025","26.570","26.730","26.730","26.570","-0.60%"
"10/31/2025","26.731","26.777","27.663","26.730","0.00%"
"10/30/2025","26.730","26.777","26.777","26.730","-0.16%"
"10/29/2025","26.774","26.631","26.774","26.631","0.52%"
"10/28/2025","26.635","26.754","26.754","26.635","-0.44%"
"10/27/2025","26.752","26.734","26.752","26.734","0.03%"
"10/24/2025","26.743","26.744","27.972","26.738","0.02%"
"10/23/2025","26.738","26.744","26.744","26.738","-0.03%"
"10/22/2025","26.747","26.742","26.747","26.742","0.03%"
"10/21/2025","26.740","26.705","26.740","26.705","0.13%"
"10/20/2025","26.704","26.636","26.704","26.636","0.26%"
"10/17/2025","26.636","26.614","27.745","26.614","0.00%"
"10/16/2025","26.635","26.614","26.635","26.614","0.07%"
"10/15/2025","26.616","26.472","26.616","26.472","0.55%"
"10/14/2025","26.471","26.524","26.524","26.471","-0.20%"
"10/13/2025","26.524","26.524","26.524","26.524","0.22%"
"10/10/2025","26.466","26.465","27.471","26.465","0.00%"
"10/09/2025","26.465","26.465","26.465","26.465","0.01%"
"10/08/2025","26.463","26.280","26.463","26.280","0.70%"
"10/07/2025","26.280","26.627","26.627","26.280","-1.30%"
"10/06/2025","26.627","27.176","27.176","26.627","-2.02%"
"10/03/2025","27.177","27.233","28.121","27.173","0.01%"
"10/02/2025","27.173","27.233","27.233","27.173","-0.23%"
"10/01/2025","27.236","27.083","27.236","27.083","0.55%"
"09/30/2025","27.087","27.083","27.087","27.083","0.02%"
"09/29/2025","27.082","27.014","27.082","27.014","0.25%"
"09/26/2025","27.015","27.024","27.882","27.011","0.01%"
"09/25/2025","27.011","27.024","27.024","27.011","-0.04%"
"09/24/2025","27.022","26.922","27.022","26.922","0.37%"
"09/23/2025","26.922","26.917","26.922","26.917","0.02%"
"09/22/2025","26.917","26.785","26.917","26.785","0.50%"
"09/19/2025","26.782","26.820","27.587","26.782","-0.01%"
"09/18/2025","26.784","26.820","26.820","26.784","-0.15%"
"09/17/2025","26.823","26.725","26.823","26.725","0.36%"
"09/16/2025","26.728","26.749","26.749","26.728","-0.38%"
"09/15/2025","26.830","26.912","26.912","26.830","-0.30%"
"09/12/2025","26.910","26.918","28.744","26.909","0.00%"
"09/11/2025","26.909","26.918","26.918","26.909","-0.01%"
"09/10/2025","26.911","26.919","26.919","26.911","-0.01%"
"09/09/2025","26.913","26.913","26.913","26.913","-0.01%"
"09/08/2025","26.916","27.120","27.120","26.916","-0.75%"
"09/05/2025","27.120","27.119","29.246","27.119","0.00%"
"09/04/2025","27.120","27.120","27.120","27.120","0.00%"
"09/03/2025","27.119","27.119","27.119","27.119","-0.01%"
"09/02/2025","27.122","27.122","27.122","27.122","0.01%"
"09/01/2025","27.119","27.628","27.628","27.119","-1.85%"
"08/29/2025","27.631","27.631","29.060","27.631","0.00%"
"08/28/2025","27.631","27.631","27.631","27.631","0.00%"
"08/27/2025","27.631","27.637","27.637","27.631","-0.02%"
"08/26/2025","27.637","27.624","27.637","27.624","0.04%"
"08/25/2025","27.625","28.265","28.265","27.625","-2.26%"
"08/22/2025","28.263","28.292","29.567","28.263","0.00%"
"08/21/2025","28.263","28.292","28.292","28.263","-0.11%"
"08/20/2025","28.293","28.176","28.293","28.176","0.41%"
"08/19/2025","28.178","27.935","28.178","27.935","0.87%"
"08/18/2025","27.936","28.170","28.170","27.936","-0.82%"
"08/15/2025","28.168","28.243","29.346","28.168","-0.01%"
"08/14/2025","28.172","28.243","28.243","28.172","-0.25%"
"08/13/2025","28.242","28.242","28.242","28.242","0.00%"
"08/12/2025","28.243","28.296","28.296","28.243","-0.19%"
"08/11/2025","28.296","29.240","29.240","28.296","-3.23%"
"08/08/2025","29.240","29.260","30.350","29.240","0.00%"
"08/07/2025","29.240","29.260","29.260","29.240","-0.06%"
"08/06/2025","29.257","29.077","29.257","29.077","0.62%"
"08/05/2025","29.077","28.978","29.077","28.978","0.34%"
"08/04/2025","28.979","28.750","28.979","28.750","0.80%"
"08/01/2025","28.749","28.745","29.753","28.745","0.00%"
"07/31/2025","28.750","28.745","28.750","28.745","0.01%"
"07/30/2025","28.746","28.509","28.746","28.509","0.83%"
"07/29/2025","28.509","28.541","28.541","28.509","-0.11%"
"07/28/2025","28.541","28.509","28.541","28.509","0.11%"
"07/25/2025","28.509","27.618","28.509","27.618","3.23%"
"07/24/2025","27.618","27.618","27.618","27.618","-4.11%"
"07/23/2025","28.802","28.284","28.979","28.284","1.46%"
"07/22/2025","28.387","28.284","28.387","28.284","0.38%"
"07/21/2025","28.280","27.883","28.280","27.883","1.42%"
"07/18/2025","27.883","27.869","28.718","27.869","0.01%"
"07/17/2025","27.881","27.869","27.881","27.869","0.05%"
"07/16/2025","27.867","27.768","27.867","27.768","0.36%"
"07/15/2025","27.767","27.804","27.804","27.767","-0.13%"
"07/14/2025","27.803","27.509","27.803","27.509","1.06%"
"07/11/2025","27.511","27.491","28.281","27.491","0.00%"
"07/10/2025","27.510","27.491","27.510","27.491","0.06%"
"07/09/2025","27.494","27.413","27.494","27.413","-0.45%"
"07/08/2025","27.617","26.977","27.617","26.977","2.36%"
"07/07/2025","26.979","27.034","27.034","26.979","1.31%"
"07/04/2025","26.630","27.029","28.618","27.027","-1.48%"
"07/03/2025","27.029","27.029","27.029","27.029","1.50%"
"07/02/2025","26.630","27.026","27.033","27.026","-1.81%"
"07/01/2025","27.120","29.003","30.051","27.522","-5.17%"
"06/30/2025","28.600","29.003","29.003","29.003","-0.03%"
"06/27/2025","28.610","29.008","29.005","29.001","-1.36%"
"06/26/2025","29.005","29.005","29.005","29.005","1.42%"
"06/25/2025","28.600","29.008","29.008","29.001","-0.03%"
"06/24/2025","28.610","28.994","29.007","28.994","0.07%"
"06/23/2025","28.590","28.529","28.994","28.529","1.64%"
"06/20/2025","28.130","28.542","29.847","28.530","0.00%"
"06/19/2025","28.130","28.542","28.542","28.530","-0.07%"
"06/18/2025","28.150","28.469","28.546","28.469","0.29%"
"06/17/2025","28.070","28.474","28.474","28.468","0.00%"
"06/16/2025","28.070","27.833","28.473","27.833","2.33%"
"06/13/2025","27.430","27.834","28.994","27.830","0.00%"
"06/12/2025","27.430","27.834","27.834","27.834","0.00%"
"06/11/2025","27.430","27.823","27.833","27.823","0.04%"
"06/10/2025","27.420","27.876","27.876","27.823","-0.36%"
"06/09/2025","27.518","27.518","27.518","27.518","0.14%"
"06/06/2025","27.480","27.920","29.287","27.875","-5.02%"
"06/05/2025","28.932","28.932","28.932","28.932","5.28%"
"06/04/2025","27.480","27.920","27.920","27.876","-0.15%"
"06/03/2025","27.520","27.750","27.918","27.750","0.62%"
"06/02/2025","27.350","27.930","27.930","27.750","-0.65%"
"05/30/2025","27.530","28.056","28.904","27.930","0.00%"
"05/29/2025","27.530","28.056","28.056","27.930","-0.43%"
"05/28/2025","27.650","27.911","28.055","27.911","0.51%"
"05/27/2025","27.510","27.939","27.939","27.911","-0.11%"
"05/26/2025","27.540","28.408","28.408","27.940","-1.68%"
"05/23/2025","28.010","28.464","29.323","28.407","0.00%"
"05/22/2025","28.010","28.464","28.464","28.407","-0.21%"
"05/21/2025","28.070","28.414","28.466","28.414","0.21%"
"05/20/2025","28.010","28.379","28.413","28.379","0.11%"
"05/19/2025","27.980","28.571","28.571","28.378","-0.67%"
"05/16/2025","28.170","28.608","29.428","28.569","0.00%"
"05/15/2025","28.170","28.608","28.608","28.571","-0.14%"
"05/14/2025","28.210","28.473","28.608","28.473","0.50%"
"05/13/2025","28.070","28.482","28.482","28.470","-0.04%"
"05/12/2025","28.080","27.988","28.484","27.988","1.81%"
"05/09/2025","27.580","27.896","28.770","27.896","0.00%"
"05/08/2025","27.580","27.896","27.986","27.896","0.29%"
"05/07/2025","27.500","27.842","27.896","27.842","-0.54%"
"05/06/2025","27.650","27.698","28.050","27.698","1.32%"
"05/05/2025","27.290","27.717","27.717","27.694","-0.07%"
"05/02/2025","27.310","27.714","27.714","27.714","-0.04%"
"04/30/2025","27.320","27.716","27.716","27.716","0.00%"
"04/29/2025","27.320","29.215","29.215","27.717","-5.17%"
"04/28/2025","28.810","29.402","29.402","29.213","-0.66%"
"04/25/2025","29.000","29.391","29.398","29.391","0.03%"
"04/23/2025","28.990","29.384","29.391","29.384","0.03%"
"04/22/2025","28.980","29.378","29.384","29.378","0.14%"
"04/18/2025","28.940","29.340","29.340","29.340","0.00%"
"04/17/2025","28.940","29.389","29.389","29.335","-0.17%"
"04/16/2025","28.990","29.387","29.387","29.387","0.03%"
"04/15/2025","28.980","29.386","29.386","29.386","-0.03%"
"04/14/2025","28.990","29.271","29.385","29.271","0.42%"
"04/11/2025","28.870","29.269","30.591","29.269","-0.35%"
"04/10/2025","28.970","29.269","29.368","29.269","0.35%"
"04/09/2025","28.870","28.469","29.267","28.469","2.85%"
"04/08/2025","28.070","28.413","28.472","28.413","0.18%"
"04/07/2025","28.020","28.170","28.417","28.170","0.90%"
"04/04/2025","27.770","28.165","29.235","28.165","0.00%"
"04/03/2025","27.770","28.165","28.165","28.165","0.00%"
"04/02/2025","27.770","28.169","28.169","28.169","3.70%"
"03/28/2025","26.780","27.500","29.136","27.171","-1.18%"
"03/27/2025","27.100","27.500","27.500","27.500","0.00%"
"03/26/2025","27.100","27.499","27.499","27.499","0.00%"
"03/25/2025","27.100","27.485","27.499","27.485","0.07%"
"03/24/2025","27.080","28.076","28.076","27.486","-2.17%"
"03/21/2025","27.680","28.069","28.984","28.069","0.00%"
"03/20/2025","27.680","28.069","28.078","28.069","0.04%"
"03/19/2025","27.670","28.062","28.071","28.062","0.04%"
"03/18/2025","27.660","28.051","28.060","28.051","0.00%"
"03/17/2025","27.660","30.723","30.723","28.061","-8.80%"
"03/14/2025","30.330","30.727","32.822","30.727","0.00%"
"03/13/2025","30.330","30.727","30.727","30.727","0.00%"
"03/12/2025","30.330","30.728","30.728","30.728","0.00%"
"03/11/2025","30.330","30.739","30.739","30.730","0.00%"
"03/10/2025","30.330","30.203","30.734","30.203","1.78%"
"03/07/2025","29.800","30.208","31.978","30.201","0.00%"
"03/06/2025","29.800","30.208","30.208","30.201","0.00%"
"03/05/2025","29.800","30.210","30.210","30.203","-0.03%"
"03/04/2025","29.810","30.212","30.212","30.212","-0.03%"
"03/03/2025","29.820","29.346","30.216","29.346","3.04%"
"02/28/2025","28.940","29.345","30.863","29.343","0.00%"
"02/27/2025","28.940","29.345","29.345","29.345","-0.03%"
"02/26/2025","28.950","29.345","29.345","29.345","0.00%"
"02/25/2025","28.950","29.346","29.346","29.346","0.03%"
"02/24/2025","28.940","28.491","29.341","28.491","3.03%"
"02/21/2025","28.090","28.495","29.810","28.493","0.00%"
"02/20/2025","28.090","28.495","28.495","28.495","0.00%"
"02/19/2025","28.090","28.493","28.493","28.493","0.00%"
"02/18/2025","28.090","28.491","28.491","28.491","0.00%"
"02/17/2025","28.090","27.690","28.491","27.690","2.93%"
"02/14/2025","27.290","27.693","28.847","27.689","0.00%"
"02/13/2025","27.290","27.693","27.693","27.693","0.00%"
"02/12/2025","27.290","27.688","27.688","27.688","0.00%"
"02/11/2025","27.290","27.690","27.690","27.690","0.00%"
"02/10/2025","27.290","27.041","27.691","27.041","2.44%"
"02/07/2025","26.640","27.041","28.068","27.040","0.00%"
"02/06/2025","26.640","27.041","27.041","27.041","0.00%"
"02/05/2025","26.640","27.042","27.042","27.042","0.00%"
"02/04/2025","26.640","27.043","27.043","27.043","0.00%"
"02/03/2025","26.640","26.992","27.040","26.992","0.19%"
"01/31/2025","26.590","26.991","27.933","26.990","0.00%"
"01/30/2025","26.590","26.991","26.991","26.991","0.00%"
"01/29/2025","26.590","26.991","26.991","26.991","0.00%"
"01/28/2025","26.590","26.991","26.991","26.991","0.00%"
"01/27/2025","26.590","26.933","26.992","26.933","-0.86%"
"01/24/2025","26.820","26.780","28.103","26.780","1.09%"
"01/23/2025","26.530","26.780","26.932","26.780","0.64%"
"01/22/2025","26.360","26.774","26.774","26.760","-0.08%"
"01/21/2025","26.380","26.797","26.797","26.776","-0.08%"
"01/20/2025","26.400","26.841","26.841","26.799","-0.15%"
"01/17/2025","26.440","26.860","28.228","26.840","0.00%"
"01/16/2025","26.440","26.860","26.860","26.840","-0.08%"
"01/15/2025","26.460","26.902","26.902","26.864","-0.15%"
"01/14/2025","26.500","26.983","26.983","26.900","-0.30%"
"01/13/2025","26.580","27.142","27.142","26.980","-0.60%"
"01/10/2025","26.740","27.342","28.400","27.144","-0.04%"
"01/09/2025","26.750","27.342","27.342","27.147","-2.17%"
"01/08/2025","27.344","27.941","27.941","27.344","-2.14%"
"01/06/2025","27.941","29.133","29.133","27.941","-4.08%"
"01/03/2025","29.130","29.838","30.346","29.130","-0.01%"
"01/02/2025","29.132","29.838","29.838","29.132","-2.37%"
"12/31/2024","29.839","30.982","30.982","29.839","-3.70%"
"12/30/2024","30.984","30.984","30.984","30.984","-0.85%"
"12/27/2024","31.251","31.049","32.871","30.526","-0.01%"
"12/26/2024","31.254","31.049","31.254","30.526","0.66%"
"12/25/2024","31.050","31.174","31.174","31.050","-0.40%"
"12/24/2024","31.174","31.226","31.226","31.174","-0.17%"
"12/23/2024","31.226","31.080","31.226","31.080","0.48%"
"12/20/2024","31.077","31.457","32.512","31.077","0.00%"
"12/19/2024","31.078","31.457","31.457","31.078","-1.21%"
"12/18/2024","31.458","31.351","31.458","31.351","0.33%"
"12/17/2024","31.354","31.301","31.354","31.301","0.17%"
"12/16/2024","31.300","31.358","31.358","31.300","-0.18%"
"12/13/2024","31.356","31.692","32.662","31.356","0.00%"
"12/12/2024","31.356","31.692","31.692","31.356","-1.07%"
"12/11/2024","31.695","31.237","31.695","31.237","1.45%"
"12/10/2024","31.241","31.300","31.300","31.241","-0.18%"
"12/09/2024","31.298","31.080","31.298","31.080","0.70%"
"12/06/2024","31.080","30.990","32.262","30.990","-0.01%"
"12/05/2024","31.082","30.990","31.082","30.990","0.28%"
"12/04/2024","30.994","30.994","30.994","30.994","0.00%"
"12/03/2024","30.994","30.999","30.999","30.994","-0.02%"
"12/02/2024","31.000","30.896","31.000","30.896","0.35%"
"11/29/2024","30.893","31.021","31.975","30.893","-0.01%"
"11/28/2024","30.897","31.021","31.021","30.897","-0.39%"
"11/27/2024","31.019","30.892","31.019","30.892","0.40%"
"11/26/2024","30.896","30.822","30.896","30.822","0.24%"
"11/25/2024","30.823","30.689","30.823","30.689","0.43%"
"11/22/2024","30.692","30.295","31.680","30.295","0.01%"
"11/21/2024","30.690","30.295","30.690","30.295","1.30%"
"11/20/2024","30.295","30.528","30.528","30.295","-0.77%"
"11/19/2024","30.530","30.634","30.634","30.530","-0.35%"
"11/18/2024","30.636","30.433","30.636","30.433","0.67%"
"11/15/2024","30.433","30.355","31.343","30.355","0.01%"
"11/14/2024","30.430","30.355","30.430","30.355","0.25%"
"11/13/2024","30.353","30.224","30.353","30.224","1.33%"
"11/11/2024","29.955","29.589","29.955","29.589","1.15%"
"11/08/2024","29.613","28.581","74.213","28.581","-0.24%"
"11/07/2024","29.685","28.581","29.685","28.581","4.00%"
"11/06/2024","28.542","29.587","29.587","28.542","-3.49%"
"11/05/2024","29.575","29.786","29.786","29.575","-0.61%"
"11/04/2024","29.758","29.249","29.758","29.249","1.75%"
"11/01/2024","29.247","29.638","38.980","29.235","0.04%"
"10/31/2024","29.235","29.638","29.638","29.235","-1.40%"
"10/30/2024","29.650","29.278","29.650","29.278","1.23%"
"10/29/2024","29.291","29.504","29.504","29.291","-0.73%"
"10/28/2024","29.505","29.754","29.754","29.505","-0.80%"
"10/25/2024","29.743","29.730","35.328","29.730","-0.02%"
"10/24/2024","29.750","29.730","29.750","29.730","0.06%"
"10/23/2024","29.731","29.750","29.750","29.731","-0.01%"
"10/22/2024","29.735","29.357","29.735","29.357","1.33%"
"10/21/2024","29.345","29.311","29.345","29.311","0.14%"
"10/18/2024","29.303","28.518","33.131","28.518","-0.02%"
"10/17/2024","29.308","28.518","29.308","28.518","2.77%"
"10/16/2024","28.518","29.421","29.421","28.518","-3.11%"
"10/15/2024","29.433","29.392","29.433","29.392","0.14%"
"10/14/2024","29.392","29.221","29.392","29.221","0.56%"
"10/11/2024","29.229","28.954","32.144","28.954","0.02%"
"10/10/2024","29.222","28.954","29.222","28.954","0.94%"
"10/09/2024","28.951","28.861","28.951","28.861","0.31%"
"10/08/2024","28.861","29.434","29.434","28.861","-1.94%"
"10/07/2024","29.432","29.003","29.432","29.003","1.48%"
"10/04/2024","29.003","29.202","32.231","29.003","-0.02%"
"10/03/2024","29.008","29.202","29.202","29.008","-0.66%"
"10/02/2024","29.202","29.154","29.202","29.154","0.16%"
"10/01/2024","29.156","29.193","29.193","29.156","-0.13%"
"09/30/2024","29.195","29.340","29.340","29.195","-0.49%"
"09/27/2024","29.340","29.520","31.336","29.336","0.01%"
"09/26/2024","29.336","29.520","29.520","29.336","-0.62%"
"09/25/2024","29.520","28.872","29.520","28.872","2.23%"
"09/24/2024","28.877","29.223","29.223","28.877","-1.18%"
"09/23/2024","29.222","28.268","29.222","28.268","3.37%"
"09/20/2024","28.270","28.516","29.937","28.270","-0.01%"
"09/19/2024","28.274","28.516","28.516","28.274","-0.85%"
"09/18/2024","28.517","28.755","28.755","28.517","-0.82%"
"09/17/2024","28.753","29.101","29.101","28.753","-1.20%"
"09/16/2024","29.101","28.961","29.101","28.961","0.48%"
"09/13/2024","28.961","29.056","30.996","28.961","-0.01%"
"09/12/2024","28.964","29.056","29.056","28.964","-0.31%"
"09/11/2024","29.053","27.979","29.053","27.979","3.83%"
"09/10/2024","27.980","29.723","29.723","27.980","-5.85%"
"09/09/2024","29.720","28.541","29.720","28.541","4.15%"
"09/06/2024","28.536","29.073","29.854","28.536","0.00%"
"09/05/2024","28.536","29.073","29.073","28.536","-1.83%"
"09/04/2024","29.069","29.069","29.069","29.069","-0.01%"
"09/03/2024","29.072","28.277","29.072","28.277","2.80%"
"09/02/2024","28.279","28.840","28.840","28.279","-1.95%"
"08/30/2024","28.841","28.843","30.045","28.841","-0.01%"
"08/29/2024","28.843","28.843","28.843","28.843","0.01%"
"08/28/2024","28.841","28.404","28.841","28.404","1.55%"
"08/27/2024","28.402","29.560","29.560","28.402","-3.91%"
"08/26/2024","29.557","28.696","29.557","28.696","2.99%"
"08/23/2024","28.698","28.382","29.789","28.382","0.00%"
"08/22/2024","28.699","28.382","28.699","28.382","1.13%"
"08/21/2024","28.378","28.324","28.378","28.324","0.20%"
"08/20/2024","28.322","28.460","28.460","28.322","-0.49%"
"08/19/2024","28.461","28.579","28.579","28.461","-0.42%"
"08/16/2024","28.580","28.131","29.578","28.131","0.00%"
"08/15/2024","28.581","28.131","28.581","28.131","1.59%"
"08/14/2024","28.133","28.291","28.291","28.133","-0.57%"
"08/13/2024","28.293","28.040","28.293","28.040","0.90%"
"08/12/2024","28.040","28.049","28.049","28.040","-0.03%"
"08/09/2024","28.049","27.929","28.956","27.929","-0.01%"
"08/08/2024","28.052","27.929","28.052","27.929","0.43%"
"08/07/2024","27.932","27.715","27.932","27.715","1.00%"
"08/06/2024","27.656","27.078","27.656","27.078","2.13%"
"08/05/2024","27.080","27.080","27.080","27.080","1.05%"
"08/02/2024","26.799","25.098","28.034","25.098","0.01%"
"08/01/2024","26.797","25.098","26.797","25.098","6.76%"
"07/31/2024","25.100","25.774","25.774","25.100","-2.61%"
"07/30/2024","25.773","26.291","26.291","25.773","-1.96%"
"07/29/2024","26.289","25.983","26.289","25.983","1.17%"
"07/26/2024","25.986","25.986","27.069","25.986","32.72%"
"07/24/2024","19.579","25.362","25.362","19.579","-22.80%"
"07/23/2024","25.362","25.470","26.392","25.362","-1.37%"
"07/22/2024","25.715","25.470","25.715","25.470","0.95%"
"07/19/2024","25.472","25.438","26.435","25.438","0.02%"
"07/18/2024","25.468","25.438","25.468","25.438","0.12%"
"07/17/2024","25.437","25.609","25.609","25.437","-0.66%"
"07/16/2024","25.606","25.241","25.606","25.241","1.44%"
"07/15/2024","25.242","24.685","25.242","24.685","2.25%"
"07/12/2024","24.687","24.683","25.544","24.683","-7.42%"
"07/11/2024","26.667","26.667","26.667","26.667","8.04%"
"07/10/2024","24.683","25.712","25.712","24.683","-4.00%"
"07/09/2024","25.711","25.248","25.711","25.248","5.36%"
"07/08/2024","24.402","25.233","25.233","24.402","-3.29%"
"07/05/2024","25.233","25.457","37.861","25.233","-0.03%"
"07/04/2024","25.241","25.457","25.457","25.241","-0.90%"
"07/03/2024","25.470","24.527","25.470","24.527","3.84%"
"07/02/2024","24.527","25.856","25.856","24.527","-5.14%"
"07/01/2024","25.856","25.564","25.856","25.564","1.16%"
"06/28/2024","25.559","25.046","30.351","25.046","0.00%"
"06/27/2024","25.559","25.046","25.559","25.046","2.11%"
"06/26/2024","25.031","25.031","25.031","25.031","-0.02%"
"06/25/2024","25.037","25.752","25.752","25.037","-2.81%"
"06/24/2024","25.761","25.282","25.761","25.282","1.90%"
"06/21/2024","25.280","25.281","28.579","25.280","-9.83%"
"06/20/2024","28.036","25.281","28.036","28.036","0.03%"
"06/19/2024","28.027","25.284","28.027","28.027","0.02%"
"06/18/2024","28.020","25.288","28.020","28.020","0.00%"
"06/17/2024","28.020","25.691","28.020","28.020","10.80%"
"06/14/2024","25.288","25.691","29.801","25.286","0.01%"
"06/13/2024","25.286","25.691","25.691","25.286","-1.57%"
"06/12/2024","25.689","25.610","25.689","25.610","0.30%"
"06/11/2024","25.611","25.458","25.611","25.458","0.58%"
"06/10/2024","25.464","24.368","25.464","24.368","4.48%"
"06/07/2024","24.372","25.890","26.344","24.368","0.02%"
"06/06/2024","24.368","25.890","25.890","24.368","-5.88%"
"06/05/2024","25.890","23.886","25.890","23.886","8.39%"
"06/04/2024","23.886","24.648","24.648","23.886","-3.10%"
"06/03/2024","24.650","23.375","24.650","23.375","5.48%"
"05/31/2024","23.370","23.548","24.969","23.370","-0.02%"
"05/30/2024","23.375","23.548","23.548","23.375","-0.74%"
"05/29/2024","23.550","25.024","25.024","23.550","-5.88%"
"05/28/2024","25.022","24.935","25.022","24.935","0.35%"
"05/27/2024","24.935","25.576","25.576","24.935","-2.49%"
"05/24/2024","25.573","25.890","27.081","25.573","-0.02%"
"05/23/2024","25.577","25.890","25.890","25.577","-1.19%"
"05/22/2024","25.885","25.055","25.885","25.055","3.33%"
"05/21/2024","25.050","25.022","25.050","25.022","0.13%"
"05/20/2024","25.018","22.971","25.018","22.971","8.90%"
"05/17/2024","22.973","23.830","24.159","22.971","0.01%"
"05/16/2024","22.971","23.830","23.830","22.971","-3.60%"
"05/15/2024","23.828","22.848","23.828","22.848","4.29%"
"05/14/2024","22.848","24.921","24.921","22.848","-8.33%"
"05/13/2024","24.923","25.109","25.109","24.923","-0.74%"
"05/10/2024","25.108","23.954","26.269","23.954","-0.01%"
"05/09/2024","25.110","23.954","25.110","23.954","4.83%"
"05/08/2024","23.953","25.698","25.698","23.953","-6.79%"
"05/07/2024","25.699","26.112","26.112","25.699","-5.59%"
"05/06/2024","27.221","24.404","27.221","27.221","8.71%"
"05/03/2024","25.039","24.404","26.826","24.404","0.00%"
"05/02/2024","25.038","24.404","25.038","24.404","2.60%"
"05/01/2024","24.404","26.118","26.118","24.404","-3.58%"
"04/30/2024","25.311","26.118","26.118","25.311","-3.08%"
"04/29/2024","26.116","25.366","26.116","25.366","2.96%"
"04/26/2024","25.364","26.156","26.647","25.363","-7.85%"
"04/25/2024","27.524","26.156","27.524","27.524","8.52%"
"04/24/2024","25.363","26.156","26.156","25.363","-3.04%"
"04/23/2024","26.157","26.065","26.157","26.065","0.35%"
"04/22/2024","26.067","26.493","26.493","26.067","-1.60%"
"04/19/2024","26.491","25.978","27.417","25.978","-0.01%"
"04/18/2024","26.493","25.978","26.493","25.978","1.98%"
"04/17/2024","25.978","26.461","26.461","25.978","-1.83%"
"04/16/2024","26.462","25.158","26.462","25.158","5.18%"
"04/15/2024","25.158","26.400","26.400","25.158","-4.29%"
"04/12/2024","26.287","26.202","26.287","26.202","-10.75%"
"04/11/2024","29.454","26.202","29.454","29.454","0.00%"
"04/10/2024","29.454","26.202","29.454","29.454","0.26%"
"04/09/2024","29.377","26.202","29.377","29.275","12.15%"
"04/08/2024","26.194","25.424","26.194","25.424","3.04%"
"04/05/2024","25.420","25.835","30.187","25.420","0.00%"
"04/04/2024","25.421","25.835","25.835","25.421","-1.61%"
"04/03/2024","25.838","24.768","25.838","24.768","4.32%"
"04/02/2024","24.768","25.591","25.591","24.768","-3.21%"
"04/01/2024","25.590","23.608","25.590","23.608","8.38%"
"03/29/2024","23.611","27.233","27.233","23.610","0.00%"
"03/28/2024","23.610","27.233","27.233","23.610","-13.32%"
"03/27/2024","27.237","27.237","27.237","27.237","-0.02%"
"03/26/2024","27.242","27.242","27.242","27.242","-0.02%"
"03/25/2024","27.247","27.247","27.247","27.247","-0.03%"
"03/22/2024","27.254","27.245","29.969","27.245","0.03%"
"03/21/2024","27.245","27.245","27.245","27.245","-0.04%"
"03/20/2024","27.255","27.255","27.255","27.255","0.04%"
"03/19/2024","27.245","27.245","27.245","27.245","-0.01%"
"03/18/2024","27.247","27.247","27.247","27.247","-0.01%"
"03/15/2024","27.249","27.253","29.462","27.249","-0.01%"
"03/14/2024","27.253","27.253","27.253","27.253","0.01%"
"03/13/2024","27.250","27.250","27.250","27.250","0.01%"
"03/12/2024","27.247","27.247","27.247","27.247","0.00%"
"03/11/2024","27.246","27.246","27.246","27.246","0.00%"
"03/08/2024","27.246","27.250","29.108","27.246","-0.01%"
"03/07/2024","27.250","27.250","27.250","27.250","-0.01%"
"03/06/2024","27.253","22.961","27.253","22.961","18.70%"
"03/05/2024","22.959","22.999","22.999","22.959","-0.17%"
"03/04/2024","22.997","23.136","23.136","22.997","-0.62%"
"03/01/2024","23.140","23.175","24.500","23.139","0.00%"
"02/29/2024","23.139","23.175","23.175","23.139","-0.15%"
"02/28/2024","23.173","23.208","23.208","23.173","-0.14%"
"02/27/2024","23.206","23.248","23.248","23.206","-0.17%"
"02/26/2024","23.246","23.480","23.480","23.246","-1.00%"
"02/23/2024","23.481","23.610","24.695","23.481","0.00%"
"02/22/2024","23.481","23.610","23.610","23.481","-0.53%"
"02/21/2024","23.605","23.732","23.732","23.605","-0.54%"
"02/20/2024","23.732","23.864","23.864","23.732","-0.54%"
"02/19/2024","23.862","24.339","24.339","23.862","-1.95%"
"02/16/2024","24.337","24.464","25.464","24.337","-0.02%"
"02/15/2024","24.341","24.464","24.464","24.341","-0.49%"
"02/14/2024","24.462","24.584","24.584","24.462","-0.51%"
"02/13/2024","24.587","24.707","24.707","24.587","-0.49%"
"02/12/2024","24.709","24.924","24.924","24.709","-0.86%"
"02/09/2024","24.923","25.032","25.963","24.923","-0.01%"
"02/08/2024","24.925","25.032","25.032","24.925","-0.43%"
"02/07/2024","25.032","25.139","25.139","25.032","-0.42%"
"02/06/2024","25.138","25.243","25.243","25.138","-0.41%"
"02/05/2024","25.242","25.335","25.335","25.242","-0.36%"
"02/02/2024","25.333","25.424","26.296","25.333","0.00%"
"02/01/2024","25.334","25.424","25.424","25.334","-0.35%"
"01/31/2024","25.422","25.511","25.511","25.422","-0.36%"
"01/30/2024","25.514","25.470","25.514","25.470","0.18%"
"01/29/2024","25.469","25.893","25.893","25.469","-1.64%"
"01/26/2024","25.893","25.978","27.095","25.891","-7.82%"
"01/25/2024","28.090","25.978","28.090","28.090","8.49%"
"01/24/2024","25.891","25.978","25.978","25.891","-0.34%"
"01/23/2024","25.979","25.984","25.984","25.979","0.00%"
"01/22/2024","25.980","25.854","25.980","25.854","16.61%"
"01/15/2024","22.279","22.279","22.279","22.279","-0.06%"
"01/12/2024","22.292","22.186","22.292","22.186","0.48%"
"01/11/2024","22.186","22.186","22.186","22.186","-0.17%"
"01/10/2024","22.224","22.224","22.224","22.224","0.09%"
"01/09/2024","22.203","22.203","22.203","22.203","-0.15%"
"01/08/2024","22.236","22.236","22.236","22.236","0.00%"
"01/05/2024","22.236","22.244","22.236","22.236","-0.04%"
"01/04/2024","22.244","22.244","22.244","22.244","0.00%"
"01/03/2024","22.243","22.243","22.243","22.243","-0.01%"
"01/02/2024","22.245","22.245","22.245","22.245","-8.48%"
"01/01/2024","24.305","22.245","24.305","24.305","9.23%"
"12/29/2023","22.252","22.251","22.252","22.251","0.00%"
"12/28/2023","22.251","22.251","22.251","22.251","-0.04%"
"12/27/2023","22.260","22.260","22.260","22.260","0.04%"
"12/26/2023","22.251","22.269","22.269","22.251","-0.04%"
"12/25/2023","22.261","22.278","22.278","22.261","-0.05%"
"12/22/2023","22.272","22.276","22.272","22.272","-0.02%"
"12/21/2023","22.276","22.276","22.276","22.276","0.00%"
"12/20/2023","22.275","22.289","22.289","22.275","-0.06%"
"12/19/2023","22.288","22.288","22.288","22.288","0.00%"
"12/18/2023","22.288","22.392","22.392","22.288","-0.46%"
"12/15/2023","22.390","22.434","22.434","22.434","-0.20%"
"12/14/2023","22.434","22.434","22.434","22.434","0.00%"
"12/13/2023","22.434","22.468","22.468","22.434","-0.15%"
"12/12/2023","22.468","22.500","22.500","22.468","-0.14%"
"12/11/2023","22.500","22.638","22.638","22.500","-0.64%"
"12/08/2023","22.645","22.678","22.645","22.640","0.02%"
"12/07/2023","22.640","22.678","22.678","22.640","-0.16%"
"12/06/2023","22.677","22.714","22.714","22.677","-0.16%"
"12/05/2023","22.713","22.750","22.750","22.713","-0.15%"
"12/04/2023","22.748","22.892","22.748","22.748","-0.61%"
"12/01/2023","22.888","22.922","22.922","22.922","0.00%"
"11/30/2023","22.889","22.922","22.922","22.889","-0.17%"
"11/29/2023","22.928","22.961","22.961","22.928","-0.14%"
"11/28/2023","22.959","22.999","22.999","22.959","-0.17%"
"11/27/2023","22.997","23.136","22.997","22.997","-0.62%"
"11/24/2023","23.140","23.175","24.500","23.139","0.00%"
"11/23/2023","23.139","23.175","23.175","23.139","-0.15%"
"11/22/2023","23.173","23.208","23.208","23.173","-0.14%"
"11/21/2023","23.206","23.248","23.248","23.206","-0.17%"
"11/20/2023","23.246","23.425","23.425","23.246","-0.74%"
"11/17/2023","23.420","23.494","24.634","23.420","-0.01%"
"11/16/2023","23.423","23.494","23.494","23.423","-0.31%"
"11/15/2023","23.497","23.566","23.566","23.497","-0.28%"
"11/14/2023","23.562","23.638","23.638","23.562","-0.33%"
"11/13/2023","23.639","23.905","23.905","23.639","-1.11%"
"11/10/2023","23.904","23.977","25.010","23.904","-0.01%"
"11/09/2023","23.907","23.977","23.977","23.907","-0.29%"
"11/08/2023","23.976","24.046","24.046","23.976","-0.29%"
"11/07/2023","24.045","24.113","24.113","24.045","-0.30%"
"11/06/2023","24.117","24.376","24.376","24.117","-1.07%"
"11/03/2023","24.377","24.447","25.392","24.377","0.00%"
"11/02/2023","24.377","24.447","24.447","24.377","-0.27%"
"11/01/2023","24.443","24.512","24.512","24.443","-0.29%"
"10/31/2023","24.513","24.581","24.581","24.513","-0.28%"
"10/30/2023","24.582","24.795","24.795","24.582","-0.88%"
"10/27/2023","24.799","24.862","25.739","24.798","0.00%"
"10/26/2023","24.798","24.862","24.862","24.798","-0.26%"
"10/25/2023","24.862","24.931","24.931","24.862","-0.27%"
"10/24/2023","24.930","24.993","24.993","24.930","-0.27%"
"10/23/2023","24.997","25.228","25.228","24.997","-0.92%"
"10/20/2023","25.230","25.297","26.108","25.228","0.01%"
"10/19/2023","25.228","25.297","25.297","25.228","-0.26%"
"10/18/2023","25.295","25.359","25.359","25.295","-0.26%"
"10/17/2023","25.362","25.366","25.366","25.362","-0.01%"
"10/16/2023","25.364","25.346","25.364","25.346","0.07%"
"10/13/2023","25.345","25.351","26.160","25.343","0.01%"
"10/12/2023","25.343","25.351","25.351","25.343","-0.03%"
"10/11/2023","25.351","25.356","25.356","25.351","-0.02%"
"10/10/2023","25.356","25.042","25.356","25.042","1.26%"
"10/09/2023","25.041","25.070","25.070","25.041","-0.13%"
"10/06/2023","25.074","25.082","25.826","25.074","0.00%"
"10/05/2023","25.074","25.082","25.082","25.074","-0.02%"
"10/04/2023","25.078","25.090","25.090","25.078","-0.05%"
"10/03/2023","25.091","25.347","25.347","25.091","-1.01%"
"10/02/2023","25.346","25.124","25.346","25.124","13.70%"
"09/29/2023","22.292","22.186","22.292","22.186","-69.15%"
"09/28/2023","72.254","24.298","72.254","24.298","225.67%"
"09/27/2023","22.186","22.097","22.186","22.097","0.40%"
"09/26/2023","22.097","22.097","22.097","22.097","0.00%"
"09/25/2023","22.098","22.144","22.144","22.098","-0.20%"
"09/22/2023","22.142","21.442","22.142","21.442","0.09%"
"09/21/2023","22.121","21.442","22.121","21.442","3.15%"
"09/20/2023","21.445","22.329","22.329","21.445","-3.94%"
"09/19/2023","22.324","22.324","22.324","22.324","0.01%"
"09/18/2023","22.322","21.826","22.322","21.826","2.24%"
"09/15/2023","21.833","21.838","25.933","21.833","-0.02%"
"09/14/2023","21.838","21.838","21.838","21.838","0.04%"
"09/13/2023","21.830","21.026","21.830","21.026","3.85%"
"09/12/2023","21.021","21.805","21.805","21.021","-3.65%"
"09/11/2023","21.818","21.375","21.818","21.375","2.07%"
"09/08/2023","21.375","22.001","24.150","21.364","0.05%"
"09/07/2023","21.364","22.001","22.001","21.364","-2.87%"
"09/06/2023","21.995","21.618","21.995","21.618","1.76%"
"09/05/2023","21.614","21.614","21.614","21.614","-2.63%"
"09/04/2023","22.197","21.910","22.197","21.910","1.31%"
"09/01/2023","21.910","21.825","24.096","21.825","0.02%"
"08/31/2023","21.905","21.825","21.905","21.825","0.39%"
"08/30/2023","21.819","22.748","22.748","21.819","-4.05%"
"08/29/2023","22.740","22.740","22.740","22.740","-0.02%"
"08/28/2023","22.744","21.104","22.744","21.104","7.80%"
"08/25/2023","21.099","22.209","22.810","21.099","0.00%"
"08/24/2023","21.099","22.209","22.209","21.099","-5.00%"
"08/23/2023","22.209","22.209","22.209","22.209","0.00%"
"08/22/2023","22.210","22.201","22.210","22.201","0.07%"
"08/21/2023","22.194","22.408","22.408","22.194","-0.95%"
"08/18/2023","22.406","22.552","23.931","22.404","0.01%"
"08/17/2023","22.404","22.552","22.552","22.404","-0.64%"
"08/16/2023","22.549","22.767","22.767","22.549","-0.97%"
"08/15/2023","22.769","22.769","22.769","22.769","0.02%"
"08/14/2023","22.764","21.988","22.764","21.988","3.52%"
"08/11/2023","21.990","21.451","23.285","21.451","0.00%"
"08/10/2023","21.991","21.451","21.991","21.451","2.49%"
"08/09/2023","21.457","22.059","22.059","21.457","-2.71%"
"08/08/2023","22.055","22.055","22.055","22.055","-0.01%"
"08/07/2023","22.058","22.058","22.058","22.058","0.01%"
"08/04/2023","22.055","22.610","23.197","22.055","0.00%"
"08/03/2023","22.056","22.610","22.610","22.056","-2.44%"
"08/02/2023","22.607","22.587","22.607","22.587","0.10%"
"08/01/2023","22.585","22.648","22.648","22.585","-0.26%"
"07/31/2023","22.645","22.645","22.645","22.645","-0.02%"
"07/28/2023","22.649","22.802","23.690","22.645","0.02%"
"07/27/2023","22.645","22.802","22.802","22.645","-0.68%"
"07/26/2023","22.800","22.863","22.863","22.800","-0.26%"
"07/25/2023","22.860","23.059","23.059","22.860","-0.87%"
"07/24/2023","23.060","23.037","23.060","23.037","0.10%"
"07/21/2023","23.037","23.065","24.337","23.037","-12.93%"
"07/20/2023","26.458","24.917","26.458","24.885","14.71%"
"07/19/2023","23.065","23.107","23.701","23.065","-0.09%"
"07/18/2023","23.086","23.107","23.107","23.086","-0.10%"
"07/17/2023","23.109","23.145","23.145","23.109","-0.17%"
"07/14/2023","23.148","22.846","24.025","22.846","0.01%"
"07/13/2023","23.146","22.846","23.146","22.846","1.30%"
"07/12/2023","22.848","22.994","22.994","22.848","-0.62%"
"07/11/2023","22.990","23.487","23.487","22.990","-2.12%"
"07/10/2023","23.487","20.861","23.487","20.861","12.59%"
"07/07/2023","20.861","21.840","21.840","20.861","-0.01%"
"07/06/2023","20.864","21.840","21.840","20.864","-4.47%"
"07/05/2023","21.840","22.937","22.937","21.840","-4.78%"
"07/04/2023","22.936","22.941","22.941","22.936","-8.01%"
"07/03/2023","24.933","24.646","24.933","24.631","8.62%"
"06/30/2023","22.953","23.421","25.149","22.953","-6.87%"
"06/29/2023","24.646","24.652","24.652","24.646","-0.02%"
"06/28/2023","24.652","24.740","24.740","24.652","-0.36%"
"06/27/2023","24.740","25.139","25.139","24.740","5.86%"
"06/26/2023","23.371","23.421","23.421","23.371","-0.22%"
"06/23/2023","23.422","22.989","24.122","22.989","0.01%"
"06/22/2023","23.419","22.989","23.419","22.989","1.88%"
"06/21/2023","22.987","23.489","23.489","22.987","-2.15%"
"06/20/2023","23.491","23.234","23.491","23.234","18.48%"
"06/19/2023","19.827","20.449","20.449","19.827","-3.00%"
"06/16/2023","20.441","18.299","22.098","18.299","0.00%"
"06/15/2023","20.441","18.299","20.441","18.299","11.71%"
"06/14/2023","18.298","17.946","18.298","17.946","1.97%"
"06/13/2023","17.944","18.062","18.062","17.944","-0.63%"
"06/12/2023","18.057","19.885","19.885","18.057","-9.19%"
"06/09/2023","19.885","19.880","21.236","19.880","0.03%"
"06/08/2023","19.880","19.880","19.880","19.880","-0.01%"
"06/07/2023","19.882","20.010","20.010","19.882","-0.64%"
"06/06/2023","20.010","20.875","20.875","20.010","-4.14%"
"06/05/2023","20.874","19.333","20.874","19.333","7.98%"
"06/02/2023","19.331","20.474","20.474","19.331","-0.02%"
"06/01/2023","19.335","20.474","20.474","19.335","-4.18%"
"05/31/2023","20.179","20.179","20.179","20.179","0.00%"
"05/30/2023","20.179","20.435","20.435","20.179","-1.27%"
"05/29/2023","20.438","19.764","20.438","19.764","3.41%"
"05/26/2023","19.764","21.201","21.201","19.761","0.02%"
"05/25/2023","19.761","21.201","21.201","19.761","-6.79%"
"05/24/2023","21.201","19.644","21.201","19.644","7.94%"
"05/23/2023","19.641","20.063","20.063","19.641","-2.12%"
"05/22/2023","20.067","19.963","20.067","19.963","0.49%"
"05/19/2023","19.969","21.679","21.679","19.964","0.03%"
"05/18/2023","19.964","21.679","21.679","19.964","-7.89%"
"05/17/2023","21.674","20.330","21.674","20.330","6.63%"
"05/16/2023","20.327","19.130","20.327","19.130","6.28%"
"05/15/2023","19.126","20.913","20.913","19.126","-8.55%"
"05/12/2023","20.914","21.008","21.784","20.912","0.01%"
"05/11/2023","20.912","21.008","21.008","20.912","-0.43%"
"05/10/2023","21.003","19.277","21.003","19.277","8.95%"
"05/09/2023","19.278","19.479","19.479","19.278","-1.03%"
"05/08/2023","19.478","21.164","21.164","19.478","-7.97%"
"05/05/2023","21.164","21.233","21.969","21.164","-10.21%"
"05/04/2023","23.572","22.698","23.572","22.618","11.01%"
"05/03/2023","21.233","21.306","21.306","21.233","-0.34%"
"05/02/2023","21.306","21.124","21.306","21.124","0.86%"
"05/01/2023","21.124","21.124","21.124","21.124","-0.02%"
"04/28/2023","21.128","20.981","21.863","20.981","0.01%"
"04/27/2023","21.126","20.981","21.126","20.981","0.69%"
"04/26/2023","20.981","21.592","21.592","20.981","-9.02%"
"04/25/2023","23.062","23.062","23.062","23.062","-2.36%"
"04/24/2023","23.620","22.954","23.620","22.954","9.80%"
"04/21/2023","21.511","21.512","22.206","21.511","0.00%"
"04/20/2023","21.512","21.512","21.512","21.512","0.00%"
"04/19/2023","21.513","21.517","21.517","21.513","-0.02%"
"04/18/2023","21.518","20.562","21.518","20.562","-1.35%"
"04/17/2023","21.812","23.206","23.206","21.812","0.22%"
"04/14/2023","21.764","21.567","22.873","21.567","0.00%"
"04/13/2023","21.763","21.567","21.763","21.567","0.91%"
"04/12/2023","21.566","21.573","21.573","21.566","-0.05%"
"04/11/2023","21.576","21.576","21.576","21.576","13.76%"
"04/10/2023","18.967","18.967","18.967","18.967","0.11%"
"04/07/2023","18.946","18.946","18.946","18.946","0.01%"
"04/06/2023","18.945","18.945","18.945","18.945","0.04%"
"04/05/2023","18.938","18.483","18.938","18.483","2.46%"
"04/04/2023","18.484","18.484","18.484","18.484","-0.02%"
"04/03/2023","18.487","17.696","18.487","17.696","4.43%"
"03/31/2023","17.702","16.938","21.020","16.938","0.01%"
"03/30/2023","17.701","16.938","17.701","16.938","4.46%"
"03/29/2023","16.946","16.946","16.946","16.946","0.06%"
"03/28/2023","16.936","16.068","16.936","16.068","5.42%"
"03/27/2023","16.065","16.877","16.877","16.065","-4.78%"
"03/24/2023","16.872","18.548","19.080","16.872","-0.04%"
"03/23/2023","16.878","18.548","18.548","16.878","-9.04%"
"03/22/2023","18.555","17.556","18.555","17.556","5.68%"
"03/21/2023","17.558","17.049","17.558","17.049","2.94%"
"03/20/2023","17.056","16.487","17.056","16.487","3.45%"
"03/17/2023","16.487","16.285","18.139","16.285","-0.02%"
"03/16/2023","16.490","16.285","16.490","16.285","1.28%"
"03/15/2023","16.282","18.044","18.044","16.282","-9.78%"
"03/14/2023","18.046","17.065","18.046","17.065","5.77%"
"03/13/2023","17.062","17.503","17.503","17.062","-2.50%"
"03/10/2023","17.500","17.503","18.922","17.500","-0.02%"
"03/09/2023","17.503","17.503","17.503","17.503","0.01%"
"03/08/2023","17.501","17.585","17.585","17.501","-0.51%"
"03/07/2023","17.591","17.193","17.591","17.193","2.33%"
"03/06/2023","17.191","18.013","18.013","17.191","-4.60%"
"03/03/2023","18.019","18.168","19.242","18.014","0.03%"
"03/02/2023","18.014","18.168","18.168","18.014","-0.87%"
"03/01/2023","18.172","18.188","18.188","18.172","-0.07%"
"02/28/2023","18.184","18.348","18.348","18.184","-0.90%"
"02/27/2023","18.350","18.987","18.987","18.350","-3.34%"
"02/24/2023","18.984","19.064","20.102","18.984","-0.01%"
"02/23/2023","18.985","19.064","19.064","18.985","-0.40%"
"02/22/2023","19.061","19.469","19.469","19.061","-2.08%"
"02/21/2023","19.466","19.868","19.868","19.466","-2.01%"
"02/20/2023","19.866","19.546","19.866","19.546","1.65%"
"02/17/2023","19.544","19.570","20.555","19.544","0.00%"
"02/16/2023","19.544","19.570","19.570","19.544","-0.16%"
"02/15/2023","19.575","19.506","19.575","19.506","0.36%"
"02/14/2023","19.505","16.640","19.505","16.640","17.22%"
"02/13/2023","16.640","17.535","17.535","16.640","-5.13%"
"02/10/2023","17.540","18.128","18.128","17.538","0.01%"
"02/09/2023","17.538","18.128","18.128","17.538","-3.28%"
"02/08/2023","18.132","18.222","18.222","18.132","-0.50%"
"02/07/2023","18.224","19.961","19.961","18.224","-8.71%"
"02/06/2023","19.963","20.418","20.418","19.963","-2.21%"
"02/03/2023","20.414","20.706","21.266","20.414","0.00%"
"02/02/2023","20.415","20.706","20.706","20.415","-1.40%"
"02/01/2023","20.705","20.433","20.705","20.433","1.32%"
"01/31/2023","20.436","19.463","20.436","19.463","5.00%"
"01/30/2023","19.462","19.640","19.640","19.462","-0.89%"
"01/27/2023","19.637","19.767","20.387","19.637","-9.57%"
"01/26/2023","21.715","20.990","21.715","20.843","9.85%"
"01/25/2023","19.767","20.099","20.385","19.767","-0.66%"
"01/24/2023","19.899","20.099","20.099","19.899","-1.01%"
"01/23/2023","20.102","20.102","20.102","20.102","0.89%"
"01/20/2023","19.924","20.018","20.619","19.924","0.00%"
"01/19/2023","19.924","20.018","20.018","19.924","-0.47%"
"01/18/2023","20.019","20.614","20.614","20.019","-2.88%"
"01/17/2023","20.613","20.525","20.613","20.525","0.43%"
"01/16/2023","20.525","19.601","20.525","19.601","4.73%"
"01/13/2023","19.598","19.914","20.231","19.598","0.00%"
"01/12/2023","19.598","19.914","19.914","19.598","-1.60%"
"01/11/2023","19.917","19.801","19.917","19.801","0.59%"
"01/10/2023","19.801","20.309","20.309","19.801","-2.50%"
"01/09/2023","20.309","18.536","20.309","18.536","9.57%"
"01/06/2023","18.536","18.537","19.093","18.536","-0.01%"
"01/05/2023","18.537","18.537","18.537","18.537","-0.01%"
"01/04/2023","18.538","18.394","18.538","18.394","19.62%"
"01/03/2023","15.497","15.912","15.912","15.497","-2.60%"
"01/02/2023","15.911","16.220","16.220","15.911","-1.91%"
"12/30/2022","16.220","16.334","17.730","16.220","-0.01%"
"12/29/2022","16.221","16.334","16.334","16.221","-0.70%"
"12/28/2022","16.335","16.414","16.414","16.335","-0.48%"
"12/27/2022","16.414","16.811","16.811","16.414","-2.36%"
"12/26/2022","16.811","16.841","16.841","16.811","-0.18%"
"12/23/2022","16.841","16.955","17.832","16.841","0.00%"
"12/22/2022","16.841","16.955","16.955","16.841","-0.67%"
"12/21/2022","16.954","16.194","16.954","16.194","4.66%"
"12/20/2022","16.199","17.117","17.117","16.199","-5.35%"
"12/19/2022","17.114","16.561","17.114","16.561","3.35%"
"12/16/2022","16.560","16.604","17.416","16.560","0.00%"
"12/15/2022","16.560","16.604","16.604","16.560","-0.27%"
"12/14/2022","16.604","16.081","16.604","16.081","3.28%"
"12/13/2022","16.077","16.089","16.089","16.077","-0.09%"
"12/12/2022","16.091","16.091","16.091","16.091","-0.01%"
"12/09/2022","16.093","16.367","16.837","16.093","-0.01%"
"12/08/2022","16.094","16.367","16.367","16.094","-1.70%"
"12/07/2022","16.372","16.484","16.484","16.372","-0.67%"
"12/06/2022","16.482","17.048","17.048","16.482","-3.33%"
"12/05/2022","17.049","17.038","17.049","17.038","0.05%"
"12/02/2022","17.040","17.155","17.750","17.040","-0.67%"
"12/01/2022","17.155","17.155","17.155","17.155","0.02%"
"11/30/2022","17.151","16.976","17.151","16.976","1.01%"
"11/29/2022","16.979","17.045","17.045","16.979","-0.38%"
"11/28/2022","17.043","17.143","17.143","17.043","-0.59%"
"11/25/2022","17.145","17.265","17.797","17.145","-0.01%"
"11/24/2022","17.146","17.265","17.265","17.146","-0.70%"
"11/23/2022","17.266","17.537","17.537","17.266","-1.56%"
"11/22/2022","17.540","17.597","17.597","17.540","-0.31%"
"11/21/2022","17.594","18.004","18.004","17.594","-2.29%"
"11/18/2022","18.007","17.949","18.635","17.949","0.00%"
"11/17/2022","18.007","17.949","18.007","17.949","-0.48%"
"11/16/2022","18.094","18.094","18.094","18.094","-0.02%"
"11/15/2022","18.097","17.908","18.097","17.908","1.05%"
"11/14/2022","17.909","17.510","17.909","17.510","2.28%"
"11/11/2022","17.510","17.370","18.076","17.370","-0.01%"
"11/10/2022","17.512","17.370","17.512","17.370","0.83%"
"11/09/2022","17.368","17.533","17.533","17.368","-0.95%"
"11/08/2022","17.534","17.427","17.534","17.427","0.60%"
"11/07/2022","17.429","17.247","17.429","17.247","1.06%"
"11/04/2022","17.247","17.247","17.247","17.247","7.40%"
"11/03/2022","16.059","16.105","16.105","16.059","-0.30%"
"11/02/2022","16.108","17.239","17.239","16.108","-6.58%"
"11/01/2022","17.243","17.243","17.243","17.243","0.01%"
"10/31/2022","17.242","15.616","17.242","15.616","10.39%"
"10/28/2022","15.619","15.751","16.267","15.616","0.02%"
"10/27/2022","15.616","15.751","15.751","15.616","-0.87%"
"10/26/2022","15.753","15.759","15.759","15.753","-0.05%"
"10/25/2022","15.761","15.761","15.761","15.761","0.01%"
"10/24/2022","15.759","15.609","15.759","15.609","0.96%"
"10/21/2022","15.609","15.910","16.202","15.609","-0.01%"
"10/20/2022","15.610","15.910","15.910","15.610","-1.87%"
"10/19/2022","15.907","15.799","15.907","15.799","0.70%"
"10/18/2022","15.797","15.844","15.844","15.797","-0.28%"
"10/17/2022","15.842","15.630","15.842","15.630","1.36%"
"10/14/2022","15.630","15.770","16.174","15.629","0.01%"
"10/13/2022","15.629","15.770","15.770","15.629","-0.89%"
"10/12/2022","15.770","15.924","15.924","15.770","-0.95%"
"10/11/2022","15.922","15.948","15.948","15.922","-0.18%"
"10/10/2022","15.950","15.706","15.950","15.706","1.55%"
"10/07/2022","15.707","15.507","16.383","15.507","-3.71%"
"10/06/2022","16.313","16.313","16.313","16.313","3.86%"
"10/05/2022","15.707","15.507","15.707","15.507","1.26%"
"10/04/2022","15.511","15.919","15.919","15.511","-2.59%"
"10/03/2022","15.923","15.634","15.923","15.634","1.86%"
"09/30/2022","15.633","15.841","16.101","15.633","0.00%"
"09/29/2022","15.633","15.633","15.633","15.633","5.07%"
"09/28/2022","14.878","14.878","14.878","14.878","-1.11%"
"09/27/2022","15.045","15.045","15.045","15.045","-1.10%"
"09/26/2022","15.212","15.212","15.212","15.212","2.41%"
"09/23/2022","14.854","14.854","14.854","14.854","0.03%"
"09/22/2022","14.849","14.849","14.849","14.849","-0.95%"
"09/21/2022","14.992","14.992","14.992","14.992","-1.24%"
"09/20/2022","15.181","15.181","15.181","15.181","3.19%"
"09/19/2022","14.711","14.711","14.711","14.711","-3.96%"
"09/16/2022","15.318","15.318","15.318","15.318","0.01%"
"09/15/2022","15.316","15.316","15.316","15.316","1.17%"
"09/14/2022","15.139","15.139","15.139","15.139","2.67%"
"09/13/2022","14.746","14.746","14.746","14.746","-1.73%"
"09/12/2022","15.005","15.005","15.005","15.005","2.10%"
"09/09/2022","14.697","14.697","14.697","14.697","0.01%"
"09/08/2022","14.696","14.696","14.696","14.696","-6.00%"
"09/07/2022","15.634","15.634","15.634","15.634","-0.71%"
"09/06/2022","15.746","15.746","15.746","15.746","-0.03%"
"09/05/2022","15.750","15.750","15.750","15.750","0.01%"
"09/02/2022","15.749","15.749","15.749","15.749","-0.03%"
"09/01/2022","15.753","15.753","15.753","15.753","-1.02%"
"08/31/2022","15.915","15.915","15.915","15.915","-0.64%"
"08/30/2022","16.017","16.017","16.017","16.017","-0.34%"
"08/29/2022","16.071","16.071","16.071","16.071","0.90%"
"08/26/2022","15.928","15.928","15.928","15.928","0.02%"
"08/25/2022","15.925","15.925","15.925","15.925","-0.73%"
"08/24/2022","16.042","16.042","16.042","16.042","-1.56%"
"08/23/2022","16.296","16.296","16.296","16.296","1.10%"
"08/22/2022","16.119","16.119","16.119","16.119","-0.31%"
"08/19/2022","16.169","16.169","16.169","16.169","0.01%"
"08/18/2022","16.167","16.167","16.167","16.167","0.30%"
"08/17/2022","16.118","16.118","16.118","16.118","5.34%"
"08/16/2022","15.301","15.301","15.301","15.301","-0.67%"
"08/15/2022","15.404","15.404","15.404","15.404","-1.00%"
"08/12/2022","15.559","15.559","15.559","15.559","0.00%"
"08/11/2022","15.559","15.559","15.559","15.559","0.01%"
"08/10/2022","15.558","15.558","15.558","15.558","-0.06%"
"08/09/2022","15.568","15.568","15.568","15.568","0.08%"
"08/08/2022","15.556","15.556","15.556","15.556","-0.85%"
"08/05/2022","15.689","15.689","15.689","15.689","0.00%"
"08/04/2022","15.689","15.689","15.689","15.689","0.18%"
"08/03/2022","15.661","15.661","15.661","15.661","0.33%"
"08/02/2022","15.610","15.610","15.610","15.610","-0.09%"
"08/01/2022","15.624","15.624","15.624","15.624","-0.10%"
"07/29/2022","15.639","15.639","15.639","15.639","0.01%"
"07/28/2022","15.638","15.638","15.638","15.638","1.78%"
"07/27/2022","15.365","15.365","15.365","15.365","-2.59%"
"07/26/2022","15.774","15.774","15.774","15.774","3.23%"
"07/25/2022","15.280","15.280","15.280","15.280","-1.19%"
"07/22/2022","15.464","15.464","15.464","15.464","-0.01%"
"07/21/2022","15.465","15.465","15.465","15.465","-1.47%"
"07/20/2022","15.696","15.696","15.696","15.696","1.99%"
"07/19/2022","15.389","15.389","15.389","15.389","-1.83%"
"07/18/2022","15.676","15.676","15.676","15.676","0.73%"
"07/15/2022","15.563","15.563","15.563","15.563","-6.85%"
"07/14/2022","16.708","16.146","16.708","16.146","2.36%"
"07/13/2022","16.323","16.073","16.323","16.073","0.29%"
"07/12/2022","16.274","16.066","16.274","16.066","0.02%"
"07/11/2022","16.272","16.066","16.272","16.066","5.26%"
"07/08/2022","15.459","15.459","15.459","15.459","0.01%"
"07/07/2022","15.457","15.457","15.457","15.457","-0.13%"
"07/06/2022","15.477","15.477","15.477","15.477","0.91%"
"07/05/2022","15.337","15.337","15.337","15.337","0.33%"
"07/04/2022","15.286","15.286","15.286","15.286","-4.38%"
"07/01/2022","15.986","15.986","15.986","15.986","-4.42%"
"06/30/2022","16.726","15.976","16.726","15.976","8.52%"
"06/29/2022","15.413","15.413","15.413","15.413","1.70%"
"06/28/2022","15.155","15.155","15.155","15.155","-1.76%"
"06/27/2022","15.426","15.426","15.426","15.426","0.08%"
"06/24/2022","15.414","15.414","15.414","15.414","-0.01%"
"06/23/2022","15.416","15.416","15.416","15.416","-0.01%"
"06/22/2022","15.417","15.417","15.417","15.417","0.02%"
"06/21/2022","15.414","15.414","15.414","15.414","-0.06%"
"06/20/2022","15.423","15.423","15.423","15.423","2.64%"
"06/17/2022","15.026","15.026","15.026","15.026","0.01%"
"06/16/2022","15.025","15.025","15.025","15.025","1.04%"
"06/15/2022","14.871","14.871","14.871","14.871","-0.12%"
"06/14/2022","14.889","14.889","14.889","14.889","4.05%"
"06/13/2022","14.310","14.310","14.310","14.310","-4.20%"
"06/10/2022","14.938","14.938","14.938","14.938","0.01%"
"06/09/2022","14.936","14.936","14.936","14.936","-1.46%"
"06/08/2022","15.158","15.158","15.158","15.158","5.70%"
"06/07/2022","14.341","14.341","14.341","14.341","-3.38%"
"06/06/2022","14.842","14.842","14.842","14.842","2.74%"
"06/03/2022","14.446","14.446","14.446","14.446","0.01%"
"06/02/2022","14.444","14.444","14.444","14.444","1.73%"
"06/01/2022","14.198","14.198","14.198","14.198","-1.28%"
"05/31/2022","14.382","14.382","14.382","14.382","-1.62%"
"05/30/2022","14.619","14.619","14.619","14.619","8.06%"
"05/27/2022","13.529","13.529","13.529","13.529","0.01%"
"05/26/2022","13.528","13.528","13.528","13.528","1.84%"
"05/25/2022","13.284","13.284","13.284","13.284","0.82%"
"05/24/2022","13.176","13.176","13.176","13.176","-5.24%"
"05/23/2022","13.904","13.904","13.904","13.904","3.75%"
"05/20/2022","13.402","13.402","13.402","13.402","0.00%"
"05/19/2022","13.402","13.402","13.402","13.402","-0.06%"
"05/18/2022","13.410","13.410","13.410","13.410","2.99%"
"05/17/2022","13.021","13.021","13.021","13.021","-2.30%"
"05/16/2022","13.328","13.328","13.328","13.328","-1.49%"
"05/13/2022","13.529","13.529","13.529","13.529","0.01%"
"05/12/2022","13.528","13.528","13.528","13.528","2.62%"
"05/11/2022","13.182","13.182","13.182","13.182","-0.72%"
"05/10/2022","13.277","13.277","13.277","13.277","3.48%"
"05/09/2022","12.830","12.830","12.830","12.830","-2.69%"
"05/06/2022","13.184","13.184","13.184","13.184","-4.97%"
"05/05/2022","13.874","13.472","13.874","13.472","1.99%"
"05/04/2022","13.603","13.472","13.603","13.472","0.97%"
"05/03/2022","13.472","13.472","13.472","13.472","0.00%"
"05/02/2022","13.472","13.472","13.472","13.472","2.18%"
"04/29/2022","13.185","13.185","13.185","13.185","0.00%"
"04/28/2022","13.185","13.185","13.185","13.185","-0.22%"
"04/27/2022","13.214","13.214","13.214","13.214","4.01%"
"04/26/2022","12.704","12.704","12.704","12.704","-1.73%"
"04/25/2022","12.928","12.928","12.928","12.928","2.25%"
"04/22/2022","12.644","12.644","12.644","12.644","0.02%"
"04/21/2022","12.642","12.642","12.642","12.642","1.07%"
"04/20/2022","12.508","12.508","12.508","12.508","-1.01%"
"04/19/2022","12.635","12.635","12.635","12.635","-0.27%"
"04/18/2022","12.669","12.669","12.669","12.669","-1.20%"
"04/15/2022","12.823","12.823","12.823","12.823","0.01%"
"04/14/2022","12.822","12.822","12.822","12.822","2.27%"
"04/13/2022","12.537","12.537","12.537","12.537","2.18%"
"04/12/2022","12.269","12.269","12.269","12.269","-2.56%"
"04/11/2022","12.591","12.591","12.591","12.591","5.51%"
"04/08/2022","11.934","11.934","11.934","11.934","-0.03%"
"04/07/2022","11.937","11.937","11.937","11.937","-2.56%"
"04/06/2022","12.251","12.251","12.251","12.251","-0.37%"
"04/05/2022","12.297","12.297","12.297","12.297","-0.04%"
"04/04/2022","12.302","12.302","12.302","12.302","-8.00%"
"04/01/2022","13.372","13.372","13.372","13.372","0.01%"
"03/31/2022","13.371","13.371","13.371","13.371","4.41%"
"03/30/2022","12.806","12.806","12.806","12.806","-2.45%"
"03/29/2022","13.127","13.127","13.127","13.127","-0.01%"
"03/28/2022","13.128","13.128","13.128","13.128","-14.62%"
"03/25/2022","15.376","15.376","15.376","15.376","0.03%"
"03/24/2022","15.372","15.372","15.372","15.372","19.56%"
"03/23/2022","12.857","12.857","12.857","12.857","-0.01%"
"03/22/2022","12.858","12.858","12.858","12.858","-9.48%"
"03/21/2022","14.205","14.205","14.205","14.205","8.04%"
"03/18/2022","13.148","13.148","13.148","13.148","-0.02%"
"03/17/2022","13.150","13.150","13.150","13.150","-2.11%"
"03/16/2022","13.433","13.433","13.433","13.433","2.60%"
"03/15/2022","13.093","13.093","13.093","13.093","-4.49%"
"03/14/2022","13.709","13.709","13.709","13.709","9.84%"
"03/11/2022","12.481","12.481","12.481","12.481","0.01%"
"03/10/2022","12.480","12.480","12.480","12.480","-0.09%"
"03/09/2022","12.491","12.491","12.491","12.491","3.53%"
"03/08/2022","12.065","12.065","12.065","12.065","0.02%"
"03/07/2022","12.063","12.063","12.063","12.063","1.70%"
"03/04/2022","11.861","11.861","11.861","11.861","2.49%"
"03/03/2022","11.573","11.573","11.573","11.573","0.21%"
"03/02/2022","11.549","11.549","11.549","11.549","2.52%"
"03/01/2022","11.265","11.265","11.265","11.265","0.94%"
"02/28/2022","11.160","11.160","11.160","11.160","-0.95%"
"02/25/2022","11.267","11.267","11.267","11.267","-0.01%"
"02/24/2022","11.268","11.268","11.268","11.268","-0.33%"
"02/23/2022","11.305","11.305","11.305","11.305","-0.18%"
"02/22/2022","11.325","11.325","11.325","11.325","-0.06%"
"02/21/2022","11.332","11.332","11.332","11.332","-0.47%"
"02/18/2022","11.385","11.385","11.385","11.385","0.01%"
"02/17/2022","11.384","11.384","11.384","11.384","-0.09%"
"02/16/2022","11.394","11.394","11.394","11.394","-0.05%"
"02/15/2022","11.400","11.400","11.400","11.400","-0.09%"
"02/14/2022","11.410","11.410","11.410","11.410","-0.30%"
"02/11/2022","11.444","11.444","11.444","11.444","0.01%"
"02/10/2022","11.443","11.443","11.443","11.443","-0.04%"
"02/09/2022","11.448","11.448","11.448","11.448","0.93%"
"02/08/2022","11.342","11.342","11.342","11.342","-0.06%"
"02/07/2022","11.349","11.349","11.349","11.349","-0.28%"
"02/04/2022","11.381","11.381","11.381","11.381","0.01%"
"02/03/2022","11.380","11.380","11.380","11.380","-0.05%"
"02/02/2022","11.386","11.386","11.386","11.386","-0.09%"
"02/01/2022","11.396","11.396","11.396","11.396","-0.06%"
"01/31/2022","11.403","11.403","11.403","11.403","0.02%"
"01/28/2022","11.401","11.401","11.401","11.401","-5.88%"
"01/27/2022","12.113","11.749","12.113","11.741","6.19%"
"01/26/2022","11.407","11.407","11.407","11.407","-0.17%"
"01/25/2022","11.426","11.426","11.426","11.426","1.09%"
"01/24/2022","11.303","11.303","11.303","11.303","-0.61%"
"01/21/2022","11.372","11.372","11.372","11.372","0.00%"
"01/20/2022","11.372","11.372","11.372","11.372","-0.05%"
"01/19/2022","11.378","11.378","11.378","11.378","-0.05%"
"01/18/2022","11.384","11.384","11.384","11.384","-0.06%"
"01/17/2022","11.391","11.391","11.391","11.391","-0.16%"
"01/14/2022","11.409","11.409","11.409","11.409","0.00%"
"01/13/2022","11.409","11.409","11.409","11.409","-0.09%"
"01/12/2022","11.419","11.419","11.419","11.419","-0.09%"
"01/11/2022","11.429","11.429","11.429","11.429","1.01%"
"01/10/2022","11.315","11.315","11.315","11.315","-1.05%"
"01/07/2022","11.435","11.435","11.435","11.435","-6.22%"
"01/06/2022","12.193","11.795","12.193","11.791","6.57%"
"01/05/2022","11.442","11.442","11.442","11.442","-0.09%"
"01/04/2022","11.452","11.452","11.452","11.452","0.43%"
"01/03/2022","11.403","11.403","11.403","11.403","-1.77%"
"12/31/2021","11.609","11.609","11.609","11.609","-0.01%"
"12/30/2021","11.610","11.610","11.610","11.610","-0.10%"
"12/29/2021","11.622","11.622","11.622","11.622","-0.03%"
"12/28/2021","11.626","11.626","11.626","11.626","-0.07%"
"12/27/2021","11.634","11.634","11.634","11.634","-2.03%"
"12/24/2021","11.875","11.875","11.875","11.875","-0.02%"
"12/23/2021","11.877","11.877","11.877","11.877","-0.24%"
"12/22/2021","11.906","11.906","11.906","11.906","0.64%"
"12/21/2021","11.830","11.830","11.830","11.830","-0.05%"
"12/20/2021","11.836","11.836","11.836","11.836","-2.02%"
"12/17/2021","12.080","12.080","12.080","12.080","0.02%"
"12/16/2021","12.078","12.078","12.078","12.078","-0.03%"
"12/15/2021","12.082","12.082","12.082","12.082","0.22%"
"12/14/2021","12.056","12.056","12.056","12.056","-0.03%"
"12/13/2021","12.060","12.060","12.060","12.060","-1.62%"
"12/10/2021","12.259","12.259","12.259","12.259","0.02%"
"12/09/2021","12.257","12.257","12.257","12.257","-0.11%"
"12/08/2021","12.271","12.271","12.271","12.271","-0.02%"
"12/07/2021","12.273","12.273","12.273","12.273","-0.02%"
"12/06/2021","12.275","12.275","12.275","12.275","-1.24%"
"12/03/2021","12.429","12.429","12.429","12.429","-0.02%"
"12/02/2021","12.431","12.431","12.431","12.431","-0.06%"
"12/01/2021","12.439","12.439","12.439","12.439","0.27%"
"11/30/2021","12.405","12.405","12.405","12.405","-0.04%"
"11/29/2021","12.410","12.410","12.410","12.410","-0.50%"
"11/26/2021","12.472","12.472","12.472","12.472","0.00%"
"11/25/2021","12.472","12.472","12.472","12.472","-0.02%"
"11/24/2021","12.475","12.475","12.475","12.475","0.00%"
"11/23/2021","12.475","12.475","12.475","12.475","-0.03%"
"11/22/2021","12.479","12.479","12.479","12.479","0.00%"
"11/19/2021","12.479","12.479","12.479","12.479","-0.01%"
"11/18/2021","12.480","12.480","12.480","12.480","-0.01%"
"11/17/2021","12.481","12.481","12.481","12.481","0.11%"
"11/16/2021","12.467","12.467","12.467","12.467","-0.04%"
"11/15/2021","12.472","12.472","12.472","12.472","-0.38%"
"11/12/2021","12.519","12.519","12.519","12.519","0.01%"
"11/11/2021","12.518","12.518","12.518","12.518","0.03%"
"11/10/2021","12.514","12.514","12.514","12.514","-0.03%"
"11/09/2021","12.518","12.518","12.518","12.518","0.09%"
"11/08/2021","12.507","12.507","12.507","12.507","0.31%"
"11/05/2021","12.468","12.468","12.468","12.468","-0.01%"
"11/04/2021","12.469","12.469","12.469","12.469","0.00%"
"11/03/2021","12.469","12.469","12.469","12.469","-0.01%"
"11/02/2021","12.470","12.470","12.470","12.470","-0.03%"
"11/01/2021","12.474","12.474","12.474","12.474","0.31%"
"10/29/2021","12.435","12.435","12.435","12.435","0.01%"
"10/28/2021","12.434","12.434","12.434","12.434","-0.04%"
"10/27/2021","12.439","12.439","12.439","12.439","0.28%"
"10/26/2021","12.404","12.404","12.404","12.404","-0.01%"
"10/25/2021","12.405","12.405","12.405","12.405","-0.06%"
"10/22/2021","12.413","12.413","12.413","12.413","-6.53%"
"10/21/2021","13.280","12.873","13.280","12.870","6.95%"
"10/20/2021","12.417","12.417","12.417","12.417","0.00%"
"10/19/2021","12.417","12.417","12.417","12.417","-0.02%"
"10/18/2021","12.419","12.419","12.419","12.419","0.23%"
"10/15/2021","12.391","12.391","12.391","12.391","-0.01%"
"10/14/2021","12.392","12.392","12.392","12.392","0.05%"
"10/13/2021","12.386","12.386","12.386","12.386","0.24%"
"10/12/2021","12.356","12.356","12.356","12.356","0.59%"
"10/11/2021","12.283","12.283","12.283","12.283","-0.11%"
"10/08/2021","12.296","12.296","12.296","12.296","-6.75%"
"10/07/2021","13.186","12.778","13.186","12.778","7.22%"
"10/06/2021","12.298","12.298","12.298","12.298","-0.03%"
"10/05/2021","12.302","12.302","12.302","12.302","-0.02%"
"10/04/2021","12.304","12.304","12.304","12.304","-0.58%"
"10/01/2021","12.376","12.376","12.376","12.376","-0.01%"
"09/30/2021","12.377","12.377","12.377","12.377","-0.02%"
"09/29/2021","12.379","12.379","12.379","12.379","0.51%"
"09/28/2021","12.316","12.316","12.316","12.316","-0.04%"
"09/27/2021","12.321","12.321","12.321","12.321","-0.28%"
"09/24/2021","12.355","12.355","12.355","12.355","0.01%"
"09/23/2021","12.354","12.354","12.354","12.354","-0.04%"
"09/22/2021","12.359","12.359","12.359","12.359","-0.01%"
"09/21/2021","12.360","12.360","12.360","12.360","-0.04%"
"09/20/2021","12.365","12.365","12.365","12.365","-1.04%"
"09/17/2021","12.495","12.495","12.495","12.495","0.00%"
"09/16/2021","12.495","12.495","12.495","12.495","-0.10%"
"09/15/2021","12.507","12.507","12.507","12.507","0.00%"
"09/14/2021","12.507","12.507","12.507","12.507","-0.03%"
"09/13/2021","12.511","12.511","12.511","12.511","0.11%"
"09/10/2021","12.497","12.497","12.497","12.497","-0.02%"
"09/09/2021","12.499","12.499","12.499","12.499","0.00%"
"09/08/2021","12.499","12.499","12.499","12.499","0.41%"
"09/07/2021","12.448","12.448","12.448","12.448","-0.03%"
"09/06/2021","12.452","12.452","12.452","12.452","-1.42%"
"09/03/2021","12.631","12.631","12.631","12.631","0.01%"
"09/02/2021","12.630","12.630","12.630","12.630","-2.71%"
"09/01/2021","12.982","12.982","12.982","12.982","0.01%"
"08/31/2021","12.981","12.981","12.981","12.981","0.00%"
"08/30/2021","12.981","12.981","12.981","12.981","-1.39%"
"08/27/2021","13.164","13.164","13.164","13.164","-0.01%"
"08/26/2021","13.165","13.165","13.165","13.165","-0.07%"
"08/25/2021","13.174","13.174","13.174","13.174","-0.02%"
"08/24/2021","13.176","13.176","13.176","13.176","-0.02%"
"08/23/2021","13.178","13.178","13.178","13.178","-0.57%"
"08/20/2021","13.254","13.254","13.254","13.254","0.00%"
"08/19/2021","13.254","13.254","13.254","13.254","-0.15%"
"08/18/2021","13.274","13.274","13.274","13.274","0.11%"
"08/17/2021","13.259","13.259","13.259","13.259","-0.04%"
"08/16/2021","13.264","13.264","13.264","13.264","-1.74%"
"08/13/2021","13.499","13.499","13.499","13.499","-6.16%"
"08/12/2021","14.385","13.910","14.385","13.906","6.58%"
"08/11/2021","13.498","13.498","13.498","13.498","-0.03%"
"08/10/2021","13.502","13.502","13.502","13.502","-0.01%"
"08/09/2021","13.503","13.503","13.503","13.503","-0.19%"
"08/06/2021","13.529","13.529","13.529","13.529","-0.04%"
"08/05/2021","13.535","13.535","13.535","13.535","-0.02%"
"08/04/2021","13.538","13.538","13.538","13.538","-0.01%"
"08/03/2021","13.540","13.540","13.540","13.540","-0.01%"
"08/02/2021","13.542","13.542","13.542","13.542","-0.67%"
"07/30/2021","13.633","13.633","13.633","13.633","0.01%"
"07/29/2021","13.631","13.631","13.631","13.631","-0.12%"
"07/28/2021","13.648","13.648","13.648","13.648","1.74%"
"07/27/2021","13.414","13.414","13.414","13.414","-0.01%"
"07/26/2021","13.416","13.416","13.416","13.416","-0.07%"
"07/23/2021","13.425","13.425","13.425","13.425","-7.94%"
"07/22/2021","14.583","13.935","14.583","13.935","4.65%"
"07/21/2021","13.935","13.935","13.935","13.935","0.00%"
"07/20/2021","13.935","13.939","13.939","13.935","-0.03%"
"07/19/2021","13.939","13.953","13.953","13.939","3.73%"
"07/16/2021","13.438","13.438","13.438","13.438","-0.01%"
"07/15/2021","13.440","13.440","13.440","13.440","-0.07%"
"07/14/2021","13.450","13.450","13.450","13.450","0.73%"
"07/13/2021","13.352","13.352","13.352","13.352","-0.03%"
"07/12/2021","13.356","13.356","13.356","13.356","-0.39%"
"07/09/2021","13.408","13.408","13.408","13.408","-0.01%"
"07/08/2021","13.409","13.409","13.409","13.409","-0.05%"
"07/07/2021","13.416","13.416","13.416","13.416","0.17%"
"07/06/2021","13.393","13.393","13.393","13.393","0.84%"
"07/05/2021","13.281","13.281","13.281","13.281","0.68%"
"07/02/2021","13.191","13.191","13.191","13.191","-3.90%"
"07/01/2021","13.726","13.731","13.731","13.726","4.04%"
"06/30/2021","13.193","13.193","13.193","13.193","-0.02%"
"06/29/2021","13.195","13.195","13.195","13.195","-0.02%"
"06/28/2021","13.197","13.197","13.197","13.197","0.18%"
"06/25/2021","13.173","13.173","13.173","13.173","-0.02%"
"06/24/2021","13.175","13.175","13.175","13.175","0.24%"
"06/23/2021","13.143","13.143","13.143","13.143","-0.02%"
"06/22/2021","13.145","13.145","13.145","13.145","-0.01%"
"06/21/2021","13.146","13.146","13.146","13.146","0.07%"
"06/18/2021","13.137","13.137","13.137","13.137","0.02%"
"06/17/2021","13.135","13.135","13.135","13.135","-0.13%"
"06/16/2021","13.152","13.152","13.152","13.152","-0.02%"
"06/15/2021","13.154","13.154","13.154","13.154","-0.02%"
"06/14/2021","13.156","13.156","13.156","13.156","-0.48%"
"06/11/2021","13.220","13.220","13.220","13.220","-0.02%"
"06/10/2021","13.222","13.222","13.222","13.222","-0.02%"
"06/09/2021","13.224","13.224","13.224","13.224","0.20%"
"06/08/2021","13.197","13.197","13.197","13.197","-0.01%"
"06/07/2021","13.198","13.198","13.198","13.198","-0.07%"
"06/04/2021","13.207","13.207","13.207","13.207","0.00%"
"06/03/2021","13.207","13.207","13.207","13.207","-0.01%"
"06/02/2021","13.208","13.208","13.208","13.208","-0.05%"
"06/01/2021","13.214","13.214","13.214","13.214","-0.01%"
"05/31/2021","13.215","13.215","13.215","13.215","-0.04%"
"05/28/2021","13.220","13.220","13.220","13.220","-0.02%"
"05/27/2021","13.222","13.222","13.222","13.222","0.07%"
"05/26/2021","13.213","13.213","13.213","13.213","0.24%"
"05/25/2021","13.181","13.181","13.181","13.181","-0.01%"
"05/24/2021","13.182","13.182","13.182","13.182","0.15%"
"05/21/2021","13.162","13.162","13.162","13.162","-0.02%"
"05/20/2021","13.164","13.164","13.164","13.164","-0.01%"
"05/19/2021","13.165","13.165","13.165","13.165","0.00%"
"05/18/2021","13.165","13.165","13.165","13.165","-0.01%"
"05/17/2021","13.166","13.166","13.166","13.166","-4.04%"
"05/14/2021","13.721","13.721","13.721","13.721","-3.27%"
"05/13/2021","14.186","14.191","14.191","14.186","-1.12%"
"05/12/2021","14.346","13.715","14.346","13.715","8.87%"
"05/11/2021","13.177","13.177","13.177","13.177","-0.01%"
"05/10/2021","13.178","13.178","13.178","13.178","-0.02%"
"05/07/2021","13.180","13.180","13.180","13.180","0.00%"
"05/06/2021","13.180","13.180","13.180","13.180","-0.02%"
"05/05/2021","13.182","13.182","13.182","13.182","-0.02%"
"05/04/2021","13.184","13.184","13.184","13.184","-4.79%"
"05/03/2021","13.847","13.860","13.860","13.847","2.92%"
"04/30/2021","13.454","13.454","13.454","13.454","1.92%"
"04/29/2021","13.200","13.200","13.200","13.200","-0.05%"
"04/28/2021","13.206","13.206","13.206","13.206","0.28%"
"04/27/2021","13.169","13.169","13.169","13.169","-0.01%"
"04/26/2021","13.170","13.170","13.170","13.170","-0.09%"
"04/23/2021","13.182","13.182","13.182","13.182","-0.02%"
"04/22/2021","13.184","13.184","13.184","13.184","-0.02%"
"04/21/2021","13.186","13.186","13.186","13.186","-0.02%"
"04/20/2021","13.188","13.188","13.188","13.188","-0.01%"
"04/19/2021","13.189","13.189","13.189","13.189","0.10%"
"04/16/2021","13.176","13.176","13.176","13.176","-0.02%"
"04/15/2021","13.179","13.179","13.179","13.179","-0.02%"
"04/14/2021","13.181","13.181","13.181","13.181","0.15%"
"04/13/2021","13.161","13.161","13.161","13.161","-0.05%"
"04/12/2021","13.167","13.167","13.167","13.167","-0.43%"
"04/09/2021","13.224","13.224","13.224","13.224","-0.02%"
"04/08/2021","13.226","13.226","13.226","13.226","-0.01%"
"04/07/2021","13.227","13.227","13.227","13.227","-0.05%"
"04/06/2021","13.233","13.233","13.233","13.233","-0.17%"
"04/05/2021","13.255","13.255","13.255","13.255","-0.02%"
"04/02/2021","13.257","13.257","13.257","13.257","0.01%"
"04/01/2021","13.256","13.256","13.256","13.256","0.36%"
"03/31/2021","13.208","13.208","13.208","13.208","0.51%"
"03/30/2021","13.141","13.141","13.141","13.141","-0.04%"
"03/29/2021","13.146","13.146","13.146","13.146","-0.08%"
"03/26/2021","13.156","13.156","13.156","13.156","-0.01%"
"03/25/2021","13.157","13.157","13.157","13.157","-0.02%"
"03/24/2021","13.159","13.159","13.159","13.159","-0.02%"
"03/23/2021","13.161","13.161","13.161","13.161","-0.02%"
"03/22/2021","13.163","13.163","13.163","13.163","0.69%"
"03/19/2021","13.073","13.073","13.073","13.073","0.02%"
"03/18/2021","13.071","13.071","13.071","13.071","-0.59%"
"03/17/2021","13.149","13.149","13.149","13.149","0.39%"
"03/16/2021","13.098","13.098","13.098","13.098","-0.02%"
"03/15/2021","13.100","13.100","13.100","13.100","-0.11%"
"03/12/2021","13.114","13.114","13.114","13.114","0.00%"
"03/11/2021","13.114","13.114","13.114","13.114","0.28%"
"03/10/2021","13.078","13.078","13.078","13.078","-0.05%"
"03/09/2021","13.085","13.085","13.085","13.085","-0.02%"
"03/08/2021","13.088","13.088","13.088","13.088","0.17%"
"03/05/2021","13.066","13.066","13.066","13.066","0.00%"
"03/04/2021","13.066","13.066","13.066","13.066","0.15%"
"03/03/2021","13.046","13.046","13.046","13.046","0.63%"
"03/02/2021","12.964","12.964","12.964","12.964","-0.02%"
"03/01/2021","12.967","12.967","12.967","12.967","1.12%"
"02/26/2021","12.824","12.824","12.824","12.824","-0.01%"
"02/25/2021","12.825","12.825","12.825","12.825","-0.03%"
"02/24/2021","12.829","12.829","12.829","12.829","-0.19%"
"02/23/2021","12.854","12.854","12.854","12.854","0.12%"
"02/22/2021","12.838","12.838","12.838","12.838","-0.13%"
"02/19/2021","12.855","12.855","12.855","12.855","0.02%"
"02/18/2021","12.853","12.853","12.853","12.853","-0.03%"
"02/17/2021","12.857","12.857","12.857","12.857","0.49%"
"02/16/2021","12.794","12.794","12.794","12.794","0.02%"
"02/15/2021","12.792","12.792","12.792","12.792","-0.41%"
"02/12/2021","12.845","12.845","12.845","12.845","-0.01%"
"02/11/2021","12.846","12.846","12.846","12.846","0.01%"
"02/10/2021","12.845","12.845","12.845","12.845","0.70%"
"02/09/2021","12.756","12.756","12.756","12.756","-0.01%"
"02/08/2021","12.757","12.757","12.757","12.757","-0.49%"
"02/05/2021","12.820","12.820","12.820","12.820","-0.23%"
"02/04/2021","12.850","12.850","12.850","12.850","0.01%"
"02/03/2021","12.849","12.849","12.849","12.849","0.00%"
"02/02/2021","12.849","12.849","12.849","12.849","1.24%"
"02/01/2021","12.692","12.692","12.692","12.692","-0.02%"
"01/29/2021","12.694","12.694","12.694","12.694","-6.94%"
"01/28/2021","13.641","13.191","13.641","13.187","7.44%"
"01/27/2021","12.696","12.696","12.696","12.696","0.14%"
"01/26/2021","12.678","12.678","12.678","12.678","-0.03%"
"01/25/2021","12.682","12.682","12.682","12.682","1.27%"
"01/22/2021","12.523","12.523","12.523","12.523","0.02%"
"01/21/2021","12.520","12.520","12.520","12.520","-0.32%"
"01/20/2021","12.560","12.560","12.560","12.560","0.01%"
"01/19/2021","12.559","12.559","12.559","12.559","0.01%"
"01/18/2021","12.558","12.558","12.558","12.558","-0.77%"
"01/15/2021","12.655","12.655","12.655","12.655","0.00%"
"01/14/2021","12.655","12.655","12.655","12.655","0.31%"
"01/13/2021","12.616","12.616","12.616","12.616","0.37%"
"01/12/2021","12.570","12.570","12.570","12.570","-0.01%"
"01/11/2021","12.571","12.571","12.571","12.571","-1.18%"
"01/08/2021","12.721","12.721","12.721","12.721","-8.24%"
"01/07/2021","13.863","13.274","13.863","13.274","8.96%"
"01/06/2021","12.724","12.724","12.724","12.724","0.00%"
"01/05/2021","12.724","12.724","12.724","12.724","0.01%"
"01/04/2021","12.723","12.723","12.723","12.723","-0.74%"
"12/31/2020","12.818","12.818","12.818","12.818","1.59%"
"12/30/2020","12.617","12.617","12.617","12.617","-0.01%"
"12/29/2020","12.618","12.618","12.618","12.618","-0.09%"
"12/28/2020","12.629","12.629","12.629","12.629","2.28%"
"12/25/2020","12.347","12.347","12.347","12.347","-0.02%"
"12/24/2020","12.349","12.349","12.349","12.349","0.00%"
"12/23/2020","12.349","12.349","12.349","12.349","-0.01%"
"12/22/2020","12.350","12.350","12.350","12.350","-0.88%"
"12/21/2020","12.460","12.460","12.460","12.460","-1.29%"
"12/18/2020","12.623","12.623","12.623","12.623","0.01%"
"12/17/2020","12.622","12.622","12.622","12.622","-1.24%"
"12/16/2020","12.781","12.781","12.781","12.781","-0.01%"
"12/15/2020","12.782","12.782","12.782","12.782","0.02%"
"12/14/2020","12.779","12.779","12.779","12.779","-1.40%"
"12/11/2020","12.960","12.960","12.960","12.960","0.01%"
"12/10/2020","12.959","12.959","12.959","12.959","-0.67%"
"12/09/2020","13.046","13.046","13.046","13.046","-0.05%"
"12/08/2020","13.053","13.053","13.053","13.053","0.01%"
"12/07/2020","13.052","13.052","13.052","13.052","-1.02%"
"12/04/2020","13.187","13.187","13.187","13.187","-0.02%"
"12/03/2020","13.190","13.190","13.190","13.190","0.53%"
"12/02/2020","13.121","13.121","13.121","13.121","0.15%"
"12/01/2020","13.101","13.101","13.101","13.101","-0.02%"
"11/30/2020","13.103","13.103","13.103","13.103","-0.61%"
"11/27/2020","13.184","13.184","13.184","13.184","0.02%"
"11/26/2020","13.182","13.182","13.182","13.182","-0.02%"
"11/25/2020","13.184","13.184","13.184","13.184","0.05%"
"11/24/2020","13.178","13.178","13.178","13.178","-0.04%"
"11/23/2020","13.183","13.183","13.183","13.183","0.37%"
"11/20/2020","13.134","13.134","13.134","13.134","0.00%"
"11/19/2020","13.134","13.134","13.134","13.134","0.02%"
"11/18/2020","13.131","13.131","13.131","13.131","-0.02%"
"11/17/2020","13.133","13.133","13.133","13.133","-1.02%"
"11/16/2020","13.269","13.269","13.269","13.269","-0.24%"
"11/13/2020","13.301","13.301","13.301","13.301","-0.01%"
"11/12/2020","13.302","13.302","13.302","13.302","-0.69%"
"11/11/2020","13.394","13.394","13.394","13.394","0.00%"
"11/10/2020","13.394","13.394","13.394","13.394","-0.05%"
"11/09/2020","13.401","13.401","13.401","13.401","-4.52%"
"11/06/2020","14.035","14.035","14.035","14.035","4.03%"
"11/05/2020","13.491","13.491","13.491","13.491","0.03%"
"11/04/2020","13.487","13.487","13.487","13.487","0.08%"
"11/03/2020","13.476","13.476","13.476","13.476","0.51%"
"11/02/2020","13.408","13.408","13.408","13.408","0.01%"
"10/30/2020","13.407","13.407","13.407","13.407","-3.98%"
"10/29/2020","13.963","13.967","13.967","13.963","4.13%"
"10/28/2020","13.409","13.409","13.409","13.409","-0.02%"
"10/27/2020","13.412","13.412","13.412","13.412","0.10%"
"10/26/2020","13.399","13.399","13.399","13.399","1.18%"
"10/23/2020","13.243","13.243","13.243","13.243","-0.01%"
"10/22/2020","13.244","13.244","13.244","13.244","0.03%"
"10/21/2020","13.240","13.240","13.240","13.240","-0.04%"
"10/20/2020","13.245","13.245","13.245","13.245","0.00%"
"10/19/2020","13.245","13.245","13.245","13.245","-0.01%"
"10/16/2020","13.246","13.246","13.246","13.246","0.01%"
"10/15/2020","13.245","13.245","13.245","13.245","-0.10%"
"10/14/2020","13.258","13.258","13.258","13.258","-0.01%"
"10/13/2020","13.259","13.259","13.259","13.259","-0.04%"
"10/12/2020","13.264","13.264","13.264","13.264","-0.09%"
"10/09/2020","13.276","13.276","13.276","13.276","-6.54%"
"10/08/2020","14.205","13.785","14.205","13.785","7.07%"
"10/07/2020","13.267","13.267","13.267","13.267","0.36%"
"10/06/2020","13.220","13.220","13.220","13.220","-0.05%"
"10/05/2020","13.227","13.227","13.227","13.227","0.75%"
"10/02/2020","13.128","13.128","13.128","13.128","-0.01%"
"10/01/2020","13.129","13.129","13.129","13.129","-0.04%"
"09/30/2020","13.134","13.134","13.134","13.134","0.00%"
"09/29/2020","13.134","13.134","13.134","13.134","-0.01%"
"09/28/2020","13.135","13.135","13.135","13.135","-2.39%"
"09/25/2020","13.456","13.456","13.456","13.456","-0.01%"
"09/24/2020","13.457","13.457","13.457","13.457","-0.01%"
"09/23/2020","13.459","13.459","13.459","13.459","-0.01%"
"09/22/2020","13.461","13.461","13.461","13.461","-0.01%"
"09/21/2020","13.463","13.463","13.463","13.463","0.17%"
"09/18/2020","13.440","13.440","13.440","13.440","0.01%"
"09/17/2020","13.439","13.439","13.439","13.439","-0.02%"
"09/16/2020","13.442","13.442","13.442","13.442","0.34%"
"09/15/2020","13.397","13.397","13.397","13.397","-0.13%"
"09/14/2020","13.414","13.414","13.414","13.414","0.23%"
"09/11/2020","13.383","13.383","13.383","13.383","0.01%"
"09/10/2020","13.381","13.381","13.381","13.381","0.29%"
"09/09/2020","13.342","13.342","13.342","13.342","0.02%"
"09/08/2020","13.339","13.339","13.339","13.339","-1.19%"
"09/07/2020","13.500","13.500","13.500","13.500","0.00%"
"09/04/2020","13.500","13.500","13.500","13.500","-0.01%"
"09/03/2020","13.502","13.502","13.502","13.502","0.03%"
"09/02/2020","13.498","13.498","13.498","13.498","-0.01%"
"09/01/2020","13.499","13.499","13.499","13.499","-0.01%"
"08/31/2020","13.500","13.500","13.500","13.500","-0.18%"
"08/28/2020","13.524","13.524","13.524","13.524","-0.02%"
"08/27/2020","13.527","13.527","13.527","13.527","0.02%"
"08/26/2020","13.524","13.524","13.524","13.524","-0.04%"
"08/25/2020","13.529","13.529","13.529","13.529","-0.01%"
"08/24/2020","13.531","13.531","13.531","13.531","-0.04%"
"08/21/2020","13.536","13.536","13.536","13.536","-4.16%"
"08/20/2020","14.123","14.123","14.123","14.123","4.31%"
"08/19/2020","13.539","13.539","13.539","13.539","-0.01%"
"08/18/2020","13.540","13.540","13.540","13.540","0.13%"
"08/17/2020","13.522","13.522","13.522","13.522","-0.36%"
"08/14/2020","13.571","13.571","13.571","13.571","-0.01%"
"08/13/2020","13.573","13.573","13.573","13.573","-0.01%"
"08/12/2020","13.575","13.575","13.575","13.575","0.42%"
"08/11/2020","13.518","13.518","13.518","13.518","0.01%"
"08/10/2020","13.516","13.516","13.516","13.516","-0.50%"
"08/07/2020","13.584","13.584","13.584","13.584","-0.03%"
"08/06/2020","13.588","13.588","13.588","13.588","1.09%"
"08/05/2020","13.441","13.441","13.441","13.441","-0.29%"
"08/04/2020","13.480","13.480","13.480","13.480","-3.11%"
"08/03/2020","13.913","13.918","13.918","13.913","6.11%"
"07/31/2020","13.111","13.111","13.111","13.111","-11.08%"
"07/30/2020","14.744","14.649","14.744","14.649","10.05%"
"07/29/2020","13.398","13.398","13.398","13.398","0.90%"
"07/28/2020","13.279","13.279","13.279","13.279","-0.14%"
"07/27/2020","13.297","13.297","13.297","13.297","0.02%"
"07/24/2020","13.295","13.295","13.295","13.295","3.47%"
"07/23/2020","12.849","12.849","12.849","12.849","4.03%"
"07/22/2020","12.352","12.352","12.352","12.352","0.00%"
"07/21/2020","12.352","12.352","12.352","12.352","0.00%"
"07/20/2020","12.352","12.352","12.352","12.352","0.00%"
"07/17/2020","12.352","12.352","12.352","12.352","0.02%"
"07/16/2020","12.349","12.349","12.349","12.349","0.00%"
"07/15/2020","12.349","12.349","12.349","12.349","-0.01%"
"07/14/2020","12.350","12.350","12.350","12.350","0.00%"
"07/13/2020","12.350","12.350","12.350","12.350","-0.01%"
"07/10/2020","12.351","12.351","12.351","12.351","0.01%"
"07/09/2020","12.350","12.350","12.350","12.350","-0.01%"
"07/08/2020","12.351","12.351","12.351","12.351","0.02%"
"07/07/2020","12.348","12.348","12.348","12.348","-7.31%"
"07/06/2020","13.322","13.322","13.322","13.322","0.02%"
"07/03/2020","13.319","13.319","13.319","13.319","-4.40%"
"07/02/2020","13.932","13.932","13.932","13.932","-0.01%"
"07/01/2020","13.934","13.934","13.934","13.934","4.61%"
"06/30/2020","13.319","13.319","13.319","13.319","3.59%"
"06/29/2020","12.857","12.857","12.857","12.857","-0.02%"
"06/26/2020","12.860","12.860","12.860","12.860","0.00%"
"06/25/2020","12.860","12.860","12.860","12.860","0.01%"
"06/24/2020","12.859","12.859","12.859","12.859","0.01%"
"06/23/2020","12.858","12.858","12.858","12.858","4.14%"
"06/22/2020","12.347","12.347","12.347","12.347","0.00%"
"06/19/2020","12.347","12.347","12.347","12.347","-0.02%"
"06/18/2020","12.349","12.349","12.349","12.349","0.00%"
"06/17/2020","12.349","12.349","12.349","12.349","-0.04%"
"06/16/2020","12.354","12.354","12.354","12.354","-0.01%"
"06/15/2020","12.355","12.355","12.355","12.355","0.00%"
"06/12/2020","12.355","12.355","12.355","12.355","0.01%"
"06/11/2020","12.354","12.354","12.354","12.354","-0.01%"
"06/10/2020","12.355","12.355","12.355","12.355","-0.07%"
"06/09/2020","12.364","12.364","12.364","12.364","-0.01%"
"06/08/2020","12.365","12.365","12.365","12.365","-0.01%"
"06/05/2020","12.366","12.366","12.366","12.366","1.37%"
"06/04/2020","12.199","12.199","12.199","12.199","0.01%"
"06/03/2020","12.198","12.198","12.198","12.198","0.00%"
"06/02/2020","12.198","12.198","12.198","12.198","-1.25%"
"06/01/2020","12.352","12.352","12.352","12.352","0.02%"
"05/29/2020","12.350","12.350","12.350","12.350","-4.07%"
"05/28/2020","12.875","12.875","12.875","12.875","0.02%"
"05/27/2020","12.872","12.872","12.872","12.872","4.24%"
"05/26/2020","12.348","12.927","12.927","12.348","-4.48%"
"05/25/2020","12.927","12.927","12.927","12.927","4.27%"
"05/22/2020","12.398","12.398","12.398","12.398","-0.03%"
"05/21/2020","12.402","12.402","12.402","12.402","0.02%"
"05/20/2020","12.400","12.400","12.400","12.400","0.01%"
"05/19/2020","12.399","12.399","12.399","12.399","-0.97%"
"05/18/2020","12.521","12.521","12.521","12.521","0.02%"
"05/15/2020","12.519","12.519","12.519","12.519","-0.02%"
"05/14/2020","12.521","12.521","12.521","12.521","-0.61%"
"05/13/2020","12.598","12.598","12.598","12.598","-0.02%"
"05/12/2020","12.600","12.600","12.600","12.600","-0.02%"
"05/11/2020","12.602","12.602","12.602","12.602","0.02%"
"05/08/2020","12.599","12.599","12.599","12.599","-0.02%"
"05/07/2020","12.601","12.601","12.601","12.601","0.02%"
"05/06/2020","12.599","12.599","12.599","12.599","-0.02%"
"05/05/2020","12.601","12.601","12.601","12.601","2.62%"
"05/04/2020","12.279","12.279","12.279","12.279","-0.01%"
"05/01/2020","12.280","12.280","12.280","12.280","-0.01%"
"04/30/2020","12.281","12.281","12.281","12.281","-1.75%"
"04/29/2020","12.500","12.500","12.500","12.500","0.01%"
"04/28/2020","12.499","12.499","12.499","12.499","3.28%"
"04/27/2020","12.102","12.102","12.102","12.102","0.02%"
"04/24/2020","12.100","12.100","12.100","12.100","-0.01%"
"04/23/2020","12.101","12.101","12.101","12.101","0.02%"
"04/22/2020","12.099","12.099","12.099","12.099","-0.03%"
"04/21/2020","12.103","12.103","12.103","12.103","-3.60%"
"04/20/2020","12.554","12.620","12.620","12.554","3.23%"
"04/17/2020","12.162","12.162","12.162","12.162","-0.01%"
"04/16/2020","12.163","12.163","12.163","12.163","0.01%"
"04/15/2020","12.162","12.162","12.162","12.162","-3.19%"
"04/14/2020","12.563","12.563","12.563","12.563","0.01%"
"04/13/2020","12.562","12.562","12.562","12.562","0.01%"
"04/10/2020","12.561","12.561","12.561","12.561","-0.02%"
"04/09/2020","12.564","12.564","12.564","12.564","0.01%"
"04/08/2020","12.563","12.563","12.563","12.563","0.00%"
"04/07/2020","12.563","12.563","12.563","12.563","-6.39%"
"04/06/2020","13.420","13.420","13.420","13.420","0.01%"
"04/03/2020","13.419","13.419","13.419","13.419","0.00%"
"04/02/2020","13.419","13.419","13.419","13.419","-3.43%"
"04/01/2020","13.895","13.895","13.895","13.895","-0.01%"
"03/31/2020","13.896","13.896","13.896","13.896","-0.01%"
"03/30/2020","13.898","13.898","13.898","13.898","0.03%"
"03/27/2020","13.894","13.894","13.894","13.894","-0.01%"
"03/26/2020","13.895","13.895","13.895","13.895","-0.01%"
"03/25/2020","13.896","13.896","13.896","13.896","-0.01%"
"03/24/2020","13.898","13.898","13.898","13.898","0.01%"
"03/23/2020","13.896","13.896","13.896","13.896","-0.01%"
"03/20/2020","13.898","13.898","13.898","13.898","0.01%"
"03/19/2020","13.896","13.896","13.896","13.896","0.01%"
"03/18/2020","13.894","13.894","13.894","13.894","-0.02%"
"03/17/2020","13.897","13.897","13.897","13.897","0.01%"
"03/16/2020","13.895","13.895","13.895","13.895","-0.02%"
"03/13/2020","13.898","13.898","13.898","13.898","-4.10%"
"03/12/2020","14.491","14.491","14.491","14.491","1.47%"
"02/25/2020","14.281","14.281","14.281","14.281","0.01%"
"02/24/2020","14.279","14.279","14.279","14.279","0.64%"
"02/21/2020","14.188","14.188","14.188","14.188","-0.02%"
"02/20/2020","14.191","14.191","14.191","14.191","-0.50%"
"02/19/2020","14.263","14.263","14.263","14.263","-0.04%"
"02/18/2020","14.268","14.268","14.268","14.268","-0.01%"
"02/17/2020","14.270","14.270","14.270","14.270","-0.49%"
"02/14/2020","14.340","14.340","14.340","14.340","-0.01%"
"02/13/2020","14.342","14.342","14.342","14.342","-1.16%"
"02/12/2020","14.510","14.510","14.510","14.510","-0.01%"
"02/11/2020","14.511","14.511","14.511","14.511","-0.20%"
"02/10/2020","14.540","14.540","14.540","14.540","-0.54%"
"02/07/2020","14.619","14.619","14.619","14.619","0.00%"
"02/06/2020","14.619","14.619","14.619","14.619","-0.21%"
"02/05/2020","14.650","14.650","14.650","14.650","0.16%"
"02/04/2020","14.627","14.627","14.627","14.627","1.63%"
"02/03/2020","14.392","14.392","14.392","14.392","-1.04%"
"01/31/2020","14.543","14.543","14.543","14.543","-0.01%"
"01/30/2020","14.544","14.544","14.544","14.544","0.44%"
"01/29/2020","14.481","14.481","14.481","14.481","0.01%"
"01/28/2020","14.480","14.480","14.480","14.480","0.00%"
"01/27/2020","14.480","14.480","14.480","14.480","0.54%"
"01/24/2020","14.402","14.402","14.402","14.402","0.02%"
"01/23/2020","14.399","14.399","14.399","14.399","2.84%"
"01/22/2020","14.001","14.001","14.001","14.001","-1.66%"
"01/21/2020","14.238","14.238","14.238","14.238","-0.01%"
"01/20/2020","14.240","14.240","14.240","14.240","1.78%"
"01/17/2020","13.991","13.991","13.991","13.991","0.01%"
"01/16/2020","13.990","13.990","13.990","13.990","-3.86%"
"01/15/2020","14.551","14.551","14.551","14.551","0.00%"
"01/14/2020","14.551","14.551","14.551","14.551","-0.01%"
"01/13/2020","14.552","14.552","14.552","14.552","-1.91%"
"01/10/2020","14.836","14.836","14.836","14.836","-0.01%"
"01/09/2020","14.838","14.838","14.838","14.838","-0.13%"
"01/08/2020","14.857","14.857","14.857","14.857","-4.87%"
"01/07/2020","15.618","15.618","15.618","15.618","5.13%"
"01/06/2020","14.856","14.856","14.856","14.856","-1.48%"
"01/03/2020","15.079","15.079","15.079","15.079","0.19%"
"01/02/2020","15.051","15.051","15.051","15.051","-5.18%"
"01/01/2020","15.873","15.873","15.873","15.873","5.45%"
"12/31/2019","15.052","15.052","15.052","15.052","-0.75%"
"12/30/2019","15.166","15.166","15.166","15.166","0.01%"
"12/27/2019","15.164","15.164","15.164","15.164","-0.02%"
"12/26/2019","15.167","15.167","15.167","15.167","0.01%"
"12/25/2019","15.165","15.165","15.165","15.165","0.01%"
"12/24/2019","15.163","15.163","15.163","15.163","-0.02%"
"12/23/2019","15.166","15.166","15.166","15.166","-1.97%"
"12/20/2019","15.470","15.470","15.470","15.470","0.00%"
"12/19/2019","15.470","15.470","15.470","15.470","-0.01%"
"12/18/2019","15.471","15.471","15.471","15.471","-0.44%"
"12/17/2019","15.540","15.540","15.540","15.540","0.00%"
"12/16/2019","15.540","15.540","15.540","15.540","-0.17%"
"12/13/2019","15.566","15.566","15.566","15.566","0.00%"
"12/12/2019","15.566","15.566","15.566","15.566","0.41%"
"12/11/2019","15.502","15.502","15.502","15.502","-0.01%"
"12/10/2019","15.503","15.503","15.503","15.503","-0.01%"
"12/09/2019","15.504","15.504","15.504","15.504","-0.48%"
"12/06/2019","15.579","15.579","15.579","15.579","0.01%"
"12/05/2019","15.578","15.578","15.578","15.578","-0.99%"
"12/04/2019","15.733","15.733","15.733","15.733","0.02%"
"12/03/2019","15.730","15.730","15.730","15.730","0.79%"
"12/02/2019","15.606","15.606","15.606","15.606","0.00%"
"11/29/2019","15.606","15.606","15.606","15.606","-0.01%"
"11/28/2019","15.608","15.608","15.608","15.608","0.44%"
"11/27/2019","15.540","15.540","15.540","15.540","0.03%"
"11/26/2019","15.535","15.535","15.535","15.535","-0.02%"
"11/25/2019","15.538","15.538","15.538","15.538","0.06%"
"11/22/2019","15.528","15.528","15.528","15.528","0.02%"
"11/21/2019","15.525","15.525","15.525","15.525","0.17%"
"11/20/2019","15.498","15.498","15.498","15.498","0.01%"
"11/19/2019","15.496","15.496","15.496","15.496","0.01%"
"11/18/2019","15.495","15.495","15.495","15.495","-1.27%"
"11/15/2019","15.695","15.695","15.695","15.695","0.00%"
"11/14/2019","15.695","15.695","15.695","15.695","-1.49%"
"11/13/2019","15.933","15.933","15.933","15.933","0.00%"
"11/12/2019","15.933","15.933","15.933","15.933","-0.20%"
"11/11/2019","15.965","15.965","15.965","15.965","0.01%"
"11/08/2019","15.964","15.964","15.964","15.964","0.00%"
"11/07/2019","15.964","15.964","15.964","15.964","0.91%"
"11/06/2019","15.820","15.820","15.820","15.820","-0.24%"
"11/05/2019","15.858","15.858","15.858","15.858","0.06%"
"11/04/2019","15.849","15.849","15.849","15.849","-0.01%"
"11/01/2019","15.851","15.851","15.851","15.851","0.02%"
"10/31/2019","15.848","15.848","15.848","15.848","-0.31%"
"10/30/2019","15.898","15.898","15.898","15.898","-0.07%"
"10/29/2019","15.909","15.909","15.909","15.909","0.04%"
"10/28/2019","15.902","15.902","15.902","15.902","-0.24%"
"10/25/2019","15.941","15.941","15.941","15.941","0.01%"
"10/24/2019","15.939","15.939","15.939","15.939","-0.23%"
"10/23/2019","15.976","15.976","15.976","15.976","0.01%"
"10/22/2019","15.974","15.974","15.974","15.974","-0.01%"
"10/21/2019","15.976","15.976","15.976","15.976","0.36%"
"10/18/2019","15.919","15.919","15.919","15.919","-0.01%"
"10/17/2019","15.920","15.920","15.920","15.920","0.23%"
"10/16/2019","15.883","15.883","15.883","15.883","0.00%"
"10/15/2019","15.883","15.883","15.883","15.883","0.00%"
"10/14/2019","15.883","15.883","15.883","15.883","0.00%"
"10/11/2019","15.883","15.883","15.883","15.883","0.02%"
"10/10/2019","15.880","15.880","15.880","15.880","-0.27%"
"10/09/2019","15.923","15.923","15.923","15.923","-0.48%"
"10/08/2019","15.999","15.999","15.999","15.999","0.01%"
"10/07/2019","15.998","15.998","15.998","15.998","0.41%"
"10/04/2019","15.932","15.932","15.932","15.932","0.00%"
"10/03/2019","15.932","15.932","15.932","15.932","1.26%"
"10/02/2019","15.733","15.733","15.733","15.733","0.47%"
"10/01/2019","15.660","15.660","15.660","15.660","-1.60%"
"09/30/2019","15.914","15.914","15.914","15.914","1.67%"
"09/27/2019","15.653","15.653","15.653","15.653","0.00%"
"09/26/2019","15.653","15.653","15.653","15.653","0.03%"
"09/25/2019","15.648","15.648","15.648","15.648","-0.21%"
"09/24/2019","15.681","15.681","15.681","15.681","-1.05%"
"09/23/2019","15.847","15.847","15.847","15.847","-1.58%"
"09/20/2019","16.101","16.101","16.101","16.101","0.02%"
"09/19/2019","16.098","16.098","16.098","16.098","-1.25%"
"09/18/2019","16.301","16.301","16.301","16.301","0.01%"
"09/17/2019","16.299","16.299","16.299","16.299","0.48%"
"09/16/2019","16.221","16.221","16.221","16.221","-1.34%"
"09/13/2019","16.442","16.442","16.442","16.442","-0.02%"
"09/12/2019","16.445","16.445","16.445","16.445","-0.90%"
"09/11/2019","16.595","16.595","16.595","16.595","-0.08%"
"09/10/2019","16.609","16.609","16.609","16.609","-0.13%"
"09/09/2019","16.630","16.630","16.630","16.630","-0.01%"
"09/06/2019","16.632","16.632","16.632","16.632","0.00%"
"09/05/2019","16.632","16.632","16.632","16.632","0.83%"
"09/04/2019","16.495","16.495","16.495","16.495","-0.02%"
"09/03/2019","16.499","16.499","16.499","16.499","-0.01%"
"09/02/2019","16.501","16.501","16.501","16.501","0.02%"
"08/30/2019","16.498","16.498","16.498","16.498","0.02%"
"08/29/2019","16.495","16.495","16.495","16.495","-2.89%"
"08/28/2019","16.986","16.986","16.986","16.986","0.02%"
"08/27/2019","16.983","16.983","16.983","16.983","-0.01%"
"08/26/2019","16.985","16.985","16.985","16.985","-3.95%"
"08/23/2019","17.684","17.684","17.684","17.684","0.00%"
"08/22/2019","17.684","17.684","17.684","17.684","-1.76%"
"08/21/2019","18.001","18.001","18.001","18.001","0.01%"
"08/20/2019","18.000","18.000","18.000","18.000","0.56%"
"08/19/2019","17.900","17.900","17.900","17.900","-0.43%"
"08/16/2019","17.978","17.978","17.978","17.978","0.00%"
"08/15/2019","17.978","17.978","17.978","17.978","0.55%"
"08/14/2019","17.879","17.879","17.879","17.879","-0.01%"
"08/13/2019","17.881","17.881","17.881","17.881","0.00%"
"08/12/2019","17.881","17.877","17.881","17.877","0.02%"
"08/09/2019","17.877","17.877","17.877","17.877","0.01%"
"08/08/2019","17.875","17.875","17.875","17.875","-0.02%"
"08/07/2019","17.878","17.878","17.878","17.878","0.01%"
"08/06/2019","17.876","17.876","17.876","17.876","0.01%"
"08/05/2019","17.875","17.875","17.875","17.875","0.47%"
"08/02/2019","17.791","17.791","17.791","17.791","-0.01%"
"08/01/2019","17.792","17.792","17.792","17.792","-0.51%"
"07/31/2019","17.883","17.883","17.883","17.883","0.00%"
"07/30/2019","17.883","17.883","17.883","17.883","0.00%"
"07/29/2019","17.883","17.883","17.883","17.883","0.58%"
"07/26/2019","17.780","17.780","17.780","17.780","0.00%"
"07/25/2019","17.780","17.780","17.780","17.780","0.72%"
"07/24/2019","17.653","17.653","17.653","17.653","-0.49%"
"07/23/2019","17.740","17.723","17.740","17.723","0.10%"
"07/22/2019","17.722","17.722","17.722","17.722","-0.02%"
"07/19/2019","17.725","17.725","17.725","17.725","0.01%"
"07/18/2019","17.724","17.724","17.724","17.724","0.10%"
"07/17/2019","17.706","17.706","17.706","17.706","0.01%"
"07/16/2019","17.705","17.705","17.705","17.705","0.00%"
"07/15/2019","17.705","17.705","17.705","17.705","-1.03%"
"07/12/2019","17.889","17.889","17.889","17.889","0.01%"
"07/11/2019","17.887","17.887","17.887","17.887","-0.07%"
"07/10/2019","17.899","17.899","17.899","17.899","-0.01%"
"07/09/2019","17.900","17.900","17.900","17.900","0.00%"
"07/08/2019","17.900","17.900","17.900","17.900","0.34%"
"07/05/2019","17.840","17.840","17.840","17.840","-0.01%"
"07/04/2019","17.841","17.841","17.841","17.841","0.31%"
"07/03/2019","17.785","17.785","17.785","17.785","-0.01%"
"07/02/2019","17.787","17.787","17.787","17.787","0.02%"
"07/01/2019","17.784","17.784","17.784","17.784","0.01%"
"06/28/2019","17.782","17.782","17.782","17.782","-0.02%"
"06/27/2019","17.785","17.785","17.785","17.785","0.35%"
"06/26/2019","17.723","17.723","17.723","17.723","-0.01%"
"06/25/2019","17.724","17.724","17.724","17.724","0.02%"
"06/24/2019","17.720","17.720","17.720","17.720","0.28%"
"06/21/2019","17.670","17.670","17.670","17.670","-0.01%"
"06/20/2019","17.672","17.672","17.672","17.672","0.01%"
"06/19/2019","17.670","17.670","17.670","17.670","0.11%"
"06/18/2019","17.650","17.650","17.650","17.650","0.01%"
"06/17/2019","17.649","17.649","17.649","17.649","0.01%"
"06/14/2019","17.647","17.647","17.647","17.647","0.01%"
"06/13/2019","17.645","17.645","17.645","17.645","-0.23%"
"06/12/2019","17.685","17.685","17.685","17.685","-0.03%"
"06/11/2019","17.691","17.691","17.691","17.691","-0.01%"
"06/10/2019","17.692","17.692","17.692","17.692","-0.16%"
"06/07/2019","17.721","17.721","17.721","17.721","0.00%"
"06/06/2019","17.721","17.721","17.721","17.721","0.00%"
"06/05/2019","17.721","17.721","17.721","17.721","0.00%"
"06/04/2019","17.721","17.721","17.721","17.721","0.02%"
"06/03/2019","17.718","17.718","17.718","17.718","0.67%"
"05/31/2019","17.600","17.600","17.600","17.600","0.01%"
"05/30/2019","17.599","17.599","17.599","17.599","0.05%"
"05/29/2019","17.591","17.591","17.591","17.591","0.05%"
"05/28/2019","17.583","17.583","17.583","17.583","0.00%"
"05/27/2019","17.583","17.583","17.583","17.583","0.41%"
"05/24/2019","17.511","17.511","17.511","17.511","-0.01%"
"05/23/2019","17.512","17.512","17.512","17.512","-0.36%"
"05/22/2019","17.575","17.575","17.575","17.575","-0.02%"
"05/21/2019","17.578","17.578","17.578","17.578","0.01%"
"05/20/2019","17.576","17.576","17.576","17.576","-0.25%"
"05/17/2019","17.620","17.620","17.620","17.620","0.01%"
"05/16/2019","17.618","17.618","17.618","17.618","0.66%"
"05/15/2019","17.502","17.502","17.502","17.502","0.00%"
"05/14/2019","17.502","17.502","17.502","17.502","0.00%"
"05/13/2019","17.502","17.502","17.502","17.502","0.05%"
"05/10/2019","17.493","17.493","17.493","17.493","-0.01%"
"05/09/2019","17.495","17.495","17.495","17.495","-0.05%"
"05/08/2019","17.504","17.504","17.504","17.504","0.01%"
"05/07/2019","17.503","17.503","17.503","17.503","-0.02%"
"05/06/2019","17.506","17.506","17.506","17.506","0.75%"
"05/03/2019","17.376","17.376","17.376","17.376","0.02%"
"05/02/2019","17.373","17.373","17.373","17.373","0.00%"
"05/01/2019","17.373","17.373","17.373","17.373","-0.01%"
"04/30/2019","17.375","17.375","17.375","17.375","0.00%"
"04/29/2019","17.375","17.388","17.388","17.375","-0.07%"
"04/26/2019","17.388","17.388","17.388","17.388","0.00%"
"04/25/2019","17.388","17.231","17.388","17.231","0.93%"
"04/24/2019","17.228","17.228","17.228","17.228","-0.02%"
"04/23/2019","17.232","17.232","17.232","17.232","-1.70%"
"04/22/2019","17.530","17.530","17.530","17.530","-0.01%"
"04/19/2019","17.531","17.531","17.531","17.531","0.00%"
"04/18/2019","17.531","17.531","17.531","17.531","0.02%"
"04/17/2019","17.528","17.528","17.528","17.528","-0.02%"
"04/16/2019","17.531","17.531","17.531","17.531","0.04%"
"04/15/2019","17.524","17.524","17.524","17.524","0.01%"
"04/12/2019","17.523","17.523","17.523","17.523","-0.01%"
"04/11/2019","17.525","17.525","17.525","17.525","0.01%"
"04/10/2019","17.524","17.524","17.524","17.524","-0.01%"
"04/09/2019","17.526","17.526","17.526","17.526","0.79%"
"04/08/2019","17.389","17.389","17.389","17.389","-0.01%"
"04/05/2019","17.390","17.390","17.390","17.390","0.25%"
"04/04/2019","17.346","17.346","17.346","17.346","-0.01%"
"04/03/2019","17.347","17.347","17.347","17.347","0.02%"
"04/02/2019","17.344","17.344","17.344","17.344","0.69%"
"04/01/2019","17.225","17.225","17.225","17.225","-0.02%"
"03/29/2019","17.228","17.228","17.228","17.228","-0.15%"
"03/28/2019","17.254","17.254","17.254","17.254","0.04%"
"03/27/2019","17.247","17.247","17.247","17.247","0.02%"
"03/26/2019","17.244","17.244","17.244","17.244","-0.01%"
"03/25/2019","17.245","17.245","17.245","17.245","-1.25%"
"03/22/2019","17.463","17.463","17.463","17.463","-0.02%"
"03/21/2019","17.467","17.467","17.467","17.467","0.00%"
"03/20/2019","17.467","17.467","17.467","17.467","0.00%"
"03/19/2019","17.467","17.467","17.467","17.467","0.00%"
"03/18/2019","17.467","17.467","17.467","17.467","-1.00%"
"03/15/2019","17.643","17.643","17.643","17.643","-0.01%"
"03/14/2019","17.645","17.645","17.645","17.645","0.09%"
"03/13/2019","17.630","17.630","17.630","17.630","-0.01%"
"03/12/2019","17.631","17.631","17.631","17.631","0.00%"
"03/11/2019","17.631","17.631","17.631","17.631","-0.40%"
"03/08/2019","17.702","17.702","17.702","17.702","-0.01%"
"03/07/2019","17.703","17.703","17.703","17.703","-0.01%"
"03/06/2019","17.704","17.704","17.704","17.704","0.18%"
"03/05/2019","17.672","17.672","17.672","17.672","0.02%"
"03/04/2019","17.669","17.669","17.669","17.669","-0.01%"
"03/01/2019","17.670","17.670","17.670","17.670","-0.01%"
"02/28/2019","17.672","17.672","17.672","17.672","0.44%"
"02/27/2019","17.594","17.594","17.594","17.594","-0.01%"
"02/26/2019","17.595","17.595","17.595","17.595","0.02%"
"02/25/2019","17.591","17.591","17.591","17.591","0.85%"
"02/22/2019","17.443","17.443","17.443","17.443","-4.71%"
"02/21/2019","18.305","18.305","18.305","18.305","4.92%"
"02/20/2019","17.447","17.447","17.447","17.447","-0.02%"
"02/19/2019","17.451","17.451","17.451","17.451","0.01%"
"02/18/2019","17.450","17.450","17.450","17.450","-4.10%"
"02/15/2019","18.196","18.196","18.196","18.196","0.01%"
"02/14/2019","18.194","18.194","18.194","18.194","0.38%"
"02/13/2019","18.126","18.126","18.126","18.126","-0.02%"
"02/12/2019","18.129","18.129","18.129","18.129","0.01%"
"02/11/2019","18.127","18.127","18.127","18.127","0.01%"
"02/08/2019","18.125","18.125","18.125","18.125","-0.01%"
"02/07/2019","18.127","18.127","18.127","18.127","-0.03%"
"02/06/2019","18.132","18.132","18.132","18.132","0.01%"
"02/05/2019","18.131","18.131","18.131","18.131","0.00%"
"02/04/2019","18.131","18.131","18.131","18.131","0.11%"
"02/01/2019","18.111","18.111","18.111","18.111","-0.01%"
"01/31/2019","18.112","18.112","18.112","18.112","-1.28%"
"01/30/2019","18.347","18.347","18.347","18.347","-0.02%"
"01/29/2019","18.351","18.351","18.351","18.351","0.01%"
"01/28/2019","18.349","18.349","18.349","18.349","0.01%"
"01/25/2019","18.348","18.348","18.348","18.348","0.01%"
"01/24/2019","18.347","18.476","18.476","18.347","-0.68%"
"01/23/2019","18.473","18.473","18.473","18.473","-0.01%"
"01/22/2019","18.474","18.474","18.474","18.474","0.03%"
"01/21/2019","18.469","18.469","18.469","18.469","-1.31%"
"01/18/2019","18.715","18.715","18.715","18.715","0.02%"
"01/17/2019","18.711","18.711","18.711","18.711","-0.20%"
"01/16/2019","18.748","18.748","18.748","18.748","0.01%"
"01/15/2019","18.747","18.747","18.747","18.747","0.00%"
"01/14/2019","18.747","18.747","18.747","18.747","-4.91%"
"01/11/2019","19.715","19.715","19.715","19.715","-0.01%"
"01/10/2019","19.716","19.716","19.716","19.716","0.00%"
"01/09/2019","19.716","19.716","19.716","19.716","0.01%"
"01/08/2019","19.715","19.715","19.715","19.715","0.00%"
"01/07/2019","19.715","19.715","19.715","19.715","0.00%"
"01/04/2019","19.715","19.715","19.715","19.715","-0.01%"
"01/03/2019","19.716","19.716","19.716","19.716","0.01%"
"01/02/2019","19.714","19.714","19.714","19.714","0.00%"
"01/01/2019","19.714","19.714","19.714","19.714","-0.01%"
"12/31/2018","19.716","19.716","19.716","19.716","-0.59%"
"12/28/2018","19.833","19.833","19.833","19.833","-0.01%"
"12/27/2018","19.835","19.835","19.835","19.835","-0.01%"
"12/26/2018","19.836","19.836","19.836","19.836","-0.01%"
"12/25/2018","19.837","19.837","19.837","19.837","-0.01%"
"12/24/2018","19.839","19.839","19.839","19.839","0.27%"
"12/21/2018","19.785","19.785","19.785","19.785","0.01%"
"12/20/2018","19.784","19.784","19.784","19.784","-0.02%"
"12/19/2018","19.787","19.787","19.787","19.787","0.01%"
"12/18/2018","19.786","19.786","19.786","19.786","0.01%"
"12/17/2018","19.785","19.785","19.785","19.785","0.95%"
"12/14/2018","19.598","19.598","19.598","19.598","0.00%"
"12/13/2018","19.598","19.598","19.598","19.598","-0.16%"
"12/12/2018","19.630","19.630","19.630","19.630","0.18%"
"12/11/2018","19.595","19.595","19.595","19.595","0.00%"
"12/10/2018","19.595","19.595","19.595","19.595","0.67%"
"12/07/2018","19.464","19.464","19.464","19.464","0.00%"
"12/06/2018","19.464","19.464","19.464","19.464","-0.03%"
"12/05/2018","19.470","19.470","19.470","19.470","-0.01%"
"12/04/2018","19.472","19.472","19.472","19.472","-0.01%"
"12/03/2018","19.473","19.473","19.473","19.473","0.38%"
"11/30/2018","19.399","19.399","19.399","19.399","0.01%"
"11/29/2018","19.397","19.397","19.397","19.397","0.10%"
"11/28/2018","19.377","19.377","19.377","19.377","0.01%"
"11/27/2018","19.375","19.375","19.375","19.375","0.01%"
"11/26/2018","19.374","19.374","19.374","19.374","-0.53%"
"11/23/2018","19.477","19.477","19.477","19.477","0.00%"
"11/22/2018","19.477","19.477","19.477","19.477","0.17%"
"11/21/2018","19.444","19.444","19.444","19.444","0.00%"
"11/20/2018","19.444","19.636","19.636","19.444","-0.97%"
"11/19/2018","19.635","19.635","19.635","19.635","-0.01%"
"11/16/2018","19.637","19.637","19.637","19.637","0.01%"
"11/15/2018","19.636","19.636","19.636","19.636","1.35%"
"11/14/2018","19.375","19.375","19.375","19.375","-0.01%"
"11/13/2018","19.377","19.377","19.377","19.377","-0.01%"
"11/12/2018","19.379","19.379","19.379","19.379","-0.18%"
"11/09/2018","19.413","19.413","19.413","19.413","-0.01%"
"11/08/2018","19.415","19.415","19.415","19.415","-0.01%"
"11/07/2018","19.417","19.417","19.417","19.417","0.01%"
"11/06/2018","19.415","19.415","19.415","19.415","0.01%"
"11/05/2018","19.413","19.413","19.413","19.413","-1.49%"
"11/02/2018","19.706","19.706","19.706","19.706","0.01%"
"11/01/2018","19.704","19.704","19.704","19.704","-0.06%"
"10/31/2018","19.716","19.716","19.716","19.716","0.01%"
"10/30/2018","19.714","19.714","19.714","19.714","0.01%"
"10/29/2018","19.712","19.712","19.712","19.712","-0.67%"
"10/26/2018","19.845","19.845","19.845","19.845","-0.01%"
"10/25/2018","19.847","19.847","19.847","19.847","-0.24%"
"10/24/2018","19.894","19.894","19.894","19.894","-0.01%"
"10/23/2018","19.896","19.896","19.896","19.896","0.01%"
"10/22/2018","19.894","19.894","19.894","19.894","0.16%"
"10/19/2018","19.862","19.862","19.862","19.862","-0.01%"
"10/18/2018","19.864","19.864","19.864","19.864","0.07%"
"10/17/2018","19.851","19.851","19.851","19.851","-0.01%"
"10/16/2018","19.852","19.852","19.852","19.852","0.02%"
"10/15/2018","19.848","19.848","19.848","19.848","0.53%"
"10/12/2018","19.743","19.743","19.743","19.743","0.00%"
"10/11/2018","19.743","19.743","19.743","19.743","0.14%"
"10/10/2018","19.716","19.716","19.716","19.716","0.01%"
"10/09/2018","19.715","19.715","19.715","19.715","0.00%"
"10/08/2018","19.715","19.715","19.715","19.715","-0.05%"
"10/05/2018","19.724","19.724","19.724","19.724","-0.01%"
"10/04/2018","19.725","19.725","19.725","19.725","0.05%"
"10/03/2018","19.716","19.716","19.716","19.716","0.01%"
"10/02/2018","19.714","19.714","19.714","19.714","0.01%"
"10/01/2018","19.712","19.712","19.712","19.712","-0.18%"
"09/28/2018","19.748","19.748","19.748","19.748","0.00%"
"09/27/2018","19.748","19.748","19.748","19.748","0.64%"
"09/26/2018","19.622","19.622","19.622","19.622","0.02%"
"09/25/2018","19.619","19.619","19.619","19.619","0.01%"
"09/24/2018","19.618","19.618","19.618","19.618","0.94%"
"09/21/2018","19.436","19.436","19.436","19.436","0.02%"
"09/20/2018","19.433","19.433","19.433","19.433","0.18%"
"09/19/2018","19.399","19.399","19.399","19.399","-0.02%"
"09/18/2018","19.402","19.402","19.402","19.402","0.01%"
"09/17/2018","19.401","19.401","19.401","19.401","0.65%"
"09/14/2018","19.276","19.276","19.276","19.276","-0.01%"
"09/13/2018","19.277","19.277","19.277","19.277","-0.19%"
"09/12/2018","19.313","19.313","19.313","19.313","0.00%"
"09/11/2018","19.313","19.313","19.313","19.313","0.00%"
"09/10/2018","19.313","19.313","19.313","19.313","0.91%"
"09/07/2018","19.139","19.139","19.139","19.139","-0.01%"
"09/06/2018","19.140","19.140","19.140","19.140","-0.21%"
"09/05/2018","19.181","19.181","19.181","19.181","-0.01%"
"09/04/2018","19.182","19.182","19.182","19.182","0.02%"
"09/03/2018","19.178","19.178","19.178","19.178","-0.25%"
"08/31/2018","19.226","19.226","19.226","19.226","0.01%"
"08/30/2018","19.225","19.225","19.225","19.225","0.88%"
"08/29/2018","19.057","19.057","19.057","19.057","0.02%"
"08/28/2018","19.054","19.054","19.054","19.054","-0.01%"
"08/27/2018","19.056","19.056","19.056","19.056","1.11%"
"08/24/2018","18.847","18.847","18.847","18.847","0.02%"
"08/23/2018","18.843","18.843","18.843","18.843","0.00%"
"08/22/2018","18.843","18.843","18.843","18.843","0.00%"
"08/21/2018","18.843","18.843","18.843","18.843","0.00%"
"08/20/2018","18.843","18.852","18.852","18.843","-0.04%"
"08/17/2018","18.851","18.851","18.851","18.851","0.00%"
"08/16/2018","18.851","18.851","18.851","18.851","1.03%"
"08/15/2018","18.658","18.658","18.658","18.658","0.00%"
"08/14/2018","18.658","18.658","18.658","18.658","0.00%"
"08/13/2018","18.658","18.658","18.658","18.658","-0.04%"
"08/10/2018","18.666","18.666","18.666","18.666","0.02%"
"08/09/2018","18.663","18.663","18.663","18.663","0.37%"
"08/08/2018","18.595","18.595","18.595","18.595","-0.01%"
"08/07/2018","18.597","18.597","18.597","18.597","-1.89%"
"08/06/2018","18.956","18.956","18.956","18.956","0.01%"
"08/03/2018","18.955","18.955","18.955","18.955","-0.01%"
"08/02/2018","18.956","18.956","18.956","18.956","1.08%"
"08/01/2018","18.753","18.753","18.753","18.753","0.18%"
"07/31/2018","18.720","18.720","18.720","18.720","-0.17%"
"07/30/2018","18.751","18.751","18.751","18.751","-1.14%"
"07/27/2018","18.967","18.967","18.967","18.967","-0.01%"
"07/26/2018","18.969","18.969","18.969","18.969","-2.11%"
"07/25/2018","19.377","19.377","19.377","19.377","0.01%"
"07/24/2018","19.375","19.375","19.375","19.375","0.00%"
"07/23/2018","19.375","19.477","19.477","19.375","-0.52%"
"07/20/2018","19.477","19.477","19.477","19.477","0.00%"
"07/19/2018","19.477","19.477","19.477","19.477","-0.90%"
"07/18/2018","19.653","19.653","19.653","19.653","0.00%"
"07/17/2018","19.653","19.653","19.653","19.653","-0.01%"
"07/16/2018","19.654","19.654","19.654","19.654","-0.81%"
"07/13/2018","19.815","19.815","19.815","19.815","0.01%"
"07/12/2018","19.813","19.813","19.813","19.813","0.56%"
"07/11/2018","19.702","19.702","19.702","19.702","0.00%"
"07/10/2018","19.702","19.702","19.702","19.702","0.00%"
"07/09/2018","19.702","19.702","19.702","19.702","-0.51%"
"07/06/2018","19.802","19.802","19.802","19.802","0.01%"
"07/05/2018","19.800","19.800","19.800","19.800","1.16%"
"07/04/2018","19.573","19.573","19.573","19.573","-0.01%"
"07/03/2018","19.574","19.574","19.574","19.574","-0.01%"
"07/02/2018","19.575","19.575","19.575","19.575","-0.16%"
"06/29/2018","19.606","19.606","19.606","19.606","-0.01%"
"06/28/2018","19.607","19.607","19.607","19.607","0.68%"
"06/27/2018","19.475","19.475","19.475","19.475","-0.01%"
"06/26/2018","19.477","19.477","19.477","19.477","0.17%"
"06/25/2018","19.444","19.444","19.444","19.444","0.01%"
"06/22/2018","19.442","19.442","19.442","19.442","-0.01%"
"06/21/2018","19.443","19.443","19.443","19.443","3.21%"
"06/20/2018","18.839","18.839","18.839","18.839","-0.02%"
"06/19/2018","18.843","18.843","18.843","18.843","0.00%"
"06/18/2018","18.843","18.843","18.843","18.843","0.01%"
"06/15/2018","18.842","18.842","18.842","18.842","0.02%"
"06/14/2018","18.839","18.839","18.839","18.839","-0.14%"
"06/13/2018","18.865","18.865","18.865","18.865","1.16%"
"06/12/2018","18.649","18.649","18.649","18.649","-0.01%"
"06/11/2018","18.651","18.651","18.651","18.651","0.01%"
"06/08/2018","18.649","18.649","18.649","18.649","-0.01%"
"06/07/2018","18.651","18.651","18.651","18.651","-1.89%"
"06/06/2018","19.011","19.011","19.011","19.011","-0.01%"
"06/05/2018","19.012","19.012","19.012","19.012","-0.79%"
"06/04/2018","19.163","19.163","19.163","19.163","0.00%"
"06/01/2018","19.163","19.163","19.163","19.163","0.00%"
"05/31/2018","19.163","19.163","19.163","19.163","-0.03%"
"05/30/2018","19.168","19.168","19.168","19.168","0.07%"
"05/29/2018","19.155","19.155","19.155","19.155","0.02%"
"05/28/2018","19.152","19.152","19.152","19.152","0.22%"
"05/27/2018","19.110","19.110","19.110","19.110","0.00%"
"05/25/2018","19.110","19.110","19.110","19.110","0.02%"
"05/24/2018","19.107","19.107","19.107","19.107","-0.91%"
"05/23/2018","19.283","19.283","19.283","19.283","0.00%"
"05/22/2018","19.283","19.283","19.283","19.283","-0.02%"
"05/21/2018","19.287","19.287","19.287","19.287","0.97%"
"05/20/2018","19.101","19.101","19.101","19.101","0.00%"
"05/18/2018","19.101","19.101","19.101","19.101","0.01%"
"05/17/2018","19.099","19.099","19.099","19.099","2.59%"
"05/16/2018","18.617","18.617","18.617","18.617","0.02%"
"05/15/2018","18.614","18.614","18.614","18.614","-0.01%"
"05/14/2018","18.616","18.616","18.616","18.616","-0.73%"
"05/13/2018","18.752","18.752","18.752","18.752","0.00%"
"05/11/2018","18.752","18.752","18.752","18.752","7.31%"
"05/10/2018","17.474","17.474","17.474","17.474","-0.01%"
"05/09/2018","17.475","17.475","17.475","17.475","-0.01%"
"05/08/2018","17.476","17.476","17.476","17.476","0.00%"
"05/07/2018","17.476","17.476","17.476","17.476","0.15%"
"05/06/2018","17.450","17.450","17.450","17.450","0.00%"
"05/04/2018","17.450","17.450","17.450","17.450","0.01%"
"05/03/2018","17.449","17.449","17.449","17.449","0.00%"
"05/02/2018","17.449","17.449","17.449","17.449","0.00%"
"05/01/2018","17.449","17.449","17.449","17.449","-0.01%"
"04/30/2018","17.450","17.450","17.450","17.450","-1.14%"
"04/29/2018","17.652","17.652","17.652","17.652","0.00%"
"04/27/2018","17.652","17.652","17.652","17.652","0.02%"
"04/26/2018","17.649","17.649","17.649","17.649","-0.20%"
"04/25/2018","17.684","17.684","17.684","17.684","0.02%"
"04/24/2018","17.681","17.681","17.681","17.681","-0.01%"
"04/23/2018","17.683","17.683","17.683","17.683","-0.81%"
"04/22/2018","17.827","17.827","17.827","17.827","0.00%"
"04/20/2018","17.827","17.827","17.827","17.827","0.02%"
"04/19/2018","17.823","17.823","17.823","17.823","-0.01%"
"04/18/2018","17.824","17.824","17.824","17.824","-0.01%"
"04/17/2018","17.825","17.825","17.825","17.825","-0.01%"
"04/16/2018","17.826","17.826","17.826","17.826","0.43%"
"04/15/2018","17.750","17.750","17.750","17.750","0.00%"
"04/13/2018","17.750","17.750","17.750","17.750","0.01%"
"04/12/2018","17.749","17.749","17.749","17.749","0.20%"
"04/11/2018","17.713","17.713","17.713","17.713","-0.01%"
"04/10/2018","17.714","17.714","17.714","17.714","-0.29%"
"04/09/2018","17.766","17.766","17.766","17.766","0.00%"
"04/06/2018","17.766","17.766","17.766","17.766","0.79%"
"04/05/2018","17.627","17.627","17.627","17.627","-0.02%"
"04/04/2018","17.630","17.630","17.630","17.630","0.01%"
"04/03/2018","17.628","17.628","17.628","17.628","0.01%"
"04/02/2018","17.627","17.627","17.627","17.627","-0.46%"
"04/01/2018","17.708","17.708","17.708","17.708","0.00%"
"03/30/2018","17.708","17.708","17.708","17.708","-1.07%"
"03/29/2018","17.899","17.899","17.899","17.899","0.08%"
"03/28/2018","17.885","17.885","17.885","17.885","0.01%"
"03/27/2018","17.884","17.884","17.884","17.884","0.01%"
"03/26/2018","17.883","17.883","17.883","17.883","0.44%"
"03/25/2018","17.804","17.804","17.804","17.804","0.00%"
"03/23/2018","17.804","17.804","17.804","17.804","-0.01%"
"03/22/2018","17.806","17.806","17.806","17.806","0.29%"
"03/21/2018","17.754","17.754","17.754","17.754","-0.01%"
"03/20/2018","17.755","17.755","17.755","17.755","-0.01%"
"03/19/2018","17.757","17.757","17.757","17.757","0.01%"
"03/18/2018","17.755","17.755","17.755","17.755","0.00%"
"03/16/2018","17.755","17.755","17.755","17.755","0.01%"
"03/15/2018","17.753","17.753","17.753","17.753","-0.84%"
"03/14/2018","17.904","17.904","17.904","17.904","0.01%"
"03/13/2018","17.903","17.903","17.903","17.903","0.01%"
"03/12/2018","17.902","17.902","17.902","17.902","-0.27%"
"03/11/2018","17.951","17.951","17.951","17.951","0.00%"
"03/09/2018","17.951","17.951","17.951","17.951","-0.28%"
"03/08/2018","18.002","18.002","18.002","18.002","-0.01%"
"03/07/2018","18.004","18.004","18.004","18.004","0.02%"
"03/06/2018","18.001","18.001","18.001","18.001","-0.02%"
"03/05/2018","18.004","18.004","18.004","18.004","-0.68%"
"03/04/2018","18.127","18.127","18.127","18.127","0.00%"
"03/02/2018","18.127","18.127","18.127","18.127","0.69%"
"03/01/2018","18.002","18.002","18.002","18.002","0.01%"
"02/28/2018","18.001","18.001","18.001","18.001","0.01%"
"02/27/2018","18.000","18.000","18.000","18.000","0.00%"
"02/26/2018","18.000","18.000","18.000","18.000","0.99%"
"02/25/2018","17.823","17.823","17.823","17.823","0.00%"
"02/23/2018","17.823","17.823","17.823","17.823","-0.01%"
"02/22/2018","17.824","17.824","17.824","17.824","0.38%"
"02/21/2018","17.756","17.756","17.756","17.756","-0.01%"
"02/20/2018","17.757","17.757","17.757","17.757","0.00%"
"02/19/2018","17.757","17.757","17.757","17.757","0.67%"
"02/18/2018","17.638","17.638","17.638","17.638","0.00%"
"02/16/2018","17.638","17.638","17.638","17.638","0.01%"
"02/15/2018","17.636","17.636","17.636","17.636","0.01%"
"02/14/2018","17.634","17.634","17.634","17.634","-0.02%"
"02/13/2018","17.637","17.637","17.637","17.637","0.15%"
"02/12/2018","17.610","17.610","17.610","17.610","-0.02%"
"02/11/2018","17.613","17.613","17.613","17.613","0.00%"
"02/09/2018","17.613","17.613","17.613","17.613","0.01%"
"02/08/2018","17.611","17.611","17.611","17.611","0.00%"
"02/07/2018","17.611","17.611","17.611","17.611","0.00%"
"02/06/2018","17.611","17.611","17.611","17.611","-0.27%"
"02/05/2018","17.659","17.659","17.659","17.659","-1.50%"
"02/04/2018","17.928","17.928","17.928","17.928","0.00%"
"02/02/2018","17.928","17.928","17.928","17.928","-0.02%"
"02/01/2018","17.931","17.931","17.931","17.931","-0.39%"
"01/31/2018","18.001","18.001","18.001","18.001","0.01%"
"01/30/2018","18.000","18.000","18.000","18.000","0.00%"
"01/29/2018","18.000","18.000","18.000","18.000","-1.87%"
"01/28/2018","18.343","18.343","18.343","18.343","0.00%"
"01/26/2018","18.343","18.343","18.343","18.343","-0.16%"
"01/25/2018","18.373","18.385","18.385","18.373","-0.07%"
"01/24/2018","18.385","18.385","18.385","18.385","0.01%"
"01/23/2018","18.383","18.383","18.383","18.383","0.01%"
"01/22/2018","18.382","18.382","18.382","18.382","-0.66%"
"01/21/2018","18.505","18.505","18.505","18.505","0.00%"
"01/19/2018","18.505","18.505","18.505","18.505","0.01%"
"01/18/2018","18.503","18.503","18.503","18.503","0.56%"
"01/17/2018","18.400","18.400","18.400","18.400","0.01%"
"01/16/2018","18.399","18.399","18.399","18.399","-2.91%"
"01/15/2018","18.951","18.951","18.951","18.951","0.01%"
"01/14/2018","18.950","18.950","18.950","18.950","0.00%"
"01/12/2018","18.950","18.950","18.950","18.950","0.01%"
"01/11/2018","18.948","18.948","18.948","18.948","-1.33%"
"01/10/2018","19.203","19.203","19.203","19.203","0.01%"
"01/09/2018","19.202","19.202","19.202","19.202","-0.02%"
"01/08/2018","19.205","19.205","19.205","19.205","-0.02%"
"01/07/2018","19.209","19.209","19.209","19.209","0.00%"
"01/05/2018","19.209","19.209","19.209","19.209","0.01%"
"01/04/2018","19.208","19.208","19.208","19.208","-0.25%"
"01/03/2018","19.256","19.256","19.256","19.256","-0.01%"
"01/02/2018","19.258","19.258","19.258","19.258","2.46%"
"01/01/2018","18.795","18.795","18.795","18.795","-0.01%"
"12/31/2017","18.797","18.797","18.797","18.797","0.00%"
"12/29/2017","18.797","18.797","18.797","18.797","0.01%"
"12/28/2017","18.795","18.795","18.795","18.795","0.10%"
"12/27/2017","18.777","18.777","18.777","18.777","-0.79%"
"12/26/2017","18.927","18.927","18.927","18.927","-0.01%"
"12/25/2017","18.929","18.929","18.929","18.929","-0.01%"
"12/24/2017","18.931","18.931","18.931","18.931","0.00%"
"12/22/2017","18.931","18.931","18.931","18.931","0.01%"
"12/21/2017","18.929","18.929","18.929","18.929","0.03%"
"12/20/2017","18.923","18.923","18.923","18.923","-0.02%"
"12/19/2017","18.926","18.926","18.926","18.926","0.01%"
"12/18/2017","18.925","18.925","18.925","18.925","-0.65%"
"12/17/2017","19.049","19.049","19.049","19.049","0.00%"
"12/16/2017","19.049","19.049","19.049","19.049","0.00%"
"12/15/2017","19.049","19.049","19.049","19.049","0.00%"
"12/14/2017","19.049","19.049","19.049","19.049","-1.21%"
"12/13/2017","19.283","19.283","19.283","19.283","0.01%"
"12/12/2017","19.282","19.282","19.282","19.282","0.01%"
"12/11/2017","19.281","19.281","19.281","19.281","0.54%"
"12/08/2017","19.177","19.177","19.177","19.177","0.00%"
"12/07/2017","19.177","19.177","19.177","19.177","-0.01%"
"12/06/2017","19.179","19.179","19.179","19.179","-0.01%"
"12/05/2017","19.181","19.181","19.181","19.181","0.02%"
"12/04/2017","19.178","19.178","19.178","19.178","0.38%"
"12/03/2017","19.106","19.106","19.106","19.106","0.00%"
"12/01/2017","19.106","19.106","19.106","19.106","0.00%"
"11/30/2017","19.106","18.875","19.106","18.875","1.21%"
"11/29/2017","18.878","18.878","18.878","18.878","0.02%"
"11/28/2017","18.875","18.875","18.875","18.875","-0.02%"
"11/27/2017","18.878","18.878","18.878","18.878","0.90%"
"11/26/2017","18.709","18.709","18.709","18.709","0.00%"
"11/24/2017","18.709","18.709","18.709","18.709","0.00%"
"11/23/2017","18.709","18.709","18.709","18.709","0.86%"
"11/22/2017","18.550","18.550","18.550","18.550","0.01%"
"11/21/2017","18.548","18.548","18.548","18.548","-0.02%"
"11/20/2017","18.551","18.551","18.551","18.551","0.01%"
"11/19/2017","18.549","18.549","18.549","18.549","0.00%"
"11/17/2017","18.549","18.549","18.549","18.549","-0.01%"
"11/16/2017","18.550","18.550","18.550","18.550","0.48%"
"11/15/2017","18.462","18.462","18.462","18.462","-0.09%"
"11/14/2017","18.478","18.478","18.478","18.478","-0.01%"
"11/13/2017","18.480","18.480","18.480","18.480","-1.10%"
"11/12/2017","18.686","18.686","18.686","18.686","0.00%"
"11/10/2017","18.686","18.686","18.686","18.686","-0.01%"
"11/09/2017","18.687","18.687","18.687","18.687","1.66%"
"11/08/2017","18.382","18.382","18.382","18.382","0.00%"
"11/07/2017","18.382","18.382","18.382","18.382","0.00%"
"11/06/2017","18.382","18.382","18.382","18.382","-1.07%"
"11/05/2017","18.580","18.580","18.580","18.580","0.00%"
"11/03/2017","18.580","18.580","18.580","18.580","0.00%"
"11/02/2017","18.580","18.580","18.580","18.580","-0.06%"
"11/01/2017","18.591","18.591","18.591","18.591","0.00%"
"10/31/2017","18.591","18.591","18.591","18.591","0.02%"
"10/30/2017","18.587","18.587","18.587","18.587","-1.43%"
"10/29/2017","18.857","18.857","18.857","18.857","0.00%"
"10/27/2017","18.857","18.857","18.857","18.857","-0.01%"
"10/26/2017","18.858","18.858","18.858","18.858","0.03%"
"10/25/2017","18.852","18.852","18.852","18.852","0.00%"
"10/24/2017","18.852","18.852","18.852","18.852","0.01%"
"10/23/2017","18.851","18.851","18.851","18.851","-0.61%"
"10/22/2017","18.967","18.967","18.967","18.967","0.00%"
"10/20/2017","18.967","18.967","18.967","18.967","0.01%"
"10/19/2017","18.965","18.965","18.965","18.965","-0.04%"
"10/18/2017","18.972","18.972","18.972","18.972","0.01%"
"10/17/2017","18.970","18.970","18.970","18.970","0.01%"
"10/16/2017","18.969","18.969","18.969","18.969","-0.79%"
"10/13/2017","19.120","19.120","19.120","19.120","-0.01%"
"10/12/2017","19.121","19.121","19.121","19.121","-0.01%"
"10/11/2017","19.122","19.122","19.122","19.122","-0.01%"
"10/10/2017","19.124","19.124","19.124","19.124","0.13%"
"10/09/2017","19.100","19.100","19.100","19.100","1.48%"
"10/08/2017","18.821","18.821","18.821","18.821","0.00%"
"10/06/2017","18.821","18.818","18.821","18.818","-0.07%"
"10/05/2017","18.835","18.835","18.835","18.835","-0.01%"
"10/04/2017","18.836","18.836","18.836","18.836","-0.01%"
"10/03/2017","18.838","18.838","18.838","18.838","0.06%"
"10/02/2017","18.826","18.826","18.826","18.826","1.96%"
"10/01/2017","18.464","18.464","18.464","18.464","0.00%"
"09/29/2017","18.464","18.464","18.464","18.464","0.01%"
"09/28/2017","18.463","18.463","18.463","18.463","-0.04%"
"09/27/2017","18.470","18.470","18.470","18.470","0.05%"
"09/26/2017","18.461","18.461","18.461","18.461","0.01%"
"09/25/2017","18.460","18.460","18.460","18.460","-1.56%"
"09/24/2017","18.752","18.752","18.752","18.752","0.00%"
"09/22/2017","18.752","18.752","18.752","18.752","0.00%"
"09/21/2017","18.752","18.752","18.752","18.752","-1.21%"
"09/20/2017","18.982","18.982","18.982","18.982","0.02%"
"09/19/2017","18.979","18.979","18.979","18.979","0.42%"
"09/18/2017","18.899","18.899","18.899","18.899","-0.41%"
"09/17/2017","18.976","18.976","18.976","18.976","0.00%"
"09/15/2017","18.976","18.976","18.976","18.976","-0.01%"
"09/14/2017","18.977","18.977","18.977","18.977","0.00%"
"09/13/2017","18.977","18.977","18.977","18.977","-0.21%"
"09/12/2017","19.017","19.017","19.017","19.017","0.21%"
"09/11/2017","18.978","18.978","18.978","18.978","-2.69%"
"09/10/2017","19.503","19.503","19.503","19.503","0.00%"
"09/08/2017","19.503","19.503","19.503","19.503","0.01%"
"09/07/2017","19.502","19.502","19.502","19.502","0.01%"
"09/06/2017","19.500","19.500","19.500","19.500","0.01%"
"09/05/2017","19.499","19.499","19.499","19.499","-0.01%"
"09/04/2017","19.501","19.501","19.501","19.501","0.00%"
"09/01/2017","19.501","19.501","19.501","19.501","0.00%"
"08/31/2017","19.501","19.381","19.501","19.379","0.62%"
"08/30/2017","19.381","19.381","19.381","19.381","0.01%"
"08/29/2017","19.380","19.380","19.380","19.380","0.01%"
"08/28/2017","19.379","19.379","19.379","19.379","1.68%"
"08/27/2017","19.058","19.058","19.058","19.058","0.00%"
"08/25/2017","19.058","19.058","19.058","19.058","-0.02%"
"08/24/2017","19.061","19.061","19.061","19.061","-0.04%"
"08/23/2017","19.069","19.069","19.069","19.069","0.00%"
"08/22/2017","19.069","19.069","19.069","19.069","0.00%"
"08/21/2017","19.069","19.069","19.069","19.069","-1.70%"
"08/20/2017","19.399","19.399","19.399","19.399","-0.11%"
"08/18/2017","19.421","19.421","19.421","19.421","0.10%"
"08/17/2017","19.401","19.401","19.401","19.401","1.52%"
"08/16/2017","19.111","19.111","19.111","19.111","-0.01%"
"08/15/2017","19.113","19.113","19.113","19.113","0.06%"
"08/14/2017","19.102","19.102","19.102","19.102","0.61%"
"08/13/2017","18.987","18.987","18.987","18.987","0.00%"
"08/11/2017","18.987","18.987","18.987","18.987","-0.01%"
"08/10/2017","18.988","18.988","18.988","18.988","-0.06%"
"08/09/2017","18.999","18.999","18.999","18.999","-0.66%"
"08/08/2017","19.126","19.126","19.126","19.126","-0.03%"
"08/07/2017","19.132","19.132","19.132","19.132","-4.58%"
"08/06/2017","20.050","20.050","20.050","20.050","0.00%"
"08/04/2017","20.050","20.050","20.050","20.050","0.00%"
"08/03/2017","20.050","20.050","20.050","20.050","-3.43%"
"08/02/2017","20.762","20.762","20.762","20.762","0.01%"
"08/01/2017","20.759","20.759","20.759","20.759","0.01%"
"07/31/2017","20.757","20.757","20.757","20.757","-2.85%"
"07/30/2017","21.366","21.366","21.366","21.366","0.00%"
"07/28/2017","21.366","21.366","21.366","21.366","0.02%"
"07/27/2017","21.361","21.361","21.361","21.361","-0.99%"
"07/26/2017","21.575","21.575","21.575","21.575","0.00%"
"07/25/2017","21.576","21.576","21.576","21.576","-0.01%"
"07/24/2017","21.578","21.578","21.578","21.578","-0.96%"
"07/21/2017","21.787","21.787","21.787","21.787","-0.01%"
"07/20/2017","21.790","21.790","21.790","21.790","-0.48%"
"07/19/2017","21.896","21.896","21.896","21.896","0.00%"
"07/18/2017","21.895","21.895","21.895","21.895","0.00%"
"07/17/2017","21.894","21.894","21.894","21.894","-2.75%"
"07/16/2017","22.514","22.514","22.514","22.514","0.00%"
"07/14/2017","22.514","22.514","22.514","22.514","0.00%"
"07/13/2017","22.513","22.513","22.513","22.513","-0.02%"
"07/12/2017","22.518","22.518","22.518","22.518","0.01%"
"07/11/2017","22.516","22.516","22.516","22.516","7.52%"
"07/10/2017","20.942","20.942","20.942","20.942","0.01%"
"07/09/2017","20.940","20.940","20.940","20.940","0.00%"
"07/07/2017","20.940","20.940","20.940","20.940","-0.01%"
"07/06/2017","20.942","20.942","20.942","20.942","0.39%"
"07/05/2017","20.861","20.861","20.861","20.861","0.00%"
"07/04/2017","20.862","20.862","20.862","20.862","0.00%"
"07/03/2017","20.863","20.863","20.863","20.863","2.45%"
"07/02/2017","20.365","20.365","20.365","20.365","0.00%"
"07/01/2017","20.365","20.365","20.365","20.365","0.00%"
"06/30/2017","20.365","20.365","20.365","20.365","-0.01%"
"06/29/2017","20.368","20.368","20.368","20.368","0.01%"
"06/28/2017","20.366","20.366","20.366","20.366","0.00%"
"06/27/2017","20.366","20.366","20.366","20.366","0.00%"
"06/26/2017","20.366","20.366","20.366","20.366","0.10%"
"06/25/2017","20.345","20.345","20.345","20.345","0.00%"
"06/23/2017","20.345","20.345","20.345","20.345","0.00%"
"06/22/2017","20.346","20.346","20.346","20.346","0.52%"
"06/21/2017","20.240","20.240","20.240","20.240","-0.01%"
"06/20/2017","20.242","20.242","20.242","20.242","0.01%"
"06/19/2017","20.239","20.239","20.239","20.239","-0.38%"
"06/18/2017","20.316","20.316","20.316","20.316","0.00%"
"06/16/2017","20.316","20.316","20.316","20.316","0.02%"
"06/15/2017","20.312","20.312","20.312","20.312","0.23%"
"06/14/2017","20.265","20.265","20.265","20.265","0.01%"
"06/13/2017","20.263","20.263","20.263","20.263","0.01%"
"06/12/2017","20.261","20.261","20.261","20.261","-0.76%"
"06/11/2017","20.417","20.417","20.417","20.417","0.00%"
"06/09/2017","20.417","20.417","20.417","20.417","-0.01%"
"06/08/2017","20.419","20.419","20.419","20.419","0.00%"
"06/07/2017","20.418","20.418","20.418","20.418","0.00%"
"06/06/2017","20.418","20.418","20.418","20.418","0.00%"
"06/05/2017","20.418","20.418","20.418","20.418","-0.39%"
"06/04/2017","20.497","20.497","20.497","20.497","0.00%"
"06/02/2017","20.497","20.497","20.497","20.497","0.00%"
"06/01/2017","20.497","20.497","20.497","20.497","0.00%"
"05/31/2017","20.497","20.497","20.497","20.497","0.00%"
"05/30/2017","20.498","20.498","20.498","20.498","0.00%"
"05/29/2017","20.499","20.499","20.499","20.499","4.95%"
"05/28/2017","19.532","19.532","19.532","19.532","0.00%"
"05/26/2017","19.532","19.532","19.532","19.532","0.02%"
"05/25/2017","19.529","19.529","19.529","19.529","0.00%"
"05/24/2017","19.529","19.529","19.529","19.529","0.00%"
"05/23/2017","19.529","19.529","19.529","19.529","0.00%"
"05/22/2017","19.529","19.529","19.529","19.529","-0.76%"
"05/21/2017","19.678","19.678","19.678","19.678","0.00%"
"05/19/2017","19.678","19.678","19.678","19.678","-0.01%"
"05/18/2017","19.680","19.680","19.680","19.680","1.80%"
"05/17/2017","19.332","19.332","19.332","19.332","-0.09%"
"05/16/2017","19.349","19.349","19.349","19.349","0.09%"
"05/15/2017","19.331","19.331","19.331","19.331","0.09%"
"05/14/2017","19.313","19.313","19.313","19.313","0.00%"
"05/12/2017","19.313","19.313","19.313","19.313","0.00%"
"05/11/2017","19.313","19.313","19.313","19.313","0.80%"
"05/10/2017","19.160","19.160","19.160","19.160","0.01%"
"05/09/2017","19.159","19.159","19.159","19.159","0.01%"
"05/08/2017","19.158","19.158","19.158","19.158","-0.21%"
"05/07/2017","19.199","19.199","19.199","19.199","0.00%"
"05/05/2017","19.199","19.199","19.199","19.199","0.01%"
"05/04/2017","19.197","19.197","19.197","19.197","-0.18%"
"05/03/2017","19.232","19.232","19.232","19.232","0.01%"
"05/02/2017","19.231","19.231","19.231","19.231","-0.35%"
"05/01/2017","19.299","19.297","19.299","19.297","0.01%"
"04/30/2017","19.297","19.297","19.297","19.297","0.67%"
"04/28/2017","19.168","19.168","19.168","19.168","0.02%"
"04/27/2017","19.164","19.164","19.164","19.164","0.02%"
"04/26/2017","19.161","19.161","19.161","19.161","-0.71%"
"04/25/2017","19.298","19.298","19.298","19.298","-0.01%"
"04/24/2017","19.300","19.300","19.300","19.300","-0.16%"
"04/23/2017","19.331","19.331","19.331","19.331","0.00%"
"04/22/2017","19.331","19.331","19.331","19.331","0.00%"
"04/21/2017","19.331","19.331","19.331","19.331","0.01%"
"04/20/2017","19.330","19.330","19.330","19.330","-0.06%"
"04/19/2017","19.342","19.342","19.342","19.342","-0.13%"
"04/18/2017","19.368","19.368","19.368","19.368","0.00%"
"04/17/2017","19.368","19.368","19.368","19.368","0.00%"
"04/14/2017","19.368","19.368","19.368","19.368","-0.01%"
"04/13/2017","19.370","19.370","19.370","19.370","-0.22%"
"04/12/2017","19.413","19.413","19.413","19.413","-0.01%"
"04/11/2017","19.415","19.415","19.415","19.415","0.01%"
"04/10/2017","19.413","19.413","19.413","19.413","-0.02%"
"04/09/2017","19.417","19.417","19.417","19.417","0.00%"
"04/07/2017","19.417","19.417","19.417","19.417","0.02%"
"04/06/2017","19.414","19.414","19.414","19.414","0.60%"
"04/05/2017","19.298","19.298","19.298","19.298","-0.59%"
"04/04/2017","19.413","19.413","19.413","19.413","0.60%"
"04/03/2017","19.298","19.298","19.298","19.298","0.11%"
"04/02/2017","19.277","19.277","19.277","19.277","0.00%"
"03/31/2017","19.277","19.277","19.277","19.277","-0.01%"
"03/30/2017","19.278","19.278","19.278","19.278","0.01%"
"03/29/2017","19.277","19.277","19.277","19.277","-0.08%"
"03/28/2017","19.293","19.293","19.293","19.293","0.01%"
"03/27/2017","19.292","19.292","19.292","19.292","-0.25%"
"03/26/2017","19.341","19.341","19.341","19.341","0.00%"
"03/24/2017","19.341","19.341","19.341","19.341","0.01%"
"03/23/2017","19.340","19.340","19.340","19.340","-0.16%"
"03/22/2017","19.371","19.371","19.371","19.371","0.00%"
"03/21/2017","19.371","19.371","19.371","19.371","0.00%"
"03/20/2017","19.371","19.371","19.371","19.371","0.36%"
"03/19/2017","19.301","19.301","19.301","19.301","0.00%"
"03/18/2017","19.301","19.301","19.301","19.301","0.00%"
"03/17/2017","19.301","19.301","19.301","19.301","0.00%"
"03/16/2017","19.301","19.301","19.301","19.301","-0.21%"
"03/15/2017","19.342","19.342","19.342","19.342","-0.01%"
"03/14/2017","19.344","19.344","19.344","19.344","0.02%"
"03/13/2017","19.341","19.341","19.341","19.341","3.87%"
"03/12/2017","18.621","18.621","18.621","18.621","0.00%"
"03/10/2017","18.621","18.621","18.621","18.621","0.01%"
"03/09/2017","18.620","18.620","18.620","18.620","-5.53%"
"03/08/2017","19.711","19.711","19.711","19.711","0.00%"
"03/07/2017","19.711","19.711","19.711","19.711","0.00%"
"03/06/2017","19.711","19.711","19.711","19.711","3.19%"
"03/05/2017","19.101","19.101","19.101","19.101","0.00%"
"03/03/2017","19.101","19.101","19.101","19.101","0.01%"
"03/02/2017","19.099","19.099","19.099","19.099","-0.29%"
"03/01/2017","19.155","19.155","19.155","19.155","-0.01%"
"02/28/2017","19.157","19.157","19.157","19.157","1.80%"
"02/27/2017","18.818","18.818","18.818","18.818","2.84%"
"02/26/2017","18.298","18.298","18.298","18.298","0.00%"
"02/24/2017","18.298","18.298","18.298","18.298","-0.01%"
"02/23/2017","18.300","18.300","18.300","18.300","-0.02%"
"02/22/2017","18.303","18.303","18.303","18.303","-0.02%"
"02/21/2017","18.307","18.307","18.307","18.307","7.78%"
"02/20/2017","16.986","16.986","16.986","16.986","-0.03%"
"02/19/2017","16.991","16.991","16.991","16.991","0.00%"
"02/17/2017","16.991","16.991","16.991","16.991","0.01%"
"02/16/2017","16.990","16.990","16.990","16.990","0.00%"
"02/15/2017","16.990","16.990","16.990","16.990","0.00%"
"02/14/2017","16.990","16.990","16.990","16.990","-0.01%"
"02/13/2017","16.991","16.991","16.991","16.991","-7.84%"
"02/12/2017","18.437","18.437","18.437","18.437","0.00%"
"02/10/2017","18.437","18.437","18.437","18.437","0.02%"
"02/09/2017","18.433","18.433","18.433","18.433","-0.30%"
"02/08/2017","18.488","18.488","18.488","18.488","-1.13%"
"02/07/2017","18.699","18.699","18.699","18.699","1.12%"
"02/06/2017","18.491","18.491","18.491","18.491","-1.85%"
"02/05/2017","18.839","18.839","18.839","18.839","0.00%"
"02/03/2017","18.839","18.839","18.839","18.839","0.02%"
"02/02/2017","18.835","18.835","18.835","18.835","-0.01%"
"02/01/2017","18.836","18.836","18.836","18.836","-1.14%"
"01/31/2017","19.053","19.053","19.053","19.053","1.14%"
"01/30/2017","18.839","18.839","18.839","18.839","-0.32%"
"01/29/2017","18.900","18.900","18.900","18.900","0.00%"
"01/27/2017","18.900","18.900","18.900","18.900","0.00%"
"01/26/2017","18.900","18.900","18.900","18.900","0.00%"
"01/25/2017","18.900","18.900","18.900","18.900","0.01%"
"01/24/2017","18.899","18.899","18.899","18.899","-0.01%"
"01/23/2017","18.901","18.901","18.901","18.901","-0.62%"
"01/22/2017","19.019","19.019","19.019","19.019","0.00%"
"01/20/2017","19.019","19.019","19.019","19.019","0.00%"
"01/19/2017","19.019","19.019","19.019","19.019","-0.01%"
"01/18/2017","19.021","19.021","19.021","19.021","2.83%"
"01/17/2017","18.497","18.497","18.497","18.497","-0.04%"
"01/16/2017","18.504","18.504","18.504","18.504","2.11%"
"01/15/2017","18.121","18.121","18.121","18.121","0.00%"
"01/13/2017","18.121","18.121","18.121","18.121","0.03%"
"01/12/2017","18.116","18.116","18.116","18.116","0.49%"
"01/11/2017","18.028","18.028","18.028","18.028","0.01%"
"01/10/2017","18.027","18.027","18.027","18.027","0.01%"
"01/09/2017","18.026","18.026","18.026","18.026","5.18%"
"01/08/2017","17.138","17.138","17.138","17.138","0.00%"
"01/06/2017","17.138","17.138","17.138","17.138","0.05%"
"01/05/2017","17.129","17.129","17.129","17.129","-0.03%"
"01/04/2017","17.134","17.134","17.134","17.134","-1.52%"
"01/03/2017","17.399","17.399","17.399","17.399","1.53%"
"01/02/2017","17.136","17.136","17.136","17.136","0.37%"
"12/30/2016","17.073","17.073","17.073","17.073","-0.02%"
"12/29/2016","17.076","17.076","17.076","17.076","0.00%"
"12/28/2016","17.076","17.076","17.076","17.076","8.49%"
"12/27/2016","15.740","15.740","15.740","15.740","0.03%"
"12/26/2016","15.735","15.735","15.735","15.735","-0.03%"
"12/25/2016","15.739","15.739","15.739","15.739","0.00%"
"12/23/2016","15.739","15.739","15.739","15.739","0.02%"
"12/22/2016","15.736","15.736","15.736","15.736","-3.62%"
"12/21/2016","16.327","16.327","16.327","16.327","-7.14%"
"12/20/2016","17.583","17.583","17.583","17.583","0.04%"
"12/19/2016","17.576","17.576","17.576","17.576","9.22%"
"12/18/2016","16.092","16.092","16.092","16.092","0.00%"
"12/16/2016","16.092","16.092","16.092","16.092","-7.53%"
"12/15/2016","17.403","17.403","17.403","17.403","7.15%"
"12/14/2016","16.242","16.242","16.242","16.242","-5.76%"
"12/13/2016","17.234","17.234","17.234","17.234","0.00%"
"12/12/2016","17.234","17.234","17.234","17.234","-0.02%"
"12/11/2016","17.237","17.237","17.237","17.237","0.00%"
"12/09/2016","17.237","17.237","17.237","17.237","0.00%"
"12/08/2016","17.237","17.237","17.237","17.237","-3.51%"
"12/07/2016","17.864","17.864","17.864","17.864","0.01%"
"12/06/2016","17.863","17.863","17.863","17.863","1.48%"
"12/05/2016","17.602","17.602","17.602","17.602","5.63%"
"12/04/2016","16.664","16.664","16.664","16.664","0.00%"
"12/02/2016","16.664","16.664","16.664","16.664","0.00%"
"12/01/2016","16.664","16.664","16.664","16.664","-0.74%"
"11/30/2016","16.788","16.788","16.788","16.788","0.01%"
"11/29/2016","16.787","16.787","16.787","16.787","1.16%"
"11/28/2016","16.594","16.594","16.594","16.594","0.02%"
"11/27/2016","16.591","16.591","16.591","16.591","0.00%"
"11/25/2016","16.591","16.591","16.591","16.591","-0.01%"
"11/24/2016","16.593","16.593","16.593","16.593","0.89%"
"11/23/2016","16.446","16.446","16.446","16.446","-1.46%"
"11/22/2016","16.689","16.689","16.689","16.689","-0.40%"
"11/21/2016","16.756","16.756","16.756","16.756","-1.84%"
"11/18/2016","17.070","17.070","17.070","17.070","-0.02%"
"11/17/2016","17.073","17.073","17.073","17.073","0.54%"
"11/16/2016","16.982","16.982","16.982","16.982","4.96%"
"11/15/2016","16.180","16.180","16.180","16.180","-10.62%"
"11/14/2016","18.102","18.102","18.102","18.102","9.05%"
"11/11/2016","16.600","16.600","16.600","16.600","-0.02%"
"11/10/2016","16.604","16.604","16.604","16.604","0.32%"
"11/09/2016","16.551","16.551","16.551","16.551","-0.01%"
"11/08/2016","16.552","16.552","16.552","16.552","-12.60%"
"11/07/2016","18.938","18.938","18.938","18.938","36.68%"
"11/06/2016","13.856","13.856","13.856","13.856","0.00%"
"11/04/2016","13.856","13.856","13.856","13.856","-0.02%"
"11/03/2016","13.859","13.859","13.859","13.859","-4.72%"
"11/02/2016","14.545","14.545","14.545","14.545","0.03%"
"11/01/2016","14.541","14.541","14.541","14.541","-0.01%"
"10/31/2016","14.542","14.542","14.542","14.542","2.36%"
"10/30/2016","14.207","14.207","14.207","14.207","0.00%"
"10/28/2016","14.207","14.207","14.207","14.207","3.50%"
"10/27/2016","13.726","13.726","13.726","13.726","-0.01%"
"10/26/2016","13.728","13.728","13.728","13.728","-2.06%"
"10/25/2016","14.017","14.017","14.017","14.017","-2.01%"
"10/24/2016","14.304","14.304","14.304","14.304","3.11%"
"10/23/2016","13.872","13.872","13.872","13.872","0.00%"
"10/21/2016","13.872","13.872","13.872","13.872","-0.02%"
"10/20/2016","13.875","13.875","13.875","13.875","-1.38%"
"10/19/2016","14.069","14.069","14.069","14.069","0.01%"
"10/18/2016","14.068","14.068","14.068","14.068","-1.51%"
"10/17/2016","14.283","14.283","14.283","14.283","1.54%"
"10/15/2016","14.067","14.067","14.067","14.067","0.00%"
"10/14/2016","14.067","14.067","14.067","14.067","-0.42%"
"10/13/2016","14.127","14.127","14.127","14.127","0.00%"
"10/12/2016","14.127","14.127","14.127","14.127","-1.85%"
"10/11/2016","14.393","14.393","14.393","14.393","-0.48%"
"10/10/2016","14.462","14.462","14.462","14.462","-0.61%"
"10/09/2016","14.551","14.416","14.551","14.416","0.94%"
"10/07/2016","14.416","14.416","14.416","14.416","0.00%"
"10/06/2016","14.416","13.730","14.467","13.730","5.00%"
"10/05/2016","13.730","13.730","13.730","13.730","0.00%"
"10/04/2016","13.730","13.730","13.730","13.730","-1.14%"
"10/03/2016","13.888","13.888","13.888","13.888","-0.11%"
"10/02/2016","13.903","13.903","13.903","13.903","0.00%"
"09/30/2016","13.903","13.903","13.903","13.903","-0.01%"
"09/29/2016","13.904","13.904","13.904","13.904","-0.11%"
"09/28/2016","13.920","13.920","13.920","13.920","-1.44%"
"09/27/2016","14.123","14.123","14.123","14.123","-0.32%"
"09/26/2016","14.168","14.168","14.168","14.168","3.43%"
"09/25/2016","13.698","13.698","13.698","13.698","0.00%"
"09/24/2016","13.698","13.698","13.698","13.698","0.00%"
"09/23/2016","13.698","13.698","13.698","13.698","-0.01%"
"09/22/2016","13.700","13.700","13.700","13.700","-2.13%"
"09/21/2016","13.998","13.998","13.998","13.998","0.01%"
"09/20/2016","13.997","13.997","13.997","13.997","-1.56%"
"09/19/2016","14.219","14.219","14.219","14.219","1.85%"
"09/18/2016","13.961","13.961","13.961","13.961","0.00%"
"09/17/2016","13.961","13.961","13.961","13.961","0.00%"
"09/16/2016","13.961","13.961","13.961","13.961","0.00%"
"09/15/2016","13.961","13.961","13.961","13.961","-2.99%"
"09/14/2016","14.392","14.392","14.392","14.392","1.23%"
"09/09/2016","14.217","14.217","14.217","14.217","0.01%"
"09/08/2016","14.215","14.215","14.215","14.215","1.53%"
"09/07/2016","14.001","14.001","14.001","14.001","4.55%"
"09/06/2016","13.392","13.392","13.392","13.392","-6.01%"
"09/05/2016","14.249","14.249","14.249","14.249","0.07%"
"09/04/2016","14.239","14.239","14.239","14.239","0.00%"
"09/02/2016","14.239","14.239","14.239","14.239","-0.01%"
"09/01/2016","14.240","14.240","14.240","14.240","0.67%"
"08/31/2016","14.145","14.145","14.145","14.145","5.64%"
"08/30/2016","13.390","13.390","13.390","13.390","0.00%"
"08/29/2016","13.390","13.390","13.390","13.390","-0.53%"
"08/28/2016","13.461","13.461","13.461","13.461","0.00%"
"08/26/2016","13.461","13.461","13.461","13.461","0.02%"
"08/25/2016","13.458","13.458","13.458","13.458","0.00%"
"08/24/2016","13.458","13.458","13.458","13.458","-1.28%"
"08/23/2016","13.633","13.633","13.633","13.633","0.53%"
"08/22/2016","13.561","13.561","13.561","13.561","0.57%"
"08/19/2016","13.484","13.484","13.484","13.484","0.00%"
"08/18/2016","13.484","13.484","13.484","13.484","0.00%"
"08/17/2016","13.484","13.484","13.484","13.484","-0.41%"
"08/16/2016","13.540","13.540","13.540","13.540","-4.98%"
"08/15/2016","14.249","14.249","14.249","14.249","3.74%"
"08/14/2016","13.735","13.735","13.735","13.735","0.00%"
"08/13/2016","13.735","13.735","13.735","13.735","0.00%"
"08/12/2016","13.735","13.735","13.735","13.735","0.01%"
"08/11/2016","13.733","13.733","13.733","13.733","-0.23%"
"08/10/2016","13.764","13.764","13.764","13.764","-2.38%"
"08/09/2016","14.100","14.100","14.100","14.100","0.01%"
"08/08/2016","14.099","14.099","14.099","14.099","0.01%"
"08/07/2016","14.098","14.098","14.098","14.098","0.00%"
"08/06/2016","14.098","14.098","14.098","14.098","0.00%"
"08/05/2016","14.098","14.098","14.098","14.098","-0.02%"
"08/04/2016","14.101","14.101","14.101","14.101","0.01%"
"08/03/2016","14.100","14.100","14.100","14.100","-0.77%"
"08/01/2016","14.210","14.210","14.210","14.210","7.30%"
"07/29/2016","13.243","13.243","13.243","13.243","0.02%"
"07/28/2016","13.241","13.241","13.241","13.241","-0.02%"
"07/27/2016","13.243","13.243","13.243","13.243","-0.02%"
"07/26/2016","13.245","13.245","13.245","13.245","-2.86%"
"07/25/2016","13.635","13.635","13.635","13.635","-0.01%"
"07/24/2016","13.637","13.637","13.637","13.637","0.00%"
"07/22/2016","13.637","13.637","13.637","13.637","-0.01%"
"07/21/2016","13.639","13.639","13.639","13.639","-0.02%"
"07/20/2016","13.642","13.642","13.642","13.642","1.70%"
"07/19/2016","13.414","13.414","13.414","13.414","-0.76%"
"07/18/2016","13.517","13.517","13.517","13.517","9.93%"
"07/17/2016","12.296","12.296","12.296","12.296","0.00%"
"07/15/2016","12.296","12.296","12.296","12.296","-0.03%"
"07/14/2016","12.300","12.300","12.300","12.300","-10.27%"
"07/13/2016","13.708","13.708","13.708","13.708","-0.53%"
"07/12/2016","13.781","13.781","13.781","13.781","-0.01%"
"07/11/2016","13.782","13.782","13.782","13.782","1.50%"
"07/10/2016","13.578","13.578","13.578","13.578","0.00%"
"07/08/2016","13.578","13.578","13.578","13.578","0.00%"
"07/07/2016","13.578","13.578","13.578","13.578","0.00%"
"07/05/2016","13.578","13.701","13.701","13.578","-0.90%"
"07/04/2016","13.701","13.701","13.701","13.701","-1.71%"
"07/03/2016","13.940","13.940","13.940","13.940","0.00%"
"07/01/2016","13.940","13.940","13.940","13.940","-0.02%"
"06/30/2016","13.943","13.943","13.943","13.943","0.02%"
"06/29/2016","13.940","13.940","13.940","13.940","3.40%"
"06/28/2016","13.482","13.482","13.482","13.482","-1.50%"
"06/27/2016","13.688","13.688","13.688","13.688","1.72%"
"06/26/2016","13.457","13.457","13.457","13.457","0.00%"
"06/24/2016","13.457","13.457","13.457","13.457","-0.02%"
"06/23/2016","13.460","13.460","13.460","13.460","4.41%"
"06/22/2016","12.892","12.892","12.892","12.892","-1.99%"
"06/21/2016","13.154","13.154","13.154","13.154","0.02%"
"06/20/2016","13.151","13.151","13.151","13.151","3.72%"
"06/19/2016","12.679","12.679","12.679","12.679","0.00%"
"06/17/2016","12.679","12.679","12.679","12.679","-0.02%"
"06/16/2016","12.681","12.681","12.681","12.681","2.15%"
"06/15/2016","12.414","12.414","12.414","12.414","0.95%"
"06/14/2016","12.297","12.297","12.297","12.297","-2.97%"
"06/13/2016","12.674","12.674","12.674","12.674","4.25%"
"06/12/2016","12.157","12.157","12.157","12.157","0.00%"
"06/10/2016","12.157","12.157","12.157","12.157","-0.03%"
"06/09/2016","12.161","12.161","12.161","12.161","-4.57%"
"06/08/2016","12.744","12.744","12.744","12.744","16.11%"
"06/07/2016","10.976","10.976","10.976","10.976","-13.33%"
"06/06/2016","12.664","12.664","12.664","12.664","-0.58%"
"06/05/2016","12.738","12.738","12.738","12.738","0.00%"
"06/03/2016","12.738","12.738","12.738","12.738","0.00%"
"06/02/2016","12.738","12.738","12.738","12.738","0.00%"
"06/01/2016","12.738","12.738","12.738","12.738","-7.23%"
"05/31/2016","13.730","13.730","13.730","13.730","6.38%"
"05/30/2016","12.907","12.907","12.907","12.907","0.96%"
"05/29/2016","12.784","12.784","12.784","12.784","0.00%"
"05/27/2016","12.784","12.784","12.784","12.784","-0.10%"
"05/26/2016","12.797","12.797","12.797","12.797","0.00%"
"05/25/2016","12.797","12.797","12.797","12.797","0.46%"
"05/24/2016","12.738","12.738","12.738","12.738","3.93%"
"05/23/2016","12.256","12.256","12.256","12.256","-0.36%"
"05/22/2016","12.300","12.300","12.300","12.300","0.00%"
"05/20/2016","12.300","12.300","12.300","12.300","2.66%"
"05/19/2016","11.981","11.981","11.981","11.981","-2.23%"
"05/18/2016","12.254","12.254","12.254","12.254","1.06%"
"05/17/2016","12.126","12.126","12.126","12.126","0.00%"
"05/16/2016","12.126","12.126","12.126","12.126","-2.04%"
"05/15/2016","12.379","12.379","12.379","12.379","0.00%"
"05/13/2016","12.379","12.379","12.379","12.379","-0.22%"
"05/12/2016","12.406","12.406","12.406","12.406","0.38%"
"05/11/2016","12.359","12.359","12.359","12.359","-0.56%"
"05/10/2016","12.428","12.428","12.428","12.428","-2.23%"
"05/09/2016","12.712","12.712","12.712","12.712","0.73%"
"05/08/2016","12.620","12.620","12.620","12.620","0.00%"
"05/06/2016","12.620","12.620","12.620","12.620","0.02%"
"05/05/2016","12.617","12.617","12.617","12.617","1.62%"
"05/04/2016","12.416","12.416","12.416","12.416","-0.90%"
"05/03/2016","12.529","12.529","12.529","12.529","0.00%"
"04/29/2016","12.529","12.529","12.529","12.529","-0.02%"
"04/28/2016","12.531","12.531","12.531","12.531","-2.97%"
"04/27/2016","12.915","12.915","12.915","12.915","0.66%"
"04/26/2016","12.830","12.830","12.830","12.830","1.71%"
"04/25/2016","12.614","12.430","12.614","12.430","1.46%"
"04/22/2016","12.433","12.433","12.433","12.433","0.02%"
"04/21/2016","12.431","12.431","12.431","12.431","-1.80%"
"04/20/2016","12.659","12.659","12.659","12.659","-1.25%"
"04/19/2016","12.819","12.819","12.819","12.819","6.15%"
"04/18/2016","12.076","12.076","12.076","12.076","1.14%"
"04/17/2016","11.940","11.940","11.940","11.940","0.00%"
"04/15/2016","11.940","11.940","11.940","11.940","-0.90%"
"04/14/2016","12.049","12.049","12.049","12.049","-0.32%"
"04/13/2016","12.088","12.088","12.088","12.088","-0.85%"
"04/12/2016","12.192","12.192","12.192","12.192","0.00%"
"04/11/2016","12.192","12.192","12.192","12.192","0.00%"
"04/10/2016","12.192","12.192","12.192","12.192","0.00%"
"04/08/2016","12.192","12.192","12.192","12.192","3.28%"
"04/07/2016","11.805","11.805","11.805","11.805","-0.33%"
"04/06/2016","11.844","11.844","11.844","11.844","0.00%"
"04/05/2016","11.844","11.844","11.844","11.844","-2.53%"
"04/04/2016","12.151","12.151","12.151","12.151","6.35%"
"04/03/2016","11.425","11.425","11.425","11.425","0.00%"
"04/01/2016","11.425","11.425","11.425","11.425","-0.01%"
"03/31/2016","11.426","11.426","11.426","11.426","-5.27%"
"03/30/2016","12.062","12.062","12.062","12.062","-2.48%"
"03/29/2016","12.369","12.369","12.369","12.369","2.08%"
"03/28/2016","12.117","12.117","12.117","12.117","0.00%"
"03/25/2016","12.117","12.117","12.117","12.117","0.00%"
"03/24/2016","12.117","12.117","12.117","12.117","-1.79%"
"03/23/2016","12.338","12.338","12.338","12.338","14.20%"
"03/22/2016","10.804","10.804","10.804","10.804","-15.10%"
"03/21/2016","12.725","12.725","12.725","12.725","9.89%"
"03/20/2016","11.580","11.580","11.580","11.580","0.00%"
"03/18/2016","11.580","11.580","11.580","11.580","0.04%"
"03/17/2016","11.575","11.575","11.575","11.575","0.00%"
"03/16/2016","11.575","11.575","11.575","11.575","2.98%"
"03/15/2016","11.240","11.240","11.240","11.240","1.48%"
"03/14/2016","11.076","11.076","11.076","11.076","-5.09%"
"03/13/2016","11.670","11.037","11.670","11.037","5.74%"
"03/11/2016","11.037","11.037","11.037","11.037","0.02%"
"03/10/2016","11.035","11.035","11.035","11.035","-0.05%"
"03/09/2016","11.040","11.040","11.040","11.040","-2.21%"
"03/08/2016","11.290","11.290","11.290","11.290","3.16%"
"03/07/2016","10.944","10.944","10.944","10.944","-3.38%"
"03/06/2016","11.327","11.327","11.327","11.327","0.00%"
"03/04/2016","11.327","11.327","11.327","11.327","1.32%"
"03/03/2016","11.179","11.179","11.179","11.179","1.47%"
"03/02/2016","11.017","11.017","11.017","11.017","-0.66%"
"03/01/2016","11.090","11.090","11.090","11.090","0.93%"
"02/29/2016","10.988","10.988","10.988","10.988","-1.63%"
"02/28/2016","11.170","11.170","11.170","11.170","0.00%"
"02/26/2016","11.170","11.170","11.170","11.170","0.81%"
"02/25/2016","11.080","11.080","11.080","11.080","-0.64%"
"02/24/2016","11.151","11.151","11.151","11.151","3.65%"
"02/23/2016","10.758","10.758","10.758","10.758","-2.40%"
"02/22/2016","11.022","11.022","11.022","11.022","-2.46%"
"02/21/2016","11.300","11.300","11.300","11.300","0.00%"
"02/19/2016","11.300","11.300","11.300","11.300","0.00%"
"02/18/2016","11.300","11.300","11.300","11.300","0.00%"
"02/17/2016","11.300","11.300","11.300","11.300","0.00%"
"02/16/2016","11.300","11.300","11.300","11.300","0.00%"
"02/15/2016","11.300","11.300","11.300","11.300","0.68%"
"02/14/2016","11.224","11.224","11.224","11.224","0.00%"
"02/12/2016","11.224","11.224","11.224","11.224","0.02%"
"02/11/2016","11.222","11.222","11.222","11.222","-0.08%"
"02/10/2016","11.231","11.231","11.231","11.231","-0.61%"
"02/09/2016","11.300","11.300","11.300","11.300","-19.86%"
"02/08/2016","14.100","14.100","14.100","14.100","24.23%"
"02/07/2016","11.350","11.350","11.350","11.350","0.00%"
"02/06/2016","11.350","11.350","11.350","11.350","0.00%"
"02/05/2016","11.350","11.350","11.350","11.350","0.00%"
"02/04/2016","11.350","11.350","11.350","11.350","0.37%"
"02/03/2016","11.308","11.308","11.308","11.308","-0.11%"
"02/02/2016","11.320","11.320","11.320","11.320","-0.19%"
"02/01/2016","11.341","11.341","11.341","11.341","-0.45%"
"01/31/2016","11.392","11.392","11.392","11.392","0.00%"
"01/29/2016","11.392","11.392","11.392","11.392","0.03%"
"01/28/2016","11.389","11.389","11.389","11.389","0.63%"
"01/27/2016","11.318","11.318","11.318","11.318","-0.66%"
"01/26/2016","11.393","11.393","11.393","11.393","0.00%"
"01/25/2016","11.393","11.447","11.448","11.393","-0.47%"
"01/24/2016","11.447","11.447","11.447","11.447","0.00%"
"01/22/2016","11.447","11.447","11.447","11.447","0.70%"
"01/21/2016","11.367","11.367","11.367","11.367","-0.38%"
"01/20/2016","11.410","11.410","11.410","11.410","0.19%"
"01/19/2016","11.388","11.388","11.388","11.388","0.18%"
"01/18/2016","11.367","11.367","11.367","11.367","-1.28%"
"01/17/2016","11.514","11.514","11.514","11.514","0.00%"
"01/15/2016","11.514","11.514","11.514","11.514","3.71%"
"01/14/2016","11.102","11.102","11.102","11.102","-0.22%"
"01/13/2016","11.127","11.127","11.127","11.127","3.93%"
"01/12/2016","10.706","10.706","10.706","10.706","-2.27%"
"01/11/2016","10.955","10.955","10.955","10.955","-0.82%"
"01/10/2016","11.046","11.046","11.046","11.046","0.00%"
"01/08/2016","11.046","11.046","11.046","11.046","0.04%"
"01/07/2016","11.042","11.129","11.129","11.042","-0.82%"
"01/06/2016","11.133","11.133","11.133","11.133","0.02%"
"01/05/2016","11.131","11.131","11.131","11.131","1.48%"
"01/04/2016","10.969","10.969","10.969","10.969","-1.31%"
"01/03/2016","11.115","11.115","11.115","11.115","0.00%"
"01/01/2016","11.115","11.115","11.115","11.115","-0.02%"
"12/31/2015","11.117","11.117","11.117","11.117","-0.23%"
"12/30/2015","11.143","11.143","11.143","11.143","0.36%"
"12/29/2015","11.103","11.103","11.103","11.103","0.01%"
"12/28/2015","11.102","11.102","11.102","11.102","0.19%"
"12/27/2015","11.081","11.081","11.081","11.081","0.00%"
"12/25/2015","11.081","11.081","11.081","11.081","0.01%"
"12/24/2015","11.080","11.080","11.080","11.080","0.00%"
"12/23/2015","11.080","11.115","11.115","11.080","-0.31%"
"12/22/2015","11.115","11.115","11.115","11.115","-0.34%"
"12/21/2015","11.153","11.153","11.153","11.153","0.40%"
"12/20/2015","11.109","11.109","11.109","11.109","0.00%"
"12/18/2015","11.109","11.109","11.109","11.109","-0.38%"
"12/17/2015","11.151","11.151","11.151","11.151","0.08%"
"12/16/2015","11.142","11.142","11.142","11.142","-0.16%"
"12/15/2015","11.160","11.160","11.160","11.160","-1.16%"
"12/14/2015","11.291","11.291","11.291","11.291","0.96%"
"12/13/2015","11.184","11.184","11.184","11.184","0.00%"
"12/11/2015","11.184","11.184","11.184","11.184","-0.09%"
"12/10/2015","11.194","11.194","11.194","11.194","-0.03%"
"12/09/2015","11.197","11.197","11.197","11.197","-1.00%"
"12/08/2015","11.310","11.310","11.310","11.310","3.71%"
"12/07/2015","10.905","10.905","10.905","10.905","-5.09%"
"12/06/2015","11.490","10.952","11.490","10.952","4.91%"
"12/04/2015","10.952","10.952","10.952","10.952","0.03%"
"12/03/2015","10.949","10.949","10.949","10.949","0.39%"
"12/02/2015","10.906","10.906","10.906","10.906","0.00%"
"12/01/2015","10.906","10.906","10.906","10.906","0.00%"
"11/30/2015","10.906","10.906","10.906","10.906","-0.88%"
"11/29/2015","11.003","11.003","11.003","11.003","0.00%"
"11/27/2015","11.003","11.003","11.003","11.003","0.25%"
"11/26/2015","10.976","10.976","10.976","10.976","0.00%"
"11/25/2015","10.976","10.976","10.976","10.976","0.68%"
"11/24/2015","10.902","10.902","10.902","10.902","-1.63%"
"11/23/2015","11.083","11.083","11.083","11.083","0.66%"
"11/22/2015","11.010","11.010","11.010","11.010","0.00%"
"11/20/2015","11.010","11.010","11.010","11.010","0.03%"
"11/19/2015","11.007","11.007","11.007","11.007","-0.17%"
"11/18/2015","11.026","11.026","11.026","11.026","-0.64%"
"11/17/2015","11.097","11.097","11.097","11.097","-0.39%"
"11/16/2015","11.140","11.140","11.140","11.140","-0.10%"
"11/15/2015","11.151","11.151","11.151","11.151","0.00%"
"11/13/2015","11.151","11.151","11.151","11.151","1.84%"
"11/12/2015","10.949","10.949","10.949","10.949","0.11%"
"11/11/2015","10.937","10.937","10.937","10.937","-0.01%"
"11/10/2015","10.938","10.938","10.938","10.938","-1.32%"
"11/09/2015","11.084","11.084","11.084","11.084","0.43%"
"11/08/2015","11.037","11.037","11.037","11.037","0.00%"
"11/06/2015","11.037","11.037","11.037","11.037","0.72%"
"11/05/2015","10.958","10.958","10.958","10.958","-0.65%"
"11/04/2015","11.030","11.030","11.030","11.030","-0.09%"
"11/03/2015","11.040","11.040","11.040","11.040","1.07%"
"11/02/2015","10.923","10.923","10.923","10.923","-1.62%"
"11/01/2015","11.103","11.103","11.103","11.103","0.00%"
"10/30/2015","11.103","11.103","11.103","11.103","0.03%"
"10/29/2015","11.100","11.100","11.100","11.100","-0.62%"
"10/28/2015","11.169","11.169","11.169","11.169","1.54%"
"10/27/2015","11.000","11.000","11.000","11.000","-0.49%"
"10/26/2015","11.054","11.054","11.054","11.054","-0.30%"
"10/25/2015","11.087","11.087","11.087","11.087","0.00%"
"10/23/2015","11.087","11.087","11.087","11.087","-0.62%"
"10/22/2015","11.156","11.156","11.156","11.156","0.01%"
"10/21/2015","11.155","11.155","11.155","11.155","0.67%"
"10/20/2015","11.081","11.081","11.081","11.081","1.74%"
"10/19/2015","10.891","10.891","10.891","10.891","-1.47%"
"10/18/2015","11.054","11.054","11.054","11.054","0.00%"
"10/16/2015","11.054","11.054","11.054","11.054","-0.12%"
"10/15/2015","11.067","11.067","11.067","11.067","0.51%"
"10/14/2015","11.011","10.880","11.011","10.880","1.20%"
"10/13/2015","10.880","10.880","10.880","10.880","0.32%"
"10/12/2015","10.845","10.845","10.845","10.845","-0.99%"
"10/11/2015","10.953","10.953","10.953","10.953","0.00%"
"10/09/2015","10.953","10.953","10.953","10.953","-3.33%"
"10/08/2015","11.330","11.330","11.330","11.330","2.88%"
"10/07/2015","11.013","11.013","11.013","11.013","0.00%"
"10/06/2015","11.013","11.079","11.079","11.013","-0.62%"
"10/05/2015","11.082","11.082","11.082","11.082","0.99%"
"10/04/2015","10.973","10.973","10.973","10.973","0.00%"
"10/03/2015","10.973","10.973","10.973","10.973","0.00%"
"10/02/2015","10.973","10.973","10.973","10.973","0.00%"
"10/01/2015","10.973","10.973","10.973","10.973","-3.15%"
"09/30/2015","11.330","11.330","11.330","11.330","1.71%"
"09/29/2015","11.139","11.139","11.139","11.139","2.76%"
"09/28/2015","10.840","10.840","10.840","10.840","-3.00%"
"09/27/2015","11.175","11.175","11.175","11.175","0.00%"
"09/22/2015","11.175","11.175","11.175","11.175","0.21%"
"09/21/2015","11.152","11.152","11.152","11.152","-0.21%"
"09/20/2015","11.176","11.176","11.176","11.176","0.00%"
"09/18/2015","11.176","11.176","11.176","11.176","0.22%"
"09/17/2015","11.151","11.151","11.151","11.151","2.59%"
"09/16/2015","10.869","10.869","10.869","10.869","-2.11%"
"09/15/2015","11.103","11.103","11.103","11.103","-0.83%"
"09/14/2015","11.196","11.196","11.196","11.196","-0.28%"
"09/13/2015","11.228","11.228","11.228","11.228","0.00%"
"09/11/2015","11.228","11.228","11.228","11.228","-0.90%"
"09/10/2015","11.330","11.330","11.330","11.330","0.90%"
"09/09/2015","11.229","11.229","11.229","11.229","-0.89%"
"09/08/2015","11.330","11.330","11.330","11.330","1.21%"
"09/07/2015","11.194","11.194","11.194","11.194","1.18%"
"09/06/2015","11.063","11.063","11.063","11.063","0.00%"
"09/04/2015","11.063","11.063","11.063","11.063","0.00%"
"09/03/2015","11.063","11.063","11.063","11.063","0.00%"
"09/02/2015","11.063","11.063","11.063","11.063","2.78%"
"09/01/2015","10.764","10.764","10.764","10.764","-2.98%"
"08/31/2015","11.095","11.095","11.095","11.095","1.72%"
"08/30/2015","10.907","10.907","10.907","10.907","0.00%"
"08/28/2015","10.907","10.907","10.907","10.907","0.06%"
"08/27/2015","10.900","10.900","10.900","10.900","-3.11%"
"08/26/2015","11.250","11.250","11.250","11.250","2.51%"
"08/25/2015","10.975","10.975","10.975","10.975","-0.97%"
"08/24/2015","11.083","11.083","11.083","11.083","0.02%"
"08/23/2015","11.081","11.081","11.081","11.081","0.00%"
"08/21/2015","11.081","11.081","11.081","11.081","1.60%"
"08/20/2015","10.906","10.906","10.906","10.906","-0.85%"
"08/19/2015","11.000","11.000","11.000","11.000","-2.22%"
"08/18/2015","11.250","11.250","11.250","11.250","-0.53%"
"08/17/2015","11.310","11.310","11.310","11.310","2.18%"
"08/16/2015","11.069","11.069","11.069","11.069","0.00%"
"08/14/2015","11.069","11.069","11.069","11.069","0.00%"
"08/13/2015","11.069","11.069","11.069","11.069","1.86%"
"08/12/2015","10.867","10.867","10.867","10.867","0.00%"
"08/11/2015","10.867","10.867","10.867","10.867","-4.00%"
"08/10/2015","11.320","11.320","11.320","11.320","1.67%"
"08/07/2015","11.134","11.134","11.134","11.134","0.00%"
"08/06/2015","11.134","11.231","11.231","11.134","-0.86%"
"08/05/2015","11.231","11.231","11.231","11.231","0.00%"
"08/04/2015","11.231","11.231","11.231","11.231","-0.79%"
"08/03/2015","11.320","11.320","11.320","11.320","0.00%"
"08/02/2015","11.320","11.302","11.620","11.302","0.16%"
"07/31/2015","11.302","11.302","11.302","11.302","-2.74%"
"07/30/2015","11.620","11.620","11.620","11.620","2.97%"
"07/29/2015","11.285","11.285","11.285","11.285","-2.88%"
"07/28/2015","11.620","11.620","11.620","11.620","3.09%"
"07/27/2015","11.272","11.272","11.272","11.272","-2.83%"
"07/26/2015","11.600","11.418","11.600","11.418","1.59%"
"07/24/2015","11.418","11.418","11.418","11.418","-0.35%"
"07/23/2015","11.458","11.458","11.458","11.458","0.00%"
"07/22/2015","11.458","11.458","11.458","11.458","0.00%"
"07/21/2015","11.458","11.458","11.458","11.458","0.00%"
"07/20/2015","11.458","11.458","11.458","11.458","0.00%"
"07/18/2015","11.458","11.458","11.458","11.458","0.00%"
"07/17/2015","11.458","11.354","11.458","11.354","0.92%"
"07/16/2015","11.354","11.354","11.354","11.354","0.00%"
"07/15/2015","11.354","11.354","11.354","11.354","-2.37%"
"07/14/2015","11.630","11.630","11.630","11.630","2.43%"
"07/13/2015","11.354","11.354","11.354","11.354","0.92%"
"07/12/2015","11.251","11.251","11.251","11.251","0.00%"
"07/10/2015","11.251","11.251","11.251","11.251","-0.78%"
"07/09/2015","11.340","11.340","11.340","11.340","0.43%"
"07/08/2015","11.292","11.292","11.292","11.292","0.00%"
"07/07/2015","11.292","11.292","11.292","11.292","0.91%"
"07/06/2015","11.190","11.190","11.190","11.190","-0.44%"
"07/05/2015","11.240","11.240","11.240","11.240","0.45%"
"07/03/2015","11.190","11.190","11.190","11.190","0.00%"
"07/02/2015","11.190","11.190","11.190","11.190","0.00%"
"07/01/2015","11.190","11.190","11.190","11.190","0.00%"
"06/30/2015","11.190","11.190","11.190","11.190","0.00%"
"06/29/2015","11.190","11.190","11.190","11.190","-3.04%"
"06/28/2015","11.541","11.541","11.541","11.541","0.00%"
"06/26/2015","11.541","11.541","11.541","11.541","0.00%"
"06/25/2015","11.541","11.541","11.541","11.541","0.00%"
"06/24/2015","11.541","11.541","11.541","11.541","0.26%"
"06/23/2015","11.511","11.511","11.511","11.511","-3.75%"
"06/22/2015","11.960","11.960","11.960","11.960","0.00%"
"06/21/2015","11.960","11.960","11.960","11.960","0.00%"
"06/19/2015","11.960","11.960","11.960","11.960","0.00%"
"06/18/2015","11.960","11.960","11.960","11.960","4.13%"
"06/17/2015","11.486","11.486","11.486","11.486","4.67%"
"06/16/2015","10.974","10.974","10.974","10.974","-6.39%"
"06/15/2015","11.723","11.723","11.723","11.723","0.00%"
"06/14/2015","11.723","11.723","11.723","11.723","0.00%"
"06/12/2015","11.723","11.723","11.723","11.723","0.00%"
"06/11/2015","11.723","11.723","11.723","11.723","0.54%"
"06/10/2015","11.660","11.660","11.660","11.660","6.57%"
"06/09/2015","10.941","10.941","10.941","10.941","0.00%"
"06/08/2015","10.941","10.941","10.941","10.941","-5.02%"
"06/07/2015","11.519","11.519","11.519","11.519","0.00%"
"06/05/2015","11.519","11.519","11.519","11.519","0.72%"
"06/04/2015","11.437","11.437","11.437","11.437","-0.01%"
"06/03/2015","11.438","11.438","11.438","11.438","2.21%"
"06/02/2015","11.191","11.191","11.191","11.191","-3.61%"
"06/01/2015","11.610","11.610","11.610","11.610","0.82%"
"05/31/2015","11.516","11.516","11.516","11.516","0.00%"
"05/30/2015","11.516","11.516","11.516","11.516","0.00%"
"05/29/2015","11.516","11.516","11.516","11.516","0.40%"
"05/28/2015","11.470","11.470","11.470","11.470","0.22%"
"05/27/2015","11.445","11.445","11.445","11.445","1.49%"
"05/26/2015","11.277","11.277","11.277","11.277","0.03%"
"05/25/2015","11.274","11.274","11.274","11.274","-0.02%"
"05/24/2015","11.276","11.276","11.276","11.276","0.00%"
"05/22/2015","11.276","11.276","11.276","11.276","-0.02%"
"05/21/2015","11.278","11.278","11.278","11.278","-1.50%"
"05/20/2015","11.450","11.450","11.450","11.450","-0.43%"
"05/19/2015","11.500","11.500","11.500","11.500","1.23%"
"05/18/2015","11.360","11.360","11.360","11.360","-0.79%"
"05/17/2015","11.450","11.278","11.450","11.278","1.53%"
"05/15/2015","11.278","11.278","11.278","11.278","0.02%"
"05/14/2015","11.276","11.276","11.276","11.276","0.02%"
"05/13/2015","11.274","11.274","11.274","11.274","-0.02%"
"05/12/2015","11.276","11.276","11.276","11.276","0.02%"
"05/11/2015","11.274","11.274","11.274","11.274","-0.03%"
"05/10/2015","11.277","11.277","11.277","11.277","0.00%"
"05/08/2015","11.277","11.277","11.277","11.277","0.15%"
"05/07/2015","11.260","11.260","11.260","11.260","0.00%"
"05/06/2015","11.260","11.260","11.260","11.260","0.99%"
"05/05/2015","11.150","11.150","11.150","11.150","-0.26%"
"05/04/2015","11.179","11.179","11.179","11.179","-2.11%"
"05/03/2015","11.420","11.420","11.420","11.420","2.18%"
"05/01/2015","11.176","11.180","11.180","11.176","-0.04%"
"04/30/2015","11.180","11.180","11.180","11.180","0.03%"
"04/29/2015","11.177","11.177","11.177","11.177","0.03%"
"04/28/2015","11.174","11.174","11.174","11.174","-0.03%"
"04/27/2015","11.177","11.177","11.177","11.177","0.02%"
"04/24/2015","11.175","11.175","11.175","11.175","-1.37%"
"04/23/2015","11.330","11.330","11.330","11.330","3.23%"
"04/22/2015","10.975","10.975","10.975","10.975","-0.01%"
"04/21/2015","10.976","10.976","10.976","10.976","0.19%"
"04/20/2015","10.955","10.955","10.955","10.955","-3.31%"
"04/19/2015","11.330","10.956","11.330","10.956","3.41%"
"04/17/2015","10.956","10.956","10.956","10.956","0.03%"
"04/16/2015","10.953","10.953","10.953","10.953","-1.67%"
"04/15/2015","11.139","11.139","11.139","11.139","0.01%"
"04/14/2015","11.138","11.138","11.138","11.138","0.00%"
"04/10/2015","11.138","11.138","11.138","11.138","-0.73%"
"04/09/2015","11.220","11.220","11.220","11.220","0.75%"
"04/08/2015","11.137","11.137","11.137","11.137","1.47%"
"04/07/2015","10.976","10.976","10.976","10.976","-0.01%"
"04/06/2015","10.977","10.977","10.977","10.977","0.00%"
"04/03/2015","10.977","10.977","10.977","10.977","0.01%"
"04/02/2015","10.976","10.976","10.976","10.976","-0.01%"
"04/01/2015","10.977","10.977","10.977","10.977","-0.01%"
"03/31/2015","10.978","10.978","10.978","10.978","1.23%"
"03/30/2015","10.845","10.845","10.845","10.845","0.02%"
"03/29/2015","10.843","10.843","10.843","10.843","0.00%"
"03/27/2015","10.843","10.843","10.843","10.843","-4.80%"
"03/26/2015","11.390","11.390","11.390","11.390","-0.01%"
"03/25/2015","11.391","11.391","11.391","11.391","0.03%"
"03/24/2015","11.388","11.388","11.388","11.388","1.46%"
"03/23/2015","11.224","11.224","11.224","11.224","0.03%"
"03/22/2015","11.221","11.221","11.221","11.221","0.00%"
"03/20/2015","11.221","11.221","11.221","11.221","-1.74%"
"03/19/2015","11.420","11.420","11.420","11.420","0.00%"
"03/18/2015","11.420","11.420","11.420","11.420","0.00%"
"03/17/2015","11.420","11.420","11.420","11.420","2.06%"
"03/16/2015","11.189","11.189","11.189","11.189","0.17%"
"03/15/2015","11.170","11.170","11.170","11.170","0.00%"
"03/14/2015","11.170","11.170","11.170","11.170","0.00%"
"03/13/2015","11.170","11.170","11.170","11.170","1.14%"
"03/12/2015","11.044","11.044","11.044","11.044","-1.13%"
"03/11/2015","11.170","11.170","11.170","11.170","0.00%"
"03/10/2015","11.170","11.170","11.170","11.170","0.00%"
"03/09/2015","11.170","11.170","11.170","11.170","-0.09%"
"03/08/2015","11.180","11.180","11.180","11.180","2.91%"
"03/06/2015","10.864","10.864","10.864","10.864","-2.74%"
"03/05/2015","11.170","11.170","11.170","11.170","0.00%"
"03/04/2015","11.170","11.170","11.170","11.170","0.00%"
"03/03/2015","11.170","11.170","11.170","11.170","0.00%"
"03/02/2015","11.170","11.170","11.170","11.170","0.27%"
"03/01/2015","11.140","10.864","11.140","10.864","2.54%"
"02/27/2015","10.864","10.864","10.864","10.864","0.00%"
"02/26/2015","10.864","10.864","10.864","10.864","-2.74%"
"02/25/2015","11.170","11.170","11.170","11.170","2.85%"
"02/24/2015","10.860","10.860","10.860","10.860","0.00%"
"02/23/2015","10.860","10.860","10.860","10.860","0.00%"
"02/22/2015","10.860","10.992","11.120","10.860","-1.20%"
"02/20/2015","10.992","10.992","10.992","10.992","0.57%"
"02/19/2015","10.930","10.930","10.930","10.930","0.00%"
"02/18/2015","10.930","10.930","10.930","10.930","-0.56%"
"02/17/2015","10.992","10.992","10.992","10.992","0.57%"
"02/16/2015","10.930","10.930","10.930","10.930","0.00%"
"02/15/2015","10.930","11.020","11.120","10.930","-0.82%"
"02/14/2015","11.020","11.020","11.020","11.020","0.00%"
"02/13/2015","11.020","11.020","11.020","11.020","0.00%"
"02/12/2015","11.020","11.020","11.020","11.020","0.00%"
"02/11/2015","11.020","11.020","11.020","11.020","0.00%"
"02/10/2015","11.020","11.020","11.020","11.020","0.00%"
"02/09/2015","11.020","11.020","11.020","11.020","-0.45%"
"02/08/2015","11.070","11.070","11.070","11.070","0.00%"
"02/07/2015","11.070","11.070","11.070","11.070","0.00%"
"02/06/2015","11.070","11.070","11.070","11.070","0.00%"
"02/05/2015","11.070","11.070","11.070","11.070","0.45%"
"02/04/2015","11.020","11.020","11.020","11.020","-1.34%"
"02/03/2015","11.170","11.170","11.170","11.170","0.00%"
"02/02/2015","11.170","11.170","11.170","11.170","0.00%"
"02/01/2015","11.170","11.130","11.170","10.960","0.36%"
"01/30/2015","11.130","11.130","11.130","11.130","0.00%"
"01/29/2015","11.130","11.130","11.130","11.130","0.00%"
"01/28/2015","11.130","11.130","11.130","11.130","0.27%"
"01/27/2015","11.100","11.100","11.100","11.100","1.28%"
"01/26/2015","10.960","10.960","10.960","10.960","-6.54%"
"01/23/2015","11.727","11.727","11.727","11.727","6.13%"
"01/22/2015","11.050","11.050","11.050","11.050","-6.44%"
"01/21/2015","11.810","11.810","11.810","11.810","0.71%"
"01/20/2015","11.727","11.727","11.727","11.727","0.00%"
"01/19/2015","11.727","11.727","11.727","11.727","-0.70%"
"01/18/2015","11.810","11.572","11.810","11.572","2.06%"
"01/16/2015","11.572","11.572","11.572","11.572","0.00%"
"01/15/2015","11.572","11.572","11.572","11.572","0.00%"
"01/14/2015","11.572","11.572","11.572","11.572","0.99%"
"01/13/2015","11.458","11.458","11.458","11.458","-2.65%"
"01/12/2015","11.770","11.770","11.770","11.770","0.00%"
"01/11/2015","11.770","11.458","11.770","11.458","2.72%"
"01/09/2015","11.458","11.458","11.458","11.458","0.00%"
"01/08/2015","11.458","11.458","11.458","11.458","0.81%"
"01/07/2015","11.366","11.770","11.770","11.366","-3.43%"
"01/06/2015","11.770","11.770","11.770","11.770","3.55%"
"01/05/2015","11.366","11.366","11.366","11.366","-3.43%"
"01/04/2015","11.770","11.366","11.770","11.366","3.55%"
"01/02/2015","11.366","11.366","11.366","11.366","0.00%"
"01/01/2015","11.366","11.366","11.366","11.366","-3.43%"
"12/31/2014","11.770","11.770","11.770","11.770","0.00%"
"12/30/2014","11.770","11.770","11.770","11.770","0.00%"
"12/29/2014","11.770","11.770","11.770","11.770","0.00%"
"12/28/2014","11.770","11.770","11.770","11.770","0.00%"
"12/27/2014","11.770","11.770","11.770","11.770","0.00%"
"12/26/2014","11.770","11.770","11.770","11.770","0.00%"
"12/25/2014","11.770","11.770","11.770","11.770","0.00%"
"12/24/2014","11.770","11.770","11.770","11.770","0.00%"
"12/23/2014","11.770","11.770","11.770","11.770","0.00%"
"12/22/2014","11.770","11.770","11.770","11.770","0.00%"
"12/21/2014","11.770","11.045","11.770","11.045","6.56%"
"12/19/2014","11.045","11.045","11.045","11.045","-5.76%"
"12/18/2014","11.720","11.720","11.720","11.720","0.00%"
"12/17/2014","11.720","11.720","11.720","11.720","0.00%"
"12/16/2014","11.720","11.720","11.720","11.720","0.00%"
"12/15/2014","11.720","11.720","11.720","11.720","0.00%"
"12/14/2014","11.720","10.992","11.720","10.992","6.62%"
"12/12/2014","10.992","10.992","10.992","10.992","-6.21%"
"12/11/2014","11.720","11.720","11.720","11.720","0.00%"
"12/10/2014","11.720","11.720","11.720","11.720","0.00%"
"12/09/2014","11.720","11.720","11.720","11.720","0.00%"
"12/08/2014","11.720","11.720","11.720","11.720","0.00%"
"12/07/2014","11.720","11.435","11.720","11.435","2.49%"
"12/05/2014","11.435","11.435","11.435","11.435","-2.43%"
"12/04/2014","11.720","11.720","11.720","11.720","0.00%"
"12/03/2014","11.720","11.720","11.720","11.720","0.00%"
"12/02/2014","11.720","11.720","11.720","11.720","0.09%"
"12/01/2014","11.710","11.710","11.710","11.710","0.00%"
"11/30/2014","11.710","11.435","11.710","11.435","2.40%"
"11/28/2014","11.435","11.435","11.435","11.435","-2.35%"
"11/27/2014","11.710","11.710","11.710","11.710","0.00%"
"11/26/2014","11.710","11.710","11.710","11.710","1.83%"
"11/25/2014","11.500","11.500","11.500","11.500","0.00%"
"11/24/2014","11.500","11.500","11.500","11.500","-1.79%"
"11/23/2014","11.710","11.710","11.710","11.500","0.00%"
"11/21/2014","11.710","11.710","11.710","11.710","0.00%"
"11/20/2014","11.710","11.710","11.710","11.710","-0.26%"
"11/19/2014","11.740","11.740","11.740","11.740","0.00%"
"11/18/2014","11.740","11.740","11.740","11.740","0.34%"
"11/17/2014","11.700","11.700","11.700","11.700","0.00%"
"11/16/2014","11.700","11.280","11.700","11.280","3.72%"
"11/14/2014","11.280","11.280","11.280","11.280","0.00%"
"11/13/2014","11.280","11.280","11.280","11.280","-2.84%"
"11/12/2014","11.610","11.610","11.610","11.610","-0.09%"
"11/11/2014","11.620","11.620","11.620","11.620","3.00%"
"11/10/2014","11.282","11.282","11.282","11.282","0.00%"
"11/09/2014","11.282","11.282","11.282","11.282","0.00%"
"11/07/2014","11.282","11.282","11.282","11.282","0.00%"
"11/06/2014","11.282","11.282","11.282","11.282","-1.56%"
"11/05/2014","11.461","11.461","11.461","11.461","0.00%"
"11/04/2014","11.461","11.461","11.461","11.461","0.00%"
"11/03/2014","11.461","11.461","11.461","11.461","0.00%"
"11/02/2014","11.461","11.461","11.461","11.461","0.00%"
"10/31/2014","11.461","11.461","11.461","11.461","0.00%"
"10/30/2014","11.461","11.461","11.461","11.461","-0.78%"
"10/29/2014","11.551","11.551","11.551","11.551","0.00%"
"10/28/2014","11.551","11.551","11.551","11.551","-2.93%"
"10/27/2014","11.900","11.900","11.900","11.900","3.02%"
"10/26/2014","11.551","11.551","11.551","11.551","0.00%"
"10/24/2014","11.551","11.551","11.551","11.551","0.00%"
"10/23/2014","11.551","11.551","11.551","11.551","0.00%"
"10/22/2014","11.551","11.551","11.551","11.551","2.09%"
"10/21/2014","11.314","11.314","11.314","11.314","-1.82%"
"10/20/2014","11.524","11.524","11.524","11.524","0.00%"
"10/17/2014","11.524","11.524","11.524","11.524","0.00%"
"10/16/2014","11.524","11.524","11.524","11.524","0.00%"
"10/15/2014","11.524","11.524","11.524","11.524","0.00%"
"10/14/2014","11.524","11.524","11.524","11.524","2.65%"
"10/13/2014","11.226","11.226","11.226","11.226","-4.86%"
"10/12/2014","11.800","11.226","11.800","11.226","5.11%"
"10/10/2014","11.226","11.226","11.226","11.226","0.00%"
"10/09/2014","11.226","11.226","11.226","11.226","0.00%"
"10/08/2014","11.226","11.226","11.226","11.226","0.00%"
"10/07/2014","11.226","11.226","11.226","11.226","0.00%"
"10/06/2014","11.226","11.226","11.226","11.226","0.66%"
"10/03/2014","11.152","11.152","11.152","11.152","-5.49%"
"10/02/2014","11.800","11.800","11.800","11.800","5.81%"
"10/01/2014","11.152","11.152","11.152","11.152","0.00%"
"09/30/2014","11.152","11.152","11.152","11.152","-3.92%"
"09/29/2014","11.607","11.607","11.607","11.607","0.00%"
"09/28/2014","11.607","11.607","11.607","11.607","0.00%"
"09/27/2014","11.607","11.607","11.607","11.607","0.00%"
"09/26/2014","11.607","11.607","11.607","11.607","0.00%"
"09/25/2014","11.607","11.607","11.607","11.607","0.00%"
"09/24/2014","11.607","11.607","11.607","11.607","0.00%"
"09/23/2014","11.607","11.607","11.607","11.607","0.00%"
"09/22/2014","11.607","11.607","11.607","11.607","0.00%"
"09/21/2014","11.607","11.607","11.607","11.607","0.00%"
"09/19/2014","11.607","11.607","11.607","11.607","-1.64%"
"09/18/2014","11.800","11.800","11.800","11.800","1.66%"
"09/17/2014","11.607","11.607","11.607","11.607","0.00%"
"09/16/2014","11.607","11.607","11.607","11.607","0.00%"
"09/15/2014","11.607","11.607","11.607","11.607","0.00%"
"09/14/2014","11.607","11.607","11.607","11.607","0.00%"
"09/13/2014","11.607","11.607","11.607","11.607","0.00%"
"09/12/2014","11.607","11.607","11.607","11.607","0.00%"
"09/11/2014","11.607","11.607","11.607","11.607","0.00%"
"09/10/2014","11.607","11.607","11.607","11.607","0.00%"
"09/09/2014","11.607","11.607","11.607","11.607","0.00%"
"09/08/2014","11.607","11.607","11.607","11.607","0.00%"
"09/07/2014","11.607","11.607","11.607","11.607","0.00%"
"09/05/2014","11.607","11.607","11.607","11.607","0.00%"
"09/04/2014","11.607","11.607","11.607","11.607","0.00%"
"09/03/2014","11.607","11.607","11.607","11.607","0.00%"
"09/02/2014","11.607","11.607","11.607","11.607","0.00%"
"09/01/2014","11.607","11.607","11.607","11.607","0.00%"
"08/31/2014","11.607","11.607","11.607","11.607","0.00%"
"08/29/2014","11.607","11.607","11.607","11.607","0.00%"
"08/28/2014","11.607","11.607","11.607","11.607","0.00%"
"08/27/2014","11.607","11.607","11.607","11.607","0.06%"
"08/26/2014","11.600","11.600","11.600","11.600","0.00%"
"08/25/2014","11.600","11.600","11.600","11.600","0.00%"
"08/24/2014","11.600","11.600","11.600","11.600","0.00%"
"08/22/2014","11.600","11.600","11.600","11.600","0.00%"
"08/21/2014","11.600","11.600","11.600","11.600","0.00%"
"08/20/2014","11.600","11.600","11.600","11.600","0.00%"
"08/19/2014","11.600","11.600","11.600","11.600","0.00%"
"08/15/2014","11.600","11.600","11.600","11.600","0.00%"
"08/14/2014","11.600","11.600","11.600","11.600","0.00%"
"08/13/2014","11.600","11.600","11.600","11.600","0.00%"
"08/12/2014","11.600","11.600","11.600","11.600","0.00%"
"08/11/2014","11.600","11.600","11.600","11.600","0.00%"
"08/10/2014","11.600","11.600","11.600","11.600","0.00%"
"08/08/2014","11.600","11.600","11.600","11.600","0.00%"
"08/07/2014","11.600","11.600","11.600","11.600","0.00%"
"08/06/2014","11.600","11.600","11.600","11.600","0.00%"
"08/05/2014","11.600","11.600","11.600","11.600","0.00%"
"08/04/2014","11.600","11.600","11.600","11.600","0.00%"
"08/03/2014","11.600","11.600","11.600","11.600","0.00%"
"08/02/2014","11.600","11.600","11.600","11.600","0.00%"
"08/01/2014","11.600","11.600","11.600","11.600","0.00%"
"07/31/2014","11.600","11.600","11.600","11.600","0.00%"
"07/30/2014","11.600","10.627","11.600","10.627","9.16%"
"07/28/2014","10.627","10.750","10.750","10.627","-1.14%"
"07/27/2014","10.750","10.750","10.750","10.750","0.00%"
"07/25/2014","10.750","10.750","10.750","10.750","0.00%"
"07/24/2014","10.750","10.750","10.750","10.750","0.00%"
"07/23/2014","10.750","10.389","10.750","10.389","3.47%"
"07/22/2014","10.389","10.389","10.389","10.389","-3.36%"
"07/21/2014","10.750","10.750","10.750","10.750","0.00%"
"07/20/2014","10.750","10.750","10.750","10.750","0.00%"
"07/19/2014","10.750","10.750","10.750","10.750","0.00%"
"07/18/2014","10.750","10.750","10.750","10.750","0.00%"
"07/17/2014","10.750","10.750","10.750","10.750","1.42%"
"07/16/2014","10.600","10.600","10.600","10.600","0.00%"
"07/15/2014","10.600","10.600","10.600","10.600","0.00%"
"07/14/2014","10.600","10.600","10.600","10.600","-1.40%"
"07/13/2014","10.750","10.750","10.750","10.750","0.00%"
"07/12/2014","10.750","10.750","10.750","10.750","0.00%"
"07/11/2014","10.750","10.750","10.750","10.750","0.00%"
"07/10/2014","10.750","10.750","10.750","10.750","0.00%"
"07/09/2014","10.750","10.750","10.750","10.750","0.00%"
"07/08/2014","10.750","10.750","10.750","10.750","0.23%"
"07/07/2014","10.725","10.725","10.725","10.725","-1.61%"
"07/06/2014","10.900","10.484","10.900","10.484","3.97%"
"07/04/2014","10.484","10.484","10.484","10.484","-1.37%"
"07/03/2014","10.630","10.630","10.630","10.630","1.39%"
"07/02/2014","10.484","10.484","10.484","10.484","-0.29%"
"07/01/2014","10.515","10.515","10.515","10.515","0.00%"
"06/30/2014","10.515","10.515","10.515","10.515","0.00%"
"06/29/2014","10.515","10.515","10.515","10.515","0.00%"
"06/27/2014","10.515","10.515","10.515","10.515","0.00%"
"06/26/2014","10.515","10.515","10.515","10.515","-0.80%"
"06/25/2014","10.600","10.600","10.600","10.600","0.81%"
"06/24/2014","10.515","10.515","10.515","10.515","0.00%"
"06/23/2014","10.515","10.515","10.515","10.515","-0.99%"
"06/22/2014","10.620","10.620","10.620","10.620","0.00%"
"06/20/2014","10.620","10.620","10.620","10.620","-0.98%"
"06/19/2014","10.725","10.725","10.725","10.725","0.99%"
"06/18/2014","10.620","10.620","10.620","10.620","0.76%"
"06/17/2014","10.540","10.540","10.540","10.540","0.00%"
"06/16/2014","10.540","10.540","10.540","10.540","0.00%"
"06/13/2014","10.540","10.540","10.540","10.540","0.00%"
"06/12/2014","10.540","10.540","10.540","10.540","3.12%"
"06/11/2014","10.221","10.221","10.221","10.221","0.00%"
"06/10/2014","10.221","10.221","10.221","10.221","0.00%"
"06/09/2014","10.221","10.221","10.221","10.221","-2.19%"
"06/08/2014","10.450","10.450","10.450","10.450","0.00%"
"06/06/2014","10.450","10.450","10.450","10.450","0.00%"
"06/05/2014","10.450","10.450","10.450","10.450","2.24%"
"06/04/2014","10.221","10.221","10.221","10.221","0.00%"
"06/03/2014","10.221","10.221","10.221","10.221","0.00%"
"06/02/2014","10.221","10.221","10.221","10.221","0.00%"
"06/01/2014","10.221","10.221","10.221","10.221","0.00%"
"05/30/2014","10.221","10.221","10.221","10.221","0.00%"
"05/29/2014","10.221","10.221","10.221","10.221","0.00%"
"05/28/2014","10.221","10.221","10.221","10.221","0.00%"
"05/27/2014","10.221","10.221","10.221","10.221","0.00%"
"05/26/2014","10.221","10.221","10.221","10.221","0.00%"
"05/25/2014","10.221","10.221","10.221","10.221","0.00%"
"05/23/2014","10.221","10.221","10.221","10.221","0.00%"
"05/22/2014","10.221","10.221","10.221","10.221","0.00%"
"05/21/2014","10.221","10.221","10.221","10.221","0.00%"
"05/20/2014","10.221","10.221","10.221","10.221","0.00%"
"05/19/2014","10.221","10.221","10.221","10.221","0.00%"
"05/18/2014","10.221","10.221","10.221","10.221","0.00%"
"05/16/2014","10.221","10.221","10.221","10.221","0.00%"
"05/15/2014","10.221","10.221","10.221","10.221","0.00%"
"05/14/2014","10.221","10.221","10.221","10.221","0.00%"
"05/13/2014","10.221","10.221","10.221","10.221","0.00%"
"05/12/2014","10.221","10.221","10.221","10.221","-4.03%"
"05/11/2014","10.650","10.221","10.650","10.221","4.20%"
"05/09/2014","10.221","10.221","10.221","10.221","0.00%"
"05/08/2014","10.221","10.221","10.221","10.221","0.00%"
"05/07/2014","10.221","10.221","10.221","10.221","-4.92%"
"05/06/2014","10.750","10.750","10.750","10.750","5.18%"
"05/05/2014","10.221","10.221","10.221","10.221","0.00%"
"05/04/2014","10.221","10.221","10.221","10.221","0.00%"
"05/02/2014","10.221","10.221","10.221","10.221","0.00%"
"05/01/2014","10.221","10.221","10.221","10.221","0.00%"
"04/30/2014","10.221","10.221","10.221","10.221","0.00%"
"04/29/2014","10.221","10.221","10.221","10.221","0.00%"
"04/28/2014","10.221","10.221","10.221","10.221","0.00%"
"04/27/2014","10.221","10.221","10.221","10.221","0.00%"
"04/25/2014","10.221","10.221","10.221","10.221","0.00%"
"04/24/2014","10.221","10.221","10.221","10.221","0.00%"
"04/23/2014","10.221","10.221","10.221","10.221","0.00%"
"04/22/2014","10.221","10.221","10.221","10.221","0.00%"
"04/21/2014","10.221","10.094","10.221","10.094","1.26%"
"04/18/2014","10.094","10.094","10.094","10.094","0.00%"
"04/17/2014","10.094","10.094","10.094","10.094","0.00%"
"04/16/2014","10.094","10.094","10.094","10.094","0.00%"
"04/15/2014","10.094","10.094","10.094","10.094","-1.72%"
"04/14/2014","10.271","10.271","10.271","10.271","-2.18%"
"04/13/2014","10.500","10.135","10.500","10.135","3.60%"
"04/11/2014","10.135","10.135","10.135","10.135","-3.71%"
"04/10/2014","10.525","10.525","10.525","10.525","3.85%"
"04/09/2014","10.135","10.135","10.135","10.135","0.00%"
"04/08/2014","10.135","10.135","10.135","10.135","-3.71%"
"04/07/2014","10.525","10.525","10.525","10.525","3.85%"
"04/06/2014","10.135","10.135","10.135","10.135","0.00%"
"04/04/2014","10.135","10.135","10.135","10.135","-1.40%"
"04/03/2014","10.279","10.279","10.279","10.279","0.00%"
"04/02/2014","10.279","10.279","10.279","10.279","0.00%"
"04/01/2014","10.279","10.279","10.279","10.279","-2.20%"
"03/31/2014","10.510","10.510","10.510","10.510","2.25%"
"03/30/2014","10.279","10.279","10.279","10.279","0.00%"
"03/28/2014","10.279","10.279","10.279","10.279","0.00%"
"03/27/2014","10.279","10.279","10.279","10.279","0.00%"
"03/26/2014","10.279","10.279","10.279","10.279","-0.45%"
"03/25/2014","10.325","10.325","10.325","10.325","0.64%"
"03/24/2014","10.259","10.259","10.259","10.259","-0.64%"
"03/23/2014","10.325","10.259","10.325","10.259","0.64%"
"03/21/2014","10.259","10.259","10.259","10.259","0.00%"
"03/20/2014","10.259","10.259","10.259","10.259","0.00%"
"03/19/2014","10.259","10.259","10.259","10.259","0.00%"
"03/18/2014","10.259","10.259","10.259","10.259","0.00%"
"03/17/2014","10.259","10.259","10.259","10.259","0.77%"
"03/14/2014","10.181","10.181","10.181","10.181","0.00%"
"03/13/2014","10.181","10.181","10.181","10.181","-2.67%"
"03/12/2014","10.460","10.460","10.460","10.460","0.00%"
"03/11/2014","10.460","10.460","10.460","10.460","0.00%"
"03/10/2014","10.460","10.460","10.460","10.460","0.00%"
"03/09/2014","10.460","10.460","10.460","10.460","0.00%"
"03/08/2014","10.460","10.460","10.460","10.460","0.00%"
"03/07/2014","10.460","10.460","10.460","10.460","0.00%"
"03/06/2014","10.460","10.460","10.460","10.460","0.00%"
"03/05/2014","10.460","10.460","10.460","10.460","0.00%"
"03/04/2014","10.460","10.460","10.460","10.460","2.74%"
"03/03/2014","10.181","10.181","10.181","10.181","-2.67%"
"03/02/2014","10.460","10.460","10.460","10.460","0.00%"
"02/28/2014","10.460","10.460","10.460","10.460","0.00%"
"02/27/2014","10.460","10.460","10.460","10.460","2.84%"
"02/26/2014","10.171","10.171","10.171","10.171","0.00%"
"02/25/2014","10.171","10.171","10.171","10.171","0.00%"
"02/24/2014","10.171","10.171","10.171","10.171","0.00%"
"02/23/2014","10.171","10.171","10.171","10.171","0.00%"
"02/21/2014","10.171","10.171","10.171","10.171","0.00%"
"02/20/2014","10.171","10.171","10.171","10.171","0.00%"
"02/19/2014","10.171","10.171","10.171","10.171","0.00%"
"02/18/2014","10.171","10.171","10.171","10.171","0.00%"
"02/17/2014","10.171","10.171","10.171","10.171","0.00%"
"02/16/2014","10.171","10.171","10.171","10.171","0.00%"
"02/14/2014","10.171","10.171","10.171","10.171","0.00%"
"02/13/2014","10.171","10.171","10.171","10.171","-0.89%"
"02/12/2014","10.262","10.262","10.262","10.262","1.74%"
"02/11/2014","10.086","10.086","10.086","10.086","0.00%"
"02/10/2014","10.086","10.086","10.086","10.086","0.00%"
"02/09/2014","10.086","10.086","10.086","10.086","0.00%"
"02/07/2014","10.086","10.086","10.086","10.086","0.00%"
"02/06/2014","10.086","10.086","10.086","10.086","-3.11%"
"02/05/2014","10.410","10.410","10.410","10.410","3.21%"
"02/04/2014","10.086","10.086","10.086","10.086","-3.11%"
"02/03/2014","10.410","10.410","10.410","10.410","3.71%"
"02/02/2014","10.038","10.038","10.038","10.038","0.00%"
"01/31/2014","10.038","10.038","10.038","10.038","0.00%"
"01/30/2014","10.038","10.038","10.038","10.038","-1.49%"
"01/29/2014","10.190","10.190","10.190","10.190","1.51%"
"01/28/2014","10.038","10.038","10.038","10.038","-4.31%"
"01/27/2014","10.490","10.490","10.490","10.490","0.00%"
"01/26/2014","10.490","10.490","10.490","10.490","0.00%"
"01/24/2014","10.490","10.490","10.490","10.490","4.90%"
"01/23/2014","10.000","10.000","10.000","10.000","-4.67%"
"01/22/2014","10.490","10.490","10.490","10.490","0.00%"
"01/21/2014","10.490","10.490","10.490","10.490","0.00%"
"01/20/2014","10.490","10.490","10.490","10.490","0.00%"
"01/19/2014","10.490","10.490","10.490","10.490","0.00%"
"01/17/2014","10.490","10.490","10.490","10.490","0.00%"
"01/16/2014","10.490","10.490","10.490","10.490","0.00%"
"01/15/2014","10.490","10.490","10.490","10.490","0.00%"
"01/14/2014","10.490","10.490","10.490","10.490","0.00%"
"01/13/2014","10.490","10.490","10.490","10.490","0.00%"
"01/12/2014","10.490","10.490","10.490","10.490","0.00%"
"01/10/2014","10.490","10.490","10.490","10.490","0.87%"
"01/09/2014","10.400","10.400","10.400","10.400","0.00%"
"01/08/2014","10.400","10.400","10.400","10.400","1.27%"
"01/07/2014","10.270","10.354","10.354","10.270","0.00%"
"01/06/2014","10.270","10.270","10.270","10.270","-0.81%"
"01/05/2014","10.354","10.354","10.354","10.354","0.00%"
"01/03/2014","10.354","10.354","10.354","10.354","0.51%"
"01/02/2014","10.301","10.301","10.301","10.301","0.00%"
"01/01/2014","10.301","10.301","10.301","10.301","0.00%"
"12/31/2013","10.301","10.301","10.301","10.301","0.00%"
"12/30/2013","10.301","10.301","10.301","10.301","0.00%"
"12/29/2013","10.301","10.301","10.301","10.301","0.00%"
"12/27/2013","10.301","10.301","10.301","10.301","0.00%"
"12/26/2013","10.301","10.301","10.301","10.301","-0.95%"
"12/25/2013","10.400","10.400","10.400","10.400","0.96%"
"12/24/2013","10.301","10.301","10.301","10.301","0.00%"
"12/23/2013","10.301","10.301","10.301","10.301","-6.01%"
"12/22/2013","10.960","10.960","10.960","10.960","0.00%"
"12/20/2013","10.960","10.960","10.960","10.960","0.00%"
"12/19/2013","10.960","10.960","10.960","10.960","0.00%"
"12/18/2013","10.960","10.960","10.960","10.960","0.00%"
"12/17/2013","10.960","10.960","10.960","10.960","5.69%"
"12/16/2013","10.370","10.370","10.370","10.370","1.77%"
"12/15/2013","10.190","10.950","10.950","10.190","-6.94%"
"12/14/2013","10.950","10.950","10.950","10.950","7.46%"
"12/13/2013","10.190","10.190","10.190","10.190","0.00%"
"12/12/2013","10.190","10.190","10.190","10.190","-0.47%"
"12/11/2013","10.238","10.238","10.238","10.238","0.08%"
"12/10/2013","10.230","10.230","10.230","10.230","0.00%"
"12/09/2013","10.230","10.230","10.230","10.230","-0.68%"
"12/08/2013","10.300","10.560","10.950","10.300","-2.46%"
"12/07/2013","10.560","10.560","10.950","10.560","0.00%"
"12/06/2013","10.560","10.560","10.560","10.560","0.00%"
"12/05/2013","10.560","10.560","10.560","10.560","0.00%"
"12/04/2013","10.560","10.560","10.560","10.560","0.00%"
"12/03/2013","10.560","10.560","10.560","10.560","-0.38%"
"12/02/2013","10.600","10.600","10.600","10.600","0.00%"
"12/01/2013","10.600","10.640","10.950","10.600","-0.38%"
"11/30/2013","10.640","10.640","10.950","10.640","0.00%"
"11/29/2013","10.640","10.640","10.640","10.640","0.38%"
"11/28/2013","10.600","10.600","10.600","10.600","-0.84%"
"11/27/2013","10.690","10.690","10.690","10.690","0.00%"
"11/26/2013","10.690","10.690","10.690","10.690","0.85%"
"11/25/2013","10.600","10.600","10.600","10.600","0.00%"
"11/24/2013","10.600","10.630","10.630","10.600","-0.28%"
"11/23/2013","10.630","10.630","10.630","10.630","0.00%"
"11/22/2013","10.630","10.630","10.630","10.630","0.00%"
"11/21/2013","10.630","10.630","10.630","10.630","-2.25%"
"11/20/2013","10.875","10.875","10.875","10.875","-0.68%"
"11/19/2013","10.950","10.950","10.950","10.950","0.00%"
"11/18/2013","10.950","10.950","10.950","10.950","0.00%"
"11/17/2013","10.950","10.950","10.950","10.950","0.00%"
"11/16/2013","10.950","10.950","10.950","10.950","0.00%"
"11/15/2013","10.950","10.950","10.950","10.950","0.00%"
"11/14/2013","10.950","10.950","10.950","10.950","0.00%"
"11/13/2013","10.950","10.950","10.950","10.950","0.00%"
"11/12/2013","10.950","10.950","10.950","10.950","0.00%"
"11/11/2013","10.950","10.950","10.950","10.950","0.00%"
"11/10/2013","10.950","10.970","10.970","10.950","-0.18%"
"11/08/2013","10.970","10.970","10.970","10.970","0.00%"
"11/07/2013","10.970","10.970","10.970","10.970","0.00%"
"11/06/2013","10.970","10.970","10.970","10.970","0.99%"
"11/05/2013","10.862","10.862","10.862","10.862","0.00%"
"11/04/2013","10.862","10.862","10.862","10.862","0.00%"
"11/03/2013","10.862","10.862","10.862","10.862","0.00%"
"11/01/2013","10.862","10.862","10.862","10.862","-0.35%"
"10/31/2013","10.900","10.900","10.900","10.900","0.35%"
"10/30/2013","10.862","10.862","10.862","10.862","0.11%"
"10/29/2013","10.850","10.850","10.850","10.850","0.93%"
"10/28/2013","10.750","10.750","10.750","10.750","0.00%"
"10/27/2013","10.750","10.750","10.850","10.750","0.00%"
"10/26/2013","10.750","10.750","10.750","10.750","0.00%"
"10/25/2013","10.750","10.750","10.750","10.750","0.00%"
"10/24/2013","10.750","10.750","10.750","10.750","0.00%"
"10/23/2013","10.750","10.750","10.750","10.750","-0.19%"
"10/22/2013","10.770","10.770","10.770","10.770","0.00%"
"10/21/2013","10.770","10.770","10.770","10.770","-3.23%"
"10/18/2013","11.130","11.130","11.130","11.130","0.00%"
"10/17/2013","11.130","11.130","11.130","11.130","0.00%"
"10/16/2013","11.130","11.130","11.130","11.130","0.00%"
"10/15/2013","11.130","11.130","11.130","11.130","0.00%"
"10/14/2013","11.130","11.130","11.130","11.130","0.00%"
"10/11/2013","11.130","11.130","11.130","11.130","0.00%"
"10/10/2013","11.130","11.130","11.130","11.130","0.00%"
"10/09/2013","11.130","11.130","11.130","11.130","-0.18%"
"10/08/2013","11.150","11.150","11.150","11.150","0.18%"
"10/07/2013","11.130","11.130","11.130","11.130","0.00%"
"10/04/2013","11.130","11.130","11.130","11.130","0.00%"
"10/03/2013","11.130","11.130","11.130","11.130","0.00%"
"10/02/2013","11.130","11.130","11.130","11.130","-4.13%"
"10/01/2013","11.610","11.610","11.610","11.610","0.00%"
"09/30/2013","11.610","11.610","11.610","11.610","4.13%"
"09/29/2013","11.150","11.150","11.150","11.150","0.00%"
"09/27/2013","11.150","11.150","11.150","11.150","0.00%"
"09/26/2013","11.150","11.150","11.150","11.150","-3.04%"
"09/25/2013","11.500","11.500","11.500","11.500","0.00%"
"09/24/2013","11.500","11.500","11.500","11.500","0.00%"
"09/23/2013","11.500","11.500","11.500","11.500","0.00%"
"09/22/2013","11.500","11.500","11.500","11.500","0.00%"
"09/20/2013","11.500","11.500","11.500","11.500","0.00%"
"09/19/2013","11.500","11.500","11.500","11.500","0.00%"
"09/18/2013","11.500","11.500","11.500","11.500","-0.48%"
"09/17/2013","11.555","11.555","11.555","11.555","0.00%"
"09/16/2013","11.555","11.555","11.555","11.555","0.00%"
"09/15/2013","11.555","11.555","11.555","11.555","0.00%"
"09/13/2013","11.555","11.555","11.555","11.555","0.00%"
"09/12/2013","11.555","11.555","11.555","11.555","0.00%"
"09/11/2013","11.555","11.555","11.555","11.555","0.00%"
"09/10/2013","11.555","11.555","11.555","11.555","0.00%"
"09/09/2013","11.555","11.555","11.555","11.555","0.00%"
"09/08/2013","11.555","11.555","11.555","11.555","0.00%"
"09/07/2013","11.555","11.555","11.555","11.555","0.00%"
"09/06/2013","11.555","11.555","11.555","11.555","0.00%"
"09/05/2013","11.555","11.555","11.555","11.555","0.00%"
"09/04/2013","11.555","11.555","11.555","11.555","-3.23%"
"09/03/2013","11.941","11.941","11.941","11.941","0.00%"
"09/02/2013","11.941","11.941","11.941","11.941","1.19%"
"09/01/2013","11.800","11.941","11.941","11.800","-1.18%"
"08/30/2013","11.941","11.941","11.941","11.941","0.00%"
"08/29/2013","11.941","11.941","11.941","11.941","2.06%"
"08/28/2013","11.700","11.700","11.700","11.700","-3.55%"
"08/27/2013","12.131","12.131","12.131","12.131","4.58%"
"08/26/2013","11.600","11.600","11.600","11.600","1.22%"
"08/25/2013","11.460","11.600","11.600","11.460","-9.44%"
"08/23/2013","12.655","12.655","12.655","12.655","0.00%"
"08/22/2013","12.655","12.655","12.655","12.655","0.00%"
"08/21/2013","12.655","12.655","12.655","12.655","0.00%"
"08/20/2013","12.655","12.655","12.655","12.655","0.00%"
"08/19/2013","12.655","12.655","12.655","12.655","0.00%"
"08/16/2013","12.655","12.655","12.655","12.655","0.00%"
"08/15/2013","12.655","12.655","12.655","12.655","0.00%"
"08/14/2013","12.655","12.655","12.655","12.655","0.00%"
"08/13/2013","12.655","12.655","12.655","12.655","0.00%"
"08/12/2013","12.655","12.655","12.655","12.655","0.00%"
"08/11/2013","12.655","12.655","12.655","12.655","0.00%"
"08/10/2013","12.655","12.655","12.655","12.655","0.00%"
"08/09/2013","12.655","12.655","12.655","12.655","0.00%"
"08/08/2013","12.655","12.655","12.655","12.655","0.00%"
"08/07/2013","12.655","12.655","12.655","12.655","0.00%"
"08/06/2013","12.655","12.655","12.655","12.655","0.00%"
"08/05/2013","12.655","12.655","12.655","12.655","0.00%"
"08/02/2013","12.655","12.655","12.655","12.655","0.44%"
"08/01/2013","12.600","12.600","12.600","12.600","0.00%"
"07/31/2013","12.600","12.600","12.600","12.600","0.00%"
"07/30/2013","12.600","12.600","12.600","12.600","0.00%"
"07/29/2013","12.600","12.600","12.600","12.600","-1.18%"
"07/28/2013","12.750","12.750","12.750","12.750","0.75%"
"07/26/2013","12.655","12.655","12.655","12.655","-3.03%"
"07/25/2013","13.050","13.050","13.050","13.050","0.38%"
"07/24/2013","13.000","13.000","13.000","13.000","-1.14%"
"07/23/2013","13.150","12.727","13.150","12.727","3.32%"
"07/22/2013","12.727","12.727","12.727","12.727","-1.61%"
"07/19/2013","12.935","12.935","12.935","12.935","-1.63%"
"07/18/2013","13.150","13.150","13.150","13.150","1.66%"
"07/17/2013","12.935","12.935","12.935","12.935","2.23%"
"07/16/2013","12.653","12.653","12.653","12.653","-1.36%"
"07/15/2013","12.827","12.827","12.827","12.827","0.00%"
"07/12/2013","12.827","12.827","12.827","12.827","0.00%"
"07/11/2013","12.827","12.827","12.827","12.827","-4.94%"
"07/10/2013","13.494","13.494","13.494","13.494","0.00%"
"07/09/2013","13.494","13.494","13.494","13.494","0.00%"
"07/08/2013","13.494","13.494","13.494","13.494","0.00%"
"07/05/2013","13.494","13.494","13.494","13.494","0.00%"
"07/04/2013","13.494","13.494","13.494","13.494","0.00%"
"07/03/2013","13.494","13.494","13.494","13.494","0.00%"
"07/02/2013","13.494","13.494","13.494","13.494","1.13%"
"07/01/2013","13.343","13.343","13.343","13.343","0.00%"
"06/28/2013","13.343","13.343","13.343","13.343","0.00%"
"06/27/2013","13.343","13.343","13.343","13.343","0.00%"
"06/26/2013","13.343","13.343","13.343","13.343","0.00%"
"06/25/2013","13.343","13.343","13.343","13.343","-4.47%"
"06/24/2013","13.968","13.968","13.968","13.968","0.00%"
"06/23/2013","13.968","13.968","13.968","13.968","0.00%"
"06/21/2013","13.968","13.968","13.968","13.968","-1.08%"
"06/20/2013","14.120","14.120","14.120","14.120","1.09%"
"06/19/2013","13.968","13.968","13.968","13.968","0.00%"
"06/18/2013","13.968","13.968","13.968","13.968","0.00%"
"06/17/2013","13.968","13.968","13.968","13.968","0.00%"
"06/16/2013","13.968","13.968","13.968","13.968","0.00%"
"06/14/2013","13.968","13.968","13.968","13.968","-0.26%"
"06/13/2013","14.005","14.005","14.005","14.005","2.77%"
"06/12/2013","13.627","13.627","13.627","13.627","0.00%"
"06/11/2013","13.627","13.627","13.627","13.627","0.00%"
"06/10/2013","13.627","13.627","13.627","13.627","-1.49%"
"06/08/2013","13.833","13.833","13.833","13.833","0.00%"
"06/07/2013","13.833","13.833","13.833","13.833","0.00%"
"06/06/2013","13.833","13.833","13.833","13.833","0.00%"
"06/05/2013","13.833","13.833","13.833","13.833","0.00%"
"06/04/2013","13.833","13.833","13.833","13.833","0.00%"
"06/03/2013","13.833","13.833","13.833","13.833","0.00%"
"05/31/2013","13.833","13.833","13.833","13.833","0.00%"
"05/30/2013","13.833","13.833","13.833","13.833","0.00%"
"05/29/2013","13.833","13.833","13.833","13.833","-2.24%"
"05/28/2013","14.150","14.150","14.150","14.150","0.00%"
"05/27/2013","14.150","14.150","14.150","14.150","7.70%"
"05/24/2013","13.138","13.138","13.138","13.138","-7.15%"
"05/23/2013","14.150","14.150","14.150","14.150","7.70%"
"05/22/2013","13.138","13.138","13.138","13.138","-7.15%"
"05/21/2013","14.150","14.150","14.150","14.150","7.36%"
"05/20/2013","13.180","13.180","13.180","13.180","0.00%"
"05/17/2013","13.180","13.180","13.180","13.180","0.00%"
"05/16/2013","13.180","13.180","13.180","13.180","0.00%"
"05/15/2013","13.180","13.180","13.180","13.180","0.00%"
"05/14/2013","13.180","13.180","13.180","13.180","0.00%"
"05/13/2013","13.180","13.180","13.180","13.180","0.00%"
"05/10/2013","13.180","13.180","13.180","13.180","0.00%"
"05/09/2013","13.180","13.180","13.180","13.180","0.00%"
"05/08/2013","13.180","13.180","13.180","13.180","0.00%"
"05/07/2013","13.180","13.180","13.180","13.180","0.68%"
"05/03/2013","13.091","13.091","13.091","13.091","0.00%"
"05/02/2013","13.091","13.091","13.091","13.091","0.00%"
"04/30/2013","13.091","13.091","13.091","13.091","0.00%"
"04/29/2013","13.091","13.091","13.091","13.091","0.00%"
"04/26/2013","13.091","13.091","13.091","13.091","0.00%"
"04/24/2013","13.091","13.091","13.091","13.091","-1.57%"
"04/23/2013","13.300","13.300","13.300","13.300","0.00%"
"04/22/2013","13.300","13.300","13.300","13.300","0.00%"
"04/19/2013","13.300","13.300","13.300","13.300","0.00%"
"04/18/2013","13.300","13.300","13.300","13.300","0.00%"
"04/17/2013","13.300","13.300","13.300","13.300","0.00%"
"04/16/2013","13.300","13.300","13.300","13.300","0.00%"
"04/15/2013","13.300","13.300","13.300","13.300","0.00%"
"04/12/2013","13.300","13.300","13.300","13.300","-4.66%"
"04/11/2013","13.950","13.950","13.950","13.950","0.00%"
"04/10/2013","13.950","13.950","13.950","13.950","0.00%"
"04/09/2013","13.950","13.950","13.950","13.950","4.89%"
"04/08/2013","13.300","13.300","13.300","13.300","1.92%"
"04/05/2013","13.050","13.050","13.050","13.050","0.00%"
"04/04/2013","13.050","13.050","13.050","13.050","0.00%"
"04/03/2013","13.050","13.050","13.050","13.050","0.00%"
"04/02/2013","13.050","13.050","13.050","13.050","0.00%"
"04/01/2013","13.050","13.050","13.050","13.050","0.00%"
"03/29/2013","13.050","13.050","13.050","13.050","0.00%"
"03/28/2013","13.050","13.050","13.050","13.050","-0.61%"
"03/27/2013","13.130","13.130","13.130","13.130","0.61%"
"03/26/2013","13.050","13.050","13.050","13.050","0.00%"
"03/25/2013","13.050","13.050","13.050","13.050","0.00%"
"03/22/2013","13.050","13.050","13.050","13.050","0.00%"
"03/21/2013","13.050","13.050","13.050","13.050","0.00%"
"03/20/2013","13.050","13.050","13.050","13.050","0.00%"
"03/19/2013","13.050","13.050","13.050","13.050","0.00%"
"03/18/2013","13.050","13.050","13.050","13.050","0.00%"
"03/15/2013","13.050","13.050","13.050","13.050","0.00%"
"03/14/2013","13.050","13.050","13.050","13.050","0.00%"
"03/13/2013","13.050","13.050","13.050","13.050","0.00%"
"03/12/2013","13.050","13.050","13.050","13.050","0.00%"
"03/11/2013","13.050","13.050","13.050","13.050","0.00%"
"03/08/2013","13.050","13.050","13.050","13.050","0.00%"
"03/07/2013","13.050","13.050","13.050","13.050","0.00%"
"03/06/2013","13.050","13.050","13.050","13.050","0.00%"
"03/05/2013","13.050","13.050","13.050","13.050","2.59%"
"03/04/2013","12.720","12.720","12.720","12.720","0.00%"
"03/01/2013","12.720","12.720","12.720","12.720","0.00%"
"02/28/2013","12.720","12.720","12.720","12.720","0.00%"
"02/27/2013","12.720","12.720","12.720","12.720","-2.15%"
"02/26/2013","13.000","13.000","13.000","13.000","0.00%"
"02/25/2013","13.000","13.000","13.000","13.000","0.00%"
"02/22/2013","13.000","13.000","13.000","13.000","0.00%"
"02/21/2013","13.000","13.000","13.000","13.000","0.00%"
"02/20/2013","13.000","13.000","13.000","13.000","0.00%"
"02/19/2013","13.000","13.000","13.000","13.000","0.00%"
"02/18/2013","13.000","13.000","13.000","13.000","0.00%"
"02/15/2013","13.000","13.000","13.000","13.000","0.00%"
"02/14/2013","13.000","13.000","13.000","13.000","0.00%"
"02/13/2013","13.000","13.000","13.000","13.000","0.00%"
"02/12/2013","13.000","13.000","13.000","13.000","0.00%"
"02/11/2013","13.000","13.000","13.000","13.000","0.00%"
"02/08/2013","13.000","13.000","13.000","13.000","0.00%"
"02/07/2013","13.000","13.000","13.000","13.000","0.00%"
"02/06/2013","13.000","13.000","13.000","13.000","0.00%"
"02/05/2013","13.000","13.000","13.000","13.000","0.00%"
"02/04/2013","13.000","13.000","13.000","13.000","0.00%"
"02/01/2013","13.000","13.000","13.000","13.000","0.00%"
"01/31/2013","13.000","13.000","13.000","13.000","0.00%"
"01/30/2013","13.000","13.000","13.000","13.000","0.00%"
"01/29/2013","13.000","13.000","13.000","13.000","0.00%"
"01/28/2013","13.000","13.000","13.000","13.000","-2.62%"
"01/22/2013","13.350","13.350","13.350","13.350","0.00%"
"01/21/2013","13.350","13.350","13.350","13.350","3.89%"
"01/18/2013","12.850","12.850","12.850","12.850","0.00%"
"01/17/2013","12.850","12.850","12.850","12.850","0.00%"
"01/16/2013","12.850","12.850","12.850","12.850","-1.91%"
"01/15/2013","13.100","13.100","13.100","13.100","-0.38%"
"01/14/2013","13.150","13.150","13.150","13.150","-3.66%"
"01/11/2013","13.650","13.650","13.650","13.650","0.00%"
"01/10/2013","13.650","13.650","13.650","13.650","0.00%"
"01/09/2013","13.650","13.650","13.650","13.650","0.00%"
"01/08/2013","13.650","13.650","13.650","13.650","2.25%"
"01/04/2013","13.350","13.350","13.350","13.350","0.00%"
"01/03/2013","13.350","13.350","13.350","13.350","0.00%"
"01/02/2013","13.350","13.350","13.350","13.350","0.00%"
"12/31/2012","13.350","13.350","13.350","13.350","0.00%"
"12/28/2012","13.350","13.350","13.350","13.350","0.00%"
"12/27/2012","13.350","13.350","13.350","13.350","0.00%"
"12/26/2012","13.350","13.350","13.350","13.350","0.00%"
"12/25/2012","13.350","13.350","13.350","13.350","0.00%"
"12/24/2012","13.350","13.350","13.350","13.350","0.00%"
"12/21/2012","13.350","13.350","13.350","13.350","0.00%"
"12/20/2012","13.350","13.350","13.350","13.350","0.00%"
"12/19/2012","13.350","13.350","13.350","13.350","0.00%"
"12/18/2012","13.350","13.350","13.350","13.350","0.00%"
"12/17/2012","13.350","13.350","13.350","13.350","0.00%"
"12/14/2012","13.350","13.350","13.350","13.350","0.00%"
"12/13/2012","13.350","13.350","13.350","13.350","-3.26%"
"12/12/2012","13.800","13.800","13.800","13.800","0.00%"
"12/11/2012","13.800","13.800","13.800","13.800","3.37%"
"12/10/2012","13.350","13.350","13.350","13.350","-3.26%"
"12/07/2012","13.800","13.800","13.800","13.800","1.47%"
"12/06/2012","13.600","13.600","13.600","13.600","3.03%"
"12/05/2012","13.200","13.200","13.200","13.200","-4.35%"
"12/04/2012","13.800","13.800","13.800","13.800","2.99%"
"12/03/2012","13.400","13.400","13.400","13.400","-2.90%"
"11/30/2012","13.800","13.800","13.800","13.800","0.88%"
"11/29/2012","13.680","13.680","13.680","13.680","-0.87%"
"11/28/2012","13.800","13.800","13.800","13.800","2.22%"
"11/27/2012","13.500","13.500","13.500","13.500","2.74%"
"11/26/2012","13.140","13.140","13.140","13.140","2.98%"
"11/21/2012","12.760","12.760","12.760","12.760","-0.23%"
"11/20/2012","12.790","12.790","12.790","12.790","-3.98%"
"11/19/2012","13.320","13.320","13.320","13.320","0.00%"
"11/16/2012","13.320","13.320","13.320","13.320","0.00%"
"11/14/2012","13.320","13.320","13.320","13.320","11.46%"
"11/13/2012","11.950","11.950","11.950","11.950","-1.40%"
"11/12/2012","12.120","12.120","12.120","12.120","-9.01%"
"11/09/2012","13.320","13.320","13.320","13.320","0.00%"
"11/08/2012","13.320","13.320","13.320","13.320","9.18%"
"11/07/2012","12.200","12.200","12.200","12.200","-8.41%"
"11/06/2012","13.320","13.320","13.320","13.320","0.00%"
"11/05/2012","13.320","13.320","13.320","13.320","0.00%"
"11/02/2012","13.320","13.320","13.320","13.320","0.00%"
"11/01/2012","13.320","13.320","13.320","13.320","9.18%"
"10/31/2012","12.200","12.200","12.200","12.200","-8.41%"
"10/30/2012","13.320","13.320","13.320","13.320","3.90%"
"10/29/2012","12.820","12.820","12.820","12.820","-3.75%"
"10/24/2012","13.320","13.320","13.320","13.320","0.00%"
"10/23/2012","13.320","13.320","13.320","13.320","0.00%"
"10/22/2012","13.320","13.320","13.320","13.320","0.00%"
"10/19/2012","13.320","13.320","13.320","13.320","0.00%"
"10/18/2012","13.320","13.320","13.320","13.320","0.00%"
"10/17/2012","13.320","13.320","13.320","13.320","0.00%"
"10/16/2012","13.320","13.320","13.320","13.320","0.00%"
"10/15/2012","13.320","13.320","13.320","13.320","-0.15%"
"10/12/2012","13.340","13.340","13.340","13.340","0.00%"
"10/11/2012","13.340","13.340","13.340","13.340","0.00%"
"10/10/2012","13.340","13.340","13.340","13.340","0.00%"
"10/09/2012","13.340","13.340","13.340","13.340","0.00%"
"10/08/2012","13.340","13.340","13.340","13.340","0.00%"
"10/05/2012","13.340","13.340","13.340","13.340","0.00%"
"10/04/2012","13.340","13.340","13.340","13.340","0.00%"
"10/03/2012","13.340","13.340","13.340","13.340","0.00%"
"10/02/2012","13.340","13.340","13.340","13.340","0.00%"
"10/01/2012","13.340","13.340","13.340","13.340","0.00%"
"09/28/2012","13.340","13.340","13.340","13.340","0.00%"
"09/27/2012","13.340","13.340","13.340","13.340","0.00%"
"09/26/2012","13.340","13.340","13.340","13.340","6.29%"
"09/25/2012","12.550","12.550","12.550","12.550","-5.92%"
"09/24/2012","13.340","13.340","13.340","13.340","-5.72%"
"09/21/2012","14.150","14.150","14.150","14.150","10.12%"
"09/20/2012","12.850","12.850","12.850","12.850","-3.38%"
"09/19/2012","13.300","13.300","13.300","13.300","-6.01%"
"09/18/2012","14.150","14.150","14.150","14.150","0.00%"
"09/17/2012","14.150","14.150","14.150","14.150","-5.98%"
"09/14/2012","15.050","15.050","15.050","15.050","6.36%"
"09/13/2012","14.150","14.150","14.150","14.150","-5.98%"
"09/12/2012","15.050","15.050","15.050","15.050","10.66%"
"09/11/2012","13.600","13.600","13.600","13.600","-3.55%"
"09/10/2012","14.100","14.100","14.100","14.100","-6.31%"
"09/07/2012","15.050","15.050","15.050","15.050","1.69%"
"09/06/2012","14.800","14.800","14.800","14.800","-1.66%"
"09/05/2012","15.050","15.050","15.050","15.050","7.12%"
"09/04/2012","14.050","14.050","14.050","14.050","-0.35%"
"09/03/2012","14.100","14.100","14.100","14.100","-6.31%"
"08/31/2012","15.050","15.050","15.050","15.050","5.47%"
"08/30/2012","14.270","14.270","14.270","14.270","-5.18%"
"08/29/2012","15.050","15.050","15.050","15.050","0.00%"
"08/28/2012","15.050","15.050","15.050","15.050","0.00%"
"08/27/2012","15.050","15.050","15.050","15.050","0.00%"
"08/24/2012","15.050","15.050","15.050","15.050","0.00%"
"08/23/2012","15.050","15.050","15.050","15.050","5.47%"
"08/22/2012","14.270","14.270","14.270","14.270","-5.18%"
"08/21/2012","15.050","15.050","15.050","15.050","0.00%"
"08/17/2012","15.050","15.050","15.050","15.050","5.24%"
"08/16/2012","14.300","14.300","14.300","14.300","-4.98%"
"08/15/2012","15.050","15.050","15.050","15.050","5.24%"
"08/14/2012","14.300","14.300","14.300","14.300","-4.98%"
"08/13/2012","15.050","15.050","15.050","15.050","0.00%"
"08/10/2012","15.050","15.050","15.050","15.050","-0.33%"
"08/09/2012","15.100","15.100","15.100","15.100","4.86%"
"08/08/2012","14.400","14.400","14.400","14.400","-0.35%"
"08/07/2012","14.450","14.450","14.450","14.450","-3.99%"
"08/06/2012","15.050","15.050","15.050","15.050","0.00%"
"08/03/2012","15.050","15.050","15.050","15.050","0.00%"
"08/02/2012","15.050","15.050","15.050","15.050","0.00%"
"08/01/2012","15.050","15.050","15.050","15.050","0.00%"
"07/31/2012","15.050","15.050","15.050","15.050","0.00%"
"07/30/2012","15.050","15.050","15.050","15.050","0.00%"
"07/27/2012","15.050","15.050","15.050","15.050","0.00%"
"07/26/2012","15.050","15.050","15.050","15.050","0.00%"
"07/25/2012","15.050","15.050","15.050","15.050","0.00%"
"07/24/2012","15.050","15.050","15.050","15.050","0.00%"
"07/20/2012","15.050","15.050","15.050","15.050","0.00%"
"07/19/2012","15.050","15.050","15.050","15.050","7.50%"
"07/18/2012","14.000","14.000","14.000","14.000","0.00%"
"07/17/2012","14.000","14.000","14.000","14.000","0.00%"
"07/16/2012","14.000","14.000","14.000","14.000","0.00%"
"07/13/2012","14.000","14.000","14.000","14.000","1.08%"
"07/12/2012","13.850","13.850","13.850","13.850","-1.07%"
"07/11/2012","14.000","14.000","14.000","14.000","0.00%"
"07/10/2012","14.000","14.000","14.000","14.000","0.00%"
"07/09/2012","14.000","14.000","14.000","14.000","-1.41%"
"07/06/2012","14.200","14.200","14.200","14.200","0.71%"
"07/05/2012","14.100","14.100","14.100","14.100","-0.70%"
"07/04/2012","14.200","14.200","14.200","14.200","0.00%"
"07/03/2012","14.200","14.200","14.200","14.200","0.00%"
"07/02/2012","14.200","14.200","14.200","14.200","-2.41%"
"06/29/2012","14.550","14.550","14.550","14.550","0.00%"
"06/28/2012","14.550","14.550","14.550","14.550","0.00%"
"06/27/2012","14.550","14.550","14.550","14.550","0.00%"
"06/26/2012","14.550","14.550","14.550","14.550","0.00%"
"06/25/2012","14.550","14.550","14.550","14.550","0.00%"
"06/22/2012","14.550","14.550","14.550","14.550","0.00%"
"06/21/2012","14.550","14.550","14.550","14.550","0.00%"
"06/20/2012","14.550","14.550","14.550","14.550","0.00%"
"06/19/2012","14.550","14.550","14.550","14.550","-0.68%"
"06/18/2012","14.650","14.650","14.650","14.650","0.69%"
"06/15/2012","14.550","14.550","14.550","14.550","0.00%"
"06/14/2012","14.550","14.550","14.550","14.550","0.00%"
"06/13/2012","14.550","14.550","14.550","14.550","0.69%"
"06/12/2012","14.450","14.450","14.450","14.450","0.00%"
"06/11/2012","14.450","14.450","14.450","14.450","0.00%"
"06/08/2012","14.450","14.450","14.450","14.450","0.00%"
"06/07/2012","14.450","14.450","14.450","14.450","-0.69%"
"06/06/2012","14.550","14.550","14.550","14.550","0.69%"
"06/05/2012","14.450","14.450","14.450","14.450","-1.37%"
"06/04/2012","14.650","14.650","14.650","14.650","1.38%"
"06/01/2012","14.450","14.450","14.450","14.450","0.00%"
"05/31/2012","14.450","14.450","14.450","14.450","0.00%"
"05/30/2012","14.450","14.450","14.450","14.450","0.00%"
"05/29/2012","14.450","14.450","14.450","14.450","-1.37%"
"05/28/2012","14.650","14.650","14.650","14.650","0.34%"
"05/25/2012","14.600","14.600","14.600","14.600","0.00%"
"05/24/2012","14.600","14.600","14.600","14.600","0.00%"
"05/23/2012","14.600","14.600","14.600","14.600","0.00%"
"05/22/2012","14.600","14.600","14.600","14.600","0.00%"
"05/21/2012","14.600","14.600","14.600","14.600","0.00%"
"05/18/2012","14.600","14.600","14.600","14.600","0.69%"
"05/17/2012","14.500","14.500","14.500","14.500","-0.68%"
"05/16/2012","14.600","14.600","14.600","14.600","0.00%"
"05/15/2012","14.600","14.600","14.600","14.600","-0.41%"
"05/14/2012","14.660","14.660","14.660","14.660","0.00%"
"05/11/2012","14.660","14.660","14.660","14.660","0.00%"
"05/10/2012","14.660","14.660","14.660","14.660","0.00%"
"05/09/2012","14.660","14.660","14.660","14.660","0.41%"
"05/08/2012","14.600","14.600","14.600","14.600","-0.41%"
"05/07/2012","14.660","14.660","14.660","14.660","0.00%"
"05/04/2012","14.660","14.660","14.660","14.660","-0.27%"
"05/03/2012","14.700","14.700","14.700","14.700","0.27%"
"05/02/2012","14.660","14.660","14.660","14.660","0.00%"
"04/30/2012","14.660","14.660","14.660","14.660","5.47%"
"04/27/2012","13.900","13.900","13.900","13.900","0.00%"
"04/26/2012","13.900","13.900","13.900","13.900","-0.36%"
"04/24/2012","13.950","13.950","13.950","13.950","0.00%"
"04/23/2012","13.950","13.950","13.950","13.950","-0.72%"
"04/20/2012","14.051","14.051","14.051","14.051","1.23%"
"04/19/2012","13.880","13.880","13.880","13.880","0.00%"
"04/18/2012","13.880","13.880","13.880","13.880","-0.01%"
"04/17/2012","13.881","13.881","13.881","13.881","-1.22%"
"04/13/2012","14.052","14.052","14.052","14.052","1.24%"
"04/12/2012","13.880","13.880","13.880","13.880","-0.08%"
"04/11/2012","13.891","13.891","13.891","13.891","-1.12%"
"04/10/2012","14.049","14.049","14.049","14.049","0.92%"
"04/09/2012","13.921","13.921","13.921","13.921","-0.94%"
"04/06/2012","14.053","14.053","14.053","14.053","0.88%"
"04/05/2012","13.930","13.930","13.930","13.930","-0.93%"
"04/04/2012","14.061","14.061","14.061","14.061","0.80%"
"04/03/2012","13.950","13.950","13.950","13.950","-1.75%"
"04/02/2012","14.198","14.198","14.198","14.198","1.06%"
"03/30/2012","14.049","14.049","14.049","14.049","-0.01%"
"03/29/2012","14.051","14.051","14.051","14.051","0.36%"
"03/28/2012","14.000","14.000","14.000","14.000","-0.01%"
"03/27/2012","14.001","14.001","14.001","14.001","-1.41%"
"03/26/2012","14.201","14.201","14.201","14.201","-0.69%"
"03/23/2012","14.300","14.300","14.300","14.300","-0.01%"
"03/22/2012","14.301","14.301","14.301","14.301","0.01%"
"03/21/2012","14.300","14.300","14.300","14.300","0.01%"
"03/20/2012","14.299","14.299","14.299","14.299","0.00%"
"03/19/2012","14.299","14.299","14.299","14.299","0.00%"
"03/16/2012","14.299","14.299","14.299","14.299","-0.02%"
"03/15/2012","14.302","14.302","14.302","14.302","0.00%"
"03/14/2012","14.302","14.302","14.302","14.302","0.03%"
"03/13/2012","14.298","14.298","14.298","14.298","-0.01%"
"03/12/2012","14.299","14.299","14.299","14.299","2.14%"
"03/09/2012","14.000","14.000","14.000","14.000","0.01%"
"03/08/2012","13.999","13.999","13.999","13.999","0.01%"
"03/07/2012","13.998","13.998","13.998","13.998","0.00%"
"03/06/2012","13.998","13.998","13.998","13.998","-0.01%"
"03/02/2012","13.999","13.999","13.999","13.999","-0.01%"
"03/01/2012","14.000","14.000","14.000","14.000","1.44%"
"02/29/2012","13.801","13.801","13.801","13.801","-1.43%"
"02/28/2012","14.001","14.001","14.001","14.001","0.02%"
"02/27/2012","13.998","13.998","13.998","13.998","-0.01%"
"02/24/2012","13.999","13.999","13.999","13.999","0.01%"
"02/23/2012","13.998","13.998","13.998","13.998","-0.01%"
"02/22/2012","14.000","14.000","14.000","14.000","1.44%"
"02/21/2012","13.801","13.801","13.801","13.801","0.01%"
"02/20/2012","13.800","13.800","13.800","13.800","-1.43%"
"02/17/2012","14.000","14.000","14.000","14.000","0.37%"
"02/16/2012","13.948","13.948","13.948","13.948","-0.37%"
"02/15/2012","14.000","14.000","14.000","14.000","0.01%"
"02/14/2012","13.998","13.998","13.998","13.998","-0.01%"
"02/13/2012","14.000","14.000","14.000","14.000","0.01%"
"02/10/2012","13.999","13.999","13.999","13.999","0.00%"
"02/09/2012","13.999","13.999","13.999","13.999","0.34%"
"02/08/2012","13.951","13.951","13.951","13.951","0.00%"
"02/07/2012","13.951","13.951","13.951","13.951","0.01%"
"02/06/2012","13.950","13.950","13.950","13.950","0.00%"
"02/03/2012","13.950","13.950","13.950","13.950","0.01%"
"02/02/2012","13.949","13.949","13.949","13.949","5.69%"
"02/01/2012","13.198","13.198","13.198","13.198","-0.02%"
"01/31/2012","13.200","13.200","13.200","13.200","-0.02%"
"01/30/2012","13.202","13.202","13.202","13.202","-1.48%"
"01/27/2012","13.401","13.401","13.401","13.401","0.02%"
"01/26/2012","13.398","13.398","13.398","13.398","-0.04%"
"01/24/2012","13.403","13.403","13.403","13.403","1.55%"
"01/23/2012","13.199","13.199","13.199","13.199","-0.02%"
"01/20/2012","13.202","13.202","13.202","13.202","0.02%"
"01/19/2012","13.199","13.199","13.199","13.199","6.18%"
"01/18/2012","12.431","12.431","12.431","12.431","-0.02%"
"01/17/2012","12.434","12.434","12.434","12.434","-13.94%"
"11/30/2011","14.448","14.448","14.448","14.448","12.00%"
"11/22/2011","12.900","12.900","12.900","12.900","0.01%"
"11/21/2011","12.899","12.899","12.899","12.899","0.00%"
"11/18/2011","12.899","12.899","12.899","12.899","5.27%"
"11/17/2011","12.253","12.253","12.253","12.253","-4.45%"
"11/16/2011","12.824","12.824","12.824","12.824","4.69%"
"11/15/2011","12.250","12.250","12.250","12.250","2.08%"
"11/14/2011","12.000","12.000","12.000","12.000","-0.02%"
"11/10/2011","12.002","12.002","12.002","12.002","-1.22%"
"10/31/2011","12.150","12.150","12.150","12.150","0.42%"
"10/27/2011","12.099","12.099","12.099","12.099","-0.02%"
"10/25/2011","12.101","12.101","12.101","12.101","-0.40%"
"10/24/2011","12.150","12.150","12.150","12.150","-0.80%"
"10/17/2011","12.248","12.248","12.248","12.248","0.00%"
"10/13/2011","12.248","12.248","12.248","12.248","-5.06%"
"09/28/2011","12.901","12.901","12.901","12.901","6.43%"
"09/27/2011","12.122","12.122","12.122","12.122","-2.23%"
"09/14/2011","12.398","12.398","12.398","12.398","2.05%"
"09/13/2011","12.149","12.149","12.149","12.149","-0.43%"
"09/12/2011","12.202","12.202","12.202","12.202","0.43%"
"09/09/2011","12.150","12.150","12.150","12.150","0.02%"
"09/08/2011","12.148","12.148","12.148","12.148","-0.02%"
"09/07/2011","12.151","12.151","12.151","12.151","1.70%"
"09/05/2011","11.948","11.948","11.948","11.948","0.23%"
"08/17/2011","11.920","11.920","11.920","11.920","-0.27%"
"08/16/2011","11.952","11.952","11.952","11.952","-0.42%"
"08/15/2011","12.002","12.002","12.002","12.002","0.45%"
"08/11/2011","11.948","11.948","11.948","11.948","-1.25%"
"08/10/2011","12.099","12.099","12.099","12.099","1.83%"
"08/08/2011","11.882","11.882","11.882","11.882","-0.16%"
"08/03/2011","11.901","11.901","11.901","11.901","1.28%"
"08/02/2011","11.751","11.751","11.751","11.751","-1.26%"
"07/28/2011","11.901","11.901","11.901","11.901","0.00%"
"07/27/2011","11.901","11.901","11.901","11.901","-0.01%"
"07/26/2011","11.902","11.902","11.902","11.902","0.00%"
"07/20/2011","11.902","11.902","11.902","11.902","0.03%"
"07/19/2011","11.899","11.899","11.899","11.899","1.25%"
"07/18/2011","11.752","11.752","11.752","11.752","-1.67%"
"07/13/2011","11.951","11.951","11.951","11.951","0.01%"
"07/11/2011","11.950","11.950","11.950","11.950","-0.83%"
"07/06/2011","12.050","12.050","12.050","12.050","-0.40%"
"07/05/2011","12.099","12.099","12.099","12.099","-0.02%"
"07/04/2011","12.102","12.102","12.102","12.102","1.29%"
"06/30/2011","11.948","11.948","11.948","11.948","-2.88%"
"06/29/2011","12.302","12.302","12.302","12.302","-1.20%"
"06/28/2011","12.452","12.452","12.452","12.452","0.02%"
"06/27/2011","12.450","12.450","12.450","12.450","4.19%"
"06/23/2011","11.949","11.949","11.949","11.949","-0.41%"
"06/22/2011","11.998","11.998","11.998","11.998","-0.86%"
"06/21/2011","12.102","12.102","12.102","12.102","3.44%"
"06/20/2011","11.699","11.699","11.699","11.699","0.85%"
"06/16/2011","11.600","11.600","11.600","11.600","0.02%"
"06/15/2011","11.598","11.598","11.598","11.598","-2.54%"
"06/14/2011","11.900","11.900","11.900","11.900","2.32%"
"06/13/2011","11.630","11.630","11.630","11.630","-4.30%"
"06/08/2011","12.152","12.152","12.152","12.152","8.52%"
"04/21/2011","11.198","11.198","11.198","11.198","-24.17%"
"04/18/2011","14.767","14.767","14.767","14.767","31.85%"
"04/14/2011","11.200","11.200","11.200","11.200","0.02%"
"04/13/2011","11.198","11.198","11.198","11.198","-0.01%"
"04/11/2011","11.199","11.199","11.199","11.199","0.71%"
"04/06/2011","11.120","11.120","11.120","11.120","0.00%"
"04/05/2011","11.120","11.120","11.120","11.120","-0.70%"
"04/04/2011","11.198","11.198","11.198","11.198","-0.55%"
"03/29/2011","11.260","11.260","11.260","11.260","-4.17%"
"03/16/2011","11.750","11.750","11.750","11.750","1.12%"
"03/15/2011","11.620","11.620","11.620","11.620","0.02%"
"03/14/2011","11.618","11.618","11.618","11.618","-0.95%"
"03/10/2011","11.730","11.730","11.730","11.730","-0.15%"
"03/09/2011","11.748","11.748","11.748","11.748","-0.03%"
"03/08/2011","11.751","11.751","11.751","11.751","6.83%"
"03/07/2011","11.000","11.000","11.000","11.000","0.03%"
"02/28/2011","10.997","10.997","10.997","10.997","-0.03%"
"02/23/2011","11.000","11.000","11.000","11.000","0.02%"
"02/22/2011","10.998","10.998","10.998","10.998","1.82%"
"02/21/2011","10.801","10.801","10.801","10.801","0.01%"
"02/08/2011","10.800","10.800","10.800","10.800","15.51%"
"01/24/2011","9.350","9.350","9.350","9.350","0.00%"
"01/20/2011","9.350","9.350","9.350","9.350","0.00%"
"01/19/2011","9.350","9.350","9.350","9.350","-2.57%"
"01/17/2011","9.597","9.597","9.597","9.597","-7.01%"
"01/12/2011","10.320","10.320","10.320","10.320","8.63%"
"01/11/2011","9.500","9.500","9.500","9.500","0.00%"
"01/06/2011","9.500","9.500","9.500","9.500","0.00%"
"01/04/2011","9.500","9.500","9.500","9.500","0.00%"
"01/03/2011","9.500","9.500","9.500","9.500","0.00%"
"12/29/2010","9.500","9.500","9.500","9.500","0.00%"
"12/28/2010","9.500","9.500","9.500","9.500","0.00%"
"12/27/2010","9.500","9.500","9.500","9.500","-4.42%"
"12/23/2010","9.939","9.939","9.939","9.939","6.85%"
"12/22/2010","9.302","9.302","9.302","9.302","-2.08%"
"12/21/2010","9.500","9.500","9.500","9.500","0.00%"
"12/20/2010","9.500","9.500","9.500","9.500","7.31%"
"11/23/2010","8.853","8.853","8.853","8.853","0.03%"
"11/22/2010","8.850","8.850","8.850","8.850","1.98%"
"11/11/2010","8.678","8.678","8.678","8.678","-5.88%"
"11/10/2010","9.220","9.220","9.220","9.220","-2.45%"
"11/09/2010","9.452","9.452","9.452","9.452","0.04%"
"11/08/2010","9.448","9.448","9.448","9.448","-8.45%"
"11/04/2010","10.320","10.320","10.320","10.320","8.61%"
"11/03/2010","9.502","9.502","9.502","9.502","-7.93%"
"11/02/2010","10.320","10.320","10.320","10.320","8.67%"
"11/01/2010","9.497","9.497","9.497","9.497","-0.03%"
"10/28/2010","9.500","9.500","9.500","9.500","-1.02%"
"10/27/2010","9.598","9.598","9.598","9.598","-0.02%"
"10/26/2010","9.600","9.600","9.600","9.600","0.63%"
"10/25/2010","9.540","9.540","9.540","9.540","0.63%"
"10/21/2010","9.480","9.480","9.480","9.480","-8.14%"
"10/20/2010","10.320","10.320","10.320","10.320","8.62%"
"10/19/2010","9.501","9.501","9.501","9.501","0.01%"
"10/18/2010","9.500","9.500","9.500","9.500","6.74%"
"10/14/2010","8.900","8.900","8.900","8.900","0.00%"
"10/13/2010","8.900","8.900","8.900","8.900","-10.81%"
"10/11/2010","9.979","9.979","9.979","9.979","7.87%"
"10/07/2010","9.251","9.251","9.251","9.251","0.01%"
"10/05/2010","9.250","9.250","9.250","9.250","-10.37%"
"10/04/2010","10.320","10.320","10.320","10.320","9.67%"
"09/30/2010","9.410","9.410","9.410","9.410","-1.18%"
"09/29/2010","9.522","9.522","9.522","9.522","-7.74%"
"09/28/2010","10.321","10.321","10.321","10.321","-25.17%"
"09/27/2010","13.793","13.793","13.793","13.793","39.97%"
"09/23/2010","9.854","9.854","9.854","9.854","-4.52%"
"09/22/2010","10.320","10.320","10.320","10.320","4.74%"
"09/21/2010","9.853","9.853","9.853","9.853","-1.50%"
"09/20/2010","10.003","10.003","10.003","10.003","-48.37%"
"09/16/2010","19.374","19.374","19.374","19.374","108.91%"
"09/15/2010","9.274","9.274","9.274","9.274","-10.14%"
"09/14/2010","10.320","10.320","10.320","10.320","9.81%"
"09/13/2010","9.398","9.398","9.398","9.398","-0.01%"
"09/08/2010","9.399","9.399","9.399","9.399","-8.89%"
"09/07/2010","10.316","10.316","10.316","10.316","3.19%"
"09/06/2010","9.997","9.997","9.997","9.997","-0.04%"
"09/02/2010","10.001","10.001","10.001","10.001","4.69%"
"09/01/2010","9.553","9.553","9.553","9.553","-3.03%"
"08/31/2010","9.852","9.852","9.852","9.852","2.98%"
"08/30/2010","9.567","9.567","9.567","9.567","-2.90%"
"08/26/2010","9.853","9.853","9.853","9.853","-4.53%"
"08/25/2010","10.320","10.320","10.320","10.320","7.84%"
"08/24/2010","9.570","9.570","9.570","9.570","-0.31%"
"08/23/2010","9.600","9.600","9.600","9.600","0.00%"
"08/19/2010","9.600","9.600","9.600","9.600","-3.98%"
"08/18/2010","9.998","9.998","9.998","9.998","1.50%"
"08/17/2010","9.850","9.850","9.850","9.850","0.00%"
"08/16/2010","9.850","9.850","9.850","9.850","-1.48%"
"08/12/2010","9.998","9.998","9.998","9.998","-0.03%"
"08/11/2010","10.001","10.001","10.001","10.001","5.47%"
"08/10/2010","9.482","9.482","9.482","9.482","-6.56%"
"08/05/2010","10.148","10.148","10.148","10.148","-0.22%"
"08/03/2010","10.170","10.170","10.170","10.170","0.20%"