"Date","Price","Open","High","Low","Vol.","Change %"
"04/25/2024","47.9000","47.9000","47.9000","47.9000","","0.00%"
"04/24/2024","47.9000","48.0500","48.1500","47.8000","","-0.31%"
"04/23/2024","48.0500","48.1500","48.2500","47.9800","","-0.25%"
"04/22/2024","48.1700","48.3700","48.4700","48.0300","","-0.33%"
"04/20/2024","48.3300","48.3300","48.3300","48.3300","","0.00%"
"04/19/2024","48.3300","48.3300","48.3300","48.3300","","0.00%"
"04/18/2024","48.3300","48.5000","48.6200","48.2300","","-0.35%"
"04/17/2024","48.5000","48.5500","48.8800","48.4500","","0.00%"
"04/16/2024","48.5000","48.2900","48.7550","48.2450","","0.52%"
"04/15/2024","48.2500","47.5800","48.7500","47.4800","","1.41%"
"04/13/2024","47.5800","47.5800","47.5800","47.5800","","0.00%"
"04/12/2024","47.5800","47.5500","47.5800","47.5500","","0.06%"
"04/11/2024","47.5500","47.5500","47.5500","47.5500","","0.00%"
"04/10/2024","47.5500","47.5500","47.5500","47.5500","","0.00%"
"04/09/2024","47.5500","47.5500","47.5500","47.5500","","0.00%"
"04/08/2024","47.5500","47.5500","47.8000","47.4500","","0.36%"
"04/06/2024","47.3800","47.3800","47.3800","47.3800","","0.00%"
"04/05/2024","47.3800","47.3800","47.3800","47.3800","","0.06%"
"04/04/2024","47.3500","47.4000","47.5100","47.2700","","0.00%"
"04/03/2024","47.3500","47.2000","47.7000","47.1000","","0.40%"
"04/02/2024","47.1600","47.3000","47.3000","47.0600","","0.02%"
"04/01/2024","47.1500","47.2300","47.3500","47.0900","","-0.53%"
"03/30/2024","47.4000","47.4000","47.4000","47.4000","","0.00%"
"03/29/2024","47.4000","47.4000","47.4000","47.4000","","0.00%"
"03/28/2024","47.4000","47.3800","47.5000","47.0500","","0.32%"
"03/27/2024","47.2500","47.8800","47.9000","47.1800","","-1.19%"
"03/26/2024","47.8200","47.5000","47.9500","47.3500","","0.89%"
"03/25/2024","47.4000","46.6900","47.5500","46.4900","","1.39%"
"03/23/2024","46.7500","46.7500","46.7500","46.7500","","0.00%"
"03/22/2024","46.7500","46.7500","46.7500","46.7500","","0.21%"
"03/21/2024","46.6500","46.9000","47.0900","46.5700","","-0.53%"
"03/20/2024","46.9000","47.0500","47.2000","46.8500","","-0.32%"
"03/19/2024","47.0500","47.1500","47.2900","46.9500","","-0.13%"
"03/18/2024","47.1100","47.2500","47.4200","47.0500","","-1.44%"
"03/16/2024","47.8000","47.8000","47.8500","47.8000","","0.00%"
"03/15/2024","47.8000","47.8000","47.8000","47.8000","","0.00%"
"03/14/2024","47.8000","48.4500","48.5700","47.7500","","-1.34%"
"03/13/2024","48.4500","48.9000","49.0500","48.3100","","-0.72%"
"03/12/2024","48.8000","49.0000","49.1800","48.7000","","-0.51%"
"03/11/2024","49.0500","49.1500","49.3000","48.9500","","-0.71%"
"03/09/2024","49.4000","49.4000","49.4000","49.4000","","0.00%"
"03/08/2024","49.4000","49.4000","49.4000","49.4000","","0.10%"
"03/07/2024","49.3500","49.6000","49.6500","49.3000","","-0.40%"
"03/06/2024","49.5500","30.9000","50.8000","30.8000","","60.36%"
"03/05/2024","30.9000","30.9000","30.9500","30.8000","","0.00%"
"03/04/2024","30.9000","30.9000","30.9500","30.8000","","0.00%"
"03/02/2024","30.9000","30.9000","30.9000","30.9000","","0.00%"
"03/01/2024","30.9000","30.9000","30.9000","30.9000","","0.00%"
"02/29/2024","30.9000","30.9000","30.9500","30.8000","","-0.13%"
"02/28/2024","30.9400","30.9000","30.9500","30.8000","","0.13%"
"02/27/2024","30.9000","30.9000","30.9500","30.8000","","-0.13%"
"02/26/2024","30.9400","30.9000","30.9500","30.8000","","0.13%"
"02/24/2024","30.9000","30.9000","30.9000","30.9000","","0.00%"
"02/23/2024","30.9000","30.9000","30.9000","30.9000","","0.00%"
"02/22/2024","30.9000","30.9000","30.9500","30.8000","","0.00%"
"02/21/2024","30.9000","30.9000","30.9500","30.8000","","-0.13%"
"02/20/2024","30.9400","30.9000","30.9500","30.8000","","0.13%"
"02/19/2024","30.9000","30.9003","30.9500","30.8000","","0.00%"
"02/17/2024","30.9000","30.9000","30.9000","30.9000","","0.00%"
"02/16/2024","30.9000","30.9000","30.9000","30.9000","","0.00%"
"02/15/2024","30.9000","30.9000","30.9500","30.8000","","0.00%"
"02/14/2024","30.9000","30.9000","30.9500","30.8000","","0.00%"
"02/13/2024","30.9000","30.9000","30.9500","30.8000","","0.00%"
"02/12/2024","30.9000","30.9000","30.9500","30.8000","","0.00%"
"02/10/2024","30.9000","30.9000","30.9000","30.9000","","0.00%"
"02/09/2024","30.9000","30.9000","30.9000","30.9000","","0.00%"
"02/08/2024","30.9000","30.9000","30.9500","30.8000","","0.00%"
"02/07/2024","30.9000","30.9000","30.9500","30.8000","","0.00%"
"02/06/2024","30.9000","30.9003","30.9500","30.8000","","0.00%"
"02/05/2024","30.9000","30.9000","30.9500","30.8000","","0.00%"
"02/03/2024","30.9000","30.9000","30.9000","30.9000","","0.00%"
"02/02/2024","30.9000","30.9000","30.9000","30.9000","","0.00%"
"02/01/2024","30.9000","30.9000","30.9500","30.8000","","0.00%"
"01/31/2024","30.9000","30.9000","30.9500","30.8000","","-0.13%"
"01/30/2024","30.9400","30.9000","30.9500","30.8000","","0.13%"
"01/29/2024","30.9000","30.9000","30.9500","30.9000","","0.00%"
"01/27/2024","30.9000","30.9000","30.9000","30.9000","","0.00%"
"01/26/2024","30.9000","30.9000","30.9000","30.9000","","0.00%"
"01/25/2024","30.9000","30.9000","30.9000","30.9000","","0.00%"
"01/24/2024","30.9000","30.9000","30.9500","30.8000","","0.00%"
"01/23/2024","30.9000","30.9000","30.9500","30.8000","","0.00%"
"01/22/2024","30.9000","30.9000","30.9500","30.8000","","0.00%"
"01/20/2024","30.9000","30.9000","30.9000","30.9000","","0.00%"
"01/19/2024","30.9000","30.9000","30.9000","30.9000","","0.00%"
"01/18/2024","30.9000","30.9000","30.9500","30.8000","","0.00%"
"01/17/2024","30.9000","30.9000","30.9500","30.8000","","0.00%"
"01/16/2024","30.9000","30.9000","30.9500","30.8000","","-0.13%"
"01/15/2024","30.9400","30.9000","30.9500","30.8000","","0.13%"
"01/13/2024","30.9000","30.9000","30.9000","30.9000","","0.00%"
"01/12/2024","30.9000","30.9000","30.9000","30.9000","","0.00%"
"01/11/2024","30.9000","30.9000","30.9500","30.8000","","0.00%"
"01/10/2024","30.9000","30.9000","30.9500","30.8000","","0.00%"
"01/09/2024","30.9000","30.9000","30.9500","30.8000","","0.00%"
"01/08/2024","30.9000","30.9000","30.9500","30.8000","","0.32%"
"01/06/2024","30.8000","30.8000","30.8000","30.8000","","0.00%"
"01/05/2024","30.8000","30.8000","30.8000","30.8000","","0.00%"
"01/04/2024","30.8000","30.9000","30.9500","30.8000","","-0.40%"
"01/03/2024","30.9250","30.9000","30.9500","30.8000","","0.00%"
"01/02/2024","30.9250","30.9000","30.9500","30.8000","","0.08%"
"01/01/2024","30.9000","30.9000","30.9000","30.9000","","-0.08%"
"12/30/2023","30.9250","30.9250","30.9250","30.9250","","0.00%"
"12/29/2023","30.9250","30.9250","30.9250","30.9250","","0.00%"
"12/28/2023","30.9250","30.9000","30.9500","30.8000","","0.41%"
"12/27/2023","30.8000","30.9000","30.9500","30.8000","","-0.32%"
"12/26/2023","30.9000","30.9000","30.9500","30.8000","","-0.16%"
"12/25/2023","30.9500","30.9000","30.9500","30.8000","","0.16%"
"12/24/2023","30.9000","30.9000","30.9500","30.8000","","0.00%"
"12/23/2023","30.9000","30.9000","30.9000","30.9000","","0.00%"
"12/22/2023","30.9000","30.9000","30.9000","30.9000","","0.00%"
"12/21/2023","30.9000","30.9000","30.9500","30.8000","","0.00%"
"12/20/2023","30.9000","30.9000","30.9500","30.8000","","-0.08%"
"12/19/2023","30.9250","30.9000","30.9500","30.8000","","0.08%"
"12/18/2023","30.9000","30.9000","30.9500","30.8000","","-0.11%"
"12/17/2023","30.9350","30.9000","30.9500","30.8000","","0.03%"
"12/16/2023","30.9250","30.9250","30.9250","30.9250","","0.00%"
"12/15/2023","30.9250","30.9250","30.9250","30.9250","","0.00%"
"12/14/2023","30.9250","30.9000","30.9500","30.8000","","0.08%"
"12/13/2023","30.9000","30.9000","30.9500","30.8000","","-0.08%"
"12/12/2023","30.9250","30.9000","30.9500","30.8000","","0.00%"
"12/11/2023","30.9250","30.9000","30.9500","30.8000","","0.08%"
"12/10/2023","30.9000","30.9000","30.9500","30.8000","","0.00%"
"12/09/2023","30.9000","30.9000","30.9000","30.9000","","0.00%"
"12/08/2023","30.9000","30.9000","30.9000","30.9000","","0.00%"
"12/07/2023","30.9000","30.9000","30.9500","30.9000","","-0.16%"
"12/06/2023","30.9500","30.9000","30.9500","30.8000","","0.49%"
"12/05/2023","30.8000","30.9000","30.9500","30.8000","","-0.40%"
"12/04/2023","30.9250","30.9000","30.9500","30.8000","","0.08%"
"12/03/2023","30.9000","30.9000","30.9500","30.8000","","0.00%"
"12/02/2023","30.9000","30.9000","30.9000","30.9000","","0.00%"
"12/01/2023","30.9000","30.9000","30.9000","30.9000","","0.00%"
"11/30/2023","30.9000","30.9000","30.9500","30.8000","","-0.16%"
"11/29/2023","30.9500","30.9000","30.9500","30.8000","","0.08%"
"11/28/2023","30.9250","30.9000","30.9500","30.8000","","0.08%"
"11/27/2023","30.9000","30.9000","30.9500","30.8000","","0.00%"
"11/26/2023","30.9000","30.9000","30.9500","30.8000","","0.00%"
"11/25/2023","30.9000","30.9000","30.9000","30.9000","","0.00%"
"11/24/2023","30.9000","30.9000","30.9000","30.9000","","0.00%"
"11/23/2023","30.9000","30.9000","30.9500","30.8000","","0.00%"
"11/22/2023","30.9000","30.9000","30.9500","30.8000","","0.00%"
"11/21/2023","30.9000","30.9000","30.9500","30.8000","","-0.11%"
"11/20/2023","30.9350","30.9000","30.9500","30.9000","","0.11%"
"11/19/2023","30.9000","30.9000","30.9500","30.8000","","-0.08%"
"11/18/2023","30.9250","30.9250","30.9250","30.9250","","0.00%"
"11/17/2023","30.9250","30.9250","30.9250","30.9250","","0.00%"
"11/16/2023","30.9250","30.9000","30.9500","30.8000","","0.00%"
"11/15/2023","30.9250","30.9000","30.9500","30.8000","","0.08%"
"11/14/2023","30.9000","30.9000","30.9500","30.8000","","0.00%"
"11/13/2023","30.9000","30.9000","30.9500","30.8000","","0.00%"
"11/12/2023","30.9000","30.9000","30.9500","30.8000","","0.00%"
"11/11/2023","30.9000","30.9000","30.9000","30.9000","","0.00%"
"11/10/2023","30.9000","30.9000","30.9000","30.9000","","0.00%"
"11/09/2023","30.9000","30.9000","30.9500","30.8000","","0.00%"
"11/08/2023","30.9000","30.9000","30.9500","30.8000","","0.32%"
"11/07/2023","30.8000","30.9000","30.9500","30.8000","","-0.32%"
"11/06/2023","30.9000","30.9000","30.9500","30.8000","","0.00%"
"11/05/2023","30.9000","30.9000","30.9500","30.8000","","0.00%"
"11/04/2023","30.9000","30.9000","30.9000","30.9000","","0.00%"
"11/03/2023","30.9000","30.9000","30.9000","30.9000","","0.00%"
"11/02/2023","30.9000","30.9000","30.9500","30.8000","","0.00%"
"11/01/2023","30.9000","30.9500","30.9500","30.8000","","-0.08%"
"10/31/2023","30.9250","30.9000","30.9500","30.8000","","0.08%"
"10/30/2023","30.9000","30.9000","30.9500","30.8000","","0.00%"
"10/29/2023","30.9000","30.9000","30.9500","30.8000","","0.00%"
"10/28/2023","30.9000","30.9000","30.9000","30.9000","","0.00%"
"10/27/2023","30.9000","30.9000","30.9000","30.9000","","0.00%"
"10/26/2023","30.9000","30.9000","30.9500","30.8000","","0.00%"
"10/25/2023","30.9000","30.9000","30.9500","30.9000","","-0.08%"
"10/24/2023","30.9250","30.9000","30.9500","30.8000","","0.08%"
"10/23/2023","30.9000","30.9000","30.9500","30.8000","","0.00%"
"10/22/2023","30.9000","30.9000","30.9500","30.8000","","0.00%"
"10/21/2023","30.9000","30.9000","30.9000","30.9000","","0.00%"
"10/20/2023","30.9000","30.9000","30.9000","30.9000","","0.00%"
"10/19/2023","30.9000","30.9000","30.9500","30.8000","","-0.08%"
"10/18/2023","30.9250","30.9000","30.9500","30.9000","","0.08%"
"10/17/2023","30.9000","30.9000","30.9500","30.8000","","-0.08%"
"10/16/2023","30.9250","30.9003","30.9500","30.8000","","0.08%"
"10/15/2023","30.9000","30.9000","30.9500","30.8000","","0.00%"
"10/14/2023","30.9000","30.9000","30.9000","30.9000","","0.00%"
"10/13/2023","30.9000","30.9000","30.9000","30.9000","","0.00%"
"10/12/2023","30.9000","30.9000","30.9500","30.8000","","-0.08%"
"10/11/2023","30.9250","30.9000","30.9500","30.8000","","0.08%"
"10/10/2023","30.9000","30.9003","30.9500","30.8000","","0.00%"
"10/09/2023","30.9000","30.9350","30.9500","30.8000","","0.00%"
"10/08/2023","30.9000","30.9000","30.9500","30.8000","","0.32%"
"10/07/2023","30.8000","30.8000","30.8000","30.8000","","0.00%"
"10/06/2023","30.8000","30.8000","30.8000","30.8000","","0.00%"
"10/05/2023","30.8000","30.8000","30.8000","30.8000","","0.00%"
"10/04/2023","30.8000","30.9000","30.9500","30.8000","","-0.40%"
"10/03/2023","30.9250","30.9000","30.9500","30.8000","","0.00%"
"10/02/2023","30.9250","30.9003","30.9500","30.8000","","0.08%"
"10/01/2023","30.9000","30.9000","30.9500","30.8000","","0.00%"
"09/30/2023","30.9000","30.9000","30.9000","30.9000","","0.00%"
"09/29/2023","30.9000","30.9000","30.9000","30.9000","","0.00%"
"09/28/2023","30.9000","30.9000","30.9000","30.9000","","0.00%"
"09/27/2023","30.9000","30.9000","30.9500","30.8000","","-0.08%"
"09/26/2023","30.9250","30.9000","30.9500","30.8000","","0.00%"
"09/25/2023","30.9250","30.9038","30.9500","30.8000","","-0.03%"
"09/24/2023","30.9350","30.9000","30.9500","30.8000","","0.11%"
"09/23/2023","30.9000","30.9000","30.9000","30.9000","","0.00%"
"09/22/2023","30.9000","30.9000","30.9000","30.9000","","0.00%"
"09/21/2023","30.9000","30.9000","30.9500","30.8000","","0.00%"
"09/20/2023","30.9000","30.9000","30.9500","30.8000","","0.00%"
"09/19/2023","30.9000","30.9000","30.9500","30.8000","","0.00%"
"09/18/2023","30.9000","30.9000","30.9500","30.8000","","-0.15%"
"09/17/2023","30.9450","30.9000","30.9500","30.8000","","-0.02%"
"09/16/2023","30.9500","30.9500","30.9500","30.9500","","0.00%"
"09/15/2023","30.9500","30.9500","30.9500","30.9500","","0.00%"
"09/14/2023","30.9500","30.9000","30.9500","30.8000","","0.16%"
"09/13/2023","30.9000","30.9000","30.9500","30.8000","","0.00%"
"09/12/2023","30.9000","30.9000","30.9500","30.8000","","-0.08%"
"09/11/2023","30.9250","30.9000","30.9500","30.8000","","-0.06%"
"09/10/2023","30.9450","30.9000","30.9500","30.8000","","0.15%"
"09/09/2023","30.9000","30.9000","30.9000","30.9000","","0.00%"
"09/08/2023","30.9000","30.9000","30.9000","30.9000","","0.00%"
"09/07/2023","30.9000","30.9000","30.9500","30.8000","","0.00%"
"09/06/2023","30.9000","30.9000","30.9500","30.8000","","-0.08%"
"09/05/2023","30.9250","30.9000","30.9500","30.8000","","0.08%"
"09/04/2023","30.9000","30.9000","30.9500","30.8000","","-0.16%"
"09/03/2023","30.9500","30.9000","30.9500","30.8000","","0.16%"
"09/02/2023","30.9000","30.9000","30.9000","30.9000","","0.00%"
"09/01/2023","30.9000","30.9000","30.9000","30.9000","","0.00%"
"08/31/2023","30.9000","30.9000","30.9500","30.8000","","0.00%"
"08/30/2023","30.9000","30.9000","30.9500","30.8000","","-0.16%"
"08/29/2023","30.9500","30.9000","30.9500","30.8000","","0.16%"
"08/28/2023","30.9000","30.9000","30.9500","30.8000","","0.32%"
"08/27/2023","30.8000","30.9500","30.9500","30.8000","","-0.32%"
"08/26/2023","30.9000","30.9000","30.9000","30.9000","","0.00%"
"08/25/2023","30.9000","30.9000","30.9000","30.9000","","0.00%"
"08/24/2023","30.9000","30.9000","30.9500","30.8000","","0.00%"
"08/23/2023","30.9000","30.8000","30.9500","30.8000","","0.00%"
"08/22/2023","30.9000","30.9000","30.9500","30.8000","","0.00%"
"08/21/2023","30.9000","30.9000","30.9500","30.8000","","-0.08%"
"08/20/2023","30.9250","30.9000","30.9500","30.8000","","0.08%"
"08/19/2023","30.9000","30.9000","30.9000","30.9000","","0.00%"
"08/18/2023","30.9000","30.9000","30.9000","30.9000","","0.00%"
"08/17/2023","30.9000","30.9000","30.9500","30.8000","","0.00%"
"08/16/2023","30.9000","30.9000","30.9500","30.8000","","0.00%"
"08/15/2023","30.9000","30.9000","30.9500","30.8000","","0.00%"
"08/14/2023","30.9000","30.9000","30.9500","30.8000","","-0.16%"
"08/13/2023","30.9500","30.9000","30.9500","30.8000","","0.16%"
"08/12/2023","30.9000","30.9000","30.9000","30.9000","","0.00%"
"08/11/2023","30.9000","30.9000","30.9000","30.9000","","0.00%"
"08/10/2023","30.9000","30.8000","30.9500","30.8000","","0.00%"
"08/09/2023","30.9000","30.9000","30.9500","30.8000","","0.00%"
"08/08/2023","30.9000","30.9000","30.9500","30.8000","","0.00%"
"08/07/2023","30.9000","30.8000","30.9500","30.8000","","-0.16%"
"08/06/2023","30.9500","30.9000","30.9500","30.8000","","0.00%"
"08/05/2023","30.9500","30.9500","30.9500","30.9500","","0.00%"
"08/04/2023","30.9500","30.9500","30.9500","30.9500","","0.00%"
"08/03/2023","30.9500","30.9500","30.9500","30.8000","","0.16%"
"08/02/2023","30.9000","30.8000","30.9500","30.8000","","0.00%"
"08/01/2023","30.9000","30.9000","30.9500","30.8000","","0.00%"
"07/31/2023","30.9000","30.9000","30.9500","30.8000","","0.00%"
"07/30/2023","30.9000","30.9000","30.9500","30.8000","","0.00%"
"07/29/2023","30.9000","30.9000","30.9000","30.9000","","0.00%"
"07/28/2023","30.9000","30.9000","30.9000","30.9000","","0.00%"
"07/27/2023","30.9000","30.9000","30.9500","30.8000","","0.00%"
"07/26/2023","30.9000","30.9000","30.9500","30.8000","","0.00%"
"07/25/2023","30.9000","30.9000","30.9500","30.8000","","0.00%"
"07/24/2023","30.9000","30.9000","30.9500","30.8000","","0.00%"
"07/23/2023","30.9000","30.9000","30.9000","30.9000","","0.00%"
"07/22/2023","30.9000","30.9000","30.9000","30.9000","","0.32%"
"07/21/2023","30.8000","30.8000","30.8000","30.8000","","0.00%"
"07/20/2023","30.8000","30.8000","30.8000","30.8000","","0.00%"
"07/19/2023","30.8000","30.9000","30.9500","30.8000","","-0.32%"
"07/18/2023","30.9000","30.9000","30.9500","30.8000","","0.00%"
"07/17/2023","30.9000","30.9000","30.9500","30.8000","","0.00%"
"07/16/2023","30.9000","30.9000","30.9500","30.8000","","0.00%"
"07/15/2023","30.9000","30.9000","30.9000","30.9000","","0.00%"
"07/14/2023","30.9000","30.9000","30.9000","30.9000","","0.00%"
"07/13/2023","30.9000","30.9000","30.9500","30.8000","","-0.08%"
"07/12/2023","30.9250","30.9000","30.9500","30.8000","","0.00%"
"07/11/2023","30.9250","30.9000","30.9500","30.8000","","0.08%"
"07/10/2023","30.9000","30.9000","30.9500","30.8000","","0.00%"
"07/09/2023","30.9000","30.9000","30.9500","30.8000","","0.00%"
"07/08/2023","30.9000","30.9000","30.9000","30.9000","","0.00%"
"07/07/2023","30.9000","30.9000","30.9000","30.9000","","0.00%"
"07/06/2023","30.9000","30.9500","30.9500","30.8000","","0.00%"
"07/05/2023","30.9000","30.9113","30.9500","30.8000","","0.00%"
"07/04/2023","30.9000","30.9000","30.9500","30.8000","","0.00%"
"07/03/2023","30.9000","30.9000","30.9000","30.9000","","0.00%"
"07/02/2023","30.9000","30.9000","30.9000","30.9000","","0.00%"
"07/01/2023","30.9000","30.9000","30.9000","30.9000","","0.00%"
"06/30/2023","30.9000","30.9000","30.9000","30.9000","","0.00%"
"06/29/2023","30.9000","30.9000","30.9000","30.9000","","0.00%"
"06/28/2023","30.9000","30.9000","30.9000","30.9000","","0.00%"
"06/27/2023","30.9000","30.9000","30.9000","30.9000","","0.00%"
"06/26/2023","30.9000","30.9000","30.9500","30.8000","","0.00%"
"06/25/2023","30.9000","30.9000","30.9500","30.8000","","0.00%"
"06/24/2023","30.9000","30.9000","30.9000","30.9000","","0.00%"
"06/23/2023","30.9000","30.9000","30.9000","30.9000","","-0.05%"
"06/22/2023","30.9150","30.9000","30.9500","30.8000","","0.05%"
"06/21/2023","30.9000","30.9113","30.9500","30.8000","","0.00%"
"06/20/2023","30.9000","30.8000","30.9500","30.8000","","0.00%"
"06/19/2023","30.9000","30.9000","30.9500","30.8000","","0.00%"
"06/18/2023","30.9000","30.8000","30.9500","30.8000","","0.00%"
"06/17/2023","30.9000","30.9000","30.9000","30.9000","","0.00%"
"06/16/2023","30.9000","30.9000","30.9000","30.9000","","0.00%"
"06/15/2023","30.9000","30.9000","30.9500","30.8000","","0.00%"
"06/14/2023","30.9000","30.9000","30.9500","30.8000","","0.00%"
"06/13/2023","30.9000","30.9000","30.9500","30.8000","","0.00%"
"06/12/2023","30.9000","30.9000","30.9500","30.8000","","0.00%"
"06/11/2023","30.9000","30.9000","30.9500","30.8000","","-0.16%"
"06/10/2023","30.9500","30.9500","30.9500","30.9500","","0.00%"
"06/09/2023","30.9500","30.9500","30.9500","30.9500","","0.00%"
"06/08/2023","30.9500","30.8000","30.9500","30.8000","","0.00%"
"06/07/2023","30.9500","30.9000","30.9500","30.8000","","0.16%"
"06/06/2023","30.9000","30.9000","30.9500","30.8000","","0.32%"
"06/05/2023","30.8000","30.9000","30.9500","30.8000","","-0.32%"
"06/04/2023","30.9000","30.9000","30.9500","30.8000","","-0.08%"
"06/03/2023","30.9250","30.9250","30.9250","30.9250","","0.08%"
"06/02/2023","30.9000","30.9000","30.9000","30.9000","","0.00%"
"06/01/2023","30.9000","30.9000","30.9500","30.8000","","0.00%"
"05/31/2023","30.9000","30.8000","30.9500","30.8000","","0.00%"
"05/30/2023","30.9000","30.9000","30.9500","30.8000","","0.00%"
"05/29/2023","30.9000","30.9000","30.9500","30.8000","","0.00%"
"05/28/2023","30.9000","30.9000","30.9500","30.8000","","0.00%"
"05/27/2023","30.9000","30.9000","30.9000","30.9000","","0.00%"
"05/26/2023","30.9000","30.9000","30.9000","30.9000","","0.00%"
"05/25/2023","30.9000","30.9000","30.9500","30.8000","","0.00%"
"05/24/2023","30.9000","30.9000","30.9500","30.8000","","0.32%"
"05/23/2023","30.8000","30.8000","30.9500","30.8000","","-0.32%"
"05/22/2023","30.9000","30.9000","30.9500","30.8000","","0.00%"
"05/21/2023","30.9000","30.9000","30.9500","30.8000","","0.00%"
"05/20/2023","30.9000","30.9000","30.9000","30.9000","","0.00%"
"05/19/2023","30.9000","30.9000","30.9000","30.9000","","0.00%"
"05/18/2023","30.9000","30.9000","30.9500","30.8000","","0.00%"
"05/17/2023","30.9000","30.9000","30.9500","30.8000","","0.00%"
"05/16/2023","30.9000","30.9000","30.9500","30.8000","","0.00%"
"05/15/2023","30.9000","30.9000","30.9500","30.8000","","0.00%"
"05/14/2023","30.9000","30.9000","30.9500","30.8000","","0.00%"
"05/13/2023","30.9000","30.9000","30.9000","30.9000","","0.00%"
"05/12/2023","30.9000","30.9000","30.9000","30.9000","","0.00%"
"05/11/2023","30.9000","30.9000","30.9500","30.8000","","0.00%"
"05/10/2023","30.9000","30.9153","30.9500","30.8000","","0.00%"
"05/09/2023","30.9000","30.9000","30.9500","30.8000","","0.00%"
"05/08/2023","30.9000","30.9000","30.9500","30.8000","","0.00%"
"05/07/2023","30.9000","30.9000","30.9500","30.8000","","0.32%"
"05/06/2023","30.8000","30.8000","30.8000","30.8000","","0.00%"
"05/05/2023","30.8000","30.8000","30.8000","30.8000","","-0.48%"
"05/04/2023","30.9500","30.9500","30.9500","30.9500","","0.00%"
"05/03/2023","30.9500","30.9000","30.9500","30.8000","","0.11%"
"05/02/2023","30.9150","30.9000","30.9500","30.8000","","0.05%"
"05/01/2023","30.9000","30.9000","30.9500","30.8000","","0.00%"
"04/30/2023","30.9000","30.9000","30.9500","30.8000","","0.00%"
"04/29/2023","30.9000","30.9000","30.9000","30.9000","","0.00%"
"04/28/2023","30.9000","30.9000","30.9000","30.9000","","0.00%"
"04/27/2023","30.9000","30.9000","30.9500","30.8000","","-0.16%"
"04/26/2023","30.9500","30.9000","30.9500","30.8000","","0.16%"
"04/25/2023","30.9000","30.9000","30.9000","30.9000","","0.00%"
"04/24/2023","30.9000","30.9000","30.9000","30.9000","","0.00%"
"04/23/2023","30.9000","30.9000","30.9000","30.9000","","0.00%"
"04/22/2023","30.9000","30.9000","30.9000","30.9000","","0.00%"
"04/21/2023","30.9000","30.9000","30.9000","30.9000","","0.00%"
"04/20/2023","30.9000","30.9000","30.9000","30.9000","","0.00%"
"04/19/2023","30.9000","30.9163","30.9500","30.8000","","0.00%"
"04/18/2023","30.9000","30.9000","30.9500","30.8000","","0.00%"
"04/17/2023","30.9000","30.9000","30.9000","30.9000","","0.00%"
"04/16/2023","30.9000","30.9000","30.9000","30.9000","","0.00%"
"04/15/2023","30.9000","30.9000","30.9000","30.9000","","0.00%"
"04/14/2023","30.9000","30.9000","30.9000","30.9000","","0.00%"
"04/13/2023","30.9000","30.9100","30.9500","30.8000","","0.00%"
"04/12/2023","30.9000","30.9000","30.9500","30.8000","","0.32%"
"04/11/2023","30.8000","30.9000","30.9500","30.8000","","-0.32%"
"04/10/2023","30.9000","30.9000","30.9500","30.8000","","0.00%"
"04/09/2023","30.9000","30.9000","30.9500","30.7800","","0.00%"
"04/08/2023","30.9000","30.9000","30.9000","30.9000","","0.00%"
"04/07/2023","30.9000","30.9000","30.9000","30.9000","","0.00%"
"04/06/2023","30.9000","30.9000","30.9500","30.8000","","0.00%"
"04/05/2023","30.9000","30.9000","30.9600","30.8000","","0.00%"
"04/04/2023","30.9000","30.9000","30.9550","30.8000","","0.00%"
"04/03/2023","30.9000","30.8000","30.9500","30.8000","","0.00%"
"04/02/2023","30.9000","30.9150","30.9500","30.8000","","0.32%"
"04/01/2023","30.8000","30.8000","30.8000","30.8000","","0.00%"
"03/31/2023","30.8000","30.8000","30.8000","30.8000","","-0.32%"
"03/30/2023","30.9000","30.9000","30.9500","30.8000","","0.32%"
"03/29/2023","30.8000","30.9000","30.9500","30.8000","","-0.32%"
"03/28/2023","30.9000","30.9000","30.9500","30.8000","","0.00%"
"03/27/2023","30.9000","30.9000","30.9500","30.8000","","0.00%"
"03/26/2023","30.9000","30.8000","30.9500","30.8000","","0.00%"
"03/25/2023","30.9000","30.9000","30.9000","30.9000","","0.00%"
"03/24/2023","30.9000","30.9000","30.9000","30.9000","","-0.16%"
"03/23/2023","30.9500","30.9500","30.9500","30.8000","","0.16%"
"03/22/2023","30.9000","30.9000","30.9500","30.8000","","0.00%"
"03/21/2023","30.9000","30.9500","30.9500","30.9000","","0.00%"
"03/20/2023","30.9000","30.9000","30.9550","30.8000","","-0.16%"
"03/19/2023","30.9500","30.9000","30.9500","30.8000","","0.49%"
"03/18/2023","30.8000","30.8000","30.8000","30.8000","","0.00%"
"03/17/2023","30.8000","30.8000","30.8000","30.8000","","0.00%"
"03/16/2023","30.8000","30.9000","30.9550","30.8000","","-0.32%"
"03/15/2023","30.9000","30.9000","30.9500","30.8000","","0.00%"
"03/14/2023","30.9000","30.9000","30.9500","30.8000","","0.00%"
"03/13/2023","30.9000","30.9000","30.9500","30.8000","","-0.16%"
"03/12/2023","30.9500","30.9000","30.9500","30.7600","","0.16%"
"03/11/2023","30.9000","30.9000","30.9000","30.9000","","0.00%"
"03/10/2023","30.9000","30.9000","30.9000","30.9000","","0.00%"
"03/09/2023","30.9000","30.8800","30.9500","30.7800","","0.06%"
"03/08/2023","30.8800","30.7300","30.9300","30.7300","","0.49%"
"03/07/2023","30.7300","30.6800","30.8800","30.6550","","-0.32%"
"03/06/2023","30.8299","30.7050","30.8299","30.6200","","0.28%"
"03/05/2023","30.7450","30.7700","30.7700","30.6200","","-0.08%"
"03/04/2023","30.7700","30.7700","30.7700","30.7700","","0.00%"
"03/03/2023","30.7700","30.7700","30.7700","30.7700","","0.00%"
"03/02/2023","30.7700","30.5300","30.7800","30.5300","","0.46%"
"03/01/2023","30.6300","30.6150","30.6800","30.5300","","0.00%"
"02/28/2023","30.6300","30.6800","30.6800","30.5300","","0.00%"
"02/27/2023","30.6300","30.6150","30.6800","30.5300","","0.00%"
"02/26/2023","30.6300","30.6150","30.6800","30.5300","","0.00%"
"02/25/2023","30.6300","30.6300","30.6300","30.6300","","0.00%"
"02/24/2023","30.6300","30.6300","30.6300","30.6300","","0.00%"
"02/23/2023","30.6300","30.6150","30.6800","30.5300","","0.00%"
"02/22/2023","30.6300","30.5850","30.6800","30.5000","","0.10%"
"02/21/2023","30.6000","30.5650","30.6499","30.4800","","0.11%"
"02/20/2023","30.5650","30.5550","30.6350","30.4700","","-0.18%"
"02/19/2023","30.6200","30.5700","30.6200","30.4700","","0.16%"
"02/18/2023","30.5700","30.5700","30.5700","30.5700","","0.05%"
"02/17/2023","30.5550","30.5550","30.5550","30.5550","","-0.05%"
"02/16/2023","30.5700","30.5550","30.6200","30.4700","","0.08%"
"02/15/2023","30.5450","30.5550","30.6200","30.4700","","-0.15%"
"02/14/2023","30.5900","30.5350","30.6200","30.4500","","0.21%"
"02/13/2023","30.5250","30.5150","30.6000","30.4300","","-0.02%"
"02/12/2023","30.5300","30.5000","30.5799","30.4000","","0.10%"
"02/11/2023","30.5000","30.5000","30.5000","30.5000","","0.00%"
"02/10/2023","30.5000","30.5000","30.5000","30.5000","","0.00%"
"02/09/2023","30.5000","30.3550","30.5500","30.2700","","0.43%"
"02/08/2023","30.3700","30.2850","30.4200","30.2000","","0.23%"
"02/07/2023","30.3000","30.2850","30.3500","30.2000","","0.33%"
"02/06/2023","30.2000","30.2650","30.3500","30.1800","","-0.26%"
"02/05/2023","30.2800","30.2650","30.3299","30.1800","","0.00%"
"02/04/2023","30.2800","30.2800","30.2800","30.2800","","0.05%"
"02/03/2023","30.2650","30.2800","30.2800","30.2650","","-0.05%"
"02/02/2023","30.2800","30.2000","30.3299","30.1000","","0.26%"
"02/01/2023","30.2000","30.1650","30.2500","30.0650","","0.07%"
"01/31/2023","30.1800","30.0500","30.2650","29.9500","","0.32%"
"01/30/2023","30.0850","29.8900","30.1000","29.8300","","0.48%"
"01/29/2023","29.9400","29.8900","29.9400","29.7900","","0.17%"
"01/28/2023","29.8900","29.8900","29.8900","29.8900","","0.00%"
"01/27/2023","29.8900","29.8900","29.8900","29.8900","","0.00%"
"01/26/2023","29.8900","29.8900","29.8900","29.8900","","0.00%"
"01/25/2023","29.8900","29.8900","29.9400","29.7900","","0.15%"
"01/24/2023","29.8450","29.8700","29.9400","29.7700","","-0.08%"
"01/23/2023","29.8700","29.8400","29.9300","29.7400","","-0.07%"
"01/22/2023","29.8900","29.8400","29.9105","29.7400","","0.17%"
"01/21/2023","29.8400","29.8400","29.8400","29.8400","","0.00%"
"01/20/2023","29.8400","29.8400","29.8400","29.8400","","0.00%"
"01/19/2023","29.8400","29.5500","29.8950","29.5500","","0.64%"
"01/18/2023","29.6500","29.5800","29.7100","29.4800","","0.24%"
"01/17/2023","29.5800","29.6500","29.7750","29.4800","","-0.24%"
"01/16/2023","29.6500","29.5250","29.6925","29.3500","","0.00%"
"01/15/2023","29.6488","29.5250","29.6750","29.4500","","0.33%"
"01/14/2023","29.5500","29.5500","29.5500","29.5500","","0.00%"
"01/13/2023","29.5500","29.5500","29.5500","29.5500","","0.00%"
"01/12/2023","29.5500","29.6500","30.6900","29.3500","","-0.51%"
"01/11/2023","29.7000","27.6500","32.2000","27.5500","","7.32%"
"01/10/2023","27.6750","27.5250","27.7300","27.4500","0.21K","0.27%"
"01/09/2023","27.6000","27.2250","27.7250","27.0500","0.54K","1.47%"
"01/08/2023","27.2000","27.2000","27.2000","27.2000","","0.00%"
"01/07/2023","27.2000","27.2000","27.2000","27.2000","","0.00%"
"01/06/2023","27.2000","27.2000","27.2000","27.2000","","0.00%"
"01/05/2023","27.2000","26.5000","27.2500","26.2750","0.84K","2.84%"
"01/04/2023","26.4500","24.7350","26.6000","24.7050","1.89K","6.76%"
"01/03/2023","24.7750","24.7150","24.8200","24.6850","0.22K","0.22%"
"01/02/2023","24.7200","24.7200","24.7700","24.6800","0.11K","-0.14%"
"01/01/2023","24.7550","24.7550","24.7550","24.7550","","0.00%"
"12/31/2022","24.7550","24.7550","24.7550","24.7550","","0.00%"
"12/30/2022","24.7550","24.7550","24.7550","24.7550","","0.00%"
"12/29/2022","24.7550","24.7300","24.7700","24.6800","0.11K","-0.06%"
"12/28/2022","24.7698","24.7250","24.7750","24.6650","0.17K","0.28%"
"12/27/2022","24.7000","24.6950","24.7499","24.6300","0.10K","-0.20%"
"12/26/2022","24.7498","24.6950","24.7499","24.6650","0.09K","0.00%"
"12/25/2022","24.7498","24.7150","24.7499","24.6050","","0.00%"
"12/24/2022","24.7499","24.7499","24.7499","24.7499","","0.00%"
"12/23/2022","24.7499","24.7499","24.7499","24.7499","","0.00%"
"12/22/2022","24.7499","24.6650","24.7499","24.6650","0.09K","0.06%"
"12/21/2022","24.7350","24.6950","24.7499","24.6650","0.09K","0.14%"
"12/20/2022","24.7000","24.6950","24.7550","24.6550","0.11K","-0.14%"
"12/19/2022","24.7350","24.6700","24.7499","24.6300","0.17K","0.06%"
"12/18/2022","24.7199","24.6850","24.7199","24.6200","","0.14%"
"12/17/2022","24.6850","24.6850","24.6850","24.6850","","0.00%"
"12/16/2022","24.6850","24.6850","24.6850","24.6850","","0.00%"
"12/15/2022","24.6850","24.6700","24.7199","24.6250","0.13K","-0.12%"
"12/14/2022","24.7150","24.6300","24.7199","24.5850","0.25K","0.24%"
"12/13/2022","24.6550","24.5950","24.6799","24.5850","0.13K","0.00%"
"12/12/2022","24.6550","24.5900","24.6799","24.5650","0.17K","0.22%"
"12/11/2022","24.6000","24.5900","24.6499","24.5650","","0.00%"
"12/10/2022","24.6000","24.6000","24.6000","24.6000","","0.00%"
"12/09/2022","24.6000","24.6000","24.6000","24.6000","","0.00%"
"12/08/2022","24.6000","24.5950","24.6550","24.5650","0.14K","-0.18%"
"12/07/2022","24.6450","24.5650","24.6750","24.5500","0.16K","0.18%"
"12/06/2022","24.6000","24.5863","24.6950","24.5350","0.23K","0.16%"
"12/05/2022","24.5600","24.5800","24.6155","24.5350","0.11K","-0.20%"
"12/04/2022","24.6099","24.5700","24.6155","24.5100","","0.18%"
"12/03/2022","24.5650","24.5650","24.5650","24.5650","","0.00%"
"12/02/2022","24.5650","24.5650","24.5650","24.5650","","0.00%"
"12/01/2022","24.5650","24.5550","24.6300","24.5250","0.17K","0.06%"
"11/30/2022","24.5500","24.5550","24.6050","24.5250","0.10K","0.00%"
"11/29/2022","24.5500","24.5550","24.6050","24.5250","0.12K","-0.08%"
"11/28/2022","24.5700","24.5400","24.6050","24.5050","0.18K","0.16%"
"11/27/2022","24.5300","24.5400","24.5850","24.5050","","-0.18%"
"11/26/2022","24.5750","24.5750","24.5750","24.5750","","0.00%"
"11/25/2022","24.5750","24.5750","24.5750","24.5750","","0.00%"
"11/24/2022","24.5750","24.5400","24.5850","24.5050","0.12K","0.08%"
"11/23/2022","24.5550","24.5100","24.5850","24.4850","0.21K","0.18%"
"11/22/2022","24.5100","24.5100","24.5650","24.4750","0.18K","-0.06%"
"11/21/2022","24.5250","24.4700","24.5600","24.4400","0.21K","0.22%"
"11/20/2022","24.4700","24.5000","24.5624","24.4450","","-0.18%"
"11/19/2022","24.5150","24.5150","24.5150","24.5150","","0.00%"
"11/18/2022","24.5150","24.5150","24.5150","24.5150","","0.00%"
"11/17/2022","24.5150","24.4600","24.5200","24.4350","0.23K","0.12%"
"11/16/2022","24.4850","24.4600","24.5150","24.4050","0.29K","0.12%"
"11/15/2022","24.4550","24.4598","24.4800","24.3800","0.20K","-0.02%"
"11/14/2022","24.4595","24.4250","24.4600","24.3550","0.19K","0.26%"
"11/13/2022","24.3950","24.3700","24.4500","24.3550","","0.02%"
"11/12/2022","24.3900","24.3900","24.3900","24.3900","","0.00%"
"11/11/2022","24.3900","24.3900","24.3900","24.3900","","0.00%"
"11/10/2022","24.3900","24.3700","24.4500","24.3220","0.31K","-0.02%"
"11/09/2022","24.3950","24.3300","24.4299","24.2500","0.25K","0.21%"
"11/08/2022","24.3450","24.3000","24.4250","24.2500","0.32K","0.10%"
"11/07/2022","24.3200","24.2500","24.3800","24.2000","0.28K","0.29%"
"11/06/2022","24.2500","24.2500","24.3000","24.2000","","0.00%"
"11/05/2022","24.2500","24.2500","24.2500","24.2500","","0.00%"
"11/04/2022","24.2500","24.2500","24.2500","24.2500","","0.00%"
"11/03/2022","24.2500","24.2000","24.3250","24.0500","0.52K","0.71%"
"11/02/2022","24.0800","24.2000","24.3000","24.0500","0.34K","-0.50%"
"11/01/2022","24.2000","24.0000","24.2700","24.0000","0.29K","0.10%"
"10/31/2022","24.1750","23.8500","24.2550","23.8500","0.31K","1.36%"
"10/30/2022","23.8500","22.9500","24.2150","22.9000","","3.02%"
"10/29/2022","23.1500","23.1500","23.1500","23.1500","","0.00%"
"10/28/2022","23.1500","23.1500","23.1500","23.1500","","0.00%"
"10/27/2022","23.1500","19.7000","23.1500","19.6900","1.39K","17.45%"
"10/26/2022","19.7100","19.6800","19.7400","19.6700","0.16K","0.03%"
"10/25/2022","19.7050","19.6600","19.7200","19.6450","0.15K","0.23%"
"10/24/2022","19.6600","19.6600","19.7000","19.6500","0.07K","-0.20%"
"10/23/2022","19.7000","19.6600","19.7000","19.6450","","0.43%"
"10/22/2022","19.6150","19.6150","19.6150","19.6150","","0.00%"
"10/21/2022","19.6150","19.6150","19.6150","19.6150","","0.00%"
"10/20/2022","19.6150","19.6600","19.7000","19.6050","0.07K","-0.33%"
"10/19/2022","19.6800","19.6600","19.7000","19.6500","0.09K","0.10%"
"10/18/2022","19.6600","19.6600","19.7000","19.6500","0.07K","-0.10%"
"10/17/2022","19.6800","19.6600","19.7000","19.6500","0.09K","0.10%"
"10/16/2022","19.6600","19.6600","19.7000","19.5300","","0.00%"
"10/15/2022","19.6600","19.6600","19.6600","19.6600","","0.00%"
"10/14/2022","19.6600","19.6600","19.6600","19.6600","","0.00%"
"10/13/2022","19.6600","19.6600","19.7000","19.6400","0.07K","-0.13%"
"10/12/2022","19.6850","19.6600","19.7000","19.6500","0.07K","0.00%"
"10/11/2022","19.6850","19.6400","19.7050","19.6300","0.16K","0.10%"
"10/10/2022","19.6650","19.6400","19.6850","19.6300","0.07K","-0.08%"
"10/09/2022","19.6800","19.6400","19.6800","19.6300","","0.10%"
"10/08/2022","19.6600","19.6600","19.6600","19.6600","","0.00%"
"10/07/2022","19.6600","19.6600","19.6600","19.6600","","0.10%"
"10/06/2022","19.6400","19.6400","19.6400","19.6400","","-0.10%"
"10/05/2022","19.6600","19.6400","19.6800","19.6300","0.09K","0.00%"
"10/04/2022","19.6600","19.6200","19.6900","19.6100","0.32K","0.20%"
"10/03/2022","19.6200","19.5400","19.6650","19.4400","0.23K","0.41%"
"10/02/2022","19.5400","19.5400","19.5800","19.5050","","0.00%"
"10/01/2022","19.5400","19.5400","19.5400","19.5400","","0.00%"
"09/30/2022","19.5400","19.5400","19.5400","19.5400","","0.00%"
"09/29/2022","19.5400","19.5100","19.5875","19.5000","0.16K","0.05%"
"09/28/2022","19.5300","19.4900","19.5550","19.4800","0.14K","0.21%"
"09/27/2022","19.4900","19.4700","19.5375","19.4200","0.07K","-0.10%"
"09/26/2022","19.5100","19.4700","19.5375","19.4600","0.12K","0.10%"
"09/25/2022","19.4900","19.4700","19.5150","19.3550","","0.00%"
"09/24/2022","19.4900","19.4900","19.4900","19.4900","","0.00%"
"09/23/2022","19.4900","19.4900","19.4900","19.4900","","0.00%"
"09/22/2022","19.4900","19.4700","19.5175","19.4100","0.09K","0.05%"
"09/21/2022","19.4800","19.4200","19.5250","19.3550","","0.21%"
"09/20/2022","19.4400","19.4000","19.4650","19.3900","","0.10%"
"09/19/2022","19.4200","19.4000","19.4475","19.3900","","-0.14%"
"09/18/2022","19.4475","19.4000","19.4475","19.3550","","0.12%"
"09/17/2022","19.4250","19.4250","19.4250","19.4250","","0.00%"
"09/16/2022","19.4250","19.4250","19.4250","19.4250","","0.00%"
"09/15/2022","19.4250","19.4000","19.4400","19.3450","","0.28%"
"09/14/2022","19.3700","19.3400","19.4150","19.3300","","0.10%"
"09/13/2022","19.3500","19.3400","19.3875","19.3300","","-0.05%"
"09/12/2022","19.3600","19.3200","19.3800","19.2200","","0.21%"
"09/11/2022","19.3200","19.2900","19.3650","19.2300","","-0.03%"
"09/10/2022","19.3250","19.3250","19.3250","19.3250","","0.00%"
"09/09/2022","19.3250","19.3250","19.3250","19.3250","","0.00%"
"09/08/2022","19.3250","19.2500","19.3575","19.2200","","0.29%"
"09/07/2022","19.2700","19.2200","19.2950","19.2050","","0.08%"
"09/06/2022","19.2550","19.2100","19.2675","19.1400","","0.10%"
"09/05/2022","19.2350","19.2100","19.2575","19.2000","0.06K","0.13%"
"09/04/2022","19.2100","19.2250","19.2500","19.2000","","-0.10%"
"09/03/2022","19.2300","19.2300","19.2300","19.2300","","0.00%"
"09/02/2022","19.2300","19.2300","19.2300","19.2300","","0.00%"
"09/01/2022","19.2300","19.2113","19.2500","19.1700","0.07K","-0.03%"
"08/31/2022","19.2350","19.2250","19.2575","19.2000","0.09K","0.00%"
"08/30/2022","19.2350","19.1900","19.2575","19.1800","0.16K","0.13%"
"08/29/2022","19.2100","19.1900","19.2350","19.1450","0.16K","0.03%"
"08/28/2022","19.2050","19.1700","19.2100","19.1600","","0.05%"
"08/27/2022","19.1950","19.1950","19.1950","19.1950","","0.00%"
"08/26/2022","19.1950","19.1950","19.1950","19.1950","","0.00%"
"08/25/2022","19.1950","19.1800","19.2175","19.1500","0.15K","-0.03%"
"08/24/2022","19.2000","19.1737","19.2075","19.1300","0.16K","0.16%"
"08/23/2022","19.1700","19.1300","19.1900","19.1200","0.16K","0.00%"
"08/22/2022","19.1700","19.1500","19.1700","19.1200","0.09K","0.00%"
"08/21/2022","19.1700","19.1300","19.1750","19.1200","","0.21%"
"08/20/2022","19.1300","19.1300","19.1300","19.1300","","-0.10%"
"08/19/2022","19.1500","19.1500","19.1500","19.1500","","0.00%"
"08/18/2022","19.1500","19.1300","19.1700","19.1200","0.07K","0.10%"
"08/17/2022","19.1300","19.1300","19.1700","19.1200","0.07K","-0.10%"
"08/16/2022","19.1500","19.1300","19.1700","19.1200","0.10K","0.00%"
"08/15/2022","19.1500","19.1300","19.1750","19.1200","0.11K","0.10%"
"08/14/2022","19.1300","19.1500","19.1750","19.1100","","-0.10%"
"08/13/2022","19.1500","19.1500","19.1500","19.1500","","0.00%"
"08/12/2022","19.1500","19.1500","19.1500","19.1500","","0.00%"
"08/11/2022","19.1500","19.1300","19.1700","19.1200","0.09K","0.10%"
"08/10/2022","19.1300","19.1500","19.1750","19.1200","0.12K","-0.16%"
"08/09/2022","19.1600","19.1540","19.1700","19.1000","0.09K","-0.05%"
"08/08/2022","19.1700","19.1100","19.1750","19.0950","0.17K","0.31%"
"08/07/2022","19.1100","19.1250","19.1550","19.1000","","0.00%"
"08/06/2022","19.1100","19.1100","19.1100","19.1100","","0.00%"
"08/05/2022","19.1100","19.1300","19.1300","19.1100","","-0.21%"
"08/04/2022","19.1500","19.0800","19.1550","19.0700","0.16K","0.37%"
"08/03/2022","19.0800","19.0200","19.1250","18.9200","0.17K","0.21%"
"08/02/2022","19.0400","18.9400","19.0600","18.9300","0.24K","0.34%"
"08/01/2022","18.9750","18.9400","18.9800","18.9300","0.09K","0.08%"
"07/31/2022","18.9600","18.9200","18.9850","18.9100","","0.21%"
"07/30/2022","18.9200","18.9200","18.9200","18.9200","","0.00%"
"07/29/2022","18.9200","18.9200","18.9200","18.9200","","0.00%"
"07/28/2022","18.9200","18.9400","18.9650","18.9100","0.10K","-0.11%"
"07/27/2022","18.9400","18.9400","18.9650","18.9100","0.09K","-0.11%"
"07/26/2022","18.9600","18.9200","18.9650","18.9100","0.11K","0.00%"
"07/25/2022","18.9600","18.9200","18.9650","18.9100","0.08K","0.00%"
"07/24/2022","18.9600","18.9200","18.9600","18.8700","","0.21%"
"07/23/2022","18.9200","18.9200","18.9200","18.9200","","0.00%"
"07/22/2022","18.9200","18.9200","18.9200","18.9200","","0.00%"
"07/21/2022","18.9200","18.9300","18.9700","18.8700","0.17K","-0.16%"
"07/20/2022","18.9500","18.9313","18.9550","18.9000","0.10K","0.21%"
"07/19/2022","18.9100","18.8800","18.9550","18.8700","0.18K","-0.05%"
"07/18/2022","18.9200","18.8600","18.9250","18.8500","0.20K","0.32%"
"07/17/2022","18.8600","18.8600","18.9050","18.8400","","-0.11%"
"07/16/2022","18.8800","18.8800","18.8800","18.8800","","0.00%"
"07/15/2022","18.8800","18.8800","18.8800","18.8800","","0.00%"
"07/14/2022","18.8800","18.8750","18.8800","18.8750","0.00K","0.03%"
"07/13/2022","18.8750","18.8750","18.8750","18.8750","","-0.03%"
"07/12/2022","18.8800","18.8800","18.8800","18.8800","","0.00%"
"07/11/2022","18.8800","18.8800","18.8800","18.8800","","0.11%"
"07/10/2022","18.8600","18.8600","18.8600","18.8600","","0.00%"
"07/09/2022","18.8600","18.8600","18.8600","18.8600","","0.00%"
"07/08/2022","18.8600","18.8600","18.8600","18.8600","0.00K","-0.13%"
"07/07/2022","18.8850","18.8800","18.9050","18.8500","0.07K","0.00%"
"07/06/2022","18.8850","18.8650","18.9050","18.8500","0.11K","0.13%"
"07/05/2022","18.8600","18.8650","18.9050","18.8300","0.17K","-0.03%"
"07/04/2022","18.8650","18.8100","18.8875","18.8000","0.14K","0.29%"
"07/03/2022","18.8100","18.8050","18.8550","18.7750","","0.05%"
"07/02/2022","18.8000","18.8000","18.8000","18.8000","","0.00%"
"07/01/2022","18.8000","18.8000","18.8000","18.8000","","0.00%"
"06/30/2022","18.8000","18.8000","18.8000","18.8000","","0.00%"
"06/29/2022","18.8000","18.7600","18.8650","18.7250","0.22K","0.03%"
"06/28/2022","18.7950","18.7400","18.8075","18.7300","0.15K","0.11%"
"06/27/2022","18.7750","18.7400","18.7850","18.7300","0.10K","0.05%"
"06/26/2022","18.7650","18.7550","18.7800","18.7300","","-0.05%"
"06/25/2022","18.7750","18.7750","18.7750","18.7750","","0.00%"
"06/24/2022","18.7750","18.7750","18.7750","18.7750","","0.00%"
"06/23/2022","18.7750","18.7400","18.7850","18.7300","0.09K","0.19%"
"06/22/2022","18.7400","18.7400","18.7850","18.7300","0.09K","-0.05%"
"06/21/2022","18.7500","18.7400","18.7850","18.7300","0.09K","-0.13%"
"06/20/2022","18.7750","18.7400","18.7850","18.7300","0.09K","-0.04%"
"06/19/2022","18.7825","18.7600","18.7850","18.6950","","0.23%"
"06/18/2022","18.7400","18.7400","18.7400","18.7400","","0.00%"
"06/17/2022","18.7400","18.7400","18.7400","18.7400","","0.00%"
"06/16/2022","18.7400","18.7400","18.7825","18.7200","0.11K","-0.13%"
"06/15/2022","18.7650","18.7300","18.7875","18.5900","0.22K","0.13%"
"06/14/2022","18.7400","18.7000","18.7750","18.5900","0.24K","0.11%"
"06/13/2022","18.7200","18.6800","18.7500","18.6700","0.19K","0.21%"
"06/12/2022","18.6800","18.6950","18.7200","18.6400","","-0.16%"
"06/11/2022","18.7100","18.7100","18.7100","18.7100","","0.00%"
"06/10/2022","18.7100","18.7100","18.7100","18.7100","","0.00%"
"06/09/2022","18.7100","18.6800","18.7250","18.6700","0.13K","0.11%"
"06/08/2022","18.6900","18.6600","18.7200","18.6450","0.18K","0.03%"
"06/07/2022","18.6850","18.6300","18.7000","18.6050","0.24K","0.16%"
"06/06/2022","18.6550","18.6300","18.6700","18.6200","0.09K","0.13%"
"06/05/2022","18.6300","18.6300","18.6700","18.5150","","0.00%"
"06/04/2022","18.6300","18.6300","18.6300","18.6300","","0.00%"
"06/03/2022","18.6300","18.6300","18.6300","18.6300","","0.00%"
"06/02/2022","18.6300","18.6100","18.6725","18.5950","0.17K","0.00%"
"06/01/2022","18.6300","18.5800","18.6500","18.5700","0.25K","0.13%"
"05/31/2022","18.6050","18.5800","18.6200","18.5700","0.10K","0.00%"
"05/30/2022","18.6050","18.5800","18.6200","18.5700","0.11K","0.05%"
"05/29/2022","18.5950","18.5800","18.6200","18.5150","","-0.05%"
"05/28/2022","18.6050","18.6050","18.6050","18.6050","","0.00%"
"05/27/2022","18.6050","18.6050","18.6050","18.6050","","0.00%"
"05/26/2022","18.6050","18.5950","18.6200","18.5050","0.10K","0.00%"
"05/25/2022","18.6050","18.5000","18.6300","18.4888","0.35K","0.46%"
"05/24/2022","18.5200","18.4050","18.5400","18.3750","0.32K","0.62%"
"05/23/2022","18.4050","18.2600","18.4350","18.2500","0.54K","0.71%"
"05/22/2022","18.2750","18.2600","18.3000","18.2500","","-0.03%"
"05/21/2022","18.2800","18.2800","18.2800","18.2800","","0.00%"
"05/20/2022","18.2800","18.2800","18.2800","18.2800","","0.00%"
"05/19/2022","18.2800","18.2600","18.3000","18.2500","0.10K","0.11%"
"05/18/2022","18.2600","18.2600","18.3053","18.2500","0.14K","-0.11%"
"05/17/2022","18.2800","18.2700","18.3363","18.2400","0.25K","0.00%"
"05/16/2022","18.2800","18.2900","18.3400","18.2600","0.33K","-0.16%"
"05/15/2022","18.3100","18.3100","18.3612","18.2600","","-0.03%"
"05/14/2022","18.3150","18.3150","18.3150","18.3150","","0.00%"
"05/13/2022","18.3150","18.3150","18.3150","18.3150","","0.00%"
"05/12/2022","18.3150","18.3700","18.4900","18.2800","0.35K","-0.38%"
"05/11/2022","18.3850","18.4900","18.5550","18.3600","0.46K","-0.51%"
"05/10/2022","18.4800","18.4800","18.5225","18.4700","0.09K","0.00%"
"05/09/2022","18.4800","18.4800","18.5225","18.4700","0.10K","-0.19%"
"05/08/2022","18.5150","18.4800","18.5200","18.3900","","0.19%"
"05/07/2022","18.4800","18.4800","18.4800","18.4800","","0.00%"
"05/06/2022","18.4800","18.4800","18.4800","18.4800","","0.00%"
"05/05/2022","18.4800","18.4800","18.4800","18.4800","","0.00%"
"05/04/2022","18.4800","18.4800","18.4800","18.4800","","0.00%"
"05/03/2022","18.4800","18.4800","18.4800","18.4800","","0.00%"
"05/02/2022","18.4800","18.4800","18.4800","18.4800","","0.00%"
"05/01/2022","18.4800","18.4800","18.4800","18.4800","","-0.05%"
"04/30/2022","18.4900","18.4900","18.4900","18.4900","","0.00%"
"04/29/2022","18.4900","18.4900","18.4900","18.4900","","0.00%"
"04/28/2022","18.4900","18.4800","18.5350","18.4100","0.20K","-0.05%"
"04/27/2022","18.5000","18.5000","18.5750","18.4650","0.22K","-0.08%"
"04/26/2022","18.5150","18.5500","18.5900","18.4400","0.29K","-0.24%"
"04/25/2022","18.5600","18.5600","18.5600","18.5600","","-0.11%"
"04/24/2022","18.5800","18.5800","18.5800","18.5800","","0.00%"
"04/23/2022","18.5800","18.5800","18.5800","18.5800","","0.00%"
"04/22/2022","18.5800","18.5800","18.5800","18.5800","","0.00%"
"04/21/2022","18.5800","18.4700","18.5950","18.4200","0.29K","0.49%"
"04/20/2022","18.4900","18.4500","18.5100","18.4200","0.25K","0.11%"
"04/19/2022","18.4700","18.4200","18.4938","18.3600","0.24K","0.16%"
"04/18/2022","18.4400","18.3900","18.5000","18.3600","0.38K","0.16%"
"04/17/2022","18.4100","18.3900","18.4900","18.3600","","0.14%"
"04/16/2022","18.3850","18.3850","18.3850","18.3850","","-0.05%"
"04/15/2022","18.3950","18.3950","18.3950","18.3950","","0.00%"
"04/14/2022","18.3950","18.4100","18.5000","18.3350","0.35K","-0.08%"
"04/13/2022","18.4100","18.5000","18.5550","18.3850","0.73K","-0.49%"
"04/12/2022","18.5000","18.4200","18.5715","18.4100","0.94K","0.33%"
"04/11/2022","18.4400","18.3500","18.4663","18.2900","0.65K","0.49%"
"04/10/2022","18.3500","18.3400","18.3900","18.3190","","0.05%"
"04/09/2022","18.3400","18.3400","18.3400","18.3400","","0.00%"
"04/08/2022","18.3400","18.3400","18.3400","18.3400","","0.00%"
"04/07/2022","18.3400","18.3150","18.3725","18.2775","0.38K","0.16%"
"04/06/2022","18.3100","18.2900","18.3500","18.2395","0.39K","0.38%"
"04/05/2022","18.2400","18.2800","18.3050","18.2150","0.32K","0.00%"
"04/04/2022","18.2400","18.2800","18.3000","18.2100","0.28K","-0.05%"
"04/03/2022","18.2500","18.2900","18.3200","18.2100","","-0.22%"
"04/02/2022","18.2900","18.2900","18.2900","18.2900","","0.05%"
"04/01/2022","18.2800","18.2800","18.2800","18.2800","","0.00%"
"03/31/2022","18.2800","18.3000","18.3300","18.2200","0.43K","0.05%"
"03/30/2022","18.2700","18.3000","18.3450","18.2250","0.53K","-0.27%"
"03/29/2022","18.3200","18.3000","18.3612","18.2750","0.35K","0.05%"
"03/28/2022","18.3100","18.3200","18.3650","18.2700","0.37K","0.14%"
"03/27/2022","18.2850","18.3000","18.3500","18.2200","","-1.16%"
"03/26/2022","18.5000","18.5000","18.5000","18.5000","","0.90%"
"03/25/2022","18.3350","18.3350","18.3350","18.3350","0.00K","0.03%"
"03/24/2022","18.3300","18.3850","18.5050","18.2350","0.66K","-0.22%"
"03/23/2022","18.3700","18.5000","18.5365","18.3000","0.61K","-0.91%"
"03/22/2022","18.5388","18.2000","18.5650","18.1950","0.23K","1.75%"
"03/21/2022","18.2200","15.6900","18.2500","15.6400","0.56K","15.68%"
"03/20/2022","15.7500","15.7100","15.7500","15.6900","","0.19%"
"03/19/2022","15.7200","15.7200","15.7200","15.7200","","0.00%"
"03/18/2022","15.7200","15.7200","15.7200","15.7200","","0.00%"
"03/17/2022","15.7200","15.6900","15.7500","15.6900","0.07K","0.00%"
"03/16/2022","15.7200","15.7100","15.7500","15.6900","0.09K","0.06%"
"03/15/2022","15.7100","15.7000","15.7500","15.6900","0.09K","-0.19%"
"03/14/2022","15.7400","15.7100","15.7500","15.6900","0.10K","-0.06%"
"03/13/2022","15.7500","15.7100","15.7500","15.6600","","0.38%"
"03/12/2022","15.6900","15.6900","15.6900","15.6900","","0.00%"
"03/11/2022","15.6900","15.6900","15.6900","15.6900","","-0.19%"
"03/10/2022","15.7200","15.7100","15.7500","15.6900","0.09K","-0.13%"
"03/09/2022","15.7400","15.7100","15.7500","15.6900","0.09K","0.00%"
"03/08/2022","15.7400","15.7250","15.7500","15.6900","0.10K","0.00%"
"03/07/2022","15.7400","15.7100","15.7500","15.6900","0.12K","0.10%"
"03/06/2022","15.7250","15.7100","15.7500","15.6900","","0.16%"
"03/05/2022","15.7000","15.7000","15.7000","15.7000","","0.06%"
"03/04/2022","15.6900","15.7100","15.7225","15.6900","0.01K","-0.29%"
"03/03/2022","15.7350","15.7460","15.7500","15.6600","0.10K","0.10%"
"03/02/2022","15.7200","15.6900","15.7500","15.6900","0.11K","0.06%"
"03/01/2022","15.7100","15.6900","15.7500","15.6900","0.12K","0.00%"
"02/28/2022","15.7100","15.7100","15.7500","15.6900","0.15K","0.01%"
"02/27/2022","15.7088","15.7100","15.7425","15.6900","","-0.23%"
"02/26/2022","15.7450","15.7450","15.7450","15.7450","","0.00%"
"02/25/2022","15.7450","15.7450","15.7450","15.7450","","0.00%"
"02/24/2022","15.7450","15.7100","15.7455","15.6900","0.13K","0.16%"
"02/23/2022","15.7200","15.7100","15.7475","15.6900","0.13K","0.03%"
"02/22/2022","15.7150","15.7000","15.7500","15.6900","0.16K","0.00%"
"02/21/2022","15.7150","15.7100","15.7475","15.6900","0.16K","0.03%"
"02/20/2022","15.7100","15.7300","15.7450","15.6900","","-0.16%"
"02/19/2022","15.7350","15.7350","15.7350","15.7350","","0.00%"
"02/18/2022","15.7350","15.7350","15.7350","15.7350","","0.00%"
"02/17/2022","15.7350","15.7100","15.7488","15.6900","0.13K","0.16%"
"02/16/2022","15.7100","15.6900","15.7488","15.6900","0.16K","-0.06%"
"02/15/2022","15.7200","15.7388","15.7500","15.6900","0.17K","0.00%"
"02/14/2022","15.7200","15.7000","15.7525","15.6900","0.17K","0.06%"
"02/13/2022","15.7100","15.7100","15.7525","15.6900","","0.00%"
"02/12/2022","15.7100","15.7100","15.7100","15.7100","","0.00%"
"02/11/2022","15.7100","15.7100","15.7100","15.7100","","0.00%"
"02/10/2022","15.7100","15.6900","15.7525","15.6900","0.18K","-0.16%"
"02/09/2022","15.7350","15.7100","15.7513","15.6900","0.17K","0.06%"
"02/08/2022","15.7250","15.7250","15.7613","15.6825","0.18K","0.10%"
"02/07/2022","15.7100","15.7100","15.7475","15.6900","0.14K","0.00%"
"02/06/2022","15.7100","15.7100","15.7450","15.6838","","-0.16%"
"02/05/2022","15.7350","15.7350","15.7350","15.7350","","0.00%"
"02/04/2022","15.7350","15.7350","15.7350","15.7350","","0.00%"
"02/03/2022","15.7350","15.6900","15.7500","15.6898","0.16K","0.17%"
"02/02/2022","15.7085","15.7100","15.7500","15.6900","0.15K","-0.01%"
"02/01/2022","15.7100","15.6900","15.7500","15.6900","0.16K","0.00%"
"01/31/2022","15.7100","15.7100","15.7586","15.6900","0.17K","0.00%"
"01/30/2022","15.7100","15.7100","15.7450","15.6900","","-0.19%"
"01/29/2022","15.7400","15.7400","15.7400","15.7400","","0.00%"
"01/28/2022","15.7400","15.7400","15.7400","15.7400","","0.00%"
"01/27/2022","15.7400","15.7400","15.7400","15.7400","","0.00%"
"01/26/2022","15.7400","15.6900","15.7500","15.6900","0.15K","0.00%"
"01/25/2022","15.7400","15.6900","15.7500","15.6900","0.14K","0.19%"
"01/24/2022","15.7100","15.6900","15.7503","15.6900","0.14K","0.00%"
"01/23/2022","15.7100","15.6900","15.7475","15.6900","","-0.03%"
"01/22/2022","15.7150","15.7150","15.7150","15.7150","","0.00%"
"01/21/2022","15.7150","15.7150","15.7150","15.7150","","-0.16%"
"01/20/2022","15.7400","15.7250","15.7500","15.6900","0.13K","0.19%"
"01/19/2022","15.7100","15.7100","15.7500","15.6900","0.11K","-0.19%"
"01/18/2022","15.7400","15.7100","15.7525","15.6870","0.21K","0.16%"
"01/17/2022","15.7150","15.6900","15.7453","15.6823","0.28K","0.20%"
"01/16/2022","15.6833","15.6900","15.7438","15.6800","","-0.04%"
"01/15/2022","15.6900","15.6900","15.6900","15.6900","","0.00%"
"01/14/2022","15.6900","15.6900","15.6900","15.6900","","0.00%"
"01/13/2022","15.6900","15.7000","15.7495","15.6700","0.31K","-0.19%"
"01/12/2022","15.7200","15.7050","15.7540","15.6900","0.13K","0.06%"
"01/11/2022","15.7100","15.7200","15.7500","15.6883","0.17K","-0.13%"
"01/10/2022","15.7300","15.6900","15.7500","15.6900","0.14K","0.16%"
"01/09/2022","15.7050","15.7100","15.7500","15.6900","","-0.06%"
"01/08/2022","15.7150","15.7150","15.7150","15.7150","","0.00%"
"01/07/2022","15.7150","15.7150","15.7150","15.7150","","0.00%"
"01/06/2022","15.7150","15.7150","15.7150","15.7150","","0.00%"
"01/05/2022","15.7150","15.7300","15.7500","15.6900","0.13K","-0.10%"
"01/04/2022","15.7300","15.7100","15.7500","15.6900","0.08K","-0.12%"
"01/03/2022","15.7488","15.7100","15.7500","15.6900","0.11K","0.25%"
"01/02/2022","15.7100","15.7100","15.7500","15.6900","","0.00%"
"01/01/2022","15.7100","15.7100","15.7100","15.7100","","0.00%"
"12/31/2021","15.7100","15.7100","15.7100","15.7100","","0.00%"
"12/30/2021","15.7100","15.7100","15.7560","15.6900","0.11K","0.00%"
"12/29/2021","15.7100","15.7100","15.7575","15.6900","0.13K","-0.13%"
"12/28/2021","15.7300","15.7100","15.7500","15.6900","0.08K","0.06%"
"12/27/2021","15.7200","15.7100","15.7500","15.6900","0.12K","0.06%"
"12/26/2021","15.7100","15.7100","15.7498","15.6900","","0.00%"
"12/25/2021","15.7100","15.7100","15.7100","15.7100","","0.00%"
"12/24/2021","15.7100","15.7100","15.7100","15.7100","","0.00%"
"12/23/2021","15.7100","15.6900","15.7500","15.6900","0.11K","-0.22%"
"12/22/2021","15.7450","15.7150","15.7500","15.6900","0.12K","0.19%"
"12/21/2021","15.7150","15.7000","15.7500","15.6900","0.12K","0.03%"
"12/20/2021","15.7100","15.7000","15.7503","15.6900","0.13K","0.00%"
"12/19/2021","15.7100","15.7100","15.7503","15.6900","","-0.19%"
"12/18/2021","15.7400","15.7400","15.7400","15.7400","","0.00%"
"12/17/2021","15.7400","15.7400","15.7400","15.7400","","0.00%"
"12/16/2021","15.7400","15.7100","15.7503","15.6900","0.15K","0.00%"
"12/15/2021","15.7400","15.7000","15.7503","15.6900","0.10K","0.03%"
"12/14/2021","15.7350","15.7100","15.7495","15.6900","0.15K","0.16%"
"12/13/2021","15.7100","15.6900","15.7498","15.6900","0.14K","0.05%"
"12/12/2021","15.7025","15.6900","15.7500","15.6875","","-0.05%"
"12/11/2021","15.7100","15.7100","15.7100","15.7100","","0.00%"
"12/10/2021","15.7100","15.7100","15.7100","15.7100","","0.00%"
"12/09/2021","15.7100","15.7100","15.7588","15.6900","0.10K","-0.06%"
"12/08/2021","15.7200","15.7200","15.7500","15.6900","0.17K","0.06%"
"12/07/2021","15.7100","15.7100","15.7501","15.6900","0.14K","-0.06%"
"12/06/2021","15.7200","15.7000","15.7495","15.6600","0.12K","0.06%"
"12/05/2021","15.7100","15.7000","15.7495","15.6900","","0.00%"
"12/04/2021","15.7100","15.7100","15.7100","15.7100","","0.00%"
"12/03/2021","15.7100","15.7100","15.7100","15.7100","","0.00%"
"12/02/2021","15.7100","15.6900","15.7495","15.6900","0.17K","0.00%"
"12/01/2021","15.7100","15.7100","15.7495","15.6900","0.19K","-0.25%"
"11/30/2021","15.7495","15.7100","15.7500","15.6600","0.17K","0.19%"
"11/29/2021","15.7200","15.7100","15.7550","15.6600","0.17K","0.06%"
"11/28/2021","15.7100","15.7000","15.7488","15.6900","","-0.06%"
"11/27/2021","15.7200","15.7200","15.7200","15.7200","","0.00%"
"11/26/2021","15.7200","15.7200","15.7200","15.7200","","0.00%"
"11/25/2021","15.7200","15.7100","15.7500","15.6900","0.10K","0.00%"
"11/24/2021","15.7200","15.6900","15.7575","15.6900","0.14K","0.00%"
"11/23/2021","15.7200","15.7100","15.7550","15.6900","0.14K","0.00%"
"11/22/2021","15.7200","15.7000","15.7500","15.6900","0.08K","0.06%"
"11/21/2021","15.7100","15.7000","15.7498","15.6900","","0.06%"
"11/20/2021","15.7000","15.7000","15.7000","15.7000","","0.00%"
"11/19/2021","15.7000","15.7000","15.7000","15.7000","","0.00%"
"11/18/2021","15.7000","15.6900","15.7503","15.6900","0.09K","-0.13%"
"11/17/2021","15.7200","15.6900","15.7503","15.6600","0.10K","0.06%"
"11/16/2021","15.7100","15.6900","15.7498","15.6900","0.11K","-0.22%"
"11/15/2021","15.7450","15.7100","15.7500","15.6200","0.10K","0.27%"
"11/14/2021","15.7025","15.7100","15.8000","15.6900","","-0.11%"
"11/13/2021","15.7200","15.7200","15.7200","15.7200","","0.00%"
"11/12/2021","15.7200","15.7200","15.7200","15.7200","","0.00%"
"11/11/2021","15.7200","15.7000","15.7500","15.6900","0.10K","0.06%"
"11/10/2021","15.7100","15.7100","15.7500","15.6800","0.12K","0.00%"
"11/09/2021","15.7100","15.7100","15.7455","15.6898","0.12K","-0.13%"
"11/08/2021","15.7300","15.7100","15.7475","15.6875","0.13K","0.13%"
"11/07/2021","15.7100","15.7100","15.7450","15.6900","","0.06%"
"11/06/2021","15.7000","15.7000","15.7000","15.7000","","0.00%"
"11/05/2021","15.7000","15.7000","15.7000","15.7000","","0.00%"
"11/04/2021","15.7000","15.6900","15.7500","15.6900","0.16K","-0.19%"
"11/03/2021","15.7300","15.7000","15.7513","15.6900","0.14K","0.19%"
"11/02/2021","15.7000","15.6900","15.7500","15.6895","0.18K","-0.22%"
"11/01/2021","15.7350","15.7000","15.7501","15.6900","0.12K","0.21%"
"10/31/2021","15.7013","15.7100","15.7450","15.6898","","-0.06%"
"10/30/2021","15.7100","15.7100","15.7100","15.7100","","0.00%"
"10/29/2021","15.7100","15.7100","15.7100","15.7100","","0.00%"
"10/28/2021","15.7100","15.7100","15.7500","15.6700","0.19K","0.00%"
"10/27/2021","15.7100","15.7100","15.7503","15.6900","0.18K","-0.03%"
"10/26/2021","15.7150","15.7100","15.7513","15.6900","0.16K","-0.10%"
"10/25/2021","15.7300","15.7100","15.7503","15.6700","0.13K","0.18%"
"10/24/2021","15.7013","15.7100","15.7400","15.6200","","0.01%"
"10/23/2021","15.7000","15.7000","15.7000","15.7000","","0.00%"
"10/22/2021","15.7000","15.7000","15.7000","15.7000","","0.00%"
"10/21/2021","15.7000","15.7000","15.7000","15.7000","","0.00%"
"10/20/2021","15.7000","15.6900","15.7500","15.6898","0.18K","-0.13%"
"10/19/2021","15.7200","15.7100","15.7500","15.6900","0.15K","-0.13%"
"10/18/2021","15.7400","15.7000","15.7500","15.6900","0.18K","0.25%"
"10/17/2021","15.7000","15.6900","15.7463","15.6900","","-0.13%"
"10/16/2021","15.7200","15.7200","15.7200","15.7200","","0.00%"
"10/15/2021","15.7200","15.7200","15.7200","15.7200","","0.00%"
"10/14/2021","15.7200","15.6900","15.7500","15.6900","0.17K","0.03%"
"10/13/2021","15.7150","15.7100","15.7463","15.6900","0.15K","-0.03%"
"10/12/2021","15.7200","15.6900","15.7505","15.6900","0.16K","0.00%"
"10/11/2021","15.7200","15.6900","15.7518","15.6900","0.18K","0.13%"
"10/10/2021","15.7000","15.7100","15.7400","15.6875","","0.00%"
"10/09/2021","15.7000","15.7000","15.7000","15.7000","","0.00%"
"10/08/2021","15.7000","15.7000","15.7000","15.7000","","0.00%"
"10/07/2021","15.7000","15.7000","15.7000","15.7000","","0.00%"
"10/06/2021","15.7000","15.7100","15.7450","15.6900","0.19K","-0.06%"
"10/05/2021","15.7100","15.7000","15.7500","15.6900","0.12K","0.00%"
"10/04/2021","15.7100","15.7100","15.7500","15.6900","0.18K","-0.25%"
"10/03/2021","15.7490","15.6900","15.7490","15.6880","","0.18%"
"10/02/2021","15.7200","15.7200","15.7200","15.7200","","0.00%"
"10/01/2021","15.7200","15.7200","15.7200","15.7200","","0.00%"
"09/30/2021","15.7200","15.7100","15.7488","15.6898","0.17K","0.06%"
"09/29/2021","15.7100","15.7100","15.7500","15.6890","0.19K","0.00%"
"09/28/2021","15.7100","15.7100","15.7500","15.6894","0.20K","0.00%"
"09/27/2021","15.7100","15.6900","15.7500","15.6899","0.18K","0.00%"
"09/26/2021","15.7100","15.6900","15.7500","15.6550","","0.06%"
"09/25/2021","15.7000","15.7000","15.7000","15.7000","","0.00%"
"09/24/2021","15.7000","15.7000","15.7000","15.7000","","0.00%"
"09/23/2021","15.7000","15.7100","15.7500","15.6875","0.22K","-0.06%"
"09/22/2021","15.7100","15.7100","15.7500","15.6700","0.21K","0.06%"
"09/21/2021","15.7000","15.7100","15.7475","15.6900","0.19K","-0.16%"
"09/20/2021","15.7250","15.6900","15.7500","15.6850","0.24K","0.10%"
"09/19/2021","15.7100","15.7100","15.7475","15.6899","","0.00%"
"09/18/2021","15.7100","15.7100","15.7100","15.7100","","-0.03%"
"09/17/2021","15.7150","15.7150","15.7150","15.7150","","0.00%"
"09/16/2021","15.7150","15.7100","15.7500","15.6900","0.21K","0.00%"
"09/15/2021","15.7150","15.7100","15.7500","15.6900","0.17K","0.00%"
"09/14/2021","15.7150","15.7100","15.7475","15.6898","0.19K","-0.03%"
"09/13/2021","15.7200","15.7100","15.7463","15.6600","0.17K","0.06%"
"09/12/2021","15.7100","15.7100","15.7475","15.6850","","0.00%"
"09/11/2021","15.7100","15.7100","15.7100","15.7100","","0.00%"
"09/10/2021","15.7100","15.7100","15.7100","15.7100","","0.00%"
"09/09/2021","15.7100","15.7150","15.7475","15.6800","0.18K","-0.10%"
"09/08/2021","15.7250","15.7100","15.7500","15.6600","0.14K","0.06%"
"09/07/2021","15.7150","15.6800","15.7475","15.6800","0.24K","0.03%"
"09/06/2021","15.7100","15.7000","15.7388","15.6788","0.17K","-0.13%"
"09/05/2021","15.7300","15.6700","15.7365","15.6700","","0.16%"
"09/04/2021","15.7050","15.7050","15.7050","15.7050","","0.00%"
"09/03/2021","15.7050","15.7050","15.7050","15.7050","","0.00%"
"09/02/2021","15.7050","15.7000","15.7363","15.6793","0.21K","0.00%"
"09/01/2021","15.7050","15.6800","15.7375","15.6795","0.20K","0.03%"
"08/31/2021","15.7000","15.7000","15.7388","15.6700","0.18K","0.00%"
"08/30/2021","15.7000","15.6800","15.7400","15.6788","0.18K","-0.15%"
"08/29/2021","15.7238","15.6800","15.7413","15.6788","","0.15%"
"08/28/2021","15.7000","15.7000","15.7000","15.7000","","0.00%"
"08/27/2021","15.7000","15.7000","15.7000","15.7000","","0.00%"
"08/26/2021","15.7000","15.7000","15.7400","15.6788","0.16K","0.00%"
"08/25/2021","15.7000","15.6800","15.7363","15.6780","0.15K","0.00%"
"08/24/2021","15.7000","15.6800","15.7400","15.6780","0.15K","0.00%"
"08/23/2021","15.7000","15.6800","15.7390","15.6780","0.17K","-0.19%"
"08/22/2021","15.7300","15.7000","15.7363","15.6780","","0.19%"
"08/21/2021","15.7000","15.7000","15.7000","15.7000","","0.00%"
"08/20/2021","15.7000","15.7000","15.7000","15.7000","","0.00%"
"08/19/2021","15.7000","15.6800","15.7388","15.6780","0.15K","0.00%"
"08/18/2021","15.7000","15.7000","15.7400","15.6788","0.13K","-0.06%"
"08/17/2021","15.7100","15.6800","15.7400","15.6800","0.08K","0.13%"
"08/16/2021","15.6900","15.7000","15.7375","15.6600","0.13K","-0.06%"
"08/15/2021","15.7000","15.7000","15.7313","15.6800","","0.00%"
"08/14/2021","15.7000","15.7000","15.7000","15.7000","","0.00%"
"08/13/2021","15.7000","15.7000","15.7000","15.7000","","0.00%"
"08/12/2021","15.7000","15.7000","15.7000","15.7000","","0.00%"
"08/11/2021","15.7000","15.6800","15.7400","15.6793","0.18K","0.00%"
"08/10/2021","15.7000","15.6800","15.7300","15.6700","0.09K","0.00%"
"08/09/2021","15.7000","15.6800","15.7425","15.6800","0.13K","0.00%"
"08/08/2021","15.7000","15.6800","15.7350","15.6788","","-0.03%"
"08/07/2021","15.7050","15.7050","15.7050","15.7050","","0.00%"
"08/06/2021","15.7050","15.7050","15.7050","15.7050","","0.00%"
"08/05/2021","15.7050","15.6900","15.7400","15.6798","0.23K","0.03%"
"08/04/2021","15.7000","15.6800","15.7400","15.6770","0.29K","0.00%"
"08/03/2021","15.7000","15.7000","15.7390","15.6700","0.18K","0.00%"
"08/02/2021","15.7000","15.6800","15.7390","15.6650","0.20K","0.13%"
"08/01/2021","15.6800","15.7000","15.7300","15.6795","","-0.16%"
"07/31/2021","15.7050","15.7050","15.7050","15.7050","","0.00%"
"07/30/2021","15.7050","15.7050","15.7050","15.7050","","0.00%"
"07/29/2021","15.7050","15.7000","15.7395","15.6700","0.20K","0.03%"
"07/28/2021","15.7000","15.6900","15.7400","15.6700","0.23K","0.06%"
"07/27/2021","15.6900","15.6700","15.7250","15.6688","0.15K","0.00%"
"07/26/2021","15.6900","15.6900","15.7300","15.6600","0.16K","-0.17%"
"07/25/2021","15.7175","15.6900","15.7288","15.6688","","0.30%"
"07/24/2021","15.6700","15.6700","15.6700","15.6700","","0.00%"
"07/23/2021","15.6700","15.6700","15.6700","15.6700","","0.00%"
"07/22/2021","15.6700","15.6700","15.6700","15.6700","","0.00%"
"07/21/2021","15.6700","15.6700","15.6700","15.6700","","0.00%"
"07/20/2021","15.6700","15.6700","15.6700","15.6700","","0.00%"
"07/19/2021","15.6700","15.6700","15.6700","15.6700","","-0.06%"
"07/18/2021","15.6800","15.7063","15.7288","15.6688","","-0.16%"
"07/17/2021","15.7050","15.7050","15.7050","15.7050","","0.00%"
"07/16/2021","15.7050","15.7050","15.7050","15.7050","","0.00%"
"07/15/2021","15.7050","15.6800","15.7313","15.6550","0.21K","0.03%"
"07/14/2021","15.7000","15.6900","15.7288","15.6600","0.20K","0.06%"
"07/13/2021","15.6900","15.6900","15.7295","15.6685","0.25K","0.06%"
"07/12/2021","15.6800","15.6900","15.7293","15.6600","0.27K","-0.06%"
"07/11/2021","15.6900","15.6600","15.7275","15.6550","","0.00%"
"07/10/2021","15.6900","15.6900","15.6900","15.6900","","0.00%"
"07/09/2021","15.6900","15.6900","15.6900","15.6900","","0.00%"
"07/08/2021","15.6900","15.6700","15.7300","15.6550","0.28K","0.13%"
"07/07/2021","15.6700","15.6850","15.7300","15.6638","0.19K","-0.13%"
"07/06/2021","15.6900","15.6800","15.7250","15.6600","0.26K","0.06%"
"07/05/2021","15.6800","15.6800","15.7250","15.6595","0.27K","0.05%"
"07/04/2021","15.6725","15.6200","15.7150","15.6200","","0.02%"
"07/03/2021","15.6700","15.6700","15.6700","15.6700","","0.00%"
"07/02/2021","15.6700","15.6800","15.6800","15.6700","0.00K","-0.16%"
"07/01/2021","15.6950","15.6950","15.6950","15.6950","","0.00%"
"06/30/2021","15.6950","15.6600","15.7175","15.6500","0.35K","0.16%"
"06/29/2021","15.6700","15.6500","15.7063","15.6500","0.17K","0.00%"
"06/28/2021","15.6700","15.6700","15.7090","15.6500","0.26K","-0.16%"
"06/27/2021","15.6950","15.6700","15.7088","15.6488","","0.16%"
"06/26/2021","15.6700","15.6700","15.6700","15.6700","","0.00%"
"06/25/2021","15.6700","15.6700","15.6700","15.6700","","0.00%"
"06/24/2021","15.6700","15.6600","15.7100","15.6400","0.32K","0.06%"
"06/23/2021","15.6600","15.6800","15.7000","15.6400","0.15K","-0.13%"
"06/22/2021","15.6800","15.6400","15.6950","15.6393","0.14K","0.13%"
"06/21/2021","15.6600","15.6300","15.7050","15.6300","0.28K","0.06%"
"06/20/2021","15.6500","15.6500","15.6850","15.6300","","0.00%"
"06/19/2021","15.6500","15.6500","15.6500","15.6500","","0.00%"
"06/18/2021","15.6500","15.6500","15.6500","15.6500","","-0.10%"
"06/17/2021","15.6650","15.6500","15.6895","15.6298","0.21K","0.10%"
"06/16/2021","15.6500","15.6300","15.6875","15.6298","0.23K","-0.13%"
"06/15/2021","15.6700","15.6300","15.6900","15.6295","0.19K","0.06%"
"06/14/2021","15.6600","15.6550","15.6988","15.6275","0.32K","-0.03%"
"06/13/2021","15.6650","15.6500","15.7050","15.6250","","0.10%"
"06/12/2021","15.6500","15.6500","15.6500","15.6500","","0.06%"
"06/11/2021","15.6400","15.6400","15.6400","15.6400","","-0.19%"
"06/10/2021","15.6700","15.6600","15.7175","15.6250","0.58K","-0.06%"
"06/09/2021","15.6800","15.6500","15.7095","15.6450","0.27K","0.19%"
"06/08/2021","15.6500","15.6700","15.7250","15.6438","0.44K","-0.25%"
"06/07/2021","15.6900","15.6900","15.7295","15.6688","0.16K","0.00%"
"06/06/2021","15.6900","15.6700","15.7250","15.6600","","0.00%"
"06/05/2021","15.6900","15.6900","15.6900","15.6900","","0.00%"
"06/04/2021","15.6900","15.6900","15.6900","15.6900","","0.00%"
"06/03/2021","15.6900","15.6700","15.7275","15.6650","0.30K","0.00%"
"06/02/2021","15.6900","15.6600","15.7250","15.6598","0.34K","0.06%"
"06/01/2021","15.6800","15.6600","15.7151","15.6575","0.14K","-0.10%"
"05/31/2021","15.6950","15.6800","15.7195","15.6588","0.24K","0.10%"
"05/30/2021","15.6800","15.6600","15.7163","15.6588","","0.13%"
"05/29/2021","15.6600","15.6600","15.6600","15.6600","","0.00%"
"05/28/2021","15.6600","15.6600","15.6600","15.6600","","-0.13%"
"05/27/2021","15.6800","15.6500","15.7175","15.6500","0.28K","0.00%"
"05/26/2021","15.6800","15.6500","15.7100","15.6498","0.20K","0.06%"
"05/25/2021","15.6700","15.6500","15.7100","15.6488","0.17K","0.00%"
"05/24/2021","15.6700","15.6700","15.7095","15.6498","0.33K","0.13%"
"05/23/2021","15.6500","15.6800","15.7105","15.5800","","-0.06%"
"05/22/2021","15.6600","15.6600","15.6600","15.6600","","0.00%"
"05/21/2021","15.6600","15.6600","15.6600","15.6600","","-0.13%"
"05/20/2021","15.6800","15.6600","15.7400","15.6500","0.27K","0.00%"
"05/19/2021","15.6800","15.6700","15.7194","15.6500","0.28K","0.00%"
"05/18/2021","15.6800","15.6800","15.7198","15.6585","0.24K","-0.06%"
"05/17/2021","15.6900","15.6700","15.7200","15.6500","0.23K","-0.13%"
"05/16/2021","15.7100","15.7100","15.7100","15.7100","","0.00%"
"05/15/2021","15.7100","15.6600","15.7100","15.6600","","0.32%"
"05/14/2021","15.6600","15.6600","15.6600","15.6600","","0.00%"
"05/13/2021","15.6600","15.6600","15.6600","15.6600","","-0.13%"
"05/12/2021","15.6800","15.6800","15.6800","15.6800","","0.00%"
"05/11/2021","15.6800","15.6700","15.7150","15.6495","0.24K","0.06%"
"05/10/2021","15.6700","15.6500","15.7138","15.6488","0.18K","0.02%"
"05/09/2021","15.6663","15.6750","15.7013","15.6475","","-0.02%"
"05/08/2021","15.6700","15.6700","15.6700","15.6700","","0.00%"
"05/07/2021","15.6700","15.6700","15.6700","15.6700","","0.00%"
"05/06/2021","15.6700","15.6700","15.7145","15.6450","0.19K","0.00%"
"05/05/2021","15.6700","15.6600","15.7000","15.6288","0.31K","0.00%"
"05/04/2021","15.6700","15.6850","15.7175","15.6275","0.37K","0.06%"
"05/03/2021","15.6600","15.6600","15.6600","15.6600","","0.00%"
"05/02/2021","15.6600","15.6600","15.6600","15.6600","","0.00%"
"05/01/2021","15.6600","15.6600","15.6600","15.6600","","0.00%"
"04/30/2021","15.6600","15.6600","15.6600","15.6600","","0.00%"
"04/29/2021","15.6600","15.6600","15.6600","15.6600","","0.00%"
"04/28/2021","15.6600","15.6825","15.7188","15.6575","0.32K","-0.10%"
"04/27/2021","15.6750","15.6600","15.7188","15.6595","0.19K","-0.10%"
"04/26/2021","15.6900","15.6600","15.7228","15.6500","0.15K","-0.17%"
"04/25/2021","15.7175","15.6800","15.7325","15.6588","","0.24%"
"04/24/2021","15.6800","15.6800","15.6800","15.6800","","-0.13%"
"04/23/2021","15.7000","15.7000","15.7000","15.7000","","0.00%"
"04/22/2021","15.7000","15.6800","15.7175","15.6500","0.25K","0.13%"
"04/21/2021","15.6800","15.6800","15.7188","15.6500","0.27K","-0.16%"
"04/20/2021","15.7050","15.6950","15.7190","15.6550","0.35K","0.06%"
"04/19/2021","15.6950","15.6800","15.7230","15.6450","0.37K","0.16%"
"04/18/2021","15.6695","15.6700","15.7200","15.6450","","-0.07%"
"04/17/2021","15.6800","15.6800","15.6800","15.6800","","0.00%"
"04/16/2021","15.6800","15.6800","15.6800","15.6800","","0.00%"
"04/15/2021","15.6800","15.6900","15.7200","15.6425","0.50K","0.06%"
"04/14/2021","15.6700","15.6800","15.7615","15.6600","0.30K","-0.13%"
"04/13/2021","15.6900","15.6900","15.7300","15.6600","0.19K","0.00%"
"04/12/2021","15.6900","15.6700","15.7278","15.5700","0.30K","-0.12%"
"04/11/2021","15.7088","15.6988","15.7400","15.6438","","-0.01%"
"04/10/2021","15.7100","15.7100","15.7100","15.7100","","0.00%"
"04/09/2021","15.7100","15.7100","15.7100","15.7100","","0.00%"
"04/08/2021","15.7100","15.7100","15.7490","15.6700","0.28K","0.06%"
"04/07/2021","15.7000","15.7100","15.7495","15.6700","0.33K","-0.06%"
"04/06/2021","15.7100","15.7100","15.7540","15.6875","0.24K","0.00%"
"04/05/2021","15.7100","15.7100","15.7500","15.6863","0.26K","0.00%"
"04/04/2021","15.7100","15.7100","15.7400","15.6600","","-0.03%"
"04/03/2021","15.7150","15.7150","15.7150","15.7150","","0.00%"
"04/02/2021","15.7150","15.7150","15.7150","15.7150","","0.03%"
"04/01/2021","15.7100","15.6900","15.7425","15.6500","0.31K","-0.05%"
"03/31/2021","15.7175","15.7100","15.7550","15.6700","0.40K","-0.02%"
"03/30/2021","15.7200","15.7200","15.7463","15.6800","0.35K","0.13%"
"03/29/2021","15.7000","15.7100","15.7650","15.6800","0.49K","-0.06%"
"03/28/2021","15.7088","15.7400","15.7513","15.6800","","0.02%"
"03/27/2021","15.7050","15.7050","15.7050","15.7050","","0.00%"
"03/26/2021","15.7050","15.7050","15.7050","15.7050","","0.00%"
"03/25/2021","15.7050","15.7600","15.8025","15.6800","0.50K","-0.35%"
"03/24/2021","15.7600","15.7600","15.7975","15.7100","0.27K","-0.03%"
"03/23/2021","15.7650","15.7300","15.7975","15.7050","0.36K","0.22%"
"03/22/2021","15.7300","15.7000","15.7675","15.6550","0.35K","-0.02%"
"03/21/2021","15.7338","15.6800","15.7450","15.6500","","0.34%"
"03/20/2021","15.6800","15.6800","15.6800","15.6800","","0.00%"
"03/19/2021","15.6800","15.6800","15.6800","15.6800","","0.00%"
"03/18/2021","15.6800","15.7300","15.7480","15.6500","0.46K","-0.19%"
"03/17/2021","15.7100","15.7100","15.7500","15.6838","0.33K","0.13%"
"03/16/2021","15.6900","15.7100","15.7475","15.6850","0.28K","-0.13%"
"03/15/2021","15.7100","15.7100","15.7483","15.6450","0.40K","0.31%"
"03/14/2021","15.6613","15.7000","15.7300","15.6388","","-0.25%"
"03/13/2021","15.7000","15.7000","15.7000","15.7000","","0.00%"
"03/12/2021","15.7000","15.7000","15.7000","15.7000","","0.00%"
"03/11/2021","15.7000","15.7100","15.7800","15.6200","0.66K","-0.19%"
"03/10/2021","15.7300","15.7100","15.7695","15.7095","0.23K","0.00%"
"03/09/2021","15.7300","15.7100","15.7700","15.7000","0.25K","0.00%"
"03/08/2021","15.7300","15.7000","15.7650","15.6750","0.44K","0.19%"
"03/07/2021","15.7000","15.6900","15.7395","15.6600","","0.03%"
"03/06/2021","15.6950","15.6950","15.6950","15.6950","","0.00%"
"03/05/2021","15.6950","15.6950","15.6950","15.6950","","0.00%"
"03/04/2021","15.6950","15.6800","15.7150","15.6313","0.41K","0.16%"
"03/03/2021","15.6700","15.6900","15.7100","15.6200","0.53K","-0.06%"
"03/02/2021","15.6800","15.7100","15.7697","15.6225","0.57K","-0.32%"
"03/01/2021","15.7300","15.7100","15.7650","15.6700","0.32K","-0.04%"
"02/28/2021","15.7363","15.6800","15.7450","15.6600","","0.30%"
"02/27/2021","15.6900","15.6900","15.6900","15.6900","","-0.06%"
"02/26/2021","15.7000","15.7000","15.7000","15.7000","","0.00%"
"02/25/2021","15.7000","15.6600","15.7513","15.6200","0.42K","0.13%"
"02/24/2021","15.6800","15.6800","15.7150","15.6500","0.21K","0.00%"
"02/23/2021","15.6800","15.6800","15.7195","15.6585","0.18K","0.00%"
"02/22/2021","15.6800","15.6600","15.7195","15.6200","0.33K","0.03%"
"02/21/2021","15.6750","15.6400","15.6805","15.6100","","0.22%"
"02/20/2021","15.6400","15.6400","15.6400","15.6400","","0.00%"
"02/19/2021","15.6400","15.6400","15.6400","15.6400","","-0.13%"
"02/18/2021","15.6600","15.6300","15.6900","15.5750","0.29K","0.19%"
"02/17/2021","15.6300","15.6200","15.7300","15.5998","0.36K","0.06%"
"02/16/2021","15.6200","15.6200","15.7100","15.5700","0.41K","0.00%"
"02/15/2021","15.6200","15.5900","15.7400","15.5500","0.80K","0.39%"
"02/14/2021","15.5588","15.6400","15.6500","15.5450","","-0.39%"
"02/13/2021","15.6200","15.6200","15.6200","15.6200","","0.00%"
"02/12/2021","15.6200","15.6300","15.6300","15.6200","0.00K","-0.06%"
"02/11/2021","15.6300","15.6500","15.7100","15.5550","0.58K","-0.19%"
"02/10/2021","15.6600","15.6100","15.6938","15.5800","0.33K","0.00%"
"02/09/2021","15.6600","15.6500","15.6838","15.5900","0.39K","0.00%"
"02/08/2021","15.6600","15.6600","15.6900","15.5950","0.45K","-0.04%"
"02/07/2021","15.6655","15.6900","15.7100","15.6025","","-0.16%"
"02/06/2021","15.6900","15.6900","15.6900","15.6900","","0.00%"
"02/05/2021","15.6900","15.6900","15.6900","15.6900","","0.00%"
"02/04/2021","15.6900","15.7300","15.7400","15.6150","0.63K","-0.19%"
"02/03/2021","15.7200","15.7300","15.7588","15.6595","0.48K","-0.10%"
"02/02/2021","15.7350","15.7100","15.7688","15.7050","0.24K","0.03%"
"02/01/2021","15.7300","15.7100","15.7688","15.7050","0.39K","-0.17%"
"01/31/2021","15.7563","15.7100","15.7700","15.7088","","0.29%"
"01/30/2021","15.7100","15.7100","15.7100","15.7100","","0.00%"
"01/29/2021","15.7100","15.7100","15.7100","15.7100","","0.00%"
"01/28/2021","15.7100","15.7100","15.7100","15.7100","","0.00%"
"01/27/2021","15.7100","15.7300","15.7688","15.7050","0.28K","-0.13%"
"01/26/2021","15.7300","15.7100","15.7680","15.7000","0.30K","0.13%"
"01/25/2021","15.7100","15.7300","15.7630","15.6800","0.27K","-0.05%"
"01/24/2021","15.7185","15.7300","15.7600","15.6700","","-0.07%"
"01/23/2021","15.7300","15.7300","15.7300","15.7300","","0.00%"
"01/22/2021","15.7300","15.7300","15.7300","15.7300","","0.00%"
"01/21/2021","15.7300","15.7300","15.7688","15.7050","0.23K","-0.10%"
"01/20/2021","15.7450","15.6900","15.7700","15.6900","0.28K","0.22%"
"01/19/2021","15.7100","15.6900","15.7475","15.6775","0.27K","0.06%"
"01/18/2021","15.7000","15.6600","15.7363","15.6600","0.31K","-0.06%"
"01/17/2021","15.7100","15.6600","15.7225","15.6500","","0.32%"
"01/16/2021","15.6600","15.6600","15.6600","15.6600","","0.00%"
"01/15/2021","15.6600","15.6600","15.6600","15.6600","","0.00%"
"01/14/2021","15.6600","15.6800","15.7800","15.6500","0.25K","0.00%"
"01/13/2021","15.6600","15.6650","15.7178","15.6450","0.34K","-0.03%"
"01/12/2021","15.6650","15.6600","15.7075","15.6250","0.42K","0.10%"
"01/11/2021","15.6500","15.6700","15.7200","15.5950","0.67K","0.13%"
"01/10/2021","15.6300","15.6900","15.7600","15.6138","","-0.38%"
"01/09/2021","15.6900","15.6900","15.6900","15.6900","","-0.06%"
"01/08/2021","15.7000","15.7000","15.7000","15.7000","","0.00%"
"01/07/2021","15.7000","15.7000","15.7000","15.7000","","0.00%"
"01/06/2021","15.7000","15.6700","15.7300","15.6255","0.46K","0.00%"
"01/05/2021","15.7000","15.7200","15.7400","15.6405","0.43K","-0.25%"
"01/04/2021","15.7400","15.7300","15.7575","15.6750","0.49K","0.29%"
"01/03/2021","15.6938","15.7400","15.7800","15.6713","","-0.29%"
"01/02/2021","15.7400","15.7400","15.7400","15.7400","","0.00%"
"01/01/2021","15.7400","15.7400","15.7400","15.7400","","0.00%"
"12/31/2020","15.7400","15.7200","15.7650","15.6800","0.41K","0.06%"
"12/30/2020","15.7300","15.7100","15.7750","15.6688","0.24K","0.00%"
"12/29/2020","15.7300","15.7000","15.7750","15.6800","0.28K","0.06%"
"12/28/2020","15.7200","15.6900","15.7600","15.6700","0.25K","-0.10%"
"12/27/2020","15.7350","15.6900","15.7475","15.6800","","0.29%"
"12/26/2020","15.6900","15.6900","15.6900","15.6900","","0.00%"
"12/25/2020","15.6900","15.6900","15.6900","15.6900","","0.00%"
"12/24/2020","15.6900","15.6800","15.7500","15.6650","0.36K","-0.06%"
"12/23/2020","15.7000","15.6700","15.7350","15.6675","0.40K","0.19%"
"12/22/2020","15.6700","15.6700","15.7275","15.6400","0.48K","0.06%"
"12/21/2020","15.6600","15.6300","15.7150","15.6000","0.45K","0.26%"
"12/20/2020","15.6200","15.7100","15.7475","15.6063","","-0.57%"
"12/19/2020","15.7100","15.7100","15.7100","15.7100","","0.00%"
"12/18/2020","15.7100","15.7100","15.7100","15.7100","","0.00%"
"12/17/2020","15.7100","15.7100","15.7525","15.6300","0.28K","0.13%"
"12/16/2020","15.6900","15.7300","15.7405","15.6300","0.39K","-0.13%"
"12/15/2020","15.7100","15.7300","15.7683","15.6788","0.34K","-0.19%"
"12/14/2020","15.7400","15.7100","15.7650","15.6813","0.27K","-0.02%"
"12/13/2020","15.7438","15.7100","15.7478","15.6600","","0.22%"
"12/12/2020","15.7100","15.7100","15.7100","15.7100","","0.00%"
"12/11/2020","15.7100","15.7100","15.7100","15.7100","","0.00%"
"12/10/2020","15.7100","15.6900","15.7495","15.6628","0.25K","0.13%"
"12/09/2020","15.6900","15.6800","15.7500","15.6550","0.20K","0.06%"
"12/08/2020","15.6800","15.6600","15.7198","15.6500","0.28K","0.00%"
"12/07/2020","15.6800","15.6700","15.7150","15.6475","0.28K","-0.13%"
"12/06/2020","15.7000","15.6500","15.7013","15.6450","","0.19%"
"12/05/2020","15.6700","15.6700","15.6700","15.6700","","0.00%"
"12/04/2020","15.6700","15.6700","15.6700","15.6700","","0.00%"
"12/03/2020","15.6700","15.6400","15.7500","15.6388","0.24K","0.06%"
"12/02/2020","15.6600","15.6400","15.6990","15.6225","0.20K","0.00%"
"12/01/2020","15.6600","15.6400","15.6975","15.6350","0.15K","0.03%"
"11/30/2020","15.6550","15.6500","15.6988","15.6350","0.20K","-0.27%"
"11/29/2020","15.6975","15.6600","15.6988","15.5600","","0.37%"
"11/28/2020","15.6400","15.6400","15.6400","15.6400","","0.00%"
"11/27/2020","15.6400","15.6400","15.6400","15.6400","","0.00%"
"11/26/2020","15.6400","15.6600","15.7500","15.6388","0.20K","-0.13%"
"11/25/2020","15.6600","15.6400","15.6975","15.6100","0.28K","0.06%"
"11/24/2020","15.6500","15.6400","15.6863","15.6150","0.44K","0.06%"
"11/23/2020","15.6400","15.6000","15.6725","15.5913","0.36K","0.33%"
"11/22/2020","15.5888","15.6400","15.6535","15.5700","","-0.07%"
"11/21/2020","15.6000","15.6000","15.6000","15.6000","","0.00%"
"11/20/2020","15.6000","15.6000","15.6000","15.6000","","0.00%"
"11/19/2020","15.6000","15.6400","15.6500","15.5700","0.29K","-0.13%"
"11/18/2020","15.6200","15.6050","15.6515","15.5713","0.37K","-0.06%"
"11/17/2020","15.6300","15.6500","15.7500","15.5705","0.52K","-0.13%"
"11/16/2020","15.6500","15.6400","15.6763","15.5988","0.26K","0.26%"
"11/15/2020","15.6100","15.6300","15.6625","15.5800","","-0.19%"
"11/14/2020","15.6400","15.6400","15.6400","15.6400","","0.00%"
"11/13/2020","15.6400","15.6400","15.6400","15.6400","","0.00%"
"11/12/2020","15.6400","15.6500","15.6800","15.5850","0.44K","-0.06%"
"11/11/2020","15.6500","15.6600","15.6895","15.5900","0.31K","0.00%"
"11/10/2020","15.6500","15.6500","15.6800","15.5900","0.39K","-0.13%"
"11/09/2020","15.6700","15.6600","15.7000","15.6113","0.42K","-0.06%"
"11/08/2020","15.6800","15.6800","15.7100","15.6000","","0.00%"
"11/07/2020","15.6800","15.6800","15.6800","15.6800","","-0.06%"
"11/06/2020","15.6900","15.6900","15.6900","15.6900","","0.00%"
"11/05/2020","15.6900","15.7000","15.7635","15.6350","0.43K","-0.19%"
"11/04/2020","15.7200","15.7000","15.7600","15.6950","0.20K","0.06%"
"11/03/2020","15.7100","15.7000","15.7600","15.6750","0.23K","-0.16%"
"11/02/2020","15.7350","15.7000","15.7600","15.6850","0.25K","0.25%"
"11/01/2020","15.6950","15.6900","15.7515","15.6750","","0.03%"
"10/31/2020","15.6900","15.6900","15.6900","15.6900","","-0.06%"
"10/30/2020","15.7000","15.7000","15.7000","15.7000","","0.00%"
"10/29/2020","15.7000","15.7000","15.7000","15.7000","","0.00%"
"10/28/2020","15.7000","15.7000","15.7450","15.6800","0.35K","-0.06%"
"10/27/2020","15.7100","15.7100","15.7425","15.6800","0.22K","0.06%"
"10/26/2020","15.7000","15.7000","15.7450","15.6775","0.21K","-0.06%"
"10/25/2020","15.7100","15.6900","15.7425","15.6800","","0.00%"
"10/24/2020","15.7100","15.7100","15.7100","15.7100","","0.00%"
"10/23/2020","15.7100","15.7100","15.7100","15.7100","","0.00%"
"10/22/2020","15.7100","15.7000","15.7450","15.6825","0.31K","0.06%"
"10/21/2020","15.7000","15.7000","15.7445","15.6500","0.34K","0.00%"
"10/20/2020","15.7000","15.7000","15.8700","15.6413","0.57K","0.00%"
"10/19/2020","15.7000","15.7000","15.7300","15.6500","0.31K","0.03%"
"10/18/2020","15.6950","15.7000","15.7115","15.6250","","0.03%"
"10/17/2020","15.6900","15.6900","15.6900","15.6900","","-0.06%"
"10/16/2020","15.7000","15.7000","15.7000","15.7000","","0.00%"
"10/15/2020","15.7000","15.7100","15.7163","15.6325","0.41K","0.00%"
"10/14/2020","15.7000","15.6850","15.7113","15.6250","0.37K","0.06%"
"10/13/2020","15.6900","15.7000","15.7100","15.6225","0.32K","-0.06%"
"10/12/2020","15.7000","15.7100","15.7200","15.6350","0.34K","0.37%"
"10/11/2020","15.6425","15.7100","15.7400","15.6400","","-0.43%"
"10/10/2020","15.7100","15.7100","15.7100","15.7100","","0.00%"
"10/09/2020","15.7100","15.7100","15.7100","15.7100","","0.00%"
"10/08/2020","15.7100","15.7100","15.7100","15.7100","","0.00%"
"10/07/2020","15.7100","15.7300","15.7600","15.6538","0.61K","-0.06%"
"10/06/2020","15.7200","15.7400","15.8100","15.6775","0.28K","-0.06%"
"10/05/2020","15.7300","15.7400","15.7605","15.6825","0.33K","0.19%"
"10/04/2020","15.7000","15.7500","15.7950","15.6850","","-0.32%"
"10/03/2020","15.7500","15.7500","15.7500","15.7500","","0.00%"
"10/02/2020","15.7500","15.7500","15.7500","15.7500","","0.00%"
"10/01/2020","15.7500","15.7600","15.7850","15.7050","0.29K","-0.10%"
"09/30/2020","15.7650","15.7600","15.7913","15.7300","0.23K","0.03%"
"09/29/2020","15.7600","15.7500","15.7938","15.7350","0.19K","0.00%"
"09/28/2020","15.7600","15.7500","15.9200","15.7350","0.21K","-0.18%"
"09/27/2020","15.7878","15.7500","15.7878","15.7225","","0.08%"
"09/26/2020","15.7750","15.7750","15.7750","15.7750","","0.00%"
"09/25/2020","15.7750","15.7750","15.7750","15.7750","","0.00%"
"09/24/2020","15.7750","15.7600","15.8000","15.7298","0.23K","0.16%"
"09/23/2020","15.7500","15.7500","15.7963","15.7375","0.24K","-0.16%"
"09/22/2020","15.7750","15.7500","15.8013","15.7038","0.47K","0.29%"
"09/21/2020","15.7300","15.7400","15.7850","15.6800","0.45K","-0.06%"
"09/20/2020","15.7400","15.7600","15.7700","15.6800","","-0.13%"
"09/19/2020","15.7600","15.7600","15.7600","15.7600","","0.00%"
"09/18/2020","15.7600","15.7600","15.7600","15.7600","","0.00%"
"09/17/2020","15.7600","15.7600","15.7800","15.6905","0.52K","0.00%"
"09/16/2020","15.7600","15.7600","15.8700","15.7013","0.30K","0.00%"
"09/15/2020","15.7600","15.7600","15.7963","15.7000","0.66K","-0.06%"
"09/14/2020","15.7700","15.7600","15.7950","15.7000","0.43K","0.29%"
"09/13/2020","15.7250","15.7700","15.8200","15.7050","","-0.22%"
"09/12/2020","15.7600","15.7600","15.7600","15.7600","","0.00%"
"09/11/2020","15.7600","15.7600","15.7600","15.7600","","0.00%"
"09/10/2020","15.7600","15.7900","15.9700","15.7075","0.43K","-0.13%"
"09/09/2020","15.7800","15.8000","15.8250","15.7430","0.28K","-0.13%"
"09/08/2020","15.8000","15.8000","15.8213","15.7495","0.33K","0.00%"
"09/07/2020","15.8000","15.8200","15.8350","15.7338","0.41K","0.16%"
"09/06/2020","15.7750","15.8300","15.9300","15.7475","","-0.23%"
"09/05/2020","15.8113","15.8113","15.8113","15.8113","","0.01%"
"09/04/2020","15.8100","15.8100","15.8100","15.8100","","0.00%"
"09/03/2020","15.8100","15.8600","15.8750","15.7600","0.54K","-0.32%"
"09/02/2020","15.8600","15.8700","15.8850","15.7900","0.61K","-0.06%"
"09/01/2020","15.8700","15.8700","15.8930","15.7500","0.34K","0.00%"
"08/31/2020","15.8700","15.8600","15.8950","15.7833","0.46K","0.19%"
"08/30/2020","15.8400","15.8800","15.9305","15.8075","","-0.19%"
"08/29/2020","15.8700","15.8700","15.8700","15.8700","","0.00%"
"08/28/2020","15.8700","15.8700","15.8700","15.8700","","0.00%"
"08/27/2020","15.8700","15.8800","15.9050","15.8150","0.47K","0.00%"
"08/26/2020","15.8700","15.9000","15.9200","15.8200","0.53K","-0.19%"
"08/25/2020","15.9000","15.8900","15.9400","15.8450","0.41K","0.06%"
"08/24/2020","15.8900","15.9400","15.9550","15.8350","0.80K","-0.08%"
"08/23/2020","15.9025","15.9300","15.9575","15.8775","","-0.24%"
"08/22/2020","15.9400","15.9300","15.9400","15.9300","","0.06%"
"08/21/2020","15.9300","15.9300","15.9300","15.9300","","0.00%"
"08/20/2020","15.9300","15.9300","15.9300","15.9300","","0.00%"
"08/19/2020","15.9300","15.9300","16.0000","15.8820","0.42K","-0.06%"
"08/18/2020","15.9400","15.9300","15.9925","15.8763","0.39K","0.09%"
"08/17/2020","15.9250","15.9300","15.9750","15.8775","0.43K","0.05%"
"08/16/2020","15.9175","15.9400","16.0000","15.8700","","-0.14%"
"08/15/2020","15.9400","15.9400","15.9400","15.9400","","0.06%"
"08/14/2020","15.9300","15.9300","15.9300","15.9300","","0.00%"
"08/13/2020","15.9300","15.9700","15.9850","15.8700","0.50K","-0.25%"
"08/12/2020","15.9700","15.9600","16.0200","15.9250","0.38K","-0.06%"
"08/11/2020","15.9800","15.9600","16.0250","15.9550","0.19K","-0.03%"
"08/10/2020","15.9850","15.9800","16.0275","15.9475","0.37K","-0.14%"
"08/09/2020","16.0075","15.9800","16.0318","15.9350","","0.30%"
"08/08/2020","15.9600","15.9600","15.9600","15.9600","","0.00%"
"08/07/2020","15.9600","15.9600","15.9600","15.9600","","-0.06%"
"08/06/2020","15.9700","15.9900","16.0337","15.9088","0.60K","-0.16%"
"08/05/2020","15.9950","15.9900","16.0280","15.9550","0.24K","0.03%"
"08/04/2020","15.9900","15.9900","16.0150","15.9350","0.26K","0.13%"
"08/03/2020","15.9700","15.9700","15.9700","15.9700","","0.00%"
"08/02/2020","15.9700","15.9700","15.9700","15.9700","","0.00%"
"08/01/2020","15.9700","15.9700","15.9700","15.9700","","0.00%"
"07/31/2020","15.9700","15.9700","15.9700","15.9700","","0.00%"
"07/30/2020","15.9700","15.9700","15.9700","15.9700","","0.00%"
"07/29/2020","15.9700","15.9800","16.0195","15.9325","0.37K","-0.06%"
"07/28/2020","15.9800","15.9900","16.0150","15.9400","0.29K","-0.06%"
"07/27/2020","15.9900","15.9700","16.0225","15.9138","0.39K","0.06%"
"07/26/2020","15.9800","15.9900","16.1700","15.9500","","0.00%"
"07/25/2020","15.9800","15.9700","15.9800","15.9700","","-0.06%"
"07/24/2020","15.9900","15.9900","15.9900","15.9900","","0.00%"
"07/23/2020","15.9900","15.9900","15.9900","15.9900","","0.00%"
"07/22/2020","15.9900","15.9700","16.0288","15.9550","0.24K","0.06%"
"07/21/2020","15.9800","15.9700","16.0250","15.9500","0.20K","0.06%"
"07/20/2020","15.9700","15.9700","16.0025","15.9450","0.19K","-0.11%"
"07/19/2020","15.9875","15.9700","16.0200","15.9450","","0.17%"
"07/18/2020","15.9600","15.9550","15.9600","15.9550","","0.03%"
"07/17/2020","15.9550","15.9550","15.9550","15.9550","","0.00%"
"07/16/2020","15.9550","15.9700","16.0113","15.9350","0.25K","-0.09%"
"07/15/2020","15.9700","15.9600","16.0300","15.9300","0.25K","0.06%"
"07/14/2020","15.9600","15.9500","16.0500","15.8950","0.35K","-0.06%"
"07/13/2020","15.9700","15.9900","16.0400","15.8700","0.62K","-0.09%"
"07/12/2020","15.9850","16.0100","16.0400","15.7895","","-0.03%"
"07/11/2020","15.9900","15.9900","15.9900","15.9900","","0.00%"
"07/10/2020","15.9900","15.9900","15.9900","15.9900","","0.00%"
"07/09/2020","15.9900","16.0400","16.1300","15.9300","0.61K","-0.19%"
"07/08/2020","16.0200","16.0500","16.0800","15.9650","0.47K","-0.06%"
"07/07/2020","16.0300","16.0800","16.1400","15.9850","0.45K","-0.19%"
"07/06/2020","16.0600","16.1000","16.1400","16.0063","0.48K","-0.26%"
"07/05/2020","16.1013","16.1200","16.1750","16.0288","","-0.12%"
"07/04/2020","16.1200","16.1200","16.1200","16.1200","","0.00%"
"07/03/2020","16.1200","16.1200","16.1200","16.1200","","0.00%"
"07/02/2020","16.1200","16.1200","16.1200","16.1200","","-0.03%"
"07/01/2020","16.1250","16.1400","16.1800","16.1063","0.17K","-0.15%"
"06/30/2020","16.1500","16.1600","16.1938","16.1037","0.78K","-0.06%"
"06/29/2020","16.1600","16.1500","16.2035","16.1050","0.26K","-0.25%"
"06/28/2020","16.2000","16.1500","16.2138","16.1488","","0.25%"
"06/27/2020","16.1600","16.1600","16.1600","16.1600","","0.00%"
"06/26/2020","16.1600","16.1700","16.1700","16.1600","0.01K","0.00%"
"06/25/2020","16.1600","16.1500","16.2143","16.1488","0.25K","-0.12%"
"06/24/2020","16.1800","16.1700","16.2140","16.1150","0.32K","0.06%"
"06/23/2020","16.1700","16.1800","16.2100","16.1413","0.29K","-0.06%"
"06/22/2020","16.1800","16.1700","16.2300","16.1150","0.31K","-0.09%"
"06/21/2020","16.1950","16.1800","16.2090","16.1450","","0.09%"
"06/20/2020","16.1800","16.1800","16.1800","16.1800","","0.00%"
"06/19/2020","16.1800","16.1800","16.1800","16.1800","","0.00%"
"06/18/2020","16.1800","16.1800","16.2163","16.1538","0.26K","0.00%"
"06/17/2020","16.1800","16.1800","16.2200","16.1538","0.19K","0.00%"
"06/16/2020","16.1800","16.1800","16.2190","16.1550","0.21K","-0.06%"
"06/15/2020","16.1900","16.1800","16.2200","16.1450","0.25K","-0.11%"
"06/14/2020","16.2075","16.1800","16.2175","16.1375","","0.17%"
"06/13/2020","16.1800","16.1800","16.1800","16.1800","","0.00%"
"06/12/2020","16.1800","16.1800","16.1800","16.1800","","0.00%"
"06/11/2020","16.1800","16.1600","16.2150","16.1438","0.32K","-0.06%"
"06/10/2020","16.1900","16.1900","16.2100","16.1263","0.48K","0.00%"
"06/09/2020","16.1900","16.1800","16.2225","16.1350","0.57K","-0.06%"
"06/08/2020","16.2000","16.2200","16.2650","16.1450","0.51K","-0.12%"
"06/07/2020","16.2200","16.1800","16.2600","16.0800","","-0.11%"
"06/06/2020","16.2375","16.2375","16.2375","16.2375","","0.00%"
"06/05/2020","16.2375","16.2375","16.2375","16.2375","","0.00%"
"06/04/2020","16.2375","16.0800","16.2400","16.0600","0.76K","0.98%"
"06/03/2020","16.0800","15.9600","16.1300","15.8700","0.25K","0.47%"
"06/02/2020","16.0050","15.7500","16.0200","15.7500","0.24K","0.47%"
"06/01/2020","15.9300","15.8900","15.9700","15.7500","0.21K","0.19%"
"05/31/2020","15.9000","15.8600","15.9300","15.8400","","0.38%"
"05/30/2020","15.8400","15.8400","15.8400","15.8400","","0.00%"
"05/29/2020","15.8400","15.8400","15.8400","15.8400","","0.00%"
"05/28/2020","15.8400","15.8400","15.8400","15.8400","","0.00%"
"05/27/2020","15.8400","15.7400","15.8400","15.7400","0.00K","-0.13%"
"05/26/2020","15.8600","15.8600","15.8600","15.8600","","0.00%"
"05/25/2020","15.8600","15.8600","15.8600","15.8600","","0.00%"
"05/24/2020","15.8600","15.8600","15.8600","15.8600","","0.00%"
"05/23/2020","15.8600","15.8600","15.8600","15.8600","","0.00%"
"05/22/2020","15.8600","15.8600","15.8600","15.8600","","0.00%"
"05/21/2020","15.8600","15.8200","15.9015","15.7950","0.18K","0.25%"
"05/20/2020","15.8200","15.7900","15.8650","15.7500","0.24K","0.19%"
"05/19/2020","15.7900","15.7700","15.8300","15.7688","0.06K","0.00%"
"05/18/2020","15.7900","15.7700","15.8350","15.7300","0.15K","0.25%"
"05/17/2020","15.7500","15.7500","15.8145","15.5800","","0.06%"
"05/16/2020","15.7400","15.7400","15.7400","15.7400","","0.00%"
"05/15/2020","15.7400","15.7400","15.7400","15.7400","","0.00%"
"05/14/2020","15.7400","15.7500","15.7895","15.7298","0.14K","-0.06%"
"05/13/2020","15.7500","15.7500","15.7900","15.7300","0.05K","0.00%"
"05/12/2020","15.7500","15.7500","15.7900","15.7300","0.12K","0.00%"
"05/11/2020","15.7500","15.7500","15.7950","15.7300","0.07K","0.00%"
"05/10/2020","15.7500","15.7500","15.7900","15.7300","","0.06%"
"05/09/2020","15.7400","15.7400","15.7400","15.7400","","-0.06%"
"05/08/2020","15.7500","15.7500","15.7500","15.7500","","0.00%"
"05/07/2020","15.7500","15.7500","15.7900","15.7300","0.06K","0.00%"
"05/06/2020","15.7500","15.7500","15.7895","15.6200","0.04K","0.06%"
"05/05/2020","15.7400","15.7500","15.8050","15.7300","0.14K","-0.06%"
"05/04/2020","15.7500","15.7500","15.8100","15.7300","0.13K","0.00%"
"05/03/2020","15.7500","15.7500","15.8050","15.7100","","0.00%"
"05/02/2020","15.7500","15.7500","15.7500","15.7500","","0.00%"
"05/01/2020","15.7500","15.7500","15.7500","15.7500","","0.00%"
"04/30/2020","15.7500","15.7500","15.8050","15.7288","0.17K","0.00%"
"04/29/2020","15.7500","15.7500","15.8050","15.7300","0.06K","0.00%"
"04/28/2020","15.7500","15.7500","15.8050","15.7300","0.09K","0.00%"
"04/27/2020","15.7500","15.7500","15.8050","15.7300","0.09K","0.00%"
"04/26/2020","15.7500","15.7500","15.8150","15.7288","","-0.25%"
"04/25/2020","15.7900","15.7900","15.7900","15.7900","","0.00%"
"04/24/2020","15.7900","15.7900","15.7900","15.7900","","0.03%"
"04/23/2020","15.7850","15.7500","15.8100","15.7275","0.16K","0.22%"
"04/22/2020","15.7500","15.7500","15.8045","15.7288","0.08K","0.00%"
"04/21/2020","15.7500","15.7500","15.8300","15.7200","0.16K","0.00%"
"04/20/2020","15.7500","15.7500","15.7500","15.7500","","0.00%"
"04/19/2020","15.7500","15.7500","15.7500","15.7500","","0.00%"
"04/18/2020","15.7500","15.7500","15.7500","15.7500","","0.00%"
"04/17/2020","15.7500","15.7500","15.7500","15.7500","","0.00%"
"04/16/2020","15.7500","15.7500","15.8150","15.7300","0.09K","-0.22%"
"04/15/2020","15.7850","15.7500","15.8150","15.7300","0.07K","-0.01%"
"04/14/2020","15.7863","15.7500","15.8050","15.7300","0.06K","0.23%"
"04/13/2020","15.7500","15.7500","15.8300","15.7300","0.09K","0.00%"
"04/12/2020","15.7500","15.7500","15.8150","15.7300","","-0.06%"
"04/11/2020","15.7600","15.7600","15.7600","15.7600","","0.00%"
"04/10/2020","15.7600","15.7500","15.7600","15.7500","0.00K","-0.16%"
"04/09/2020","15.7850","15.7500","15.8150","15.7300","0.08K","0.22%"
"04/08/2020","15.7500","15.7500","15.8150","15.7295","0.06K","-0.22%"
"04/07/2020","15.7850","15.7500","15.8050","15.7300","0.08K","0.22%"
"04/06/2020","15.7500","15.7500","15.8050","15.7300","0.07K","0.00%"
"04/05/2020","15.7500","15.7500","15.8050","15.6300","","0.00%"
"04/04/2020","15.7500","15.7500","15.7500","15.7500","","0.00%"
"04/03/2020","15.7500","15.7500","15.7500","15.7500","","0.00%"
"04/02/2020","15.7500","15.7500","15.8145","15.7300","0.09K","0.00%"
"04/01/2020","15.7500","15.7400","15.8150","15.7300","0.13K","0.06%"
"03/31/2020","15.7400","15.7500","15.8150","15.7250","0.14K","-0.22%"
"03/30/2020","15.7750","15.7500","15.8200","15.7300","1.09K","0.16%"
"03/29/2020","15.7500","15.7500","15.8048","15.7300","","0.00%"
"03/28/2020","15.7500","15.7500","15.7500","15.7500","","0.06%"
"03/27/2020","15.7400","15.7400","15.7400","15.7400","","-0.06%"
"03/26/2020","15.7500","15.7500","15.8150","15.7300","0.07K","0.00%"
"03/25/2020","15.7500","15.7500","15.8145","15.5800","0.11K","0.00%"
"03/24/2020","15.7500","15.7300","15.8300","15.7295","0.10K","0.00%"
"03/23/2020","15.7500","15.7500","15.8300","15.7300","0.10K","0.00%"
"03/22/2020","15.7500","15.7500","15.8300","15.7298","","0.06%"
"03/21/2020","15.7400","15.7400","15.7400","15.7400","","-0.06%"
"03/20/2020","15.7500","15.7500","15.7500","15.7500","","0.00%"
"03/19/2020","15.7500","15.7600","15.8050","15.7300","0.11K","0.00%"
"03/18/2020","15.7500","15.7300","15.8050","15.7300","0.13K","0.00%"
"03/17/2020","15.7500","15.7750","15.8300","15.7250","0.14K","0.00%"
"03/16/2020","15.7500","15.7500","15.8500","15.7100","0.18K","0.03%"
"03/15/2020","15.7450","15.7200","15.8125","15.6300","","0.16%"
"03/14/2020","15.7200","15.7200","15.7200","15.7200","","0.13%"
"03/13/2020","15.7000","15.7000","15.7000","15.7000","","0.00%"
"03/12/2020","15.7000","15.7000","15.7000","15.7000","","0.00%"
"03/11/2020","15.7000","15.7000","15.8000","15.6900","0.25K","-0.13%"
"03/10/2020","15.7200","15.7100","15.8100","15.6200","0.32K","0.13%"
"03/09/2020","15.7000","15.6500","15.7600","15.6200","0.71K","0.19%"
"03/08/2020","15.6700","15.6750","15.6985","15.5400","","0.26%"
"03/07/2020","15.6300","15.6400","15.6400","15.6300","","-0.06%"
"03/06/2020","15.6400","15.6400","15.6400","15.6400","","0.00%"
"03/05/2020","15.6400","15.6500","15.7050","15.5938","0.74K","-0.06%"
"03/04/2020","15.6500","15.6450","15.7300","15.5800","0.51K","0.00%"
"03/03/2020","15.6500","15.6300","15.7300","15.6275","0.24K","0.06%"
"03/02/2020","15.6400","15.6400","15.8000","15.6100","0.31K","0.06%"
"03/01/2020","15.6300","15.6000","15.6800","15.5563","","0.19%"
"02/29/2020","15.6000","15.6000","15.6000","15.6000","","-0.21%"
"02/28/2020","15.6325","15.6325","15.6325","15.6325","","0.00%"
"02/27/2020","15.6325","15.6000","15.6800","15.5750","0.44K","0.21%"
"02/26/2020","15.6000","15.5800","15.6713","15.5425","0.47K","0.10%"
"02/25/2020","15.5850","15.5700","15.6285","15.5300","0.43K","0.16%"
"02/24/2020","15.5600","15.5400","15.6600","15.5025","0.50K","0.00%"
"02/23/2020","15.5600","15.5600","15.5600","15.5600","","0.00%"
"02/22/2020","15.5600","15.5600","15.5600","15.5600","","0.00%"
"02/21/2020","15.5600","15.5600","15.5600","15.5600","","-0.06%"
"02/20/2020","15.5700","15.6200","15.7760","15.5200","0.63K","-0.19%"
"02/19/2020","15.6000","15.6200","15.7100","15.5588","0.43K","-0.03%"
"02/18/2020","15.6050","15.6600","15.7150","15.5800","0.56K","-0.22%"
"02/17/2020","15.6400","15.6700","15.7250","15.5963","0.43K","0.03%"
"02/16/2020","15.6350","15.7000","15.8000","15.6100","","-0.41%"
"02/15/2020","15.7000","15.7000","15.7000","15.7000","","0.00%"
"02/14/2020","15.7000","15.7000","15.7000","15.7000","","0.00%"
"02/13/2020","15.7000","15.7300","15.8150","15.6400","0.65K","-0.19%"
"02/12/2020","15.7300","15.7300","15.8000","15.6450","0.37K","0.06%"
"02/11/2020","15.7200","15.7400","15.7600","15.6700","0.36K","-0.06%"
"02/10/2020","15.7300","15.7500","15.8600","15.6750","0.67K","-0.06%"
"02/09/2020","15.7400","15.7700","15.8000","15.7013","","-0.25%"
"02/08/2020","15.7800","15.7800","15.7800","15.7800","","0.00%"
"02/07/2020","15.7800","15.7800","15.7800","15.7800","","0.13%"
"02/06/2020","15.7600","15.7900","15.8900","15.7175","0.33K","-0.13%"
"02/05/2020","15.7800","15.8100","15.8700","15.7263","0.50K","-0.13%"
"02/04/2020","15.8000","15.8000","15.8565","15.7650","0.36K","-0.19%"
"02/03/2020","15.8300","15.8000","15.8650","15.7750","0.30K","0.25%"
"02/02/2020","15.7900","15.8100","15.8403","15.7700","","-0.06%"
"02/01/2020","15.8000","15.8000","15.8000","15.8000","","0.00%"
"01/31/2020","15.8000","15.8000","15.8000","15.8000","","0.00%"
"01/30/2020","15.8000","15.8000","15.8500","15.7738","0.34K","0.00%"
"01/29/2020","15.8000","15.8000","15.8650","15.7600","0.30K","0.00%"
"01/28/2020","15.8000","15.8000","15.8500","15.7525","0.45K","0.06%"
"01/27/2020","15.7900","15.8000","15.8400","15.7300","0.36K","-0.03%"
"01/26/2020","15.7950","15.8100","15.8300","15.7350","","-0.03%"
"01/25/2020","15.8000","15.8000","15.8000","15.8000","","0.00%"
"01/24/2020","15.8000","15.8000","15.8000","15.8000","","0.19%"
"01/23/2020","15.7700","15.7900","15.8800","15.7450","0.53K","-0.19%"
"01/22/2020","15.8000","15.7900","15.8550","15.7600","0.41K","0.02%"
"01/21/2020","15.7963","15.8000","15.8650","15.7300","0.53K","0.07%"
"01/20/2020","15.7850","15.8100","15.8600","15.7400","0.80K","-0.25%"
"01/19/2020","15.8238","15.8500","15.8801","15.7725","","-0.04%"
"01/18/2020","15.8300","15.8300","15.8300","15.8300","","0.00%"
"01/17/2020","15.8300","15.8300","15.8300","15.8300","","0.00%"
"01/16/2020","15.8300","15.8800","15.9000","15.7800","0.97K","-0.19%"
"01/15/2020","15.8600","15.9000","15.9100","15.8050","0.80K","-0.13%"
"01/14/2020","15.8800","15.9300","15.9400","15.8250","0.71K","-0.31%"
"01/13/2020","15.9300","15.9250","16.0050","15.8600","0.67K","-0.13%"
"01/12/2020","15.9500","15.9900","16.1000","15.8988","","-0.28%"
"01/11/2020","15.9950","15.9950","15.9950","15.9950","","0.00%"
"01/10/2020","15.9950","15.9950","15.9950","15.9950","","0.00%"
"01/09/2020","15.9950","16.0300","16.0700","15.9363","0.64K","-0.22%"
"01/08/2020","16.0300","16.0500","16.1100","15.9975","0.69K","-0.28%"
"01/07/2020","16.0750","16.0750","16.0750","16.0750","","0.00%"
"01/06/2020","16.0750","16.0400","16.1050","16.0138","0.28K","0.16%"
"01/05/2020","16.0500","16.0500","16.0900","15.9800","","0.06%"
"01/04/2020","16.0400","16.0400","16.0400","16.0400","","0.00%"
"01/03/2020","16.0400","16.0400","16.0400","16.0400","","0.00%"
"01/02/2020","16.0400","16.0500","16.1050","15.9840","0.62K","0.00%"
"01/01/2020","16.0400","16.0400","16.0400","16.0400","","-0.06%"
"12/31/2019","16.0500","16.0400","16.1050","16.0050","0.61K","0.00%"
"12/30/2019","16.0500","16.0500","16.0900","16.0125","0.45K","-0.12%"
"12/29/2019","16.0700","16.0500","16.1400","16.0100","","0.19%"
"12/28/2019","16.0388","16.0388","16.0388","16.0388","","0.00%"
"12/27/2019","16.0388","16.0388","16.0388","16.0388","","0.00%"
"12/26/2019","16.0388","16.0400","16.0973","16.0150","0.42K","-0.16%"
"12/25/2019","16.0650","16.0400","16.1125","16.0205","0.30K","0.06%"
"12/24/2019","16.0550","16.0400","16.0947","16.0238","0.45K","-0.03%"
"12/23/2019","16.0600","16.0400","16.0975","15.9850","0.45K","-0.03%"
"12/22/2019","16.0650","16.0400","16.0750","15.9725","","0.11%"
"12/21/2019","16.0475","16.0475","16.0475","16.0475","","0.00%"
"12/20/2019","16.0475","16.0475","16.0475","16.0475","","0.00%"
"12/19/2019","16.0475","16.0400","16.1050","15.9750","0.64K","-0.05%"
"12/18/2019","16.0550","16.0300","16.0950","15.9950","0.57K","0.16%"
"12/17/2019","16.0300","16.0400","16.1000","15.9750","0.56K","-0.06%"
"12/16/2019","16.0400","16.1100","16.1450","15.9860","1.01K","-0.22%"
"12/15/2019","16.0750","16.1400","16.1850","16.0475","","-0.28%"
"12/14/2019","16.1200","16.1200","16.1200","16.1200","","0.00%"
"12/13/2019","16.1200","16.1200","16.1200","16.1200","","0.00%"
"12/12/2019","16.1200","16.1200","16.1950","16.1175","0.24K","-0.20%"
"12/11/2019","16.1525","16.1200","16.1950","16.1175","0.29K","-0.05%"
"12/10/2019","16.1600","16.1400","16.2095","16.1000","0.38K","0.25%"
"12/09/2019","16.1200","16.1100","16.1850","16.1050","0.40K","-0.21%"
"12/08/2019","16.1538","16.1100","16.1780","16.1050","","0.09%"
"12/07/2019","16.1400","16.1400","16.1400","16.1400","","0.00%"
"12/06/2019","16.1400","16.1400","16.1400","16.1400","","0.00%"
"12/05/2019","16.1400","16.1100","16.1800","16.1025","0.31K","0.12%"
"12/04/2019","16.1200","16.1200","16.1700","16.0975","0.68K","0.00%"
"12/03/2019","16.1200","16.1000","16.1688","16.0950","0.17K","0.12%"
"12/02/2019","16.1000","16.1200","16.1675","16.0950","0.18K","-0.33%"
"12/01/2019","16.1525","16.1000","16.1685","16.0850","","0.20%"
"11/30/2019","16.1200","16.1200","16.1200","16.1200","","0.00%"
"11/29/2019","16.1200","16.1200","16.1200","16.1200","","0.00%"
"11/28/2019","16.1200","16.1100","16.1675","16.0950","0.15K","0.00%"
"11/27/2019","16.1200","16.1200","16.1830","16.0975","0.24K","0.00%"
"11/26/2019","16.1200","16.1350","16.1888","16.0975","0.27K","-0.12%"
"11/25/2019","16.1400","16.1000","16.1650","16.0850","0.35K","0.19%"
"11/24/2019","16.1100","16.1000","16.1625","16.0850","","0.00%"
"11/23/2019","16.1100","16.1100","16.1100","16.1100","","0.00%"
"11/22/2019","16.1100","16.1100","16.1100","16.1100","","0.00%"
"11/21/2019","16.1100","16.1000","16.1813","16.0800","0.35K","0.06%"
"11/20/2019","16.1000","16.1000","16.1725","16.0600","0.47K","0.00%"
"11/19/2019","16.1000","16.1100","16.2700","16.0625","0.56K","-0.19%"
"11/18/2019","16.1300","16.1100","16.1698","16.0700","0.50K","0.28%"
"11/17/2019","16.0850","16.1200","16.1500","16.0700","","-0.28%"
"11/16/2019","16.1300","16.1300","16.1300","16.1300","","0.00%"
"11/15/2019","16.1300","16.1200","16.1300","16.1200","0.00K","0.00%"
"11/14/2019","16.1300","16.1550","16.1650","16.0688","0.43K","-0.06%"
"11/13/2019","16.1400","16.1300","16.1900","16.0610","0.35K","0.06%"
"11/12/2019","16.1300","16.1300","16.2000","16.1100","0.65K","-0.12%"
"11/11/2019","16.1500","16.1500","16.2030","16.1050","0.36K","0.06%"
"11/10/2019","16.1400","16.1400","16.1400","16.1400","","0.00%"
"11/09/2019","16.1400","16.1675","16.1675","16.1400","","-0.06%"
"11/08/2019","16.1500","16.1400","16.1500","16.1400","0.00K","0.06%"
"11/07/2019","16.1400","16.1400","16.1878","16.0750","0.51K","0.00%"
"11/06/2019","16.1400","16.1400","16.1854","16.0750","0.39K","0.06%"
"11/05/2019","16.1300","16.1400","16.1750","16.0700","0.77K","0.09%"
"11/04/2019","16.1150","16.1300","16.2300","16.0945","0.50K","-0.03%"
"11/03/2019","16.1200","16.1500","16.1875","16.0487","","-0.12%"
"11/02/2019","16.1400","16.1400","16.1400","16.1400","","0.00%"
"11/01/2019","16.1400","16.1400","16.1400","16.1400","","0.00%"
"10/31/2019","16.1400","16.1400","16.1925","16.0988","1.17K","0.00%"
"10/30/2019","16.1400","16.1400","16.3000","16.0900","1.57K","0.06%"
"10/29/2019","16.1300","16.1400","16.2300","16.0913","0.59K","-0.06%"
"10/28/2019","16.1400","16.1500","16.2400","16.0750","0.68K","0.06%"
"10/27/2019","16.1300","16.1300","16.1900","16.0850","","0.00%"
"10/26/2019","16.1300","16.1300","16.1300","16.1300","","-0.05%"
"10/25/2019","16.1375","16.1500","16.1600","16.1275","","0.05%"
"10/24/2019","16.1300","16.1900","16.3100","16.0913","3.09K","-0.37%"
"10/23/2019","16.1900","16.2000","16.2328","16.1250","2.46K","-0.06%"
"10/22/2019","16.2000","16.2100","16.2388","16.1050","2.68K","0.00%"
"10/21/2019","16.2000","16.2250","16.2575","16.1600","2.80K","0.01%"
"10/20/2019","16.1990","16.2300","16.3000","16.1775","","-0.13%"
"10/19/2019","16.2200","16.2200","16.2200","16.2200","","-0.20%"
"10/18/2019","16.2525","16.2525","16.2525","16.2525","","0.14%"
"10/17/2019","16.2300","16.2200","16.3113","16.1675","0.70K","0.00%"
"10/16/2019","16.2300","16.2400","16.2900","16.1675","0.65K","-0.06%"
"10/15/2019","16.2400","16.2600","16.3100","16.1600","0.65K","-0.12%"
"10/14/2019","16.2600","16.2700","16.3200","16.1855","0.58K","0.28%"
"10/13/2019","16.2150","16.2800","16.3500","16.2125","","-0.40%"
"10/12/2019","16.2800","16.2800","16.2800","16.2800","","0.00%"
"10/11/2019","16.2800","16.2800","16.2800","16.2800","","0.00%"
"10/10/2019","16.2800","16.3000","16.3650","16.2220","1.01K","-0.12%"
"10/09/2019","16.3000","16.2800","16.3575","16.2488","0.54K","0.06%"
"10/08/2019","16.2900","16.2800","16.3650","16.2795","0.23K","-0.12%"
"10/07/2019","16.3100","16.3050","16.3588","16.2700","0.26K","0.00%"
"10/06/2019","16.3100","16.3100","16.3100","16.3100","","0.00%"
"10/05/2019","16.3100","16.3100","16.3100","16.3100","","0.00%"
"10/04/2019","16.3100","16.3100","16.3100","16.3100","","0.00%"
"10/03/2019","16.3100","16.3050","16.3555","16.2275","0.76K","-0.15%"
"10/02/2019","16.3340","16.2800","16.3450","16.2450","0.60K","0.33%"
"10/01/2019","16.2800","16.2700","16.3275","16.2250","1.20K","0.00%"
"09/30/2019","16.2800","16.2700","16.3350","16.2125","0.89K","0.09%"
"09/29/2019","16.2650","16.3200","16.3650","16.2150","","-0.28%"
"09/28/2019","16.3100","16.3100","16.3100","16.3100","","0.00%"
"09/27/2019","16.3100","16.3100","16.3100","16.3100","","0.00%"
"09/26/2019","16.3100","16.3100","16.3850","16.2900","0.32K","0.20%"
"09/25/2019","16.2775","16.3100","16.3800","16.2775","0.34K","-0.20%"
"09/24/2019","16.3100","16.2900","16.3725","16.2750","0.30K","0.03%"
"09/23/2019","16.3050","16.2900","16.3900","16.2588","0.36K","-0.01%"
"09/22/2019","16.3063","16.3100","16.3600","16.2350","","-0.02%"
"09/21/2019","16.3100","16.3100","16.3100","16.3100","","0.00%"
"09/20/2019","16.3100","16.3100","16.3100","16.3100","","0.00%"
"09/19/2019","16.3100","16.3500","16.4100","16.2463","0.57K","-0.24%"
"09/18/2019","16.3500","16.3500","16.3900","16.2800","0.47K","0.12%"
"09/17/2019","16.3300","16.3650","16.5400","16.2950","0.53K","-0.06%"
"09/16/2019","16.3400","16.4000","16.4750","16.3108","0.67K","-0.03%"
"09/15/2019","16.3450","16.4300","16.5600","16.3350","","-0.46%"
"09/14/2019","16.4200","16.4200","16.4200","16.4200","","0.00%"
"09/13/2019","16.4200","16.4200","16.4200","16.4200","","0.00%"
"09/12/2019","16.4200","16.4400","16.4900","16.3650","0.84K","-0.06%"
"09/11/2019","16.4300","16.4600","16.5100","16.3763","1.07K","-0.18%"
"09/10/2019","16.4600","16.4800","16.5300","16.3937","0.62K","0.00%"
"09/09/2019","16.4600","16.4700","16.6000","16.4150","1.04K","-0.06%"
"09/08/2019","16.4700","16.5000","16.6100","16.4210","","-0.18%"
"09/07/2019","16.5000","16.5000","16.5000","16.5000","","0.00%"
"09/06/2019","16.5000","16.5000","16.5000","16.5000","","0.12%"
"09/05/2019","16.4800","16.5300","16.5800","16.4363","0.52K","-0.27%"
"09/04/2019","16.5250","16.5900","16.6125","16.4800","0.93K","-0.15%"
"09/03/2019","16.5500","16.5600","16.6200","16.5138","0.39K","-0.06%"
"09/02/2019","16.5600","16.5500","16.6500","16.5363","1.06K","-0.17%"
"09/01/2019","16.5875","16.5600","16.6112","16.5313","","0.23%"
"08/31/2019","16.5500","16.5500","16.5500","16.5500","","0.12%"
"08/30/2019","16.5300","16.5500","16.5500","16.5300","0.00K","-0.12%"
"08/29/2019","16.5500","16.5500","16.6150","16.5050","0.53K","-0.06%"
"08/28/2019","16.5600","16.5600","16.6250","16.5200","0.42K","0.05%"
"08/27/2019","16.5513","16.5500","16.6250","16.4950","0.35K","-0.05%"
"08/26/2019","16.5600","16.5900","16.6175","16.4898","0.96K","-0.14%"
"08/25/2019","16.5825","16.6000","16.6300","16.5100","","0.08%"
"08/24/2019","16.5700","16.5700","16.5700","16.5700","","0.00%"
"08/23/2019","16.5700","16.5700","16.5700","16.5700","","0.00%"
"08/22/2019","16.5700","16.6000","16.6443","16.5600","0.35K","-0.18%"
"08/21/2019","16.6000","16.5700","16.6450","16.5600","0.30K","0.00%"
"08/20/2019","16.6000","16.5700","16.6450","16.5700","0.26K","0.00%"
"08/19/2019","16.6000","16.5700","16.6600","16.5500","0.54K","-0.12%"
"08/18/2019","16.6200","16.6000","16.6400","16.5525","","0.12%"
"08/17/2019","16.6000","16.5800","16.6000","16.5800","","0.12%"
"08/16/2019","16.5800","16.5800","16.5800","16.5800","","0.00%"
"08/15/2019","16.5800","16.6000","16.6403","16.5450","1.06K","-0.12%"
"08/14/2019","16.6000","16.5700","16.6350","16.5300","0.62K","0.08%"
"08/13/2019","16.5863","16.5863","16.5863","16.5863","","0.00%"
"08/12/2019","16.5863","16.5863","16.5863","16.5863","","0.00%"
"08/11/2019","16.5863","16.5863","16.5863","16.5863","","0.22%"
"08/10/2019","16.5500","16.5500","16.5500","16.5500","","0.00%"
"08/09/2019","16.5500","16.5500","16.5500","16.5500","","-0.09%"
"08/08/2019","16.5650","16.5700","16.6175","16.5150","0.49K","0.00%"
"08/07/2019","16.5650","16.5700","16.7000","16.5050","0.54K","0.06%"
"08/06/2019","16.5550","16.5500","16.6100","16.4500","0.52K","-0.03%"
"08/05/2019","16.5600","16.5500","16.6000","16.4300","0.69K","0.00%"
"08/04/2019","16.5600","16.5350","16.6100","16.4900","","-0.12%"
"08/03/2019","16.5800","16.5800","16.5800","16.5800","","0.00%"
"08/02/2019","16.5800","16.5800","16.5800","16.5800","","0.00%"
"08/01/2019","16.5800","16.5800","16.6100","16.4600","0.78K","0.18%"
"07/31/2019","16.5500","16.5800","16.6100","16.5088","0.78K","-0.06%"
"07/30/2019","16.5605","16.5900","16.6300","16.5088","1.15K","-0.18%"
"07/29/2019","16.5900","16.5900","16.6450","16.5250","1.27K","-0.06%"
"07/28/2019","16.6000","16.6000","16.6450","16.5288","","0.06%"
"07/27/2019","16.5900","16.5900","16.5900","16.5900","","0.00%"
"07/26/2019","16.5900","16.5900","16.5900","16.5900","","0.00%"
"07/25/2019","16.5900","16.6100","16.6900","16.5405","1.29K","-0.12%"
"07/24/2019","16.6100","16.6200","16.6770","16.5625","0.99K","-0.06%"
"07/23/2019","16.6200","16.6200","16.6200","16.6200","","0.00%"
"07/22/2019","16.6200","16.6100","16.6700","16.5850","0.34K","0.06%"
"07/21/2019","16.6100","16.6000","16.6650","16.5848","","-0.06%"
"07/20/2019","16.6200","16.6200","16.6200","16.6200","","0.00%"
"07/19/2019","16.6200","16.6200","16.6200","16.6200","","0.00%"
"07/18/2019","16.6200","16.6100","16.6675","16.5600","0.36K","0.06%"
"07/17/2019","16.6100","16.6000","16.7200","16.5550","0.81K","-0.11%"
"07/16/2019","16.6280","16.6100","16.6625","16.5600","1.10K","0.11%"
"07/15/2019","16.6100","16.6100","16.7000","16.5475","1.28K","-0.09%"
"07/14/2019","16.6255","16.6200","16.6550","16.5613","","0.03%"
"07/13/2019","16.6200","16.6200","16.6200","16.6200","","0.00%"
"07/12/2019","16.6200","16.6200","16.6200","16.6200","","0.18%"
"07/11/2019","16.5900","16.6200","16.6613","16.5725","0.35K","-0.18%"
"07/10/2019","16.6200","16.6100","16.6600","16.5700","0.34K","0.06%"
"07/09/2019","16.6100","16.6100","16.6500","16.5000","0.29K","0.00%"
"07/08/2019","16.6100","16.6200","16.6850","16.5538","0.38K","0.18%"
"07/07/2019","16.5800","16.6300","16.6500","16.5600","","-0.30%"
"07/06/2019","16.6300","16.6300","16.6300","16.6300","","0.00%"
"07/05/2019","16.6300","16.6300","16.6300","16.6300","","0.00%"
"07/04/2019","16.6300","16.6200","16.6600","16.5625","0.34K","0.06%"
"07/03/2019","16.6200","16.6500","16.7100","16.5388","0.42K","-0.12%"
"07/02/2019","16.6400","16.7000","16.7400","16.5658","0.63K","-0.42%"
"07/01/2019","16.7100","16.7000","16.7350","16.6550","0.26K","0.06%"
"06/30/2019","16.7000","16.7000","16.7000","16.7000","","0.00%"
"06/29/2019","16.7000","16.7000","16.7000","16.7000","","0.00%"
"06/28/2019","16.7000","16.7000","16.7000","16.7000","","0.03%"
"06/27/2019","16.6950","16.7000","16.7750","16.6538","0.38K","-0.03%"
"06/26/2019","16.7000","16.7000","16.7550","16.6450","1.35K","0.00%"
"06/25/2019","16.7000","16.6900","16.7575","16.6450","0.33K","0.00%"
"06/24/2019","16.7000","16.7000","16.7755","16.6425","0.45K","0.23%"
"06/23/2019","16.6620","16.7000","16.7700","16.6300","","-0.17%"
"06/22/2019","16.6900","16.6900","16.6900","16.6900","","0.00%"
"06/21/2019","16.6900","16.6900","16.6900","16.6900","","0.00%"
"06/20/2019","16.6900","16.7200","16.8400","16.6437","0.77K","-0.30%"
"06/19/2019","16.7400","16.7700","16.8000","16.6963","0.51K","-0.18%"
"06/18/2019","16.7700","16.7600","16.8800","16.7120","0.47K","0.06%"
"06/17/2019","16.7600","16.7600","16.8000","16.7100","0.33K","-0.11%"
"06/16/2019","16.7777","16.7600","16.7888","16.7063","","0.11%"
"06/15/2019","16.7600","16.7600","16.7600","16.7600","","0.00%"
"06/14/2019","16.7600","16.7600","16.7600","16.7600","","0.00%"
"06/13/2019","16.7600","16.7300","16.8000","16.6900","0.40K","0.21%"
"06/12/2019","16.7250","16.7300","16.8600","16.6913","0.68K","-0.21%"
"06/11/2019","16.7600","16.7600","16.7875","16.6925","0.39K","0.12%"
"06/10/2019","16.7400","16.7800","16.7925","16.6875","0.47K","-0.18%"
"06/09/2019","16.7700","16.7800","16.7950","16.7050","","0.06%"
"06/08/2019","16.7600","16.7600","16.7600","16.7600","","0.00%"
"06/07/2019","16.7600","16.7500","16.7600","16.7500","0.00K","-0.12%"
"06/06/2019","16.7800","16.7800","16.7800","16.7800","","0.00%"
"06/05/2019","16.7800","16.7800","16.7800","16.7800","","0.12%"
"06/04/2019","16.7600","16.7600","16.7600","16.7600","","0.00%"
"06/03/2019","16.7600","16.7550","16.8300","16.7050","0.44K","0.00%"
"06/02/2019","16.7600","16.7500","16.9000","16.7213","","0.12%"
"06/01/2019","16.7400","16.7400","16.7400","16.7400","","0.00%"
"05/31/2019","16.7400","16.7400","16.7400","16.7400","","-0.24%"
"05/30/2019","16.7800","16.8100","16.8750","16.7200","0.55K","-0.24%"
"05/29/2019","16.8200","16.8650","16.8650","16.7800","0.30K","-0.12%"
"05/28/2019","16.8400","16.7950","16.9100","16.7813","0.40K","0.06%"
"05/27/2019","16.8300","16.8050","16.8900","16.7800","0.58K","-0.24%"
"05/26/2019","16.8713","16.8650","17.0400","16.8100","","0.04%"
"05/25/2019","16.8650","16.8650","16.8650","16.8650","","0.00%"
"05/24/2019","16.8650","16.8650","16.8650","16.8650","","0.00%"
"05/23/2019","16.8650","16.9100","17.0700","16.8325","0.57K","-0.44%"
"05/22/2019","16.9400","17.0300","17.1500","16.8900","0.92K","-0.47%"
"05/21/2019","17.0200","17.0100","17.1200","16.9850","0.44K","0.00%"
"05/20/2019","17.0200","17.0450","17.0800","16.9800","0.40K","-0.16%"
"05/19/2019","17.0475","17.0400","17.1700","17.0038","","0.04%"
"05/18/2019","17.0400","17.0400","17.0400","17.0400","","0.00%"
"05/17/2019","17.0400","17.0400","17.0400","17.0400","","-0.06%"
"05/16/2019","17.0500","17.0600","17.1500","17.0038","0.41K","-0.18%"
"05/15/2019","17.0800","17.0450","17.1500","17.0200","0.48K","0.06%"
"05/14/2019","17.0700","17.0600","17.1800","17.0250","1.69K","-0.06%"
"05/13/2019","17.0800","17.1025","17.2200","17.0300","0.39K","-0.15%"
"05/12/2019","17.1050","17.1225","17.2200","17.0800","","-0.10%"
"05/11/2019","17.1225","17.1225","17.1225","17.1225","","0.00%"
"05/10/2019","17.1225","17.1225","17.1225","17.1225","","0.00%"
"05/09/2019","17.1225","17.1525","17.2500","17.0850","1.11K","-0.19%"
"05/08/2019","17.1550","17.1500","17.2500","17.1188","0.33K","0.03%"
"05/07/2019","17.1500","17.1500","17.2500","17.1195","0.33K","0.00%"
"05/06/2019","17.1500","17.1525","17.2500","17.1150","0.69K","0.00%"
"05/05/2019","17.1500","17.1800","17.3100","17.1250","","-0.12%"
"05/04/2019","17.1700","17.1700","17.1700","17.1700","","-0.03%"
"05/03/2019","17.1750","17.1750","17.1750","17.1750","","0.00%"
"05/02/2019","17.1750","17.1800","17.2700","17.1300","2.35K","0.03%"
"05/01/2019","17.1700","17.1700","17.1700","17.1700","","0.00%"
"04/30/2019","17.1700","17.1800","17.3100","17.1000","0.22K","-0.03%"
"04/29/2019","17.1750","17.1750","17.1750","17.1750","","0.00%"
"04/28/2019","17.1750","17.1750","17.1750","17.1750","","0.00%"
"04/27/2019","17.1750","17.1750","17.1750","17.1750","","0.03%"
"04/26/2019","17.1700","17.1600","17.1700","17.1600","0.00K","-0.06%"
"04/25/2019","17.1800","17.1800","17.1800","17.1800","","0.00%"
"04/24/2019","17.1800","17.1700","17.2350","17.1350","0.65K","0.09%"
"04/23/2019","17.1638","17.1700","17.2700","17.1150","0.51K","-0.04%"
"04/22/2019","17.1700","17.1800","17.2800","17.1100","0.48K","0.19%"
"04/21/2019","17.1375","17.2000","17.3300","17.1213","","-0.36%"
"04/20/2019","17.2000","17.2000","17.2000","17.2000","","0.00%"
"04/19/2019","17.2000","17.2000","17.2000","17.2000","","-0.01%"
"04/18/2019","17.2025","17.2600","17.3500","17.1495","1.39K","-0.30%"
"04/17/2019","17.2550","17.3100","17.4000","17.2150","0.62K","-0.32%"
"04/16/2019","17.3100","17.3200","17.4000","17.2650","0.35K","-0.20%"
"04/15/2019","17.3450","17.3300","17.4000","17.2800","0.26K","0.30%"
"04/14/2019","17.2938","17.3200","17.4000","17.2650","","-0.09%"
"04/13/2019","17.3100","17.3100","17.3100","17.3100","","0.00%"
"04/12/2019","17.3100","17.3100","17.3100","17.3100","","0.00%"
"04/11/2019","17.3100","17.3200","17.4100","17.2750","0.39K","-0.06%"
"04/10/2019","17.3200","17.3200","17.4100","17.2875","1.17K","-0.06%"
"04/09/2019","17.3300","17.3200","17.4100","17.2800","0.37K","0.06%"
"04/08/2019","17.3200","17.3200","17.4100","17.2850","0.32K","-0.07%"
"04/07/2019","17.3325","17.3200","17.4100","17.2800","","0.13%"
"04/06/2019","17.3100","17.3100","17.3100","17.3100","","0.00%"
"04/05/2019","17.3100","17.3100","17.3100","17.3100","","0.00%"
"04/04/2019","17.3100","17.3300","17.4100","17.2845","0.27K","-0.13%"
"04/03/2019","17.3325","17.3100","17.4100","17.2900","0.28K","0.07%"
"04/02/2019","17.3200","17.3100","17.4100","17.2747","0.27K","-0.09%"
"04/01/2019","17.3350","17.3200","17.4100","17.2775","0.28K","0.03%"
"03/31/2019","17.3300","17.3300","17.4100","17.2750","","0.00%"
"03/30/2019","17.3300","17.3300","17.3300","17.3300","","0.00%"
"03/29/2019","17.3300","17.3300","17.3300","17.3300","","0.00%"
"03/28/2019","17.3300","17.3200","17.4100","17.2850","0.27K","0.06%"
"03/27/2019","17.3200","17.3100","17.4500","17.2775","0.47K","0.09%"
"03/26/2019","17.3050","17.3000","17.4500","17.2550","0.50K","0.03%"
"03/25/2019","17.3000","17.2700","17.4000","17.2500","0.82K","0.00%"
"03/24/2019","17.3000","17.2900","17.4300","17.2350","","0.26%"
"03/23/2019","17.2550","17.2550","17.2550","17.2550","","0.00%"
"03/22/2019","17.2550","17.2550","17.2550","17.2550","","0.00%"
"03/21/2019","17.2550","17.3000","17.4300","17.2350","0.86K","-0.12%"
"03/20/2019","17.2750","17.2900","17.4000","17.2263","0.33K","-0.09%"
"03/19/2019","17.2900","17.4500","17.4500","17.2450","0.56K","-0.12%"
"03/18/2019","17.3100","17.4000","17.4900","17.2713","1.28K","-0.24%"
"03/17/2019","17.3513","17.4200","17.5000","17.3450","","-0.28%"
"03/16/2019","17.4000","17.4000","17.4000","17.4000","","0.00%"
"03/15/2019","17.4000","17.4000","17.4000","17.4000","","0.00%"
"03/14/2019","17.4000","17.4200","17.5300","17.3450","0.49K","-0.11%"
"03/13/2019","17.4200","17.4400","17.5300","17.3800","0.43K","0.09%"
"03/12/2019","17.4050","17.4500","17.5300","17.3850","0.95K","-0.14%"
"03/11/2019","17.4300","17.4300","17.5300","17.3825","0.38K","-0.06%"
"03/10/2019","17.4400","17.4350","17.5500","17.3950","","0.11%"
"03/09/2019","17.4200","17.4200","17.4200","17.4200","","0.00%"
"03/08/2019","17.4200","17.4200","17.4200","17.4200","","0.00%"
"03/07/2019","17.4200","17.5000","17.5800","17.3950","0.51K","-0.29%"
"03/06/2019","17.4700","17.4900","17.5900","17.4400","0.36K","0.06%"
"03/05/2019","17.4600","17.5200","17.6000","17.3500","0.46K","-0.34%"
"03/04/2019","17.5200","17.5200","17.6100","17.4800","0.32K","-0.07%"
"03/03/2019","17.5325","17.5100","17.6100","17.4945","","0.01%"
"03/02/2019","17.5300","17.5400","17.5500","17.5050","0.01K","0.11%"
"03/01/2019","17.5100","17.5100","17.5100","17.5100","","0.00%"
"02/28/2019","17.5100","17.5400","17.6200","17.4925","0.23K","-0.11%"
"02/27/2019","17.5300","17.5400","17.6100","17.4925","0.26K","0.11%"
"02/26/2019","17.5100","17.5400","17.6500","17.4850","0.24K","-0.20%"
"02/25/2019","17.5450","17.5200","17.6500","17.4875","0.32K","0.19%"
"02/24/2019","17.5125","17.5200","17.6500","17.4975","","-0.16%"
"02/23/2019","17.5400","17.5400","17.5400","17.5400","","0.00%"
"02/22/2019","17.5400","17.5400","17.5400","17.5400","","0.00%"
"02/21/2019","17.5400","17.5800","17.6500","17.5000","0.37K","-0.11%"
"02/20/2019","17.5600","17.5400","17.6400","17.5300","0.27K","0.11%"
"02/19/2019","17.5400","17.5400","17.6700","17.5212","0.24K","0.00%"
"02/18/2019","17.5400","17.5500","17.6500","17.5300","0.22K","-0.11%"
"02/17/2019","17.5600","17.5700","17.6550","17.5300","","0.11%"
"02/16/2019","17.5400","17.5400","17.5400","17.5400","","0.00%"
"02/15/2019","17.5400","17.5400","17.5400","17.5400","","0.00%"
"02/14/2019","17.5400","17.5900","17.7500","17.5100","0.45K","-0.26%"
"02/13/2019","17.5850","17.6200","17.7400","17.5400","0.40K","-0.09%"
"02/12/2019","17.6000","17.6000","17.7000","17.5750","0.31K","0.00%"
"02/11/2019","17.6000","17.6200","17.7000","17.5750","0.36K","-0.21%"
"02/10/2019","17.6375","17.6000","17.7000","17.5900","","0.21%"
"02/09/2019","17.6000","17.6000","17.6000","17.6000","","0.00%"
"02/08/2019","17.6000","17.6000","17.6000","17.6000","","0.00%"
"02/07/2019","17.6000","17.6300","17.7000","17.5550","0.30K","0.00%"
"02/06/2019","17.6000","17.6000","17.7000","17.5600","0.31K","0.00%"
"02/05/2019","17.6000","17.6800","17.7500","17.5600","0.33K","-0.45%"
"02/04/2019","17.6800","17.6500","17.7500","17.6395","0.18K","0.06%"
"02/03/2019","17.6700","17.6700","17.7500","17.6300","","0.11%"
"02/02/2019","17.6500","17.6500","17.6500","17.6500","","0.00%"
"02/01/2019","17.6500","17.6500","17.6500","17.6500","","-0.17%"
"01/31/2019","17.6800","17.6500","17.7500","17.6250","0.25K","0.06%"
"01/30/2019","17.6700","17.6200","17.7300","17.6000","0.31K","0.19%"
"01/29/2019","17.6363","17.6300","17.7400","17.5900","0.31K","-0.13%"
"01/28/2019","17.6600","17.7000","17.9000","17.6000","0.36K","-0.17%"
"01/27/2019","17.6900","17.9000","17.9550","17.6450","","-1.12%"
"01/26/2019","17.8900","17.8900","17.8900","17.8900","","0.00%"
"01/25/2019","17.8900","17.8900","17.8900","17.8900","","0.00%"
"01/24/2019","17.8900","17.8900","17.8900","17.8900","","0.00%"
"01/23/2019","17.8900","17.9100","17.9775","17.8400","0.27K","-0.11%"
"01/22/2019","17.9100","17.9100","17.9750","17.8400","0.10K","-0.08%"
"01/21/2019","17.9250","17.9250","17.9775","17.8300","0.11K","0.04%"
"01/20/2019","17.9175","17.8400","17.9712","17.8400","","0.15%"
"01/19/2019","17.8900","17.8900","17.8900","17.8900","","0.00%"
"01/18/2019","17.8900","17.8900","17.8900","17.8900","","0.00%"
"01/17/2019","17.8900","17.9250","17.9725","17.8400","0.11K","-0.20%"
"01/16/2019","17.9250","17.9250","17.9850","17.8400","0.13K","0.08%"
"01/15/2019","17.9100","17.8400","17.9738","17.8400","0.01K","0.00%"
"01/14/2019","17.9100","17.8400","17.9750","17.8300","0.14K","0.00%"
"01/13/2019","17.9100","17.9250","17.9700","17.8400","","-0.08%"
"01/12/2019","17.9250","17.9250","17.9250","17.9250","","0.00%"
"01/11/2019","17.9250","17.9250","17.9250","17.9250","","0.00%"
"01/10/2019","17.9250","17.8400","17.9795","17.8300","0.00K","0.08%"
"01/09/2019","17.9100","17.8400","17.9740","17.8300","0.15K","-0.08%"
"01/08/2019","17.9250","17.8400","17.9725","17.8300","0.14K","0.04%"
"01/07/2019","17.9175","17.9175","17.9175","17.9175","","0.00%"
"01/06/2019","17.9175","17.9250","17.9725","17.8300","","0.04%"
"01/05/2019","17.9100","17.9100","17.9100","17.9100","","0.00%"
"01/04/2019","17.9100","17.9100","17.9100","17.9100","","0.00%"
"01/03/2019","17.9100","17.9200","17.9813","17.8300","0.13K","-0.06%"
"01/02/2019","17.9200","17.9136","17.9775","17.8300","0.16K","0.06%"
"01/01/2019","17.9100","17.9100","17.9100","17.9100","0.00K","0.00%"
"12/31/2018","17.9100","17.9100","17.9700","17.8300","","-0.27%"
"12/30/2018","17.9588","17.9175","17.9850","17.8300","","0.38%"
"12/29/2018","17.8900","17.8900","17.8900","17.8900","","0.00%"
"12/28/2018","17.8900","17.8900","17.8900","17.8900","","0.00%"
"12/27/2018","17.8900","17.9100","17.9850","17.8300","","-0.11%"
"12/26/2018","17.9100","17.8300","17.9850","17.8300","","0.00%"
"12/25/2018","17.9100","17.9400","17.9750","17.8300","","0.00%"
"12/24/2018","17.9100","17.8300","17.9850","17.8300","","-0.28%"
"12/23/2018","17.9600","17.9150","17.9750","17.8300","","0.28%"
"12/22/2018","17.9100","17.9100","17.9100","17.9100","","0.00%"
"12/21/2018","17.9100","17.9100","17.9100","17.9100","","0.00%"
"12/20/2018","17.9100","17.9200","17.9750","17.8300","","0.00%"
"12/19/2018","17.9100","17.9200","17.9742","17.8300","","0.00%"
"12/18/2018","17.9100","17.9100","17.9763","17.8300","","-0.03%"
"12/17/2018","17.9150","17.9100","17.9763","17.8300","","-0.23%"
"12/16/2018","17.9565","17.9550","17.9665","17.8300","","0.01%"
"12/15/2018","17.9550","17.9550","17.9550","17.9550","","0.00%"
"12/14/2018","17.9550","17.9200","17.9550","17.9200","","0.20%"
"12/13/2018","17.9200","17.9125","17.9850","17.8300","","0.06%"
"12/12/2018","17.9100","17.9300","17.9720","17.8300","","0.00%"
"12/11/2018","17.9100","17.8300","17.9700","17.8300","","0.00%"
"12/10/2018","17.9100","17.9300","17.9850","17.8300","","-0.14%"
"12/09/2018","17.9350","17.8300","17.9700","17.8300","","0.14%"
"12/08/2018","17.9100","17.9100","17.9100","17.9100","","0.00%"
"12/07/2018","17.9100","17.9100","17.9100","17.9100","","0.00%"
"12/06/2018","17.9100","17.9300","17.9850","17.8300","","-0.14%"
"12/05/2018","17.9350","17.9100","17.9725","17.8300","","0.14%"
"12/04/2018","17.9100","17.9200","17.9850","17.8300","","0.00%"
"12/03/2018","17.9100","17.9100","17.9850","17.8300","","-0.04%"
"12/02/2018","17.9175","17.9200","17.9725","17.8300","","0.04%"
"12/01/2018","17.9100","17.9100","17.9100","17.9100","","0.00%"
"11/30/2018","17.9100","17.9100","17.9100","17.9100","","0.00%"
"11/29/2018","17.9100","17.9300","17.9723","17.8300","","0.00%"
"11/28/2018","17.9100","17.9400","17.9700","17.8300","","-0.03%"
"11/27/2018","17.9150","17.9200","17.9850","17.8300","","-0.22%"
"11/26/2018","17.9550","17.9100","17.9748","17.8300","","0.64%"
"11/25/2018","17.8400","17.9300","17.9695","17.8300","","-0.39%"
"11/24/2018","17.9100","17.9100","17.9100","17.9100","","0.11%"
"11/23/2018","17.8900","17.8900","17.8900","17.8900","","0.00%"
"11/22/2018","17.8900","17.9575","17.9850","17.8300","","-0.38%"
"11/21/2018","17.9575","17.9300","17.9850","17.8300","","0.27%"
"11/20/2018","17.9100","17.9100","17.9100","17.9100","","0.00%"
"11/19/2018","17.9100","17.8300","17.9850","17.8300","","-0.20%"
"11/18/2018","17.9450","17.8300","17.9675","17.8300","","0.20%"
"11/17/2018","17.9100","17.9100","17.9100","17.9100","","0.00%"
"11/16/2018","17.9100","17.9100","17.9100","17.9100","","0.00%"
"11/15/2018","17.9100","17.9100","17.9850","17.8300","","0.00%"
"11/14/2018","17.9100","17.9300","17.9725","17.8300","","0.00%"
"11/13/2018","17.9100","17.9538","17.9725","17.8300","","0.00%"
"11/12/2018","17.9100","17.9515","17.9700","17.8300","","0.01%"
"11/11/2018","17.9087","17.9515","17.9625","17.8300","","0.39%"
"11/10/2018","17.8400","17.8400","17.8400","17.8400","","0.00%"
"11/09/2018","17.8400","17.8400","17.8400","17.8400","","-0.39%"
"11/08/2018","17.9100","17.9300","17.9678","17.7900","","0.00%"
"11/07/2018","17.9100","17.9300","17.9688","17.8300","","-0.11%"
"11/06/2018","17.9300","17.9100","17.9680","17.8300","","0.11%"
"11/05/2018","17.9100","17.9300","17.9700","17.8300","","-0.06%"
"11/04/2018","17.9200","17.9300","17.9700","17.8300","","0.06%"
"11/03/2018","17.9100","17.9100","17.9100","17.9100","","0.00%"
"11/02/2018","17.9100","17.9100","17.9100","17.9100","","0.00%"
"11/01/2018","17.9100","17.9200","17.9700","17.8300","","0.00%"
"10/31/2018","17.9100","17.9100","17.9725","17.8300","","0.00%"
"10/30/2018","17.9100","17.9200","17.9738","17.8300","","-0.06%"
"10/29/2018","17.9200","17.8300","17.9850","17.8300","","0.00%"
"10/28/2018","17.9200","17.9100","17.9745","17.8300","","0.06%"
"10/27/2018","17.9100","17.9100","17.9100","17.9100","","0.00%"
"10/26/2018","17.9100","17.9100","17.9100","17.9100","","0.00%"
"10/25/2018","17.9100","17.9550","17.9745","17.8300","","0.00%"
"10/24/2018","17.9100","17.9100","17.9750","17.8300","","-0.03%"
"10/23/2018","17.9150","17.9100","17.9850","17.8300","","0.03%"
"10/22/2018","17.9100","17.9100","17.9850","17.8300","","0.01%"
"10/21/2018","17.9090","17.9100","17.9712","17.8300","","-0.03%"
"10/20/2018","17.9150","17.9150","17.9150","17.9150","","0.00%"
"10/19/2018","17.9150","17.9150","17.9150","17.9150","","0.00%"
"10/18/2018","17.9150","17.8400","17.9700","17.8300","","0.03%"
"10/17/2018","17.9100","17.9100","17.9712","17.8300","","0.00%"
"10/16/2018","17.9100","17.8300","17.9715","17.8300","","-0.06%"
"10/15/2018","17.9200","17.9100","17.9850","17.8300","","-0.14%"
"10/14/2018","17.9450","17.9150","17.9650","17.8300","","0.20%"
"10/13/2018","17.9100","17.9100","17.9100","17.9100","","-0.11%"
"10/12/2018","17.9300","17.9300","17.9300","17.9300","","0.11%"
"10/11/2018","17.9100","17.9200","17.9703","17.8300","","0.00%"
"10/10/2018","17.9100","17.9100","17.9725","17.8300","","0.00%"
"10/09/2018","17.9100","17.9000","17.9850","17.8300","","0.00%"
"10/08/2018","17.9100","17.9000","17.9700","17.8300","","0.11%"
"10/07/2018","17.8900","17.8900","17.8900","17.8900","","0.00%"
"10/06/2018","17.8900","17.8900","17.8900","17.8900","","0.00%"
"10/05/2018","17.8900","17.8900","17.8900","17.8900","","0.00%"
"10/04/2018","17.8900","17.8300","17.9725","17.8300","","-0.11%"
"10/03/2018","17.9100","17.9100","17.9850","17.8300","","0.00%"
"10/02/2018","17.9100","17.9100","17.9708","17.8300","","0.00%"
"10/01/2018","17.9100","17.8900","17.9750","17.8300","","-0.20%"
"09/30/2018","17.9450","17.9100","17.9720","17.8300","","0.59%"
"09/29/2018","17.8400","17.8400","17.8400","17.8400","","0.00%"
"09/28/2018","17.8400","17.9200","17.9200","17.8400","","-0.39%"
"09/27/2018","17.9100","17.9100","17.9703","17.8300","","0.00%"
"09/26/2018","17.9100","17.9100","17.9703","17.8300","","-0.03%"
"09/25/2018","17.9150","17.9100","17.9653","17.8300","","0.00%"
"09/24/2018","17.9150","17.9100","17.9703","17.8300","","-0.21%"
"09/23/2018","17.9525","17.9100","17.9725","17.8300","","0.24%"
"09/22/2018","17.9100","17.9100","17.9100","17.9100","","-0.03%"
"09/21/2018","17.9150","17.9150","17.9150","17.9150","","0.03%"
"09/20/2018","17.9100","17.9100","17.9675","17.8300","","0.06%"
"09/19/2018","17.9000","17.9100","17.9850","17.8300","","-0.06%"
"09/18/2018","17.9100","17.9100","17.9850","17.8300","","-0.06%"
"09/17/2018","17.9200","17.9100","17.9850","17.8300","","-0.19%"
"09/16/2018","17.9550","17.9150","17.9850","17.8300","","0.25%"
"09/15/2018","17.9100","17.9100","17.9100","17.9100","","0.00%"
"09/14/2018","17.9100","17.9100","17.9100","17.9100","","-0.08%"
"09/13/2018","17.9250","17.9100","17.9850","17.8300","","0.08%"
"09/12/2018","17.9100","17.9350","17.9850","17.8300","","0.39%"
"09/11/2018","17.8400","17.8400","17.8400","17.8400","","0.00%"
"09/10/2018","17.8400","17.9100","17.9850","17.8300","","-0.53%"
"09/09/2018","17.9350","17.8300","17.9725","17.8300","","0.25%"
"09/08/2018","17.8900","17.8900","17.8900","17.8900","","0.00%"
"09/07/2018","17.8900","17.8900","17.8900","17.8900","","0.00%"
"09/06/2018","17.8900","17.9100","17.9850","17.8300","","-0.11%"
"09/05/2018","17.9100","17.9100","17.9700","17.8300","","0.00%"
"09/04/2018","17.9100","17.9100","17.9675","17.8300","","-0.20%"
"09/03/2018","17.9450","17.9100","17.9600","17.8300","","0.31%"
"09/02/2018","17.8900","17.8900","17.9600","17.8300","","0.34%"
"09/01/2018","17.8300","17.8300","17.8300","17.8300","","0.00%"
"08/31/2018","17.8300","17.8300","17.8300","17.8300","","0.00%"
"08/30/2018","17.8300","17.8300","17.9650","17.8300","","-0.34%"
"08/29/2018","17.8900","17.9313","17.9650","17.8300","","0.00%"
"08/28/2018","17.8900","17.8800","17.9550","17.8300","","-0.06%"
"08/27/2018","17.9000","17.9000","17.9500","17.8300","","0.12%"
"08/26/2018","17.8790","17.8300","17.9318","17.8300","","0.05%"
"08/25/2018","17.8700","17.8700","17.8700","17.8700","","0.00%"
"08/24/2018","17.8700","17.8700","17.8700","17.8700","","0.00%"
"08/23/2018","17.8700","17.8700","17.8700","17.7900","","0.00%"
"08/22/2018","17.8700","17.8700","17.8700","17.8700","","0.00%"
"08/21/2018","17.8700","17.8700","17.8700","17.8700","","-0.26%"
"08/20/2018","17.9162","17.9162","17.9162","17.9162","","0.00%"
"08/19/2018","17.9162","17.8300","17.9500","17.8300","","0.09%"
"08/18/2018","17.9000","17.9000","17.9000","17.9000","","0.00%"
"08/17/2018","17.9000","17.9000","17.9000","17.9000","","0.00%"
"08/16/2018","17.9000","17.8300","17.9600","17.8300","","0.03%"
"08/15/2018","17.8950","17.9000","17.9550","17.8300","","0.00%"
"08/14/2018","17.8950","17.8800","17.9513","17.8300","","-0.11%"
"08/13/2018","17.9150","17.8800","17.9450","17.8300","","0.20%"
"08/12/2018","17.8800","17.8700","17.9500","17.8288","","0.10%"
"08/11/2018","17.8623","17.8623","17.8623","17.8623","","0.00%"
"08/10/2018","17.8623","17.8623","17.8623","17.8623","","-0.04%"
"08/09/2018","17.8700","17.8700","17.9300","17.8250","","0.00%"
"08/08/2018","17.8700","17.8800","17.9300","17.8175","","-0.06%"
"08/07/2018","17.8800","17.8600","17.9350","17.8225","","0.00%"
"08/06/2018","17.8800","17.8925","17.9300","17.8100","","0.12%"
"08/05/2018","17.8588","17.8700","17.9500","17.8175","","-0.09%"
"08/04/2018","17.8750","17.8750","17.8750","17.8750","","0.00%"
"08/03/2018","17.8750","17.8750","17.8750","17.8750","","0.00%"
"08/02/2018","17.8750","17.8700","17.9300","17.8163","","-0.03%"
"08/01/2018","17.8800","17.8800","17.9300","17.8100","","0.06%"
"07/31/2018","17.8700","17.9000","17.9550","17.8050","","-0.17%"
"07/30/2018","17.9000","17.9000","17.9450","17.8300","","0.00%"
"07/29/2018","17.9000","17.9000","17.9450","17.8300","","0.39%"
"07/28/2018","17.8300","17.8300","17.8300","17.8300","","0.00%"
"07/27/2018","17.8300","17.8300","17.8300","17.8300","","-0.39%"
"07/26/2018","17.9000","17.8900","17.9425","17.8300","","0.00%"
"07/25/2018","17.9000","17.9000","17.9450","17.8300","","0.00%"
"07/24/2018","17.9000","17.8300","17.9450","17.8300","","-0.06%"
"07/23/2018","17.9100","17.9100","17.9100","17.9100","","0.00%"
"07/22/2018","17.9100","17.9000","17.9450","17.8300","","0.06%"
"07/21/2018","17.9000","17.9000","17.9000","17.9000","","0.00%"
"07/20/2018","17.9000","17.9000","17.9000","17.9000","","0.00%"
"07/19/2018","17.9000","17.8300","17.9350","17.8300","","0.00%"
"07/18/2018","17.9000","17.9000","17.9650","17.8300","","0.03%"
"07/17/2018","17.8950","17.8300","17.9350","17.8300","","-0.03%"
"07/16/2018","17.9000","17.8300","17.9500","17.8300","","-0.06%"
"07/15/2018","17.9100","17.8900","17.9425","17.8300","","0.11%"
"07/14/2018","17.8900","17.8900","17.8900","17.8900","","0.00%"
"07/13/2018","17.8900","17.8900","17.8900","17.8900","","-0.06%"
"07/12/2018","17.9000","17.9000","17.9450","17.8300","","0.03%"
"07/11/2018","17.8948","17.9000","17.9400","17.8300","","-0.06%"
"07/10/2018","17.9050","17.9000","17.9550","17.8300","","-0.07%"
"07/09/2018","17.9175","17.8900","17.9550","17.8300","","0.18%"
"07/08/2018","17.8850","17.8800","17.9500","17.8275","","-0.03%"
"07/07/2018","17.8900","17.8900","17.8900","17.8900","","0.00%"
"07/06/2018","17.8900","17.8900","17.8900","17.8900","","0.00%"
"07/05/2018","17.8900","17.8275","17.9400","17.8250","","0.00%"
"07/04/2018","17.8900","17.8900","17.9550","17.8240","","-0.11%"
"07/03/2018","17.9100","17.8900","17.9550","17.8300","","-0.03%"
"07/02/2018","17.9150","17.8900","17.9550","17.8300","","0.14%"
"07/01/2018","17.8900","17.8900","17.8900","17.8900","","0.00%"
"06/30/2018","17.8900","17.8900","17.8900","17.8900","","0.00%"
"06/29/2018","17.8900","17.8900","17.8900","17.8900","","0.00%"
"06/28/2018","17.8900","17.8300","17.9500","17.8300","","0.00%"
"06/27/2018","17.8900","17.8800","17.9525","17.8300","","0.00%"
"06/26/2018","17.8900","17.8300","17.9350","17.8300","","0.00%"
"06/25/2018","17.8900","17.8900","17.9500","17.8000","","-0.14%"
"06/24/2018","17.9150","17.8800","17.9450","17.8300","","0.25%"
"06/23/2018","17.8700","17.8700","17.8700","17.8700","","0.00%"
"06/22/2018","17.8700","17.8700","17.8700","17.8700","","0.00%"
"06/21/2018","17.8700","17.8800","17.9500","17.8300","","-0.08%"
"06/20/2018","17.8850","17.8700","17.9450","17.8298","","0.03%"
"06/19/2018","17.8800","17.8600","17.9425","17.8200","","0.17%"
"06/18/2018","17.8500","17.8500","17.8500","17.8500","","0.00%"
"06/17/2018","17.8500","17.8500","17.8500","17.8500","","0.00%"
"06/16/2018","17.8500","17.8500","17.8500","17.8500","","0.00%"
"06/15/2018","17.8500","17.8500","17.8500","17.8500","","0.00%"
"06/14/2018","17.8500","17.8300","17.9300","17.8075","","-0.16%"
"06/13/2018","17.8788","17.8600","17.9300","17.8040","","0.11%"
"06/12/2018","17.8600","17.8450","17.9300","17.7987","","0.17%"
"06/11/2018","17.8300","17.8600","17.9400","17.7000","","-0.22%"
"06/10/2018","17.8700","17.8638","17.9400","17.8125","","0.11%"
"06/09/2018","17.8500","17.8500","17.8500","17.8500","","0.00%"
"06/08/2018","17.8500","17.8500","17.8500","17.8500","","0.00%"
"06/07/2018","17.8500","17.8900","17.9400","17.8150","","-0.08%"
"06/06/2018","17.8650","17.9000","17.9400","17.8250","","-0.20%"
"06/05/2018","17.9000","17.9000","17.9425","17.8350","","0.00%"
"06/04/2018","17.9000","17.9075","17.9400","17.8300","","-0.04%"
"06/03/2018","17.9075","17.9000","17.9400","17.8400","","0.04%"
"06/02/2018","17.9000","17.9000","17.9000","17.9000","","0.00%"
"06/01/2018","17.9000","17.9000","17.9000","17.9000","","0.03%"
"05/31/2018","17.8950","17.9200","17.9450","17.8200","","-0.14%"
"05/30/2018","17.9200","17.9200","17.9700","17.8500","","0.00%"
"05/29/2018","17.9200","17.9333","17.9700","17.8500","","0.06%"
"05/28/2018","17.9100","17.9200","17.9700","17.8200","","-0.06%"
"05/27/2018","17.9200","17.8200","17.9715","17.6950","","0.00%"
"05/26/2018","17.9200","17.9200","17.9200","17.9200","","0.00%"
"05/25/2018","17.9200","17.9200","17.9200","17.9200","","0.00%"
"05/24/2018","17.9200","17.9200","17.9750","17.8200","","0.06%"
"05/23/2018","17.9100","17.9000","17.9658","17.8200","","-0.06%"
"05/22/2018","17.9200","17.9200","17.9700","17.6800","","0.06%"
"05/21/2018","17.9100","17.9200","17.9600","17.8200","","-0.06%"
"05/20/2018","17.9200","17.8900","17.9675","17.6450","","0.62%"
"05/19/2018","17.8100","17.8100","17.8100","17.8100","","0.00%"
"05/18/2018","17.8100","17.8100","17.8100","17.8100","","0.00%"
"05/17/2018","17.8100","17.9000","17.9625","17.8100","","-0.39%"
"05/16/2018","17.8800","17.8500","17.9750","17.7700","","0.28%"
"05/15/2018","17.8300","17.8200","17.9075","17.6800","","0.00%"
"05/14/2018","17.8300","17.7400","17.8950","17.6225","","0.11%"
"05/13/2018","17.8100","17.7800","17.8550","17.6800","","0.06%"
"05/12/2018","17.8000","17.8000","17.8000","17.7800","","0.56%"
"05/11/2018","17.7000","17.7000","17.7000","17.7000","","0.00%"
"05/10/2018","17.7000","17.7600","17.8552","17.6600","","-0.42%"
"05/09/2018","17.7750","17.7400","17.8125","17.6400","","0.37%"
"05/08/2018","17.7100","17.7100","17.7900","17.6400","","0.00%"
"05/07/2018","17.7100","17.6200","17.7488","17.6200","","0.23%"
"05/06/2018","17.6698","17.6200","17.7450","17.6100","","0.23%"
"05/05/2018","17.6300","17.6300","17.6300","17.6300","","0.00%"
"05/04/2018","17.6300","17.6300","17.6300","17.6300","","0.00%"
"05/03/2018","17.6300","17.6500","17.7200","17.6085","","-0.11%"
"05/02/2018","17.6500","17.6800","17.7200","17.6025","","-0.03%"
"05/01/2018","17.6550","17.6550","17.6550","17.6550","","0.00%"
"04/30/2018","17.6550","17.6900","17.7200","17.6000","","-0.14%"
"04/29/2018","17.6800","17.6800","17.7212","17.6100","","-0.08%"
"04/28/2018","17.6950","17.6950","17.6950","17.6950","","0.00%"
"04/27/2018","17.6950","17.6950","17.6950","17.6950","","0.00%"
"04/26/2018","17.6950","17.7100","17.7400","17.6200","","-0.06%"
"04/25/2018","17.7050","17.7050","17.7050","17.7050","","0.00%"
"04/24/2018","17.7050","17.6900","17.7500","17.6200","","0.08%"
"04/23/2018","17.6900","17.7100","17.7400","17.6200","","0.06%"
"04/22/2018","17.6800","17.6200","17.7350","17.6200","","-0.17%"
"04/21/2018","17.7100","17.7100","17.7100","17.7100","","0.00%"
"04/20/2018","17.7100","17.6200","17.7100","17.6200","","0.17%"
"04/19/2018","17.6800","17.6200","17.7450","17.6200","","-0.11%"
"04/18/2018","17.7000","17.7100","17.7400","17.6150","","-0.06%"
"04/17/2018","17.7100","17.6900","17.7355","17.6200","","0.06%"
"04/16/2018","17.7000","17.6900","17.7500","17.6200","","0.06%"
"04/15/2018","17.6900","17.6800","17.7250","17.6100","","0.45%"
"04/14/2018","17.6100","17.6100","17.6100","17.6100","","0.00%"
"04/13/2018","17.6100","17.6100","17.6100","17.6100","","0.00%"
"04/12/2018","17.6100","17.6900","17.7388","17.5690","","-0.23%"
"04/11/2018","17.6500","17.6800","17.7362","17.6100","","-0.17%"
"04/10/2018","17.6800","17.6600","17.7375","17.6000","","-0.03%"
"04/09/2018","17.6850","17.6850","17.6850","17.6850","","0.00%"
"04/08/2018","17.6850","17.6850","17.6850","17.6850","","0.00%"
"04/07/2018","17.6850","17.6850","17.6850","17.6850","","0.00%"
"04/06/2018","17.6850","17.6850","17.6850","17.6850","","0.00%"
"04/05/2018","17.6850","17.6800","17.7700","17.6000","","-0.03%"
"04/04/2018","17.6900","17.6800","17.7300","17.6000","","0.51%"
"04/03/2018","17.6000","17.6500","17.7225","17.6000","","-0.28%"
"04/02/2018","17.6500","17.6500","17.7000","17.6000","","-0.10%"
"04/01/2018","17.6675","17.6400","17.7000","17.5998","","0.21%"
"03/31/2018","17.6300","17.6300","17.6300","17.6300","","0.00%"
"03/30/2018","17.6300","17.6300","17.6300","17.6300","","0.00%"
"03/29/2018","17.6300","17.6500","17.7003","17.6000","","-0.11%"
"03/28/2018","17.6500","17.6500","17.7150","17.6000","","0.06%"
"03/27/2018","17.6400","17.6400","17.7000","17.6000","","-0.08%"
"03/26/2018","17.6550","17.6400","17.7000","17.5890","","0.14%"
"03/25/2018","17.6300","17.6450","17.7150","17.5950","","0.03%"
"03/24/2018","17.6255","17.6255","17.6255","17.6255","","0.00%"
"03/23/2018","17.6255","17.6255","17.6255","17.6255","","0.00%"
"03/22/2018","17.6255","17.6400","17.7075","17.5990","","-0.03%"
"03/21/2018","17.6300","17.6100","17.7000","17.5900","","0.00%"
"03/20/2018","17.6300","17.6300","17.7000","17.5875","","0.00%"
"03/19/2018","17.6300","17.6200","17.7000","17.5850","","0.14%"
"03/18/2018","17.6060","17.6200","17.7150","17.5665","","-0.05%"
"03/17/2018","17.6150","17.6150","17.6150","17.6150","","0.17%"
"03/16/2018","17.5850","17.5850","17.5850","17.5850","","-0.17%"
"03/15/2018","17.6150","17.6200","17.7000","17.5725","","-0.11%"
"03/14/2018","17.6350","17.6200","17.7000","17.5872","","0.00%"
"03/13/2018","17.6350","17.6200","17.7000","17.5860","","0.03%"
"03/12/2018","17.6300","17.6200","17.7000","17.5850","","0.17%"
"03/11/2018","17.6000","17.6200","17.8688","17.5788","","-0.09%"
"03/10/2018","17.6163","17.6163","17.6163","17.6163","","0.00%"
"03/09/2018","17.6163","17.6163","17.6163","17.6163","","0.00%"
"03/08/2018","17.6163","17.6000","17.7000","17.5700","","-0.08%"
"03/07/2018","17.6300","17.6100","17.7000","17.5838","","0.00%"
"03/06/2018","17.6300","17.6200","17.7100","17.5800","","0.07%"
"03/05/2018","17.6175","17.6300","17.7700","17.5650","","0.07%"
"03/04/2018","17.6050","17.6400","17.7100","17.5850","","-0.20%"
"03/03/2018","17.6400","17.6400","17.6400","17.6400","","0.00%"
"03/02/2018","17.6400","17.6400","17.6400","17.6400","","0.00%"
"03/01/2018","17.6400","17.6100","17.7100","17.5800","","-0.11%"
"02/28/2018","17.6600","17.6600","17.7100","17.5870","","0.14%"
"02/27/2018","17.6350","17.6800","17.7400","17.5800","","-0.16%"
"02/26/2018","17.6638","17.6800","17.7200","17.6025","","0.22%"
"02/25/2018","17.6250","17.6900","17.7400","17.6063","","-0.37%"
"02/24/2018","17.6900","17.6900","17.6900","17.6900","","0.00%"
"02/23/2018","17.6900","17.6900","17.6900","17.6900","","0.00%"
"02/22/2018","17.6900","17.6800","17.7400","17.6265","","-0.06%"
"02/21/2018","17.7000","17.6800","17.7613","17.6300","","-0.06%"
"02/20/2018","17.7100","17.6800","17.7500","17.6300","","0.40%"
"02/19/2018","17.6400","17.6800","17.7500","17.6275","","-0.03%"
"02/18/2018","17.6450","17.7100","17.7500","17.6238","","-0.03%"
"02/17/2018","17.6500","17.6500","17.6500","17.6500","","0.00%"
"02/16/2018","17.6500","17.6500","17.6500","17.6500","","0.00%"
"02/15/2018","17.6500","17.7000","17.8400","17.6200","","-0.34%"
"02/14/2018","17.7100","17.7100","17.8400","17.6300","","0.00%"
"02/13/2018","17.7100","17.6900","17.7595","17.6300","","-0.03%"
"02/12/2018","17.7150","17.6700","17.7500","17.6200","","0.14%"
"02/11/2018","17.6900","17.6500","17.7450","17.6050","","0.03%"
"02/10/2018","17.6850","17.6850","17.6850","17.6850","","0.00%"
"02/09/2018","17.6850","17.6850","17.6850","17.6850","","0.00%"
"02/08/2018","17.6850","17.6450","17.7450","17.6095","","0.08%"
"02/07/2018","17.6700","17.6700","17.7400","17.6050","","0.11%"
"02/06/2018","17.6500","17.6800","17.7400","17.5784","","-0.11%"
"02/05/2018","17.6700","17.6600","17.7700","17.6025","","0.00%"
"02/04/2018","17.6700","17.6800","17.7800","17.6175","","0.14%"
"02/03/2018","17.6450","17.6450","17.6450","17.6450","","0.00%"
"02/02/2018","17.6450","17.6450","17.6450","17.6450","","0.00%"
"02/01/2018","17.6450","17.6600","17.7800","17.6175","","-0.20%"
"01/31/2018","17.6800","17.6800","17.7800","17.6138","","0.20%"
"01/30/2018","17.6450","17.6900","17.7800","17.6200","","-0.20%"
"01/29/2018","17.6800","17.6900","17.8725","17.6220","","0.03%"
"01/28/2018","17.6750","17.7200","17.8000","17.6450","","-0.20%"
"01/27/2018","17.7100","17.7100","17.7100","17.7100","","0.11%"
"01/26/2018","17.6900","17.6900","17.6900","17.6900","","0.00%"
"01/25/2018","17.6900","17.6900","17.6900","17.6900","","0.00%"
"01/24/2018","17.6900","17.7000","17.8750","17.6575","","-0.17%"
"01/23/2018","17.7200","17.7000","17.8000","17.6675","","0.06%"
"01/22/2018","17.7100","17.7000","17.8725","17.6638","","-0.01%"
"01/21/2018","17.7125","17.7200","17.8000","17.6600","","-0.04%"
"01/20/2018","17.7200","17.7200","17.7200","17.7200","","0.00%"
"01/19/2018","17.7200","17.7200","17.7200","17.7200","","0.00%"
"01/18/2018","17.7200","17.7200","17.8000","17.6638","","0.00%"
"01/17/2018","17.7200","17.7200","17.8000","17.6638","","-0.07%"
"01/16/2018","17.7325","17.7300","17.8000","17.6500","","0.01%"
"01/15/2018","17.7300","17.7200","17.8000","17.6750","","0.11%"
"01/14/2018","17.7100","17.7200","17.8400","17.6763","","0.00%"
"01/13/2018","17.7100","17.7100","17.7100","17.7100","","0.00%"
"01/12/2018","17.7100","17.7100","17.7100","17.7100","","0.00%"
"01/11/2018","17.7100","17.7000","17.8000","17.6650","","-0.03%"
"01/10/2018","17.7150","17.7000","17.8000","17.6475","","0.25%"
"01/09/2018","17.6700","17.7000","17.8000","17.6355","","0.06%"
"01/08/2018","17.6600","17.6675","17.8100","17.6000","","-0.28%"
"01/07/2018","17.7100","17.7100","17.7100","17.7100","","0.00%"
"01/06/2018","17.7100","17.7100","17.7100","17.7100","","0.00%"
"01/05/2018","17.7100","17.7100","17.7100","17.7100","","0.00%"
"01/04/2018","17.7100","17.7200","17.8200","17.6550","","0.00%"
"01/03/2018","17.7100","17.6950","17.8200","17.6650","","-0.17%"
"01/02/2018","17.7400","17.7200","17.8200","17.6750","","0.23%"
"01/01/2018","17.7000","17.7000","17.7000","17.7000","","-0.23%"
"12/31/2017","17.7400","17.7400","17.8400","17.6908","","-0.22%"
"12/30/2017","17.7800","17.7800","17.7900","17.7625","","0.00%"
"12/29/2017","17.7800","17.7800","17.7800","17.7800","","0.06%"
"12/28/2017","17.7700","17.8300","17.8537","17.6400","","-0.39%"
"12/27/2017","17.8400","17.7400","17.8700","17.7400","","0.06%"
"12/26/2017","17.8300","17.8400","17.8850","17.7400","","-0.27%"
"12/25/2017","17.8775","17.8400","17.8875","17.7400","","0.04%"
"12/24/2017","17.8700","17.8675","17.8790","17.7400","","0.03%"
"12/23/2017","17.8650","17.8650","17.8650","17.8650","","0.00%"
"12/22/2017","17.8650","17.8650","17.8650","17.8650","","0.00%"
"12/21/2017","17.8650","17.8400","17.8850","17.7400","","-0.03%"
"12/20/2017","17.8700","17.7400","17.8865","17.7400","","0.08%"
"12/19/2017","17.8550","17.7400","17.8868","17.7400","","0.17%"
"12/18/2017","17.8250","17.8300","17.8855","17.7400","","-0.03%"
"12/17/2017","17.8300","17.7400","17.8838","17.6000","","-0.20%"
"12/16/2017","17.8650","17.8650","17.8650","17.8650","","0.00%"
"12/15/2017","17.8650","17.8650","17.8650","17.8650","","0.00%"
"12/14/2017","17.8650","17.8000","17.8888","17.7400","","-0.06%"
"12/13/2017","17.8750","17.8100","17.8850","17.7400","","0.11%"
"12/12/2017","17.8550","17.7400","17.8758","17.7400","","0.17%"
"12/11/2017","17.8250","17.7700","17.8700","17.6500","","0.06%"
"12/10/2017","17.8150","17.8300","17.8745","17.7000","","0.08%"
"12/09/2017","17.8000","17.8000","17.8000","17.8000","","0.00%"
"12/08/2017","17.8000","17.8000","17.8000","17.7400","","0.00%"
"12/07/2017","17.8000","17.7900","17.8740","17.7300","","0.06%"
"12/06/2017","17.7900","17.7400","17.8363","17.6700","","0.14%"
"12/05/2017","17.7650","17.7000","17.8053","17.6500","","0.37%"
"12/04/2017","17.7000","17.7300","17.7800","17.6450","","-0.10%"
"12/03/2017","17.7175","17.7200","18.1250","17.6400","","0.20%"
"12/02/2017","17.6825","17.6825","17.6825","17.6825","","0.00%"
"12/01/2017","17.6825","17.6825","17.6825","17.6825","","0.00%"
"11/30/2017","17.6825","17.6825","17.7250","17.6825","","0.00%"
"11/29/2017","17.6825","17.7500","17.8078","17.6400","","-0.45%"
"11/28/2017","17.7620","17.7050","17.8100","17.6500","","0.15%"
"11/27/2017","17.7350","17.6900","17.7713","17.5800","","0.37%"
"11/26/2017","17.6700","17.6900","17.7538","17.6300","","-0.11%"
"11/25/2017","17.6900","17.6900","17.6900","17.6500","","0.00%"
"11/24/2017","17.6900","17.6900","17.6900","17.6900","","0.00%"
"11/23/2017","17.6900","17.6800","17.7545","17.6270","","-0.03%"
"11/22/2017","17.6950","17.6600","17.7400","17.5500","","0.20%"
"11/21/2017","17.6600","17.6500","17.7025","17.5500","","0.06%"
"11/20/2017","17.6500","17.6500","17.7050","17.5500","","-0.06%"
"11/19/2017","17.6600","17.6400","17.6940","17.5500","","0.11%"
"11/18/2017","17.6400","17.6400","17.6400","17.6400","","0.00%"
"11/17/2017","17.6400","17.6400","17.6400","17.6400","","0.00%"
"11/16/2017","17.6400","17.6150","17.6950","17.5500","","-0.11%"
"11/15/2017","17.6600","17.6600","17.6890","17.5300","","0.00%"
"11/14/2017","17.6600","17.6500","17.6888","17.5800","","0.17%"
"11/13/2017","17.6300","17.6400","17.6865","17.5500","","-0.13%"
"11/12/2017","17.6525","17.6250","17.7000","17.5900","","0.01%"
"11/11/2017","17.6500","17.6500","17.6500","17.6500","","0.00%"
"11/10/2017","17.6500","17.6500","17.6500","17.6500","","0.00%"
"11/09/2017","17.6500","17.6500","17.7000","17.5500","","0.03%"
"11/08/2017","17.6450","17.6500","17.7000","17.5850","","0.00%"
"11/07/2017","17.6450","17.6400","17.7000","17.5850","","-0.03%"
"11/06/2017","17.6500","17.6500","17.7000","17.5850","","-0.06%"
"11/05/2017","17.6600","17.6500","17.7100","17.5500","","0.06%"
"11/04/2017","17.6500","17.6500","17.6500","17.6500","","0.00%"
"11/03/2017","17.6500","17.6500","17.6500","17.6500","","0.00%"
"11/02/2017","17.6500","17.6500","17.7100","17.5850","","0.00%"
"11/01/2017","17.6500","17.6500","17.7100","17.5850","","0.00%"
"10/31/2017","17.6500","17.6500","17.6950","17.5850","","0.00%"
"10/30/2017","17.6500","17.6500","17.6975","17.5500","","0.03%"
"10/29/2017","17.6450","17.6500","17.6953","17.5500","","-0.06%"
"10/28/2017","17.6550","17.6550","17.6550","17.6550","","0.00%"
"10/27/2017","17.6550","17.6550","17.6550","17.6550","","0.00%"
"10/26/2017","17.6550","17.6500","17.6950","17.5850","","0.02%"
"10/25/2017","17.6512","17.6500","17.7025","17.5500","","0.01%"
"10/24/2017","17.6500","17.6500","17.6978","17.5850","","0.03%"
"10/23/2017","17.6450","17.6500","17.6950","17.5500","","-0.04%"
"10/22/2017","17.6520","17.6500","17.6925","17.5750","","0.04%"
"10/21/2017","17.6450","17.6450","17.6450","17.6450","","0.00%"
"10/20/2017","17.6450","17.6450","17.6450","17.6450","","0.00%"
"10/19/2017","17.6450","17.6500","17.6935","17.5500","","0.00%"
"10/18/2017","17.6450","17.6500","17.6938","17.5500","","-0.03%"
"10/17/2017","17.6500","17.6500","17.6945","17.5500","","0.11%"
"10/16/2017","17.6300","17.6500","17.6950","17.5750","","-0.01%"
"10/15/2017","17.6325","17.6050","17.6900","17.5888","","0.04%"
"10/14/2017","17.6250","17.6250","17.6250","17.6250","","0.00%"
"10/13/2017","17.6250","17.6250","17.6250","17.6250","","0.00%"
"10/12/2017","17.6250","17.6500","17.6900","17.5750","","0.03%"
"10/11/2017","17.6200","17.6500","17.6900","17.5500","","0.03%"
"10/10/2017","17.6150","17.6250","17.6900","17.5750","","0.00%"
"10/09/2017","17.6150","17.6500","17.6900","17.5500","","0.03%"
"10/08/2017","17.6093","17.6500","17.6900","17.5750","","-0.37%"
"10/07/2017","17.6750","17.6750","17.6750","17.6750","","0.00%"
"10/06/2017","17.6750","17.6750","17.6750","17.6750","","0.00%"
"10/05/2017","17.6750","17.6750","17.6750","17.6750","","0.23%"
"10/04/2017","17.6350","17.6500","17.6942","17.5500","","-0.03%"
"10/03/2017","17.6400","17.6500","17.7500","17.5750","","-0.06%"
"10/02/2017","17.6500","17.6600","17.7500","17.5500","","0.18%"
"10/01/2017","17.6175","17.6500","17.7500","17.5750","","-0.13%"
"09/30/2017","17.6400","17.6400","17.6400","17.6400","","0.00%"
"09/29/2017","17.6400","17.6400","17.6400","17.6400","","0.00%"
"09/28/2017","17.6400","17.6800","17.7600","17.5600","","-0.01%"
"09/27/2017","17.6425","17.6600","17.7700","17.6063","","0.01%"
"09/26/2017","17.6400","17.6700","17.7800","17.5750","","-0.22%"
"09/25/2017","17.6788","17.6800","17.7800","17.5800","","0.22%"
"09/24/2017","17.6400","17.6700","17.7800","17.6063","","-0.18%"
"09/23/2017","17.6725","17.6725","17.6725","17.6725","","0.07%"
"09/22/2017","17.6600","17.6600","17.6600","17.6600","","0.11%"
"09/21/2017","17.6400","17.6400","17.6400","17.6400","","0.00%"
"09/20/2017","17.6400","17.6700","17.7800","17.6000","","0.03%"
"09/19/2017","17.6350","17.6700","17.7800","17.5800","","-0.20%"
"09/18/2017","17.6700","17.6700","17.7800","17.5800","","0.13%"
"09/17/2017","17.6475","17.6300","17.7800","17.5800","","-0.13%"
"09/16/2017","17.6700","17.6700","17.6700","17.6700","","0.16%"
"09/15/2017","17.6425","17.6425","17.6425","17.6425","","0.00%"
"09/14/2017","17.6425","17.6600","17.7800","17.5800","","0.04%"
"09/13/2017","17.6350","17.7000","17.7800","17.5800","","-0.06%"
"09/12/2017","17.6463","17.6600","17.7800","17.5800","","0.02%"
"09/11/2017","17.6425","17.6800","17.7900","17.6000","","-0.04%"
"09/10/2017","17.6500","17.6600","17.7800","17.6033","","0.07%"
"09/09/2017","17.6368","17.6368","17.6368","17.6368","","-0.02%"
"09/08/2017","17.6400","17.6400","17.6400","17.6400","","0.00%"
"09/07/2017","17.6400","17.6800","17.7800","17.5750","","0.00%"
"09/06/2017","17.6400","17.6700","17.7800","17.6013","","0.04%"
"09/05/2017","17.6325","17.7200","17.7800","17.5800","","0.01%"
"09/04/2017","17.6313","17.6313","17.6313","17.6313","","0.00%"
"09/03/2017","17.6313","17.6313","17.6313","17.6313","","-0.05%"
"09/02/2017","17.6400","17.6400","17.6400","17.6400","","0.00%"
"09/01/2017","17.6400","17.6400","17.6400","17.6400","","0.00%"
"08/31/2017","17.6400","17.6400","17.6400","17.6400","","0.00%"
"08/30/2017","17.6400","17.6900","17.7900","17.6125","","-0.14%"
"08/29/2017","17.6650","17.7000","17.8000","17.6000","","-0.08%"
"08/28/2017","17.6800","17.7200","17.8200","17.6100","","-0.23%"
"08/27/2017","17.7200","17.7625","17.8400","17.6620","","-0.11%"
"08/26/2017","17.7400","17.7400","17.7400","17.7400","","0.22%"
"08/25/2017","17.7013","17.7013","17.7013","17.7013","","0.00%"
"08/24/2017","17.7013","17.8200","17.8500","17.6475","","-0.22%"
"08/23/2017","17.7400","17.7600","17.8700","17.6875","","-0.11%"
"08/22/2017","17.7600","17.7200","17.8700","17.6700","","0.14%"
"08/21/2017","17.7350","17.7500","17.8700","17.6700","","-0.14%"
"08/20/2017","17.7600","17.7700","17.8700","17.7088","","-0.06%"
"08/19/2017","17.7700","17.7700","17.7700","17.7700","","0.00%"
"08/18/2017","17.7700","17.7700","17.7700","17.7700","","0.17%"
"08/17/2017","17.7400","17.7300","17.9500","17.6800","","-0.24%"
"08/16/2017","17.7825","17.7200","17.8800","17.6800","","0.17%"
"08/15/2017","17.7525","17.7600","17.8800","17.7125","","0.04%"
"08/14/2017","17.7450","17.7800","17.8900","17.6888","","-0.31%"
"08/13/2017","17.8000","17.7450","17.9000","17.7275","","0.24%"
"08/12/2017","17.7575","17.7575","17.7575","17.7575","","-0.10%"
"08/11/2017","17.7750","17.7750","17.7750","17.7750","","0.00%"
"08/10/2017","17.7750","17.8000","17.9000","17.7000","","-0.14%"
"08/09/2017","17.8000","17.8000","17.9100","17.7250","","0.20%"
"08/08/2017","17.7650","17.7950","17.9000","17.7000","","-0.03%"
"08/07/2017","17.7700","17.7800","18.1250","17.7250","","0.03%"
"08/06/2017","17.7650","17.7900","18.1250","17.7270","","-0.20%"
"08/05/2017","17.8000","17.8000","17.8000","17.8000","","0.14%"
"08/04/2017","17.7750","17.7750","17.7750","17.7750","","0.00%"
"08/03/2017","17.7750","17.8500","18.0000","17.7500","","-0.42%"
"08/02/2017","17.8500","17.8500","17.9300","17.7300","","0.00%"
"08/01/2017","17.8500","17.9000","17.9650","17.7500","","-0.28%"
"07/31/2017","17.9000","17.8500","18.1200","17.7500","","0.03%"
"07/30/2017","17.8950","17.9000","18.1250","17.7500","","0.08%"
"07/29/2017","17.8800","17.8800","17.8800","17.8800","","0.00%"
"07/28/2017","17.8800","17.8800","17.8800","17.8800","","0.00%"
"07/27/2017","17.8800","17.9000","17.9550","17.7500","","-0.20%"
"07/26/2017","17.9150","17.9200","17.9700","17.7500","","-0.03%"
"07/25/2017","17.9200","17.8850","17.9700","17.7500","","0.11%"
"07/24/2017","17.9000","17.9000","17.9700","17.7500","","0.20%"
"07/23/2017","17.8650","17.8650","17.8650","17.8650","","0.00%"
"07/22/2017","17.8650","17.8650","17.9000","17.8650","","0.00%"
"07/21/2017","17.8650","17.8650","17.8650","17.8650","","-0.03%"
"07/20/2017","17.8700","17.8700","17.9700","17.7700","","-0.39%"
"07/19/2017","17.9400","17.8700","17.9850","17.7700","","-0.06%"
"07/18/2017","17.9500","17.8700","17.9825","17.7700","","0.06%"
"07/17/2017","17.9400","17.9400","18.1500","17.7700","","-0.22%"
"07/16/2017","17.9800","17.8700","18.0025","17.7700","","0.08%"
"07/15/2017","17.9650","17.9650","17.9650","17.9650","","0.00%"
"07/14/2017","17.9650","17.9650","17.9650","17.9650","","0.00%"
"07/13/2017","17.9650","17.8700","18.0100","17.7600","","0.11%"
"07/12/2017","17.9450","17.9000","18.1000","17.7700","","0.25%"
"07/11/2017","17.9000","17.9500","17.9700","17.7700","","0.11%"
"07/10/2017","17.8800","17.8800","17.9700","17.7700","","0.00%"
"07/09/2017","17.8800","17.8750","17.9700","17.7500","","0.03%"
"07/08/2017","17.8750","17.8750","17.8750","17.8750","","0.00%"
"07/07/2017","17.8750","17.8750","17.8750","17.8750","","0.00%"
"07/06/2017","17.8750","17.9000","18.0000","17.7700","","-0.03%"
"07/05/2017","17.8800","17.9000","17.9950","17.6700","","0.17%"
"07/04/2017","17.8500","17.9500","18.1000","17.7900","","-0.56%"
"07/03/2017","17.9500","18.0500","18.1650","17.8750","","-1.02%"
"07/02/2017","18.1350","18.1200","18.1650","18.0000","","0.08%"
"07/01/2017","18.1200","18.1200","18.1200","18.1200","","0.00%"
"06/30/2017","18.1200","18.1200","18.1200","18.1200","","0.00%"
"06/29/2017","18.1200","18.1200","18.1200","18.1200","","0.00%"
"06/28/2017","18.1200","18.0000","18.1725","18.0000","","-0.12%"
"06/27/2017","18.1420","18.1420","18.1420","18.1420","","0.00%"
"06/26/2017","18.1420","18.1420","18.1420","18.1420","","0.00%"
"06/25/2017","18.1420","18.1420","18.1420","18.1420","","0.00%"
"06/24/2017","18.1420","18.1420","18.1420","18.1420","","0.00%"
"06/23/2017","18.1420","18.1420","18.1420","18.1420","","0.00%"
"06/22/2017","18.1420","18.1000","18.1590","18.0000","","0.00%"
"06/21/2017","18.1425","18.1000","18.1750","18.0000","","-0.03%"
"06/20/2017","18.1475","18.1000","18.1737","18.0000","","0.82%"
"06/19/2017","18.0000","18.1450","18.1730","18.0000","","-0.85%"
"06/18/2017","18.1550","18.0500","18.1725","18.0000","","0.19%"
"06/17/2017","18.1200","18.1500","18.1550","18.1000","","-0.14%"
"06/16/2017","18.1450","18.1450","18.1450","18.1450","","0.00%"
"06/15/2017","18.1450","18.0000","18.1725","18.0000","","0.81%"
"06/14/2017","18.0000","18.1000","18.1550","18.0000","","-0.74%"
"06/13/2017","18.1350","18.1000","18.1550","18.0000","","0.19%"
"06/12/2017","18.1000","18.1000","18.1500","18.0000","","0.56%"
"06/11/2017","18.0000","18.0500","18.1475","18.0000","","-0.55%"
"06/10/2017","18.1000","18.1000","18.1000","18.1000","","-0.17%"
"06/09/2017","18.1300","18.1300","18.1300","18.1300","","0.00%"
"06/08/2017","18.1300","18.0500","18.1500","17.9800","","0.00%"
"06/07/2017","18.1300","18.0500","18.1500","18.0000","","0.03%"
"06/06/2017","18.1250","18.1200","18.1450","18.0000","","0.00%"
"06/05/2017","18.1250","18.1000","18.1400","18.0000","","0.06%"
"06/04/2017","18.1150","18.1000","18.1350","18.0000","","0.64%"
"06/03/2017","18.0000","18.0000","18.0000","18.0000","","0.00%"
"06/02/2017","18.0000","18.0000","18.0000","18.0000","","0.00%"
"06/01/2017","18.0000","18.1200","18.1450","18.0000","","-0.55%"
"05/31/2017","18.1000","18.1000","18.1550","18.0000","","0.56%"
"05/30/2017","18.0000","18.1000","18.1400","17.9600","","-0.63%"
"05/29/2017","18.1150","18.1200","18.1450","18.0000","","0.00%"
"05/28/2017","18.1150","18.1000","18.1350","18.0000","","0.00%"
"05/27/2017","18.1150","18.1150","18.1150","18.1150","","0.11%"
"05/26/2017","18.0950","18.0950","18.0950","18.0950","","0.00%"
"05/25/2017","18.0950","18.1000","18.1350","18.0000","","-0.11%"
"05/24/2017","18.1150","18.1000","18.1250","18.0000","","0.36%"
"05/23/2017","18.0500","18.1000","18.2900","18.0000","","-0.14%"
"05/22/2017","18.0750","18.1250","18.1350","18.0000","","-0.30%"
"05/21/2017","18.1300","18.0500","18.1475","17.8250","","0.44%"
"05/20/2017","18.0500","18.0500","18.0500","18.0500","","0.00%"
"05/19/2017","18.0500","18.0500","18.0500","18.0500","","-0.28%"
"05/18/2017","18.1000","18.0000","18.1475","18.0000","","0.00%"
"05/17/2017","18.1000","18.1000","18.1500","18.0000","","-0.08%"
"05/16/2017","18.1150","18.1000","18.1450","18.0000","","0.00%"
"05/15/2017","18.1150","18.0500","18.1400","18.0000","","-0.10%"
"05/14/2017","18.1325","18.0000","18.2800","17.9750","","0.46%"
"05/13/2017","18.0500","18.0500","18.0500","18.0500","","0.00%"
"05/12/2017","18.0500","18.0500","18.0500","18.0500","","0.00%"
"05/11/2017","18.0500","18.0500","18.1525","18.0000","","-0.33%"
"05/10/2017","18.1100","18.0500","18.1550","17.9750","","0.06%"
"05/09/2017","18.1000","18.0500","18.1550","18.0000","","-0.08%"
"05/08/2017","18.1150","18.0000","18.1400","18.0000","","0.11%"
"05/07/2017","18.0950","18.0000","18.1450","18.0000","","0.25%"
"05/06/2017","18.0500","18.0500","18.0500","18.0500","","-0.17%"
"05/05/2017","18.0800","18.0800","18.0800","18.0800","","-0.25%"
"05/04/2017","18.1250","18.1000","18.1700","18.0000","","0.06%"
"05/03/2017","18.1150","18.1000","18.1700","18.0000","","0.00%"
"05/02/2017","18.1150","18.0500","18.1550","18.0000","","-0.03%"
"05/01/2017","18.1200","18.1200","18.1200","18.1200","","0.00%"
"04/30/2017","18.1200","18.0000","18.1750","18.0000","","0.39%"
"04/29/2017","18.0500","18.0500","18.0500","18.0500","","0.00%"
"04/28/2017","18.0500","18.0500","18.0500","18.0500","","0.00%"
"04/27/2017","18.0500","18.1000","18.1575","18.0000","","0.28%"
"04/26/2017","18.0000","18.0000","18.1900","18.0000","","0.00%"
"04/25/2017","18.0000","18.0000","18.0000","18.0000","","-0.99%"
"04/24/2017","18.1800","18.0000","18.2150","18.0000","","0.44%"
"04/23/2017","18.1000","18.1000","18.1800","18.0000","","0.00%"
"04/22/2017","18.1000","18.1000","18.1000","18.1000","","0.00%"
"04/21/2017","18.1000","18.1000","18.1000","18.1000","","0.00%"
"04/20/2017","18.1000","18.0000","18.1950","18.0000","","-0.33%"
"04/19/2017","18.1600","18.0000","18.1825","18.0000","","0.03%"
"04/18/2017","18.1550","18.0000","18.1750","18.0000","","0.86%"
"04/17/2017","18.0000","18.0000","18.0000","18.0000","","-0.85%"
"04/16/2017","18.1550","18.1550","18.1550","18.1550","","0.30%"
"04/15/2017","18.1000","18.1000","18.1000","18.1000","","0.00%"
"04/14/2017","18.1000","18.1000","18.1000","18.1000","","-0.39%"
"04/13/2017","18.1700","18.0500","18.1850","18.0000","","0.11%"
"04/12/2017","18.1500","18.0000","18.2550","18.0000","","0.55%"
"04/11/2017","18.0500","18.0000","18.1400","18.0000","","0.28%"
"04/10/2017","18.0000","18.0000","18.1250","18.0000","","-0.25%"
"04/09/2017","18.0450","18.0800","18.1550","17.9950","","0.25%"
"04/08/2017","18.0000","18.0000","18.0000","18.0000","","0.00%"
"04/07/2017","18.0000","18.0000","18.0000","18.0000","","-0.28%"
"04/06/2017","18.0500","18.0500","18.1450","17.9550","","0.28%"
"04/05/2017","18.0000","18.1000","18.1500","17.8800","","-0.39%"
"04/04/2017","18.0700","18.0000","18.1850","18.0000","","-0.36%"
"04/03/2017","18.1350","18.1700","18.2650","17.9700","","-0.58%"
"04/02/2017","18.2400","18.2100","18.2650","18.0500","","0.50%"
"04/01/2017","18.1500","18.1500","18.1500","18.1500","","0.55%"
"03/31/2017","18.0500","18.1700","18.1700","18.0500","","-1.04%"
"03/30/2017","18.2400","18.0500","18.2550","17.9550","","0.00%"
"03/29/2017","18.2400","18.2100","18.2600","18.0500","","-0.03%"
"03/28/2017","18.2450","18.2350","18.2700","18.0500","","0.36%"
"03/27/2017","18.1800","18.0500","18.2950","18.0500","","-0.08%"
"03/26/2017","18.1950","18.1700","18.3000","17.9550","","0.80%"
"03/25/2017","18.0500","18.0500","18.0500","18.0500","","0.00%"
"03/24/2017","18.0500","18.1500","18.1500","18.0500","","-0.39%"
"03/23/2017","18.1200","18.1700","18.3025","18.0500","","0.67%"
"03/22/2017","18.0000","18.1700","18.3300","18.0000","","-0.83%"
"03/21/2017","18.1500","18.1500","18.3200","18.0500","","-0.33%"
"03/20/2017","18.2100","18.2500","18.3200","18.0500","","0.22%"
"03/19/2017","18.1700","18.2500","18.3050","18.0500","","0.55%"
"03/18/2017","18.0700","18.1500","18.1500","18.0700","","0.11%"
"03/17/2017","18.0500","18.0700","18.0700","18.0500","","-0.58%"
"03/16/2017","18.1550","18.2500","18.3250","18.0500","","0.30%"
"03/15/2017","18.1000","17.9500","18.3500","17.9000","","0.28%"
"03/14/2017","18.0500","17.8000","18.1550","17.6300","","1.92%"
"03/13/2017","17.7100","17.6500","18.0400","17.5500","","0.91%"
"03/12/2017","17.5500","17.7800","17.9550","17.4900","","0.00%"
"03/11/2017","17.5500","17.5500","17.5500","17.5500","","0.00%"
"03/10/2017","17.5500","17.7000","17.7000","17.5500","","0.00%"
"03/09/2017","17.5500","17.7000","17.9800","17.4000","","-0.85%"
"03/08/2017","17.7000","17.4500","17.9000","17.4000","","1.14%"
"03/07/2017","17.5000","16.8500","17.6050","16.7500","","3.86%"
"03/06/2017","16.8500","16.3500","16.9550","15.8500","","2.28%"
"03/05/2017","16.4750","16.2500","16.5050","15.8750","","2.01%"
"03/04/2017","16.1500","16.1500","16.1500","16.1500","","0.00%"
"03/03/2017","16.1500","16.1600","16.1600","16.1500","","-0.31%"
"03/02/2017","16.2000","16.1000","16.4600","15.8200","","0.00%"
"03/01/2017","16.2000","15.8000","16.2500","15.6950","","2.27%"
"02/28/2017","15.8400","15.7250","16.0050","15.6850","","-1.00%"
"02/27/2017","16.0000","15.7250","16.0000","15.6850","","1.59%"
"02/26/2017","15.7500","15.8000","16.5000","15.6850","","0.35%"
"02/25/2017","15.6950","15.7350","15.7350","15.6950","","-0.66%"
"02/24/2017","15.8000","15.7350","15.8000","15.7350","","-0.94%"
"02/23/2017","15.9500","15.8150","15.9500","15.6850","","0.95%"
"02/22/2017","15.8000","15.7700","15.9300","15.7000","","0.32%"
"02/21/2017","15.7500","15.9000","15.9300","15.7050","","-0.32%"
"02/20/2017","15.8000","15.9000","16.0500","15.7000","","0.06%"
"02/19/2017","15.7900","16.0500","16.4000","15.7500","","-1.31%"
"02/18/2017","16.0000","16.0000","16.0000","16.0000","","0.00%"
"02/17/2017","16.0000","16.1300","16.5200","15.9500","","-0.25%"
"02/16/2017","16.0400","16.6000","17.3000","15.9450","","-2.79%"
"02/15/2017","16.5000","16.5750","17.2250","16.2100","","0.00%"
"02/14/2017","16.5000","16.9750","17.2250","16.4500","","-2.94%"
"02/13/2017","17.0000","17.6500","18.0750","16.8500","","-3.41%"
"02/12/2017","17.6000","17.8500","18.4250","17.5450","","-1.21%"
"02/11/2017","17.8150","17.9000","17.9000","17.6000","","-0.47%"
"02/10/2017","17.9000","17.7300","17.9000","17.6500","","1.42%"
"02/09/2017","17.6500","18.0250","18.5750","17.5500","","-1.94%"
"02/08/2017","18.0000","18.2250","18.8250","17.9500","","-1.67%"
"02/07/2017","18.3050","18.4500","18.5350","18.2250","","-0.79%"
"02/06/2017","18.4500","18.4000","18.6500","18.3000","","-0.11%"
"02/05/2017","18.4700","18.7500","18.9000","18.1750","","0.52%"
"02/04/2017","18.3750","18.3250","18.7800","18.3250","","-1.95%"
"02/03/2017","18.7400","18.6500","18.7400","18.3750","","1.99%"
"02/02/2017","18.3750","18.8500","19.0500","18.3250","","-2.47%"
"02/01/2017","18.8400","18.8750","19.1250","18.5750","","0.61%"
"01/31/2017","18.7250","18.7250","19.1300","18.7000","","-0.93%"
"01/30/2017","18.9000","19.0000","19.2250","18.7250","","0.93%"
"01/29/2017","18.7250","18.8000","19.1500","18.3500","","0.00%"
"01/28/2017","18.7250","18.8400","18.8400","18.7250","","0.00%"
"01/27/2017","18.7250","18.8400","18.8400","18.7250","","0.00%"
"01/26/2017","18.7250","18.7750","19.3750","18.4050","","-0.93%"
"01/25/2017","18.9000","18.9000","18.9000","18.9000","","-0.42%"
"01/24/2017","18.9800","18.7750","19.1250","18.5750","","-0.11%"
"01/23/2017","19.0000","18.7250","19.4900","18.6500","","0.93%"
"01/22/2017","18.8250","18.7250","19.1100","18.3500","","0.94%"
"01/21/2017","18.6500","18.6500","18.6500","18.6500","","-1.01%"
"01/20/2017","18.8400","18.6500","18.8650","18.6500","","-0.32%"
"01/19/2017","18.9000","18.9000","19.1500","18.6250","","0.00%"
"01/18/2017","18.9000","18.8700","19.1600","18.6250","","1.07%"
"01/17/2017","18.7000","18.8500","19.5100","18.5750","","-1.19%"
"01/16/2017","18.9250","18.7500","19.1750","18.5250","","-0.08%"
"01/15/2017","18.9400","18.8000","19.1500","18.0750","","1.15%"
"01/14/2017","18.7250","18.8500","18.9750","18.5500","","-1.03%"
"01/13/2017","18.9200","18.7750","18.9200","18.6200","","-0.03%"
"01/12/2017","18.9250","18.9500","19.1750","18.4500","","1.20%"
"01/11/2017","18.7000","18.5250","19.1750","18.0500","","-0.11%"
"01/10/2017","18.7200","18.3750","18.9750","18.0250","","1.88%"
"01/09/2017","18.3750","18.1250","18.9250","17.9800","","1.52%"
"01/08/2017","18.1000","17.9750","19.1800","17.9750","","-0.69%"
"01/07/2017","18.2250","18.2100","18.2250","18.2100","","1.33%"
"01/06/2017","17.9850","18.2250","18.2250","17.9850","","-0.50%"
"01/05/2017","18.0750","18.0750","19.0250","17.8750","","-0.82%"
"01/04/2017","18.2250","18.0750","19.3250","17.9000","","0.00%"
"01/03/2017","18.2250","18.1250","19.4750","17.9250","","0.69%"
"01/02/2017","18.1000","18.1500","19.3500","17.9000","","0.42%"
"01/01/2017","18.0250","18.0250","18.0250","18.0250","","-0.58%"
"12/31/2016","18.1300","18.1250","18.1300","18.1250","","0.00%"
"12/30/2016","18.1300","18.5000","18.5000","18.1250","","0.00%"
"12/29/2016","18.1300","18.7500","19.5750","17.9000","","-3.56%"
"12/28/2016","18.8000","19.1950","19.6523","18.5750","","-1.44%"
"12/27/2016","19.0750","19.0050","19.6525","18.7250","","-0.13%"
"12/26/2016","19.1000","18.6250","19.6200","18.5750","","1.60%"
"12/25/2016","18.8000","19.1000","19.5250","18.6250","","-1.05%"
"12/24/2016","19.0000","19.1500","19.3700","18.7500","","0.40%"
"12/23/2016","18.9250","19.1500","19.2550","18.7500","","-0.39%"
"12/22/2016","19.0000","18.9500","19.8150","18.6000","","-0.13%"
"12/21/2016","19.0250","19.5750","19.8950","18.7750","","-3.11%"
"12/20/2016","19.6350","18.9500","19.8250","18.7000","","2.13%"
"12/19/2016","19.2250","18.4000","19.4500","18.2000","","2.95%"
"12/18/2016","18.6750","18.4500","18.8200","18.0500","","2.19%"
"12/17/2016","18.2750","18.2750","18.6000","18.2750","","0.00%"
"12/16/2016","18.2750","18.7050","18.7550","18.2500","","-0.81%"
"12/15/2016","18.4250","18.3750","18.9400","18.1250","","-0.41%"
"12/14/2016","18.5000","18.3750","18.9700","18.0750","","0.41%"
"12/13/2016","18.4250","18.3000","18.6500","17.9300","","1.24%"
"12/12/2016","18.2000","18.1500","18.5500","17.6500","","0.14%"
"12/11/2016","18.1750","18.1750","18.1750","18.1750","","0.69%"
"12/10/2016","18.0500","18.2800","18.3500","18.0400","","-0.14%"
"12/09/2016","18.0750","18.1000","18.3038","17.9900","","-0.28%"
"12/08/2016","18.1250","18.1750","18.4850","17.8000","","0.00%"
"12/07/2016","18.1250","18.0750","18.4250","17.5500","","1.12%"
"12/06/2016","17.9250","17.6250","18.2650","17.5150","","-0.14%"
"12/05/2016","17.9500","17.6250","18.2500","17.5750","","0.56%"
"12/04/2016","17.8500","17.8750","18.1500","17.4200","","0.85%"
"12/03/2016","17.7000","17.8250","17.9500","17.6500","","-0.84%"
"12/02/2016","17.8500","17.7500","18.2750","17.6750","","0.00%"
"12/01/2016","17.8500","17.7750","18.3250","17.5750","","-0.08%"
"11/30/2016","17.8650","17.9000","18.3250","17.5750","","-0.75%"
"11/29/2016","18.0000","17.7250","18.3500","17.5000","","1.41%"
"11/28/2016","17.7500","17.7000","18.0500","17.3250","","0.71%"
"11/27/2016","17.6250","17.7000","17.9750","17.2500","","0.14%"
"11/26/2016","17.6000","17.5750","17.8500","17.5250","","-0.56%"
"11/25/2016","17.7000","17.6500","17.8500","17.4500","","0.43%"
"11/24/2016","17.6250","17.5850","18.2250","17.3400","","0.86%"
"11/23/2016","17.4750","17.4000","17.8550","17.2250","","-0.99%"
"11/22/2016","17.6500","17.5050","17.9300","17.2450","","1.44%"
"11/21/2016","17.4000","17.4900","17.9700","17.0500","","0.43%"
"11/20/2016","17.3250","16.2000","17.7750","15.6750","","6.94%"
"11/19/2016","16.2000","16.1250","16.5250","15.7650","","-0.31%"
"11/18/2016","16.2500","16.0250","16.5000","15.3750","","1.09%"
"11/17/2016","16.0750","15.6000","16.7250","15.3250","","2.06%"
"11/16/2016","15.7500","15.4250","16.6050","15.3000","","1.94%"
"11/15/2016","15.4500","15.4500","16.1000","14.9250","","-0.32%"
"11/14/2016","15.5000","15.7000","16.8050","15.1250","","-0.83%"
"11/13/2016","15.6300","16.3750","17.1000","15.3000","","-2.31%"
"11/12/2016","16.0000","16.5000","17.1500","15.7500","","-3.18%"
"11/11/2016","16.5250","16.5250","16.8250","16.0650","","-2.07%"
"11/10/2016","16.8750","17.0250","18.6250","16.1250","","-0.88%"
"11/09/2016","17.0250","17.7250","18.0250","16.8500","","-5.42%"
"11/08/2016","18.0000","17.3500","18.1750","16.6000","","7.14%"
"11/07/2016","16.8000","16.1500","17.5000","15.8000","","4.02%"
"11/06/2016","16.1500","15.6500","16.3000","14.2900","","3.86%"
"11/05/2016","15.5500","15.5000","15.8250","15.1500","","0.32%"
"11/04/2016","15.5000","15.2500","16.0050","15.0725","","1.64%"
"11/03/2016","15.2500","8.8800","16.0000","8.8750","","71.73%"
"11/02/2016","8.8800","8.8800","8.8800","8.8775","","0.00%"
"11/01/2016","8.8800","8.8800","8.8800","8.8800","","0.00%"
"10/31/2016","8.8800","8.8799","8.8800","8.8799","","0.00%"
"10/30/2016","8.8800","8.8799","8.8800","8.8799","","0.00%"
"10/29/2016","8.8800","8.8800","8.8800","8.8800","","0.00%"
"10/28/2016","8.8800","8.8800","8.8800","8.8800","","0.00%"
"10/27/2016","8.8800","8.8750","8.8800","8.8750","","0.00%"
"10/26/2016","8.8800","8.8800","8.8800","8.8799","","0.00%"
"10/25/2016","8.8800","8.8800","8.8800","8.8799","","0.00%"
"10/24/2016","8.8800","8.8800","8.8800","8.8799","","0.00%"
"10/23/2016","8.8800","8.8800","8.8800","8.8799","","0.00%"
"10/22/2016","8.8800","8.8800","8.8800","8.8800","","0.00%"
"10/21/2016","8.8800","8.8800","8.8800","8.8800","","0.00%"
"10/20/2016","8.8800","8.8800","8.8800","8.8799","","0.00%"
"10/19/2016","8.8800","8.8800","8.8800","8.8799","","0.00%"
"10/18/2016","8.8800","8.8800","8.8800","8.8750","","0.00%"
"10/17/2016","8.8800","8.8800","8.8800","8.8750","","0.00%"
"10/16/2016","8.8800","8.8800","8.8800","8.8799","","0.00%"
"10/15/2016","8.8800","8.8800","8.8800","8.8800","","0.00%"
"10/14/2016","8.8800","8.8800","8.8800","8.8800","","0.00%"
"10/13/2016","8.8800","8.8800","8.8800","8.8799","","0.00%"
"10/12/2016","8.8800","8.8800","8.8800","8.8800","","0.00%"
"10/11/2016","8.8800","8.8800","8.8800","8.8799","","0.00%"
"10/10/2016","8.8800","8.8800","8.8800","8.8800","","0.00%"
"10/09/2016","8.8800","8.8800","8.8800","8.8800","","0.00%"
"10/08/2016","8.8800","8.8800","8.8800","8.8800","","0.00%"
"10/07/2016","8.8800","8.8800","8.8800","8.8800","","0.00%"
"10/06/2016","8.8800","8.8800","8.8800","8.8800","","0.00%"
"10/05/2016","8.8800","8.8800","8.8800","8.8799","","0.00%"
"10/04/2016","8.8800","8.8800","8.8800","8.8799","","0.00%"
"10/03/2016","8.8800","8.8800","8.8800","8.8799","","0.00%"
"10/02/2016","8.8800","8.8800","8.8800","8.8800","","0.00%"
"10/01/2016","8.8800","8.8800","8.8800","8.8800","","0.00%"
"09/30/2016","8.8800","8.8800","8.8800","8.8800","","0.00%"
"09/29/2016","8.8800","8.8800","8.8800","8.8799","","0.00%"
"09/28/2016","8.8800","8.8800","8.8800","8.8799","","0.00%"
"09/27/2016","8.8800","8.8800","8.8800","8.8799","","0.00%"
"09/26/2016","8.8800","8.8800","8.8800","8.8799","","0.00%"
"09/25/2016","8.8800","8.8800","8.8800","8.8799","","0.00%"
"09/24/2016","8.8800","8.8800","8.8800","8.8800","","0.00%"
"09/23/2016","8.8800","8.8800","8.8800","8.8800","","0.00%"
"09/22/2016","8.8800","8.8800","8.8800","8.8799","","0.00%"
"09/21/2016","8.8800","8.8800","8.8800","8.8799","","0.00%"
"09/20/2016","8.8800","8.8800","8.8800","8.8799","","0.00%"
"09/19/2016","8.8800","8.8800","8.8800","8.8799","","0.00%"
"09/18/2016","8.8800","8.8800","8.8800","8.8799","","0.00%"
"09/17/2016","8.8800","8.8800","8.8800","8.8800","","0.00%"
"09/16/2016","8.8800","8.8800","8.8800","8.8800","","0.00%"
"09/15/2016","8.8800","8.8800","8.8800","8.8800","","0.00%"
"09/14/2016","8.8800","8.8800","8.8800","8.8799","","0.00%"
"09/13/2016","8.8800","8.8800","8.8800","8.8800","","0.00%"
"09/12/2016","8.8800","8.8800","8.8800","8.8800","","0.00%"
"09/11/2016","8.8800","8.8800","8.8800","8.8800","","0.00%"
"09/10/2016","8.8800","8.8800","8.8800","8.8800","","0.00%"
"09/09/2016","8.8800","8.8800","8.8800","8.8800","","0.00%"
"09/08/2016","8.8800","8.8800","8.8800","8.8750","","0.00%"
"09/07/2016","8.8800","8.8800","8.8800","8.8750","","0.00%"
"09/06/2016","8.8800","8.8800","8.8800","8.8799","","0.00%"
"09/05/2016","8.8800","8.8800","8.8800","8.8799","","0.00%"
"09/04/2016","8.8800","8.8800","8.8800","8.8799","","0.00%"
"09/03/2016","8.8800","8.8800","8.8800","8.8800","","0.00%"
"09/02/2016","8.8800","8.8800","8.8800","8.8800","","0.00%"
"09/01/2016","8.8800","8.8800","8.8800","8.8799","","0.00%"
"08/31/2016","8.8800","8.8800","8.8800","8.8799","","0.00%"
"08/30/2016","8.8800","8.8800","8.8800","8.8788","","0.00%"
"08/29/2016","8.8800","8.8800","8.8800","8.8799","","0.00%"
"08/28/2016","8.8800","8.8800","8.8800","8.8799","","0.00%"
"08/27/2016","8.8800","8.8800","8.8800","8.8800","","0.00%"
"08/26/2016","8.8800","8.8800","8.8800","8.8800","","0.00%"
"08/25/2016","8.8800","8.8800","8.8800","8.8799","","0.00%"
"08/24/2016","8.8800","8.8800","8.8800","8.8750","","0.00%"
"08/23/2016","8.8800","8.8800","8.8800","8.8800","","0.00%"
"08/22/2016","8.8800","8.8750","8.8800","8.8750","","0.00%"
"08/21/2016","8.8800","8.8750","8.8800","8.8750","","0.00%"
"08/20/2016","8.8800","8.8800","8.8800","8.8800","","0.00%"
"08/19/2016","8.8800","8.8800","8.8800","8.8800","","0.00%"
"08/18/2016","8.8800","8.8800","8.8800","8.8799","","0.00%"
"08/17/2016","8.8800","8.8800","8.8800","8.8799","","0.00%"
"08/16/2016","8.8800","8.8800","8.8800","8.8799","","0.00%"
"08/15/2016","8.8800","8.8800","8.8800","8.8799","","0.00%"
"08/14/2016","8.8800","8.8800","8.8800","8.8800","","0.00%"
"08/13/2016","8.8800","8.8800","8.8800","8.8800","","0.00%"
"08/12/2016","8.8800","8.8800","8.8800","8.8800","","0.00%"
"08/11/2016","8.8800","8.8800","8.8800","8.8799","","0.00%"
"08/10/2016","8.8800","8.8800","8.8800","8.8799","","0.00%"
"08/09/2016","8.8800","8.8800","8.8800","8.8788","","0.00%"
"08/08/2016","8.8800","8.8800","8.8800","8.8799","","0.00%"
"08/07/2016","8.8800","8.8800","8.8800","8.8800","","0.00%"
"08/06/2016","8.8800","8.8800","8.8800","8.8800","","0.00%"
"08/05/2016","8.8800","8.8800","8.8800","8.8800","","0.00%"
"08/04/2016","8.8800","8.8800","8.8800","8.8799","","0.00%"
"08/03/2016","8.8800","8.8800","8.8800","8.8799","","0.00%"
"08/02/2016","8.8800","8.8800","8.8800","8.8800","","0.00%"
"08/01/2016","8.8800","8.8800","8.8800","8.8788","","0.00%"
"07/31/2016","8.8800","8.8800","8.8800","8.8800","","0.00%"
"07/30/2016","8.8800","8.8800","8.8800","8.8800","","0.00%"
"07/29/2016","8.8800","8.8800","8.8800","8.8800","","0.00%"
"07/28/2016","8.8800","8.8800","8.8800","8.8800","","0.00%"
"07/27/2016","8.8800","8.8800","8.8800","8.8800","","0.00%"
"07/26/2016","8.8800","8.8800","8.8800","8.8799","","0.00%"
"07/25/2016","8.8800","8.8800","8.8800","8.8800","","0.00%"
"07/24/2016","8.8800","8.8800","8.8800","8.8799","","0.00%"
"07/23/2016","8.8800","8.8800","8.8800","8.8800","","0.00%"
"07/22/2016","8.8800","8.8800","8.8800","8.8800","","0.00%"
"07/21/2016","8.8800","8.8800","8.8800","8.8800","","0.00%"
"07/20/2016","8.8800","8.8800","8.8800","8.8799","","0.00%"
"07/19/2016","8.8800","8.8799","8.8800","8.8799","","0.00%"
"07/18/2016","8.8800","8.8800","8.8800","8.8799","","0.00%"
"07/17/2016","8.8800","8.8800","8.8800","8.8799","","0.00%"
"07/16/2016","8.8800","8.8800","8.8800","8.8800","","0.00%"
"07/15/2016","8.8800","8.8800","8.8800","8.8800","","0.00%"
"07/14/2016","8.8800","8.8800","8.8800","8.8800","","0.00%"
"07/13/2016","8.8800","8.8800","8.8800","8.8799","","0.00%"
"07/12/2016","8.8800","8.8799","8.8800","8.8799","","0.00%"
"07/11/2016","8.8800","8.8800","8.8800","8.8799","","0.00%"
"07/10/2016","8.8800","8.8800","8.8800","8.8799","","0.00%"
"07/09/2016","8.8800","8.8800","8.8800","8.8800","","0.00%"
"07/08/2016","8.8800","8.8800","8.8800","8.8800","","0.00%"
"07/07/2016","8.8800","8.8800","8.8800","8.8800","","0.00%"
"07/06/2016","8.8800","8.8800","8.8800","8.8800","","0.00%"
"07/05/2016","8.8800","8.8800","8.8800","8.8800","","0.00%"
"07/04/2016","8.8800","8.8800","8.8800","8.8799","","0.00%"
"07/03/2016","8.8800","8.8800","8.8800","8.8799","","0.00%"
"07/02/2016","8.8800","8.8800","8.8800","8.8800","","0.00%"
"07/01/2016","8.8800","8.8800","8.8800","8.8800","","0.00%"
"06/30/2016","8.8800","8.8800","8.8800","8.8800","","0.00%"
"06/29/2016","8.8800","8.8800","8.8800","8.8800","","0.00%"
"06/28/2016","8.8800","8.8800","8.8800","8.8799","","0.00%"
"06/27/2016","8.8800","8.8800","8.8800","8.8799","","0.00%"
"06/26/2016","8.8800","8.8799","8.8800","8.8799","","0.00%"
"06/25/2016","8.8800","8.8800","8.8800","8.8800","","0.00%"
"06/24/2016","8.8800","8.8800","8.8800","8.8800","","0.00%"
"06/23/2016","8.8800","8.8799","8.8800","8.8799","","0.00%"
"06/22/2016","8.8800","8.8799","8.8800","8.8799","","0.00%"
"06/21/2016","8.8800","8.8800","8.8800","8.8799","","0.00%"
"06/20/2016","8.8800","8.8800","8.8800","8.8799","","0.00%"
"06/19/2016","8.8800","8.8799","8.8800","8.8799","","0.00%"
"06/18/2016","8.8800","8.8800","8.8800","8.8800","","0.00%"
"06/17/2016","8.8800","8.8800","8.8800","8.8800","","0.00%"
"06/16/2016","8.8800","8.8799","8.8800","8.8799","","0.00%"
"06/15/2016","8.8800","8.8800","8.8800","8.8799","","0.00%"
"06/14/2016","8.8800","8.8800","8.8800","8.8799","","0.00%"
"06/13/2016","8.8800","8.8800","8.8800","8.8799","","0.00%"
"06/12/2016","8.8800","8.8800","8.8800","8.8799","","0.00%"
"06/11/2016","8.8800","8.8800","8.8800","8.8800","","0.00%"
"06/10/2016","8.8800","8.8800","8.8800","8.8800","","0.00%"
"06/09/2016","8.8800","8.8800","8.8800","8.8799","","0.00%"
"06/08/2016","8.8800","8.8800","8.8800","8.8799","","0.00%"
"06/07/2016","8.8800","8.8800","8.8800","8.8799","","0.00%"
"06/06/2016","8.8800","8.8799","8.8800","8.8799","","0.00%"
"06/05/2016","8.8800","8.8800","8.8800","8.8750","","0.00%"
"06/04/2016","8.8800","8.8800","8.8800","8.8800","","0.00%"
"06/03/2016","8.8800","8.8800","8.8800","8.8800","","0.00%"
"06/02/2016","8.8800","8.8800","8.8800","8.8799","","0.00%"
"06/01/2016","8.8800","8.8800","8.8800","8.8799","","0.00%"
"05/31/2016","8.8800","8.8800","8.8800","8.8799","","0.00%"
"05/30/2016","8.8799","8.8800","8.8800","8.8799","","0.00%"
"05/29/2016","8.8800","8.8800","8.8800","8.8800","","0.00%"
"05/28/2016","8.8800","8.8800","8.8800","8.8800","","0.00%"
"05/27/2016","8.8800","8.8800","8.8800","8.8800","","0.00%"
"05/26/2016","8.8800","8.8800","8.8800","8.8799","","0.00%"
"05/25/2016","8.8800","8.8800","8.8800","8.8799","","0.00%"
"05/24/2016","8.8800","8.8800","8.8800","8.8799","","0.00%"
"05/23/2016","8.8800","8.8800","8.8800","8.8799","","0.00%"
"05/22/2016","8.8800","8.8750","8.8800","8.8750","","0.00%"
"05/21/2016","8.8800","8.8800","8.8800","8.8800","","0.00%"
"05/20/2016","8.8800","8.8800","8.8800","8.8800","","0.00%"
"05/19/2016","8.8800","8.8800","8.8800","8.8799","","0.00%"
"05/18/2016","8.8800","8.8800","8.8800","8.8750","","0.00%"
"05/17/2016","8.8800","8.8800","8.8800","8.8799","","0.00%"
"05/16/2016","8.8800","8.8800","8.8800","8.8750","","0.00%"
"05/15/2016","8.8800","8.8800","8.8800","8.8800","","0.00%"
"05/14/2016","8.8800","8.8800","8.8800","8.8800","","0.00%"
"05/13/2016","8.8800","8.8800","8.8800","8.8800","","0.00%"
"05/12/2016","8.8800","8.8800","8.8800","8.8799","","0.00%"
"05/11/2016","8.8800","8.8800","8.8800","8.8799","","0.00%"
"05/10/2016","8.8800","8.8800","8.8800","8.8799","","0.00%"
"05/09/2016","8.8800","8.8800","8.8800","8.8799","","0.00%"
"05/08/2016","8.8800","8.8800","8.8800","8.8799","","0.00%"
"05/07/2016","8.8800","8.8800","8.8800","8.8800","","0.00%"
"05/06/2016","8.8800","8.8800","8.8800","8.8800","","0.00%"
"05/05/2016","8.8800","8.8800","8.8800","8.8799","","0.00%"
"05/04/2016","8.8800","8.8800","8.8800","8.8799","","0.00%"
"05/03/2016","8.8800","8.8800","8.8800","8.8799","","0.00%"
"05/02/2016","8.8800","8.8800","8.8800","8.8800","","0.00%"
"05/01/2016","8.8800","8.8800","8.8800","8.8800","","0.00%"
"04/30/2016","8.8800","8.8800","8.8800","8.8800","","0.00%"
"04/29/2016","8.8800","8.8800","8.8800","8.8800","","0.00%"
"04/28/2016","8.8800","8.8800","8.8800","8.8799","","0.00%"
"04/27/2016","8.8800","8.8800","8.8800","8.8799","","0.00%"
"04/26/2016","8.8800","8.8800","8.8800","8.8799","","0.00%"
"04/25/2016","8.8800","8.8800","8.8800","8.8800","","0.00%"
"04/24/2016","8.8800","8.8800","8.8800","8.8750","","0.00%"
"04/23/2016","8.8800","8.8800","8.8800","8.8800","","0.00%"
"04/22/2016","8.8800","8.8800","8.8800","8.8800","","0.00%"
"04/21/2016","8.8800","8.8800","8.8800","8.8799","","0.00%"
"04/20/2016","8.8800","8.8800","8.8800","8.8799","","0.00%"
"04/19/2016","8.8800","8.8800","8.8800","8.8799","","0.00%"
"04/18/2016","8.8800","8.8800","8.8800","8.8799","","0.00%"
"04/17/2016","8.8800","8.8800","8.8800","8.8799","","0.00%"
"04/16/2016","8.8800","8.8800","8.8800","8.8800","","0.00%"
"04/15/2016","8.8800","8.8800","8.8800","8.8800","","0.00%"
"04/14/2016","8.8800","8.8800","8.8800","8.8799","","0.00%"
"04/13/2016","8.8800","8.8800","8.8800","8.8799","","0.00%"
"04/12/2016","8.8800","8.8800","8.8800","8.8799","","0.00%"
"04/11/2016","8.8800","8.8800","8.8800","8.8799","","0.00%"
"04/10/2016","8.8800","8.8800","8.8800","8.8799","","0.00%"
"04/09/2016","8.8800","8.8800","8.8800","8.8800","","0.00%"
"04/08/2016","8.8800","8.8800","8.8800","8.8800","","0.00%"
"04/07/2016","8.8800","8.8800","8.8800","8.8799","","0.00%"
"04/06/2016","8.8800","8.8799","8.8800","8.8799","","0.00%"
"04/05/2016","8.8800","8.8800","8.9500","8.8799","","0.00%"
"04/04/2016","8.8799","8.8800","8.8800","8.8799","","0.00%"
"04/03/2016","8.8800","8.8800","8.8800","8.8799","","0.00%"
"04/02/2016","8.8800","8.8800","8.8800","8.8800","","0.00%"
"04/01/2016","8.8800","8.8800","8.8800","8.8800","","0.00%"
"03/31/2016","8.8800","8.8800","8.8800","8.8799","","0.00%"
"03/30/2016","8.8800","8.8800","8.8800","8.8799","","0.00%"
"03/29/2016","8.8800","8.8800","8.8800","8.8799","","0.00%"
"03/28/2016","8.8800","8.9500","8.9500","8.8799","","0.00%"
"03/27/2016","8.8800","8.8800","8.8800","8.8750","","0.00%"
"03/26/2016","8.8800","8.8800","8.8800","8.8800","","0.00%"
"03/25/2016","8.8800","8.8800","8.8800","8.8800","","0.00%"
"03/24/2016","8.8800","8.8800","8.9500","8.8750","","0.00%"
"03/23/2016","8.8800","8.8800","8.8800","8.8799","","0.00%"
"03/22/2016","8.8800","8.8799","8.8800","8.8750","","0.00%"
"03/21/2016","8.8799","8.8800","8.8800","8.8799","","0.00%"
"03/20/2016","8.8800","8.8800","8.8800","8.8799","","0.00%"
"03/19/2016","8.8800","8.8800","8.8800","8.8800","","0.00%"
"03/18/2016","8.8800","8.8800","8.8800","8.8800","","0.00%"
"03/17/2016","8.8800","8.8800","8.8899","8.8775","","0.00%"
"03/16/2016","8.8800","8.9500","8.9500","8.8800","","-0.78%"
"03/15/2016","8.9500","8.9500","8.9501","8.9499","","0.00%"
"03/14/2016","8.9500","7.8300","8.9501","7.8300","","14.30%"
"03/13/2016","7.8301","7.8301","7.8301","7.8300","","0.00%"
"03/12/2016","7.8301","7.8301","7.8301","7.8301","","0.00%"
"03/11/2016","7.8301","7.8301","7.8301","7.8301","","0.00%"
"03/10/2016","7.8301","7.8301","7.8301","7.8300","","0.00%"
"03/09/2016","7.8301","7.8301","7.8301","7.8300","","0.00%"
"03/08/2016","7.8301","7.8301","7.8301","7.8300","","0.00%"
"03/07/2016","7.8301","7.8301","7.8301","7.8300","","0.00%"
"03/06/2016","7.8301","7.8300","7.8301","7.8300","","0.00%"
"03/05/2016","7.8301","7.8301","7.8301","7.8301","","0.00%"
"03/04/2016","7.8301","7.8301","7.8301","7.8301","","0.00%"
"03/03/2016","7.8301","7.8301","7.8301","7.8300","","0.00%"
"03/02/2016","7.8301","7.8301","7.8301","7.8300","","0.00%"
"03/01/2016","7.8301","7.8301","7.8301","7.8300","","0.00%"
"02/29/2016","7.8301","7.8301","7.8301","7.8300","","0.00%"
"02/28/2016","7.8301","7.8301","7.8301","7.8300","","0.00%"
"02/27/2016","7.8301","7.8301","7.8301","7.8301","","0.00%"
"02/26/2016","7.8301","7.8301","7.8301","7.8301","","0.00%"
"02/25/2016","7.8301","7.8301","7.8301","7.8300","","0.00%"
"02/24/2016","7.8301","7.8301","7.8301","7.8300","","0.00%"
"02/23/2016","7.8301","7.8300","7.8301","7.8300","","0.00%"
"02/22/2016","7.8301","7.8301","7.8301","7.8301","","0.00%"
"02/21/2016","7.8301","7.8300","7.8301","7.8300","","0.00%"
"02/20/2016","7.8301","7.8301","7.8301","7.8301","","0.00%"
"02/19/2016","7.8301","7.8301","7.8301","7.8301","","0.00%"
"02/18/2016","7.8301","7.8301","7.8301","7.8300","","0.00%"
"02/17/2016","7.8301","7.8301","7.8301","7.8300","","0.00%"
"02/16/2016","7.8301","7.8301","7.8301","7.8300","","0.00%"
"02/15/2016","7.8301","7.8301","7.8301","7.8300","","0.00%"
"02/14/2016","7.8301","7.8301","7.8301","7.8300","","0.00%"
"02/13/2016","7.8301","7.8301","7.8301","7.8301","","0.00%"
"02/12/2016","7.8301","7.8301","7.8301","7.8301","","0.00%"
"02/11/2016","7.8301","7.8301","7.8301","7.8300","","0.00%"
"02/10/2016","7.8301","7.8301","7.8301","7.8300","","0.00%"
"02/09/2016","7.8301","7.8301","7.8301","7.8300","","0.00%"
"02/08/2016","7.8301","7.8301","7.8301","7.8300","","0.00%"
"02/07/2016","7.8301","7.8301","7.8301","7.8300","","0.00%"
"02/06/2016","7.8301","7.8301","7.8301","7.8301","","0.00%"
"02/05/2016","7.8301","7.8301","7.8301","7.8301","","0.00%"
"02/04/2016","7.8301","7.8301","7.8301","7.8300","","0.00%"
"02/03/2016","7.8301","7.8301","7.8301","7.8300","","0.00%"
"02/02/2016","7.8301","7.8301","7.8301","7.8300","","0.00%"
"02/01/2016","7.8301","7.8301","7.8301","7.8300","","0.00%"
"01/31/2016","7.8301","7.8301","7.8301","7.8300","","0.00%"
"01/30/2016","7.8301","7.8301","7.8301","7.8301","","0.00%"
"01/29/2016","7.8301","7.8301","7.8301","7.8301","","0.00%"
"01/28/2016","7.8301","7.8301","7.8301","7.8300","","0.00%"
"01/27/2016","7.8301","7.8301","7.8301","7.8300","","0.00%"
"01/26/2016","7.8301","7.8301","7.8301","7.8300","","0.00%"
"01/25/2016","7.8301","7.8301","7.8301","7.8301","","0.00%"
"01/24/2016","7.8301","7.8301","7.8301","7.8300","","0.00%"
"01/23/2016","7.8301","7.8301","7.8301","7.8301","","0.00%"
"01/22/2016","7.8301","7.8301","7.8301","7.8301","","0.00%"
"01/21/2016","7.8301","7.8301","7.8301","7.8300","","0.00%"
"01/20/2016","7.8301","7.8301","7.8301","7.8301","","0.00%"
"01/19/2016","7.8301","7.8301","7.8301","7.8300","","0.00%"
"01/18/2016","7.8301","7.8301","7.8301","7.8301","","0.00%"
"01/17/2016","7.8301","7.8301","7.8301","7.8300","","0.00%"
"01/16/2016","7.8301","7.8301","7.8301","7.8301","","0.00%"
"01/15/2016","7.8301","7.8301","7.8301","7.8301","","0.00%"
"01/14/2016","7.8301","7.8301","7.8301","7.8301","","0.00%"
"01/13/2016","7.8301","7.8301","7.8301","7.8301","","0.00%"
"01/12/2016","7.8301","7.8301","7.8301","7.8300","","0.00%"
"01/11/2016","7.8301","7.8301","7.8301","7.8301","","0.00%"
"01/10/2016","7.8301","7.8301","7.8301","7.8300","","0.00%"
"01/09/2016","7.8301","7.8301","7.8301","7.8301","","0.00%"
"01/08/2016","7.8301","7.8301","7.8301","7.8301","","0.00%"
"01/07/2016","7.8301","7.8301","7.8301","7.8301","","0.00%"
"01/06/2016","7.8301","7.8301","7.8301","7.8300","","0.00%"
"01/05/2016","7.8301","7.8301","7.8301","7.8300","","0.00%"
"01/04/2016","7.8301","7.8301","7.8301","7.8300","","0.00%"
"01/03/2016","7.8301","7.8301","7.8301","7.8300","","0.00%"
"01/02/2016","7.8301","7.8301","7.8301","7.8301","","0.00%"
"01/01/2016","7.8301","7.8301","7.8301","7.8301","","0.00%"
"12/31/2015","7.8301","7.8301","7.8301","7.8300","","0.00%"
"12/30/2015","7.8301","7.8301","7.8301","7.8300","","0.00%"
"12/29/2015","7.8301","7.8301","7.8301","7.8300","","0.00%"
"12/28/2015","7.8301","7.8301","7.8301","7.8300","","0.00%"
"12/27/2015","7.8301","7.8301","7.8301","7.8300","","0.00%"
"12/26/2015","7.8301","7.8301","7.8301","7.8301","","0.00%"
"12/25/2015","7.8301","7.8301","7.8301","7.8301","","0.00%"
"12/24/2015","7.8301","7.8301","7.8301","7.8300","","0.00%"
"12/23/2015","7.8301","7.8301","7.8301","7.8301","","0.00%"
"12/22/2015","7.8301","7.8301","7.8301","7.8300","","0.00%"
"12/21/2015","7.8301","7.8301","7.8301","7.8300","","0.00%"
"12/20/2015","7.8301","7.8301","7.8301","7.8300","","0.00%"
"12/19/2015","7.8301","7.8301","7.8301","7.8301","","0.00%"
"12/18/2015","7.8301","7.8301","7.8301","7.8301","","0.00%"
"12/17/2015","7.8301","7.8301","7.8301","7.8300","","0.00%"
"12/16/2015","7.8301","7.8301","7.8301","7.8300","","0.00%"
"12/15/2015","7.8301","7.8301","7.8301","7.8301","","0.00%"
"12/14/2015","7.8301","7.8301","7.8301","7.8300","","0.00%"
"12/13/2015","7.8301","7.8301","7.8301","7.8301","","0.00%"
"12/12/2015","7.8301","7.8301","7.8301","7.8301","","0.00%"
"12/11/2015","7.8301","7.8301","7.8301","7.8301","","0.00%"
"12/10/2015","7.8301","7.8300","7.8301","7.8300","","0.00%"
"12/09/2015","7.8301","7.8301","7.8301","7.8300","","0.00%"
"12/08/2015","7.8301","7.8301","7.8301","7.8300","","0.00%"
"12/07/2015","7.8301","7.8301","7.8301","7.8300","","0.00%"
"12/06/2015","7.8301","7.8301","7.8301","7.8300","","0.00%"
"12/05/2015","7.8301","7.8301","7.8301","7.8301","","0.00%"
"12/04/2015","7.8301","7.8301","7.8301","7.8301","","0.00%"
"12/03/2015","7.8301","7.8301","7.8301","7.8251","","0.00%"
"12/02/2015","7.8301","7.8301","7.8301","7.8300","","0.00%"
"12/01/2015","7.8301","7.8301","7.8301","7.8300","","0.00%"
"11/30/2015","7.8301","7.8301","7.8301","7.8300","","0.00%"
"11/29/2015","7.8301","7.8301","7.8301","7.8300","","0.00%"
"11/28/2015","7.8301","7.8301","7.8301","7.8301","","0.00%"
"11/27/2015","7.8301","7.8301","7.8301","7.8301","","0.00%"
"11/26/2015","7.8301","7.8301","7.8301","7.8300","","0.00%"
"11/25/2015","7.8301","7.8301","7.8301","7.8300","","0.00%"
"11/24/2015","7.8301","7.8301","7.8301","7.8276","","0.00%"
"11/23/2015","7.8301","7.8301","7.8301","7.8300","","0.00%"
"11/22/2015","7.8301","7.8301","7.8301","7.8300","","0.00%"
"11/21/2015","7.8301","7.8301","7.8301","7.8301","","0.00%"
"11/20/2015","7.8301","7.8301","7.8301","7.8301","","0.00%"
"11/19/2015","7.8301","7.8301","7.8301","7.8300","","0.00%"
"11/18/2015","7.8301","7.8301","7.8301","7.8300","","0.00%"
"11/17/2015","7.8301","7.8301","7.8301","7.8300","","0.00%"
"11/16/2015","7.8301","7.8301","7.8301","7.8300","","0.00%"
"11/15/2015","7.8301","7.8301","8.0300","7.8300","","0.00%"
"11/14/2015","7.8301","7.8301","7.8301","7.8301","","0.00%"
"11/13/2015","7.8301","7.8301","7.8301","7.8301","","0.00%"
"11/12/2015","7.8301","7.8301","7.8301","7.8300","","0.00%"
"11/11/2015","7.8301","8.0300","8.0300","7.8300","","-2.49%"
"11/10/2015","8.0300","8.0300","8.0300","8.0300","","0.00%"
"11/09/2015","8.0300","8.0300","8.0300","8.0300","","0.00%"
"11/08/2015","8.0300","8.0300","8.0300","8.0300","","0.00%"
"11/07/2015","8.0300","8.0300","8.0300","8.0300","","0.00%"
"11/06/2015","8.0300","8.0300","8.0300","8.0300","","0.00%"
"11/05/2015","8.0300","8.0300","8.0300","8.0300","","0.00%"
"11/04/2015","8.0300","8.0300","8.0300","8.0300","","0.00%"
"11/03/2015","8.0300","8.0300","8.0300","8.0300","","0.00%"
"11/02/2015","8.0300","8.0300","8.0300","8.0300","","0.00%"
"11/01/2015","8.0300","8.0300","8.0300","8.0300","","0.00%"
"10/31/2015","8.0300","8.0300","8.0300","8.0300","","0.00%"
"10/30/2015","8.0300","8.0300","8.0300","8.0300","","0.00%"
"10/29/2015","8.0300","8.0300","8.0300","8.0300","","0.00%"
"10/28/2015","8.0300","8.0300","8.0300","8.0300","","0.00%"
"10/27/2015","8.0300","8.0300","8.0300","8.0300","","0.00%"
"10/26/2015","8.0300","8.0300","8.0300","8.0300","","0.00%"
"10/25/2015","8.0300","8.0300","8.0300","8.0300","","0.00%"
"10/24/2015","8.0300","8.0300","8.0300","8.0300","","0.00%"
"10/23/2015","8.0300","8.0300","8.0300","8.0300","","0.00%"
"10/22/2015","8.0300","8.0300","8.0300","8.0300","","0.00%"
"10/21/2015","8.0300","8.0300","8.0300","8.0300","","0.00%"
"10/20/2015","8.0300","8.0300","8.0305","7.9301","","0.00%"
"10/19/2015","8.0300","8.0300","8.0305","8.0300","","0.00%"
"10/18/2015","8.0300","7.9301","8.0300","7.9201","","1.26%"
"10/17/2015","7.9301","7.9301","7.9301","7.9301","","0.00%"
"10/16/2015","7.9301","7.9301","7.9301","7.9301","","0.00%"
"10/15/2015","7.9301","7.8301","7.9301","7.8201","","1.28%"
"10/14/2015","7.8301","7.8301","7.8301","7.8301","","0.00%"
"10/13/2015","7.8301","7.8301","7.8301","7.8301","","0.00%"
"10/12/2015","7.8301","7.8301","7.8301","7.8301","","0.00%"
"10/11/2015","7.8301","7.8301","7.8301","7.8301","","0.00%"
"10/10/2015","7.8301","7.8301","7.8301","7.8301","","0.00%"
"10/09/2015","7.8301","7.8301","7.8301","7.8301","","0.00%"
"10/08/2015","7.8301","7.8301","7.8301","7.8277","","0.00%"
"10/07/2015","7.8301","7.8301","7.8301","7.8301","","0.00%"
"10/06/2015","7.8301","7.8301","7.8301","7.8301","","0.00%"
"10/05/2015","7.8301","7.8301","7.8301","7.8301","","0.00%"
"10/04/2015","7.8301","7.8301","7.8301","7.8301","","0.00%"
"10/03/2015","7.8301","7.8301","7.8301","7.8301","","0.00%"
"10/02/2015","7.8301","7.8301","7.8301","7.8301","","0.00%"
"10/01/2015","7.8301","7.8301","7.8301","7.8276","","0.00%"
"09/30/2015","7.8301","7.8301","7.8301","7.8276","","0.00%"
"09/29/2015","7.8301","7.8301","7.8301","7.8276","","0.00%"
"09/28/2015","7.8301","7.8301","7.8301","7.8276","","0.00%"
"09/27/2015","7.8301","7.8301","7.8301","7.8301","","0.00%"
"09/26/2015","7.8301","7.8301","7.8301","7.8301","","0.00%"
"09/25/2015","7.8301","7.8301","7.8301","7.8301","","0.00%"
"09/24/2015","7.8301","7.8301","7.8301","7.8301","","0.00%"
"09/23/2015","7.8301","7.8301","7.8301","7.8301","","0.00%"
"09/22/2015","7.8301","7.8301","7.8301","7.8276","","0.00%"
"09/21/2015","7.8301","7.8301","7.8301","7.8251","","0.00%"
"09/20/2015","7.8301","7.8301","7.8301","7.8276","","0.03%"
"09/19/2015","7.8276","7.8276","7.8276","7.8276","","0.00%"
"09/18/2015","7.8276","7.8276","7.8276","7.8276","","0.00%"
"09/17/2015","7.8276","7.8301","7.8301","7.8276","","-0.03%"
"09/16/2015","7.8301","7.8301","7.8301","7.8276","","0.00%"
"09/15/2015","7.8301","7.8301","7.8301","7.8276","","0.00%"
"09/14/2015","7.8301","7.8301","7.8301","7.8276","","0.00%"
"09/13/2015","7.8301","7.8301","7.8301","7.8276","","0.00%"
"09/12/2015","7.8301","7.8301","7.8301","7.8301","","0.00%"
"09/11/2015","7.8301","7.8301","7.8301","7.8301","","0.00%"
"09/10/2015","7.8301","7.8301","7.8301","7.8276","","0.00%"
"09/09/2015","7.8301","7.8301","7.8301","7.8276","","0.00%"
"09/08/2015","7.8301","7.8301","7.8301","7.8276","","0.00%"
"09/07/2015","7.8301","7.8301","7.8301","7.8251","","0.03%"
"09/06/2015","7.8276","7.8301","7.8301","7.8276","","0.00%"
"09/05/2015","7.8276","7.8276","7.8276","7.8276","","0.00%"
"09/04/2015","7.8276","7.8276","7.8276","7.8276","","0.00%"
"09/03/2015","7.8276","7.8301","7.8301","7.8276","","-0.03%"
"09/02/2015","7.8301","7.8301","7.8302","7.8276","","0.03%"
"09/01/2015","7.8276","7.8301","7.8301","7.8276","","-0.03%"
"08/31/2015","7.8301","7.8301","7.8301","7.8251","","0.00%"
"08/30/2015","7.8301","7.8301","7.8301","7.8276","","0.00%"
"08/29/2015","7.8301","7.8301","7.8301","7.8301","","0.00%"
"08/28/2015","7.8301","7.8301","7.8301","7.8301","","0.00%"
"08/27/2015","7.8301","7.8301","7.8301","7.8276","","0.00%"
"08/26/2015","7.8301","7.8301","7.8301","7.8276","","0.00%"
"08/25/2015","7.8301","7.8301","7.8301","7.8276","","0.00%"
"08/24/2015","7.8301","7.8301","7.8301","7.8276","","0.03%"
"08/23/2015","7.8276","7.8301","7.8301","7.8276","","0.00%"
"08/22/2015","7.8276","7.8276","7.8276","7.8276","","0.00%"
"08/21/2015","7.8276","7.8276","7.8276","7.8276","","0.00%"
"08/20/2015","7.8276","7.8301","7.8301","7.8276","","-0.03%"
"08/19/2015","7.8301","7.8301","7.8301","7.8276","","0.03%"
"08/18/2015","7.8276","7.8301","7.8301","7.8276","","-0.03%"
"08/17/2015","7.8301","7.8301","7.8301","7.8276","","0.03%"
"08/16/2015","7.8276","7.8301","7.8301","7.8276","","-0.03%"
"08/15/2015","7.8301","7.8301","7.8301","7.8301","","0.00%"
"08/14/2015","7.8301","7.8301","7.8301","7.8301","","0.00%"
"08/13/2015","7.8301","7.8301","7.8301","7.8276","","0.00%"
"08/12/2015","7.8301","7.8301","7.8301","7.8276","","0.03%"
"08/11/2015","7.8276","7.8301","7.8301","7.8276","","-0.03%"
"08/10/2015","7.8301","7.8301","7.8301","7.8276","","0.03%"
"08/09/2015","7.8276","7.8301","7.8301","7.8276","","-0.03%"
"08/08/2015","7.8301","7.8301","7.8301","7.8301","","0.00%"
"08/07/2015","7.8301","7.8301","7.8301","7.8301","","0.00%"
"08/06/2015","7.8301","7.8301","7.8301","7.8301","","0.00%"
"08/05/2015","7.8301","7.8301","7.8301","7.8276","","0.03%"
"08/04/2015","7.8276","7.8301","7.8301","7.8276","","0.00%"
"08/03/2015","7.8276","7.8301","7.8301","7.8276","","-0.03%"
"08/02/2015","7.8301","7.8301","7.8301","7.8251","","0.00%"
"08/01/2015","7.8301","7.8301","7.8301","7.8301","","0.00%"
"07/31/2015","7.8301","7.8301","7.8301","7.8301","","0.03%"
"07/30/2015","7.8276","7.8301","7.8301","7.8251","","-0.03%"
"07/29/2015","7.8301","7.8301","7.8301","7.8251","","0.00%"
"07/28/2015","7.8301","7.8301","7.8301","7.8251","","0.00%"
"07/27/2015","7.8301","7.8301","7.8301","7.8276","","0.00%"
"07/26/2015","7.8301","7.8301","7.8301","7.8276","","0.00%"
"07/25/2015","7.8301","7.8301","7.8301","7.8301","","0.00%"
"07/24/2015","7.8301","7.8301","7.8301","7.8301","","0.00%"
"07/23/2015","7.8301","7.8301","7.8301","7.8301","","0.00%"
"07/22/2015","7.8301","7.8301","7.8301","7.8276","","0.00%"
"07/21/2015","7.8301","7.8301","7.8301","7.8276","","0.00%"
"07/20/2015","7.8301","7.8301","7.8301","7.8301","","0.00%"
"07/19/2015","7.8301","7.8301","7.8301","7.8301","","0.00%"
"07/18/2015","7.8301","7.8301","7.8301","7.8301","","0.00%"
"07/17/2015","7.8301","7.8301","7.8301","7.8301","","0.00%"
"07/16/2015","7.8301","7.8301","7.8301","7.8276","","0.00%"
"07/15/2015","7.8301","7.8301","7.8301","7.8276","","0.00%"
"07/14/2015","7.8301","7.8301","7.8301","7.8276","","0.00%"
"07/13/2015","7.8301","7.8301","7.8301","7.8276","","0.00%"
"07/12/2015","7.8301","7.8301","7.8301","7.8276","","0.00%"
"07/11/2015","7.8301","7.8301","7.8301","7.8301","","0.00%"
"07/10/2015","7.8301","7.8301","7.8301","7.8301","","0.00%"
"07/09/2015","7.8301","7.8301","7.8301","7.8251","","0.03%"
"07/08/2015","7.8276","7.8301","7.8301","7.8251","","-0.03%"
"07/07/2015","7.8301","7.8301","7.8301","7.8251","","1.29%"
"07/06/2015","7.7301","7.8301","7.8301","7.7301","","-1.28%"
"07/05/2015","7.8301","7.7301","7.8301","7.7251","","1.33%"
"07/04/2015","7.7276","7.7276","7.7276","7.7276","","0.00%"
"07/03/2015","7.7276","7.7276","7.7276","7.7276","","0.00%"
"07/02/2015","7.7276","7.6301","7.7301","7.6276","","1.28%"
"07/01/2015","7.6301","7.6301","7.6301","7.6276","","0.00%"
"06/30/2015","7.6301","7.6301","7.6301","7.6301","","0.00%"
"06/29/2015","7.6301","7.6301","7.6301","7.6251","","0.03%"
"06/28/2015","7.6276","7.6301","7.6301","7.6276","","0.03%"
"06/27/2015","7.6250","7.6250","7.6250","7.6250","","0.00%"
"06/26/2015","7.6250","7.6250","7.6250","7.6250","","0.00%"
"06/25/2015","7.6250","7.6301","7.6301","7.6250","","-0.07%"
"06/24/2015","7.6301","7.6301","7.6301","7.6251","","0.03%"
"06/23/2015","7.6276","7.6301","7.6301","7.6251","","-0.03%"
"06/22/2015","7.6301","7.6301","7.6301","7.6251","","0.00%"
"06/21/2015","7.6301","7.6301","7.6301","7.6251","","0.03%"
"06/20/2015","7.6276","7.6276","7.6276","7.6276","","0.00%"
"06/19/2015","7.6276","7.6276","7.6276","7.6276","","0.00%"
"06/18/2015","7.6276","7.6301","7.6301","7.6201","","-0.03%"
"06/17/2015","7.6301","7.6301","7.6301","7.6276","","0.00%"
"06/16/2015","7.6301","7.6301","7.6301","7.6251","","0.03%"
"06/15/2015","7.6276","7.6301","7.6301","7.6251","","0.00%"
"06/14/2015","7.6276","7.6301","7.6301","7.6276","","-0.03%"
"06/13/2015","7.6301","7.6301","7.6301","7.6301","","0.00%"
"06/12/2015","7.6301","7.6301","7.6301","7.6301","","0.00%"
"06/11/2015","7.6301","7.6301","7.6301","7.6251","","0.00%"
"06/10/2015","7.6301","7.6301","7.6301","7.6251","","0.00%"
"06/09/2015","7.6301","7.6301","7.6301","7.6251","","0.00%"
"06/08/2015","7.6301","7.6251","7.6301","7.6251","","0.07%"
"06/07/2015","7.6251","7.6301","7.6301","7.6251","","-0.07%"
"06/06/2015","7.6301","7.6301","7.6301","7.6301","","0.00%"
"06/05/2015","7.6301","7.6301","7.6301","7.6301","","0.00%"
"06/04/2015","7.6301","7.6301","7.6301","7.6250","","0.00%"
"06/03/2015","7.6301","7.6301","7.6301","7.6276","","0.00%"
"06/02/2015","7.6301","7.6301","7.6301","7.6251","","0.00%"
"06/01/2015","7.6301","7.6301","7.6301","7.6276","","0.00%"
"05/31/2015","7.6301","7.6301","7.6301","7.6276","","0.00%"
"05/30/2015","7.6301","7.6301","7.6301","7.6301","","0.00%"
"05/29/2015","7.6301","7.6301","7.6301","7.6301","","0.00%"
"05/28/2015","7.6301","7.6301","7.6301","7.6251","","0.00%"
"05/27/2015","7.6301","7.6301","7.6301","7.6276","","0.00%"
"05/26/2015","7.6301","7.6301","7.6301","7.6250","","0.00%"
"05/25/2015","7.6301","7.6301","7.6301","7.6276","","0.03%"
"05/24/2015","7.6276","7.6301","7.6301","7.6251","","-0.03%"
"05/23/2015","7.6301","7.6301","7.6301","7.6301","","0.00%"
"05/22/2015","7.6301","7.6301","7.6301","7.6301","","0.00%"
"05/21/2015","7.6301","7.6301","7.6301","7.6276","","0.00%"
"05/20/2015","7.6301","7.6301","7.6301","7.6251","","0.03%"
"05/19/2015","7.6276","7.6301","7.6301","7.6251","","-0.03%"
"05/18/2015","7.6301","7.6301","7.6301","7.6251","","0.00%"
"05/17/2015","7.6301","7.6301","7.6301","7.6251","","0.03%"
"05/16/2015","7.6276","7.6276","7.6276","7.6276","","0.00%"
"05/15/2015","7.6276","7.6276","7.6276","7.6276","","0.00%"
"05/14/2015","7.6276","7.6301","7.6301","7.6251","","0.00%"
"05/13/2015","7.6276","7.6301","7.6301","7.6251","","-0.03%"
"05/12/2015","7.6301","7.6251","7.6301","7.6251","","0.00%"
"05/11/2015","7.6301","7.6301","7.6301","7.6251","","0.00%"
"05/10/2015","7.6301","7.6301","7.6301","7.6276","","0.00%"
"05/09/2015","7.6301","7.6301","7.6301","7.6301","","0.00%"
"05/08/2015","7.6301","7.6301","7.6301","7.6301","","0.00%"
"05/07/2015","7.6301","7.6301","7.6301","7.6251","","0.03%"
"05/06/2015","7.6276","7.6301","7.6301","7.6251","","-0.03%"
"05/05/2015","7.6301","7.6301","7.6301","7.6276","","0.00%"
"05/04/2015","7.6301","7.6301","7.6301","7.6251","","0.03%"
"05/03/2015","7.6276","7.6301","7.6301","7.6251","","-0.03%"
"05/02/2015","7.6301","7.6301","7.6301","7.6301","","0.00%"
"05/01/2015","7.6301","7.6301","7.6301","7.6301","","0.00%"
"04/30/2015","7.6301","7.6301","7.6301","7.6251","","0.03%"
"04/29/2015","7.6276","7.6301","7.6301","7.6276","","-0.03%"
"04/28/2015","7.6301","7.6301","7.6301","7.6251","","0.00%"
"04/27/2015","7.6301","7.6251","7.6301","7.6251","","0.00%"
"04/26/2015","7.6301","7.6296","7.6301","7.6251","","0.03%"
"04/25/2015","7.6276","7.6276","7.6276","7.6276","","0.00%"
"04/24/2015","7.6276","7.6276","7.6276","7.6276","","0.00%"
"04/23/2015","7.6276","7.6301","7.6301","7.6276","","-0.03%"
"04/22/2015","7.6301","7.6301","7.6301","7.6250","","0.00%"
"04/21/2015","7.6301","7.6301","7.6301","7.6251","","0.00%"
"04/20/2015","7.6301","7.6301","7.6301","7.6251","","0.03%"
"04/19/2015","7.6276","7.6301","7.6301","7.6276","","-0.03%"
"04/18/2015","7.6301","7.6301","7.6301","7.6301","","0.00%"
"04/17/2015","7.6301","7.6301","7.6301","7.6301","","0.00%"
"04/16/2015","7.6301","7.6301","7.6301","7.6276","","0.00%"
"04/15/2015","7.6301","7.6301","7.6301","7.6251","","0.00%"
"04/14/2015","7.6301","7.6301","7.6301","7.6276","","0.00%"
"04/13/2015","7.6301","7.6301","7.6301","7.6301","","0.00%"
"04/12/2015","7.6301","7.6301","7.6301","7.6301","","0.00%"
"04/11/2015","7.6301","7.6301","7.6301","7.6301","","0.00%"
"04/10/2015","7.6301","7.6301","7.6301","7.6301","","0.00%"
"04/09/2015","7.6301","7.6276","7.6301","7.6276","","0.00%"
"04/08/2015","7.6301","7.6301","7.6301","7.6276","","0.00%"
"04/07/2015","7.6301","7.6301","7.6301","7.6250","","0.00%"
"04/06/2015","7.6301","7.6301","7.6301","7.6251","","0.00%"
"04/05/2015","7.6301","7.6296","7.6301","7.6276","","0.03%"
"04/04/2015","7.6276","7.6276","7.6276","7.6276","","0.00%"
"04/03/2015","7.6276","7.6276","7.6276","7.6276","","0.00%"
"04/02/2015","7.6276","7.6301","7.6301","7.6276","","-0.03%"
"04/01/2015","7.6301","7.6301","7.6301","7.6251","","0.03%"
"03/31/2015","7.6276","7.6301","7.6301","7.6276","","-0.03%"
"03/30/2015","7.6301","7.6301","7.6301","7.6276","","0.00%"
"03/29/2015","7.6301","7.6301","7.6301","7.6251","","0.00%"
"03/28/2015","7.6301","7.6301","7.6301","7.6301","","0.00%"
"03/27/2015","7.6301","7.6301","7.6301","7.6301","","0.00%"
"03/26/2015","7.6301","7.6301","7.6301","7.6276","","0.00%"
"03/25/2015","7.6301","7.6301","7.6301","7.6251","","0.00%"
"03/24/2015","7.6301","7.6301","7.6301","7.6276","","0.00%"
"03/23/2015","7.6301","7.6301","7.6301","7.6250","","0.00%"
"03/22/2015","7.6301","7.6301","7.6301","7.6276","","0.00%"
"03/21/2015","7.6301","7.6301","7.6301","7.6301","","0.00%"
"03/20/2015","7.6301","7.6301","7.6301","7.6301","","0.00%"
"03/19/2015","7.6301","7.6301","7.6301","7.6276","","0.03%"
"03/18/2015","7.6276","7.6301","7.6301","7.6250","","-0.03%"
"03/17/2015","7.6301","7.6301","7.6301","7.6251","","0.03%"
"03/16/2015","7.6276","7.6301","7.6301","7.6276","","0.00%"
"03/15/2015","7.6276","7.6301","7.6302","7.6276","","-0.03%"
"03/14/2015","7.6301","7.6301","7.6301","7.6301","","0.03%"
"03/13/2015","7.6276","7.6276","7.6276","7.6276","","0.00%"
"03/12/2015","7.6276","7.6301","7.6301","7.6250","","-0.03%"
"03/11/2015","7.6301","7.6301","7.6301","7.6276","","0.00%"
"03/10/2015","7.6301","7.6301","7.6301","7.6276","","0.00%"
"03/09/2015","7.6301","7.6301","7.6301","7.6276","","0.00%"
"03/08/2015","7.6301","7.6301","7.6301","7.6250","","0.00%"
"03/07/2015","7.6301","7.6301","7.6301","7.6301","","0.00%"
"03/06/2015","7.6301","7.6301","7.6301","7.6301","","0.00%"
"03/05/2015","7.6301","7.6301","7.6301","7.6276","","0.00%"
"03/04/2015","7.6301","7.6301","7.6301","7.6251","","0.00%"
"03/03/2015","7.6301","7.6301","7.6301","7.6276","","0.00%"
"03/02/2015","7.6301","7.6301","7.6301","7.6276","","0.00%"
"03/01/2015","7.6301","7.6301","7.6301","7.6251","","0.00%"
"02/28/2015","7.6301","7.6301","7.6301","7.6301","","0.00%"
"02/27/2015","7.6301","7.6301","7.6301","7.6301","","0.00%"
"02/26/2015","7.6301","7.6301","7.6301","7.6276","","0.00%"
"02/25/2015","7.6301","7.6301","7.6301","7.6251","","0.00%"
"02/24/2015","7.6301","7.6301","7.6301","7.6251","","0.00%"
"02/23/2015","7.6301","7.6301","7.6301","7.6251","","0.03%"
"02/22/2015","7.6276","7.6301","7.6301","7.6251","","-0.03%"
"02/21/2015","7.6301","7.6301","7.6301","7.6301","","0.00%"
"02/20/2015","7.6301","7.6301","7.6301","7.6301","","0.00%"
"02/19/2015","7.6301","7.6301","7.6301","7.6251","","0.00%"
"02/18/2015","7.6301","7.6301","7.6301","7.6276","","0.00%"
"02/17/2015","7.6301","7.6301","7.6301","7.6251","","0.00%"
"02/16/2015","7.6301","7.6301","7.6301","7.6250","","0.00%"
"02/15/2015","7.6301","7.6301","7.6301","7.6250","","0.03%"
"02/14/2015","7.6276","7.6276","7.6276","7.6276","","0.00%"
"02/13/2015","7.6276","7.6276","7.6276","7.6276","","0.00%"
"02/12/2015","7.6276","7.6301","7.6351","7.6251","","0.03%"
"02/11/2015","7.6251","7.6101","7.6301","7.6101","","0.20%"
"02/10/2015","7.6101","7.6301","7.6301","7.6101","","-0.26%"
"02/09/2015","7.6301","7.6301","7.6301","7.6251","","0.00%"
"02/08/2015","7.6301","7.6301","7.6301","7.6251","","0.00%"
"02/07/2015","7.6301","7.6301","7.6301","7.6301","","0.00%"
"02/06/2015","7.6301","7.6301","7.6301","7.6301","","0.00%"
"02/05/2015","7.6301","7.6301","7.6301","7.6276","","0.07%"
"02/04/2015","7.6251","7.6301","7.6351","7.6251","","-0.07%"
"02/03/2015","7.6301","7.6301","7.6301","7.6251","","0.26%"
"02/02/2015","7.6101","7.6101","7.6301","7.6051","","0.07%"
"02/01/2015","7.6050","7.5901","7.6101","7.5850","","0.20%"
"01/31/2015","7.5901","7.5901","7.5901","7.5901","","0.00%"
"01/30/2015","7.5901","7.5901","7.5901","7.5901","","0.00%"
"01/29/2015","7.5901","7.4701","7.5951","7.4701","","1.61%"
"01/28/2015","7.4701","7.4401","7.4751","7.4401","","0.40%"
"01/27/2015","7.4401","7.4401","7.4401","7.4401","","0.00%"
"01/26/2015","7.4401","7.4001","7.4451","7.4001","","0.54%"
"01/25/2015","7.4001","7.4001","7.4001","7.4001","","0.00%"
"01/24/2015","7.4001","7.4001","7.4001","7.4001","","0.00%"
"01/23/2015","7.4001","7.4001","7.4001","7.4001","","0.00%"
"01/22/2015","7.4001","7.3501","7.4005","7.3501","","0.68%"
"01/21/2015","7.3501","7.3005","7.3501","7.3001","","0.68%"
"01/20/2015","7.3001","7.2501","7.3001","7.2501","","0.69%"
"01/19/2015","7.2501","7.2001","7.2501","7.2001","","0.69%"
"01/18/2015","7.2005","7.1501","7.2006","7.1501","","0.70%"
"01/17/2015","7.1501","7.1501","7.1501","7.1501","","0.00%"
"01/16/2015","7.1501","7.1501","7.1501","7.1501","","0.00%"
"01/15/2015","7.1501","7.1501","7.1501","7.1501","","0.00%"
"01/14/2015","7.1501","7.1501","7.1501","7.1501","","0.00%"
"01/13/2015","7.1501","7.1501","7.1501","7.1501","","0.00%"
"01/12/2015","7.1501","7.1501","7.1505","7.1496","","0.00%"
"01/11/2015","7.1501","7.1501","7.1501","7.1501","","0.00%"
"01/10/2015","7.1501","7.1501","7.1501","7.1501","","0.00%"
"01/09/2015","7.1501","7.1501","7.1501","7.1501","","0.00%"
"01/08/2015","7.1501","7.1501","7.1501","7.1501","","0.00%"
"01/07/2015","7.1501","7.1501","7.1501","7.1501","","0.00%"
"01/06/2015","7.1501","7.1501","7.1501","7.1501","","0.00%"
"01/05/2015","7.1501","7.1501","7.1501","7.1476","","0.00%"
"01/04/2015","7.1501","7.1501","7.1501","7.1501","","0.00%"
"01/03/2015","7.1501","7.1501","7.1501","7.1501","","0.00%"
"01/02/2015","7.1501","7.1501","7.1501","7.1501","","0.00%"
"01/01/2015","7.1501","7.1501","7.1501","7.1501","","0.00%"
"12/31/2014","7.1501","7.1501","7.1501","7.1501","","0.00%"
"12/30/2014","7.1501","7.1501","7.1501","7.1501","","0.00%"
"12/29/2014","7.1501","7.1501","7.1505","7.1496","","0.00%"
"12/28/2014","7.1501","7.1501","7.1501","7.1501","","0.00%"
"12/27/2014","7.1501","7.1501","7.1501","7.1501","","0.00%"
"12/26/2014","7.1501","7.1501","7.1501","7.1501","","0.00%"
"12/25/2014","7.1501","7.1501","7.1505","7.1496","","0.00%"
"12/24/2014","7.1501","7.1501","7.1501","7.1501","","0.00%"
"12/23/2014","7.1501","7.1501","7.1501","7.1501","","0.00%"
"12/22/2014","7.1501","7.1501","7.1505","7.1496","","0.00%"
"12/21/2014","7.1501","7.1501","7.1501","7.1501","","0.00%"
"12/20/2014","7.1501","7.1501","7.1501","7.1501","","0.00%"
"12/19/2014","7.1501","7.1501","7.1501","7.1501","","0.00%"
"12/18/2014","7.1501","7.1501","7.1501","7.1501","","0.00%"
"12/17/2014","7.1501","7.1501","7.1501","7.1501","","0.00%"
"12/16/2014","7.1501","7.1501","7.1501","7.1501","","0.00%"
"12/15/2014","7.1501","7.1501","7.1501","7.1501","","0.00%"
"12/14/2014","7.1501","7.1501","7.1501","7.1501","","0.00%"
"12/13/2014","7.1501","7.1501","7.1501","7.1501","","0.00%"
"12/12/2014","7.1501","7.1501","7.1501","7.1501","","0.00%"
"12/11/2014","7.1501","7.1501","7.1501","7.1501","","0.00%"
"12/10/2014","7.1501","7.1501","7.1501","7.1501","","0.00%"
"12/09/2014","7.1501","7.1501","7.1501","7.1501","","0.00%"
"12/08/2014","7.1501","7.1501","7.1501","7.1501","","0.00%"
"12/07/2014","7.1501","7.1501","7.1501","7.1501","","0.00%"
"12/06/2014","7.1501","7.1501","7.1501","7.1501","","0.00%"
"12/05/2014","7.1501","7.1501","7.1501","7.1501","","0.00%"
"12/04/2014","7.1501","7.1501","7.1501","7.1501","","0.00%"
"12/03/2014","7.1501","7.1501","7.1505","7.1496","","0.00%"
"12/02/2014","7.1501","7.1501","7.1501","7.1501","","0.00%"
"12/01/2014","7.1501","7.1501","7.1501","7.1501","","0.00%"
"11/30/2014","7.1501","7.1501","7.1505","7.1496","","0.00%"
"11/29/2014","7.1501","7.1501","7.1501","7.1501","","0.00%"
"11/28/2014","7.1501","7.1501","7.1501","7.1501","","0.00%"
"11/27/2014","7.1501","7.1501","7.1501","7.1501","","0.00%"
"11/26/2014","7.1501","7.1501","7.1501","7.1501","","0.00%"
"11/25/2014","7.1501","7.1501","7.1501","7.1501","","0.00%"
"11/24/2014","7.1501","7.1501","7.1501","7.1501","","0.00%"
"11/23/2014","7.1501","7.1501","7.1501","7.1501","","0.00%"
"11/22/2014","7.1501","7.1501","7.1501","7.1501","","0.00%"
"11/21/2014","7.1501","7.1501","7.1501","7.1501","","0.00%"
"11/20/2014","7.1501","7.1501","7.1501","7.1501","","0.00%"
"11/19/2014","7.1501","7.1501","7.1501","7.1501","","0.00%"
"11/18/2014","7.1501","7.1501","7.1501","7.1501","","0.00%"
"11/17/2014","7.1501","7.1501","7.1501","7.1501","","0.00%"
"11/16/2014","7.1501","7.1501","7.1501","7.1501","","0.00%"
"11/15/2014","7.1501","7.1501","7.1501","7.1501","","0.00%"
"11/14/2014","7.1501","7.1501","7.1501","7.1501","","0.00%"
"11/13/2014","7.1501","7.1501","7.1501","7.1501","","0.00%"
"11/12/2014","7.1501","7.1501","7.1501","7.1501","","0.00%"
"11/11/2014","7.1501","7.1501","7.1501","7.1501","","0.00%"
"11/10/2014","7.1501","7.1501","7.1501","7.1501","","0.00%"
"11/09/2014","7.1501","7.1501","7.1501","7.1501","","0.00%"
"11/08/2014","7.1501","7.1501","7.1501","7.1501","","0.00%"
"11/07/2014","7.1501","7.1501","7.1501","7.1501","","0.00%"
"11/06/2014","7.1501","7.1501","7.1501","7.1501","","0.00%"
"11/05/2014","7.1501","7.1501","7.1501","7.1501","","0.00%"
"11/04/2014","7.1501","7.1501","7.1501","7.1501","","0.00%"
"11/03/2014","7.1501","7.1501","7.1501","7.1501","","0.00%"
"11/02/2014","7.1501","7.1501","7.1501","7.1501","","0.00%"
"11/01/2014","7.1501","7.1501","7.1501","7.1501","","0.00%"
"10/31/2014","7.1501","7.1501","7.1501","7.1501","","0.00%"
"10/30/2014","7.1501","7.1501","7.1501","7.1501","","0.00%"
"10/29/2014","7.1501","7.1501","7.1501","7.1501","","0.00%"
"10/28/2014","7.1501","7.1501","7.1501","7.1501","","0.00%"
"10/27/2014","7.1501","7.1501","7.1501","7.1501","","0.00%"
"10/26/2014","7.1501","7.1501","7.1505","7.1496","","0.00%"
"10/25/2014","7.1501","7.1501","7.1501","7.1501","","0.00%"
"10/24/2014","7.1501","7.1501","7.1501","7.1501","","0.00%"
"10/23/2014","7.1501","7.1501","7.1501","7.1501","","0.00%"
"10/22/2014","7.1501","7.1501","7.1501","7.1501","","0.00%"
"10/21/2014","7.1501","7.1501","7.1501","7.1501","","0.00%"
"10/20/2014","7.1501","7.1501","7.1505","7.1496","","0.00%"
"10/19/2014","7.1501","7.1501","7.1501","7.1501","","0.00%"
"10/18/2014","7.1501","7.1501","7.1501","7.1501","","0.00%"
"10/17/2014","7.1501","7.1501","7.1501","7.1501","","0.00%"
"10/16/2014","7.1501","7.1501","7.1505","7.1496","","0.00%"
"10/15/2014","7.1501","7.1501","7.1501","7.1501","","0.00%"
"10/14/2014","7.1501","7.1501","7.1501","7.1501","","0.00%"
"10/13/2014","7.1501","7.1501","7.1501","7.1501","","0.00%"
"10/12/2014","7.1501","7.1501","7.1501","7.1501","","0.00%"
"10/11/2014","7.1501","7.1501","7.1501","7.1501","","0.00%"
"10/10/2014","7.1501","7.1501","7.1501","7.1501","","0.00%"
"10/09/2014","7.1501","7.1501","7.1501","7.1501","","0.00%"
"10/08/2014","7.1501","7.1501","7.1501","7.1501","","0.00%"
"10/07/2014","7.1501","7.1501","7.1501","7.1501","","0.00%"
"10/06/2014","7.1501","7.1501","7.1501","7.1501","","0.00%"
"10/05/2014","7.1501","7.1501","7.1501","7.1501","","0.00%"
"10/04/2014","7.1501","7.1501","7.1501","7.1501","","0.00%"
"10/03/2014","7.1501","7.1501","7.1501","7.1501","","0.00%"
"10/02/2014","7.1501","7.1501","7.1501","7.1501","","0.00%"
"10/01/2014","7.1501","7.1501","7.1501","7.1501","","0.00%"
"09/30/2014","7.1501","7.1501","7.1501","7.1501","","0.00%"
"09/29/2014","7.1501","7.1501","7.1501","7.1501","","0.00%"
"09/28/2014","7.1501","7.1501","7.1501","7.1501","","0.00%"
"09/27/2014","7.1501","7.1501","7.1501","7.1501","","0.00%"
"09/26/2014","7.1501","7.1501","7.1501","7.1501","","0.00%"
"09/25/2014","7.1501","7.1501","7.1501","7.1501","","0.00%"
"09/24/2014","7.1501","7.1501","7.1501","7.1476","","0.00%"
"09/23/2014","7.1501","7.1501","7.1551","7.1501","","0.00%"
"09/22/2014","7.1501","7.1501","7.1501","7.1501","","0.00%"
"09/21/2014","7.1501","7.1501","7.1501","7.1501","","0.00%"
"09/20/2014","7.1501","7.1501","7.1501","7.1501","","0.00%"
"09/19/2014","7.1501","7.1501","7.1501","7.1501","","0.00%"
"09/18/2014","7.1501","7.1501","7.1501","7.1501","","0.00%"
"09/17/2014","7.1501","7.1501","7.1501","7.1501","","0.00%"
"09/16/2014","7.1501","7.1501","7.1501","7.1501","","0.00%"
"09/15/2014","7.1501","7.1501","7.1501","7.1501","","0.00%"
"09/14/2014","7.1501","7.1501","7.1501","7.1501","","0.00%"
"09/13/2014","7.1501","7.1501","7.1501","7.1501","","0.00%"
"09/12/2014","7.1501","7.1501","7.1501","7.1501","","0.00%"
"09/11/2014","7.1501","7.1501","7.1501","7.1501","","0.00%"
"09/10/2014","7.1501","7.1501","7.1501","7.1501","","0.00%"
"09/09/2014","7.1501","7.1501","7.1501","7.1496","","0.00%"
"09/08/2014","7.1501","7.1501","7.1501","7.1501","","0.00%"
"09/07/2014","7.1501","7.1501","7.1501","7.1501","","0.00%"
"09/06/2014","7.1501","7.1501","7.1501","7.1501","","0.00%"
"09/05/2014","7.1501","7.1501","7.1501","7.1501","","0.00%"
"09/04/2014","7.1501","7.1501","7.1501","7.1501","","0.00%"
"09/03/2014","7.1501","7.1501","7.1501","7.1501","","0.00%"
"09/02/2014","7.1501","7.1501","7.1502","7.1501","","0.00%"
"09/01/2014","7.1501","7.1501","7.1501","7.1501","","0.00%"
"08/31/2014","7.1501","7.1501","7.1501","7.1501","","0.00%"
"08/30/2014","7.1501","7.1501","7.1501","7.1501","","0.00%"
"08/29/2014","7.1501","7.1501","7.1501","7.1501","","0.00%"
"08/28/2014","7.1501","7.1501","7.1501","7.1501","","0.00%"
"08/27/2014","7.1501","7.1501","7.1501","7.1501","","0.00%"
"08/26/2014","7.1501","7.1501","7.1501","7.1501","","0.00%"
"08/25/2014","7.1501","7.1501","7.1501","7.1501","","0.00%"
"08/24/2014","7.1501","7.1501","7.1501","7.1501","","0.00%"
"08/23/2014","7.1501","7.1501","7.1501","7.1501","","0.00%"
"08/22/2014","7.1501","7.1501","7.1501","7.1501","","0.00%"
"08/21/2014","7.1501","7.1501","7.1501","7.1501","","0.00%"
"08/20/2014","7.1501","7.1501","7.1501","7.1501","","0.00%"
"08/19/2014","7.1501","7.1501","7.1551","7.1501","","0.00%"
"08/18/2014","7.1501","7.1501","7.1501","7.1501","","0.00%"
"08/17/2014","7.1501","7.1501","7.1501","7.1501","","0.00%"
"08/16/2014","7.1501","7.1501","7.1501","7.1501","","0.00%"
"08/15/2014","7.1501","7.1501","7.1501","7.1501","","0.00%"
"08/14/2014","7.1501","7.1501","7.1501","7.1501","","0.00%"
"08/13/2014","7.1501","7.1501","7.1501","7.1501","","0.00%"
"08/12/2014","7.1501","7.1501","7.1501","7.1501","","0.00%"
"08/11/2014","7.1501","7.1501","7.1501","7.1476","","0.00%"
"08/10/2014","7.1501","7.1501","7.1501","7.1476","","0.00%"
"08/09/2014","7.1501","7.1501","7.1501","7.1501","","0.00%"
"08/08/2014","7.1501","7.1501","7.1501","7.1501","","0.00%"
"08/07/2014","7.1501","7.1501","7.1501","7.1501","","0.00%"
"08/06/2014","7.1501","7.1501","7.1501","7.1476","","0.00%"
"08/05/2014","7.1501","7.1501","7.1501","7.1501","","0.00%"
"08/04/2014","7.1501","7.1501","7.1501","7.1501","","0.00%"
"08/03/2014","7.1501","7.1501","7.1501","7.1501","","0.00%"
"08/02/2014","7.1501","7.1501","7.1501","7.1501","","0.00%"
"08/01/2014","7.1501","7.1501","7.1501","7.1501","","0.00%"
"07/31/2014","7.1501","7.1501","7.1501","7.1500","","0.00%"
"07/30/2014","7.1501","7.1501","7.1501","7.1501","","0.00%"
"07/29/2014","7.1501","7.1501","7.1501","7.1501","","0.00%"
"07/28/2014","7.1501","7.1501","7.1501","7.1501","","0.00%"
"07/27/2014","7.1501","7.1501","7.1501","7.1501","","0.00%"
"07/26/2014","7.1501","7.1501","7.1501","7.1501","","0.00%"
"07/25/2014","7.1501","7.1501","7.1501","7.1501","","0.00%"
"07/24/2014","7.1501","7.1501","7.1501","7.1501","","0.00%"
"07/23/2014","7.1501","7.1501","7.1501","7.1501","","0.00%"
"07/22/2014","7.1501","7.1501","7.1501","7.1501","","0.00%"
"07/21/2014","7.1502","7.1501","7.1502","7.1501","","0.00%"
"07/20/2014","7.1501","7.1501","7.1501","7.1501","","0.00%"
"07/19/2014","7.1501","7.1501","7.1501","7.1501","","0.00%"
"07/18/2014","7.1501","7.1501","7.1501","7.1501","","0.00%"
"07/17/2014","7.1501","7.1501","7.1501","7.1476","","0.00%"
"07/16/2014","7.1501","7.1501","7.1501","7.1501","","0.00%"
"07/15/2014","7.1501","7.1501","7.1501","7.1476","","0.00%"
"07/14/2014","7.1501","7.1501","7.1501","7.1501","","0.00%"
"07/13/2014","7.1501","7.1501","7.1501","7.1500","","0.00%"
"07/12/2014","7.1501","7.1501","7.1501","7.1501","","0.00%"
"07/11/2014","7.1501","7.1501","7.1501","7.1501","","0.00%"
"07/10/2014","7.1501","7.1501","7.1501","7.1472","","0.00%"
"07/09/2014","7.1501","7.1501","7.1501","7.1501","","0.00%"
"07/08/2014","7.1501","7.1501","7.1501","7.1500","","0.00%"
"07/07/2014","7.1501","7.1501","7.1501","7.1501","","0.00%"
"07/06/2014","7.1501","7.1501","7.1501","7.1501","","0.00%"
"07/05/2014","7.1501","7.1501","7.1501","7.1501","","0.00%"
"07/04/2014","7.1501","7.1501","7.1501","7.1501","","0.00%"
"07/03/2014","7.1501","7.1501","7.1501","7.1501","","0.00%"
"07/02/2014","7.1501","7.1501","7.1501","7.1501","","0.00%"
"07/01/2014","7.1501","7.1501","7.1501","7.1501","","0.00%"
"06/30/2014","7.1501","7.1501","7.1501","7.1501","","0.00%"
"06/29/2014","7.1501","7.1501","7.1501","7.1501","","0.00%"
"06/28/2014","7.1501","7.1501","7.1501","7.1501","","0.00%"
"06/27/2014","7.1501","7.1501","7.1501","7.1501","","0.00%"
"06/26/2014","7.1501","7.1501","7.1501","7.1501","","0.00%"
"06/25/2014","7.1501","7.1501","7.1501","7.1501","","0.00%"
"06/24/2014","7.1501","7.1501","7.1501","7.1501","","0.00%"
"06/23/2014","7.1501","7.1501","7.1503","7.1501","","0.00%"
"06/22/2014","7.1501","7.1501","7.1503","7.1501","","0.00%"
"06/21/2014","7.1501","7.1501","7.1501","7.1501","","0.00%"
"06/20/2014","7.1501","7.1501","7.1501","7.1501","","0.00%"
"06/19/2014","7.1501","7.1501","7.1501","7.1501","","0.00%"
"06/18/2014","7.1501","7.1501","7.1503","7.1501","","0.00%"
"06/17/2014","7.1501","7.1501","7.1503","7.1496","","0.00%"
"06/16/2014","7.1501","7.1502","7.1503","7.1496","","0.00%"
"06/15/2014","7.1502","7.1502","7.1503","7.1502","","0.00%"
"06/14/2014","7.1502","7.1502","7.1502","7.1502","","0.00%"
"06/13/2014","7.1502","7.1502","7.1502","7.1502","","0.00%"
"06/12/2014","7.1502","7.1502","7.1503","7.1502","","0.00%"
"06/11/2014","7.1502","7.1502","7.1503","7.1502","","0.00%"
"06/10/2014","7.1502","7.1502","7.1504","7.1497","","0.00%"
"06/09/2014","7.1502","7.1503","7.1503","7.1497","","0.00%"
"06/08/2014","7.1503","7.1503","7.1503","7.1503","","0.00%"
"06/07/2014","7.1503","7.1503","7.1503","7.1503","","0.00%"
"06/06/2014","7.1503","7.1503","7.1503","7.1503","","0.00%"
"06/05/2014","7.1503","7.1503","7.1503","7.1498","","0.00%"
"06/04/2014","7.1503","7.1504","7.1504","7.1498","","0.00%"
"06/03/2014","7.1504","7.1504","7.1504","7.1504","","0.14%"
"06/02/2014","7.1404","7.1504","7.1504","7.1404","","-0.14%"
"06/01/2014","7.1504","7.1504","7.1504","7.1503","","0.00%"
"05/31/2014","7.1504","7.1504","7.1504","7.1504","","0.00%"
"05/30/2014","7.1504","7.1504","7.1504","7.1504","","0.00%"
"05/29/2014","7.1504","7.1503","7.1504","7.1452","","0.00%"
"05/28/2014","7.1503","7.1452","7.1503","7.1326","","0.07%"
"05/27/2014","7.1452","7.1452","7.1452","7.1452","","0.00%"
"05/26/2014","7.1452","7.1326","7.1452","7.1250","","0.18%"
"05/25/2014","7.1326","7.1326","7.1326","7.1326","","0.00%"
"05/24/2014","7.1326","7.1326","7.1326","7.1326","","0.00%"
"05/23/2014","7.1326","7.1326","7.1326","7.1326","","0.00%"
"05/22/2014","7.1326","7.1250","7.1326","7.1147","","0.11%"
"05/21/2014","7.1250","7.1168","7.1400","7.1168","","0.12%"
"05/20/2014","7.1168","7.1168","7.1168","7.1126","","0.00%"
"05/19/2014","7.1168","7.1126","7.1168","7.1126","","0.06%"
"05/18/2014","7.1126","7.1126","7.1126","7.1050","","0.00%"
"05/17/2014","7.1126","7.1126","7.1126","7.1126","","0.00%"
"05/16/2014","7.1126","7.1126","7.1126","7.1126","","0.00%"
"05/15/2014","7.1126","7.1050","7.1126","7.1045","","0.11%"
"05/14/2014","7.1050","7.0551","7.1050","7.0551","","0.71%"
"05/13/2014","7.0551","7.0551","7.0551","7.0551","","0.00%"
"05/12/2014","7.0551","7.0450","7.0551","7.0450","","0.14%"
"05/11/2014","7.0450","7.0450","7.0450","7.0450","","0.00%"
"05/10/2014","7.0450","7.0450","7.0450","7.0450","","0.00%"
"05/09/2014","7.0450","7.0450","7.0450","7.0450","","0.00%"
"05/08/2014","7.0450","7.0302","7.0475","7.0276","","0.21%"
"05/07/2014","7.0302","7.0150","7.0302","7.0126","","0.22%"
"05/06/2014","7.0150","7.0150","7.0150","7.0076","","0.00%"
"05/05/2014","7.0150","7.0076","7.0200","7.0076","","0.11%"
"05/04/2014","7.0076","7.0076","7.0076","7.0000","","0.00%"
"05/03/2014","7.0076","7.0076","7.0076","7.0076","","0.00%"
"05/02/2014","7.0076","7.0076","7.0076","7.0076","","0.00%"
"05/01/2014","7.0076","7.0076","7.0076","7.0076","","0.00%"
"04/30/2014","7.0076","7.0000","7.0189","6.9995","","0.11%"
"04/29/2014","7.0000","7.0000","7.0000","6.9953","","0.00%"
"04/28/2014","7.0000","6.9953","7.0050","6.9900","","0.07%"
"04/27/2014","6.9953","6.9953","6.9953","6.9902","","0.00%"
"04/26/2014","6.9953","6.9953","6.9953","6.9953","","0.00%"
"04/25/2014","6.9953","6.9953","6.9953","6.9953","","0.00%"
"04/24/2014","6.9953","6.9953","6.9953","6.9953","","0.00%"
"04/23/2014","6.9953","6.9902","7.0077","6.9902","","0.07%"
"04/22/2014","6.9901","6.9902","6.9902","6.9901","","0.00%"
"04/21/2014","6.9902","6.9902","6.9902","6.9902","","0.00%"
"04/20/2014","6.9902","6.9902","6.9902","6.9902","","0.00%"
"04/19/2014","6.9902","6.9902","6.9902","6.9902","","0.00%"
"04/18/2014","6.9902","6.9902","6.9902","6.9902","","0.00%"
"04/17/2014","6.9902","6.9850","6.9926","6.9802","","0.07%"
"04/16/2014","6.9850","6.9802","6.9900","6.9724","","0.07%"
"04/15/2014","6.9802","6.9802","6.9802","6.9801","","0.00%"
"04/14/2014","6.9802","6.9751","6.9802","6.9751","","0.07%"
"04/13/2014","6.9751","6.9751","6.9752","6.9751","","0.00%"
"04/12/2014","6.9751","6.9751","6.9751","6.9751","","0.00%"
"04/11/2014","6.9751","6.9751","6.9751","6.9751","","0.00%"
"04/10/2014","6.9751","6.9752","6.9752","6.9745","","0.00%"
"04/09/2014","6.9751","6.9749","6.9752","6.9746","","0.00%"
"04/08/2014","6.9749","6.9749","6.9750","6.9749","","0.00%"
"04/07/2014","6.9749","6.9751","6.9751","6.9725","","0.00%"
"04/06/2014","6.9751","6.9751","6.9751","6.9724","","0.04%"
"04/05/2014","6.9724","6.9724","6.9724","6.9724","","0.00%"
"04/04/2014","6.9724","6.9724","6.9724","6.9724","","0.00%"
"04/03/2014","6.9724","6.9724","6.9751","6.9675","","0.00%"
"04/02/2014","6.9724","6.9675","6.9824","6.9662","","0.07%"
"04/01/2014","6.9673","6.9675","6.9676","6.9673","","0.00%"
"03/31/2014","6.9675","6.9676","6.9676","6.9670","","0.00%"
"03/30/2014","6.9676","6.9676","6.9676","6.9676","","0.00%"
"03/29/2014","6.9676","6.9676","6.9676","6.9676","","0.00%"
"03/28/2014","6.9676","6.9676","6.9676","6.9676","","0.00%"
"03/27/2014","6.9676","6.9625","6.9676","6.9601","","0.07%"
"03/26/2014","6.9625","6.9601","6.9625","6.9601","","0.03%"
"03/25/2014","6.9601","6.9601","6.9601","6.9601","","0.00%"
"03/24/2014","6.9601","6.9601","6.9603","6.9601","","0.00%"
"03/23/2014","6.9601","6.9603","6.9603","6.9601","","0.00%"
"03/22/2014","6.9601","6.9601","6.9601","6.9601","","0.00%"
"03/21/2014","6.9601","6.9601","6.9601","6.9601","","0.00%"
"03/20/2014","6.9601","6.9602","6.9603","6.9596","","0.00%"
"03/19/2014","6.9602","6.9603","6.9604","6.9597","","0.00%"
"03/18/2014","6.9603","6.9603","6.9603","6.9603","","0.00%"
"03/17/2014","6.9603","6.9603","6.9604","6.9603","","0.00%"
"03/16/2014","6.9603","6.9604","6.9754","6.9602","","0.00%"
"03/15/2014","6.9603","6.9603","6.9603","6.9603","","0.00%"
"03/14/2014","6.9603","6.9603","6.9603","6.9603","","0.00%"
"03/13/2014","6.9603","6.9604","6.9754","6.9598","","0.00%"
"03/12/2014","6.9604","6.9604","6.9605","6.9604","","0.00%"
"03/11/2014","6.9604","6.9504","6.9604","6.9504","","0.00%"
"03/10/2014","6.9604","6.9604","6.9610","6.9604","","0.00%"
"03/09/2014","6.9604","6.9604","6.9605","6.9604","","0.00%"
"03/08/2014","6.9604","6.9604","6.9604","6.9604","","0.00%"
"03/07/2014","6.9604","6.9604","6.9604","6.9604","","0.00%"
"03/06/2014","6.9604","6.9605","6.9606","6.9599","","0.00%"
"03/05/2014","6.9605","6.9606","6.9691","6.9600","","0.00%"
"03/04/2014","6.9606","6.9606","6.9607","6.9506","","0.00%"
"03/03/2014","6.9606","6.9607","6.9691","6.9601","","-0.12%"
"03/02/2014","6.9691","6.9607","6.9691","6.9607","","0.12%"
"03/01/2014","6.9607","6.9607","6.9607","6.9607","","0.00%"
"02/28/2014","6.9607","6.9607","6.9607","6.9607","","0.00%"
"02/27/2014","6.9607","6.9608","6.9691","6.9602","","0.00%"
"02/26/2014","6.9608","6.9609","6.9691","6.9608","","0.00%"
"02/25/2014","6.9611","6.9609","6.9691","6.9609","","0.00%"
"02/24/2014","6.9609","6.9611","6.9691","6.9604","","0.00%"
"02/23/2014","6.9611","6.9611","6.9691","6.9611","","0.00%"
"02/22/2014","6.9611","6.9611","6.9611","6.9611","","0.00%"
"02/21/2014","6.9611","6.9611","6.9611","6.9611","","0.00%"
"02/20/2014","6.9611","6.9612","6.9691","6.9606","","0.00%"
"02/19/2014","6.9612","6.9612","6.9691","6.9611","","0.00%"
"02/18/2014","6.9612","6.9612","6.9691","6.9612","","0.00%"
"02/17/2014","6.9612","6.9613","6.9691","6.9607","","0.00%"
"02/16/2014","6.9613","6.9613","6.9691","6.9613","","0.00%"
"02/15/2014","6.9613","6.9613","6.9613","6.9613","","0.00%"
"02/14/2014","6.9613","6.9613","6.9613","6.9613","","0.00%"
"02/13/2014","6.9613","6.9613","6.9691","6.9613","","0.00%"
"02/12/2014","6.9613","6.9614","6.9691","6.9608","","0.00%"
"02/11/2014","6.9614","6.9614","6.9614","6.9614","","0.00%"
"02/10/2014","6.9614","6.9615","6.9691","6.9609","","0.00%"
"02/09/2014","6.9615","6.9615","6.9691","6.9615","","0.00%"
"02/08/2014","6.9615","6.9615","6.9615","6.9615","","0.00%"
"02/07/2014","6.9615","6.9615","6.9615","6.9615","","0.00%"
"02/06/2014","6.9615","6.9616","6.9691","6.9610","","0.00%"
"02/05/2014","6.9616","6.9617","6.9691","6.9608","","0.00%"
"02/04/2014","6.9616","6.9615","6.9691","6.9615","","0.01%"
"02/03/2014","6.9609","6.9617","6.9691","6.9608","","-0.01%"
"02/02/2014","6.9617","6.9617","6.9691","6.9607","","0.00%"
"02/01/2014","6.9617","6.9617","6.9617","6.9617","","0.00%"
"01/31/2014","6.9617","6.9617","6.9617","6.9617","","0.00%"
"01/30/2014","6.9617","6.9617","6.9691","6.9617","","0.00%"
"01/29/2014","6.9617","6.9618","6.9691","6.9607","","0.00%"
"01/28/2014","6.9618","6.9618","6.9691","6.9608","","0.00%"
"01/27/2014","6.9618","6.9620","6.9691","6.9618","","0.00%"
"01/26/2014","6.9620","6.9620","6.9705","6.9615","","0.00%"
"01/25/2014","6.9620","6.9620","6.9620","6.9620","","0.00%"
"01/24/2014","6.9620","6.9620","6.9620","6.9620","","0.00%"
"01/23/2014","6.9620","6.9620","6.9691","6.9610","","0.01%"
"01/22/2014","6.9610","6.9621","6.9691","6.9610","","-0.02%"
"01/21/2014","6.9621","6.9621","6.9691","6.9621","","0.00%"
"01/20/2014","6.9621","6.9622","6.9691","6.9611","","0.00%"
"01/19/2014","6.9622","6.9622","6.9691","6.9622","","0.00%"
"01/18/2014","6.9622","6.9622","6.9622","6.9622","","0.00%"
"01/17/2014","6.9622","6.9622","6.9622","6.9622","","0.00%"
"01/16/2014","6.9622","6.9622","6.9691","6.9561","","0.00%"
"01/15/2014","6.9622","6.9624","6.9691","6.9522","","0.00%"
"01/14/2014","6.9624","6.9624","6.9691","6.9624","","0.09%"
"01/13/2014","6.9562","6.9562","6.9562","6.9562","","0.00%"
"01/12/2014","6.9562","6.9624","6.9691","6.9562","","-0.09%"
"01/11/2014","6.9624","6.9624","6.9624","6.9624","","0.00%"
"01/10/2014","6.9624","6.9624","6.9624","6.9624","","0.00%"
"01/09/2014","6.9624","6.9625","6.9691","6.9614","","0.09%"
"01/08/2014","6.9563","6.9576","6.9675","6.9486","","-0.02%"
"01/07/2014","6.9576","6.9576","6.9576","6.9576","","0.00%"
"01/06/2014","6.9576","6.9578","6.9578","6.9566","","0.00%"
"01/05/2014","6.9578","6.9578","6.9578","6.9578","","0.00%"
"01/04/2014","6.9578","6.9578","6.9578","6.9578","","0.00%"
"01/03/2014","6.9578","6.9578","6.9578","6.9578","","0.00%"
"01/02/2014","6.9578","6.9486","6.9682","6.9486","","0.13%"
"01/01/2014","6.9486","6.9486","6.9486","6.9486","","0.00%"
"12/31/2013","6.9486","6.9486","6.9486","6.9486","","0.14%"
"12/30/2013","6.9386","6.9382","6.9584","6.9334","","0.01%"
"12/29/2013","6.9382","6.9382","6.9382","6.9382","","0.00%"
"12/28/2013","6.9382","6.9382","6.9382","6.9382","","0.00%"
"12/27/2013","6.9382","6.9382","6.9382","6.9382","","0.00%"
"12/26/2013","6.9382","6.9279","6.9481","6.9231","","0.21%"
"12/25/2013","6.9234","6.9175","6.9377","6.9173","","0.09%"
"12/24/2013","6.9175","6.9175","6.9175","6.9173","","0.14%"
"12/23/2013","6.9075","6.9072","6.9175","6.8902","","0.15%"
"12/22/2013","6.8972","6.9072","6.9072","6.8887","","-0.14%"
"12/21/2013","6.9072","6.9072","6.9072","6.9072","","0.00%"
"12/20/2013","6.9072","6.9072","6.9072","6.9072","","0.00%"
"12/19/2013","6.9072","6.8969","6.9170","6.8959","","0.15%"
"12/18/2013","6.8969","6.8867","6.9068","6.8867","","0.15%"
"12/17/2013","6.8867","6.8867","6.8867","6.8857","","0.00%"
"12/16/2013","6.8867","6.8868","6.8868","6.8834","","0.00%"
"12/15/2013","6.8868","6.8868","6.8869","6.8858","","0.00%"
"12/14/2013","6.8868","6.8868","6.8868","6.8868","","0.00%"
"12/13/2013","6.8868","6.8868","6.8868","6.8868","","0.00%"
"12/12/2013","6.8868","6.8869","6.8870","6.8834","","0.00%"
"12/11/2013","6.8869","6.8870","6.8870","6.8835","","0.00%"
"12/10/2013","6.8870","6.8870","6.8871","6.8835","","0.00%"
"12/09/2013","6.8870","6.8871","6.8872","6.8835","","0.00%"
"12/08/2013","6.8871","6.8871","6.8871","6.8861","","0.00%"
"12/07/2013","6.8871","6.8871","6.8871","6.8871","","0.00%"
"12/06/2013","6.8871","6.8871","6.8871","6.8871","","0.00%"
"12/05/2013","6.8871","6.8872","6.8873","6.8836","","0.00%"
"12/04/2013","6.8872","6.8873","6.8875","6.8773","","0.00%"
"12/03/2013","6.8873","6.8873","6.8874","6.8863","","0.00%"
"12/02/2013","6.8873","6.8874","6.8875","6.8837","","0.00%"
"12/01/2013","6.8874","6.8874","6.8874","6.8874","","0.05%"
"11/30/2013","6.8837","6.8837","6.8837","6.8837","","0.00%"
"11/29/2013","6.8837","6.8837","6.8837","6.8837","","0.00%"
"11/28/2013","6.8837","6.8875","6.8876","6.8837","","-0.06%"
"11/27/2013","6.8875","6.8876","6.8916","6.8838","","0.00%"
"11/26/2013","6.8876","6.8876","6.8876","6.8876","","0.00%"
"11/25/2013","6.8876","6.8878","6.8878","6.8838","","0.00%"
"11/24/2013","6.8878","6.8878","6.8878","6.8878","","0.00%"
"11/23/2013","6.8878","6.8878","6.8878","6.8878","","0.00%"
"11/22/2013","6.8878","6.8878","6.8878","6.8878","","0.00%"
"11/21/2013","6.8878","6.8881","6.8881","6.8839","","0.01%"
"11/20/2013","6.8871","6.8882","6.8882","6.8841","","-0.02%"
"11/19/2013","6.8882","6.8882","6.8882","6.8882","","0.01%"
"11/18/2013","6.8876","6.8884","6.8884","6.8872","","-0.01%"
"11/17/2013","6.8884","6.8884","6.8884","6.8874","","0.00%"
"11/16/2013","6.8884","6.8884","6.8884","6.8884","","0.00%"
"11/15/2013","6.8884","6.8884","6.8884","6.8884","","0.00%"
"11/14/2013","6.8884","6.8885","6.8887","6.8874","","0.00%"
"11/13/2013","6.8885","6.8886","6.8887","6.8875","","0.00%"
"11/12/2013","6.8886","6.8886","6.8887","6.8876","","0.00%"
"11/11/2013","6.8886","6.8887","6.8887","6.8878","","0.00%"
"11/10/2013","6.8887","6.8887","6.8887","6.8887","","0.00%"
"11/09/2013","6.8887","6.8887","6.8887","6.8887","","0.00%"
"11/08/2013","6.8887","6.8887","6.8887","6.8887","","0.00%"
"11/07/2013","6.8887","6.8889","6.8889","6.8877","","0.00%"
"11/06/2013","6.8889","6.8891","6.8891","6.8879","","0.00%"
"11/05/2013","6.8891","6.8891","6.8891","6.8891","","0.00%"
"11/04/2013","6.8891","6.8893","6.8893","6.8881","","0.00%"
"11/03/2013","6.8893","6.8893","6.8893","6.8893","","0.01%"
"11/02/2013","6.8883","6.8883","6.8883","6.8883","","0.00%"
"11/01/2013","6.8883","6.8883","6.8883","6.8883","","0.00%"
"10/31/2013","6.8883","6.8894","6.8894","6.8882","","0.00%"
"10/30/2013","6.8882","6.8896","6.8897","6.8882","","-0.02%"
"10/29/2013","6.8896","6.8896","6.8897","6.8896","","0.00%"
"10/28/2013","6.8896","6.8897","6.8897","6.8883","","0.00%"
"10/27/2013","6.8897","6.8897","6.8897","6.8897","","0.00%"
"10/26/2013","6.8897","6.8897","6.8897","6.8897","","0.00%"
"10/25/2013","6.8897","6.8897","6.8897","6.8897","","0.00%"
"10/24/2013","6.8897","6.8900","6.8948","6.8884","","0.00%"
"10/23/2013","6.8898","6.8900","6.8901","6.8884","","0.00%"
"10/22/2013","6.8900","6.8900","6.8900","6.8900","","0.00%"
"10/21/2013","6.8900","6.8902","6.8902","6.8890","","0.00%"
"10/20/2013","6.8902","6.8902","6.8902","6.8902","","0.00%"
"10/19/2013","6.8902","6.8902","6.8902","6.8902","","0.00%"
"10/18/2013","6.8902","6.8902","6.8902","6.8902","","0.00%"
"10/17/2013","6.8902","6.8902","6.8902","6.8902","","0.00%"
"10/16/2013","6.8902","6.8902","6.8902","6.8902","","0.00%"
"10/15/2013","6.8902","6.8902","6.8902","6.8902","","0.00%"
"10/14/2013","6.8902","6.8902","6.8902","6.8902","","0.00%"
"10/13/2013","6.8902","6.8902","6.8918","6.8902","","0.00%"
"10/12/2013","6.8902","6.8902","6.8902","6.8902","","0.00%"
"10/11/2013","6.8902","6.8902","6.8902","6.8902","","0.00%"
"10/10/2013","6.8902","6.8904","6.8942","6.8892","","0.00%"
"10/09/2013","6.8904","6.8906","6.8909","6.8902","","0.00%"
"10/08/2013","6.8906","6.8906","6.8909","6.8906","","0.00%"
"10/07/2013","6.8906","6.8909","6.8925","6.8896","","0.00%"
"10/06/2013","6.8909","6.8909","6.8909","6.8909","","0.00%"
"10/05/2013","6.8909","6.8909","6.8909","6.8909","","0.00%"
"10/04/2013","6.8909","6.8909","6.8909","6.8909","","0.00%"
"10/03/2013","6.8909","6.8913","6.8916","6.8896","","-0.01%"
"10/02/2013","6.8913","6.8916","6.8925","6.8903","","0.00%"
"10/01/2013","6.8916","6.8916","6.8928","6.8915","","0.00%"
"09/30/2013","6.8916","6.8918","6.8918","6.8906","","0.00%"
"09/29/2013","6.8918","6.8918","6.8918","6.8917","","0.00%"
"09/28/2013","6.8918","6.8918","6.8918","6.8918","","0.00%"
"09/27/2013","6.8918","6.8918","6.8918","6.8918","","0.00%"
"09/26/2013","6.8918","6.8921","6.8925","6.8908","","0.00%"
"09/25/2013","6.8921","6.8925","6.8930","6.8823","","-0.01%"
"09/24/2013","6.8925","6.8925","6.8925","6.8924","","0.00%"
"09/23/2013","6.8928","6.8928","6.8955","6.8915","","0.00%"
"09/22/2013","6.8928","6.8928","6.8928","6.8928","","0.00%"
"09/21/2013","6.8928","6.8928","6.8928","6.8928","","0.00%"
"09/20/2013","6.8928","6.8928","6.8928","6.8928","","0.00%"
"09/19/2013","6.8928","6.8931","6.8931","6.8918","","-0.01%"
"09/18/2013","6.8933","6.8936","6.8936","6.8921","","0.00%"
"09/17/2013","6.8936","6.8936","6.8942","6.8935","","0.00%"
"09/16/2013","6.8936","6.8942","6.8942","6.8926","","-0.01%"
"09/15/2013","6.8942","6.8942","6.8942","6.8941","","0.00%"
"09/14/2013","6.8942","6.8942","6.8942","6.8942","","0.00%"
"09/13/2013","6.8942","6.8942","6.8942","6.8942","","0.00%"
"09/12/2013","6.8942","6.8937","6.8953","6.8931","","-0.02%"
"09/11/2013","6.8953","6.8955","6.8955","6.8937","","0.00%"
"09/10/2013","6.8955","6.8955","6.8955","6.8940","","0.00%"
"09/09/2013","6.8953","6.9052","6.9052","6.8940","","-0.14%"
"09/08/2013","6.9052","6.9052","6.9052","6.9039","","0.00%"
"09/07/2013","6.9052","6.9052","6.9052","6.9052","","0.00%"
"09/06/2013","6.9052","6.9052","6.9052","6.9052","","0.00%"
"09/05/2013","6.9052","6.9052","6.9052","6.9039","","0.00%"
"09/04/2013","6.9052","6.9852","6.9852","6.9039","","-1.15%"
"09/03/2013","6.9852","6.9852","6.9852","6.9852","","0.00%"
"09/02/2013","6.9852","6.9857","6.9868","6.9842","","0.14%"
"09/01/2013","6.9757","6.9857","6.9860","6.9757","","-0.14%"
"08/31/2013","6.9857","6.9857","6.9857","6.9857","","0.00%"
"08/30/2013","6.9857","6.9857","6.9857","6.9857","","0.00%"
"08/29/2013","6.9857","6.9860","6.9860","6.9847","","0.01%"
"08/28/2013","6.9850","6.9864","6.9864","6.9765","","0.12%"
"08/27/2013","6.9767","6.9864","6.9864","6.9767","","-0.14%"
"08/26/2013","6.9864","6.9873","6.9881","6.9717","","0.06%"
"08/25/2013","6.9820","6.9868","6.9868","6.9820","","-0.07%"
"08/24/2013","6.9868","6.9868","6.9868","6.9868","","0.00%"
"08/23/2013","6.9868","6.9868","6.9868","6.9868","","0.00%"
"08/22/2013","6.9868","6.9873","6.9880","6.9858","","0.01%"
"08/21/2013","6.9863","6.9880","6.9880","6.9863","","-0.02%"
"08/20/2013","6.9880","6.9880","6.9880","6.9880","","0.00%"
"08/19/2013","6.9880","6.9890","6.9894","6.9870","","-0.01%"
"08/18/2013","6.9890","6.9890","6.9958","6.9890","","0.00%"
"08/17/2013","6.9890","6.9890","6.9890","6.9890","","0.00%"
"08/16/2013","6.9890","6.9890","6.9890","6.9890","","0.00%"
"08/15/2013","6.9890","6.9890","6.9890","6.9890","","0.00%"
"08/14/2013","6.9890","6.9890","6.9890","6.9883","","0.00%"
"08/13/2013","6.9890","6.9890","6.9890","6.9890","","0.00%"
"08/12/2013","6.9890","6.9897","6.9958","6.9770","","0.06%"
"08/11/2013","6.9849","6.9849","6.9849","6.9849","","0.00%"
"08/10/2013","6.9849","6.9849","6.9849","6.9849","","0.00%"
"08/09/2013","6.9849","6.9849","6.9849","6.9849","","0.00%"
"08/08/2013","6.9849","6.9849","6.9849","6.9849","","-0.05%"
"08/07/2013","6.9887","6.9949","6.9949","6.9823","","-0.09%"
"08/06/2013","6.9949","6.9949","6.9949","6.9949","","0.00%"
"08/05/2013","6.9949","6.9958","7.0012","6.9899","","-0.01%"
"08/04/2013","6.9958","6.9958","6.9958","6.9958","","0.07%"
"08/03/2013","6.9908","6.9908","6.9908","6.9908","","0.00%"
"08/02/2013","6.9908","6.9908","6.9908","6.9908","","0.00%"
"08/01/2013","6.9908","7.0009","7.0012","6.9908","","-0.13%"
"07/31/2013","6.9999","7.0012","7.0012","6.9999","","-0.02%"
"07/30/2013","7.0012","7.0012","7.0012","7.0012","","-0.01%"
"07/29/2013","7.0016","7.0016","7.0016","6.9962","","0.00%"
"07/28/2013","7.0016","7.0016","7.0018","7.0016","","0.00%"
"07/27/2013","7.0016","7.0016","7.0016","7.0016","","0.00%"
"07/26/2013","7.0016","7.0016","7.0016","7.0016","","0.00%"
"07/25/2013","7.0016","7.0018","7.0024","7.0006","","0.00%"
"07/24/2013","7.0018","7.0023","7.0026","7.0008","","-0.01%"
"07/23/2013","7.0023","7.0023","7.0023","7.0023","","0.00%"
"07/22/2013","7.0023","7.0026","7.0028","7.0013","","0.00%"
"07/21/2013","7.0026","7.0026","7.0028","7.0023","","0.00%"
"07/20/2013","7.0026","7.0026","7.0026","7.0026","","0.00%"
"07/19/2013","7.0026","7.0026","7.0026","7.0026","","0.00%"
"07/18/2013","7.0026","7.0027","7.0028","7.0016","","0.00%"
"07/17/2013","7.0028","7.0028","7.0028","7.0028","","0.00%"
"07/16/2013","7.0028","7.0028","7.0029","7.0027","","0.00%"
"07/15/2013","7.0028","7.0029","7.0029","7.0018","","0.00%"
"07/14/2013","7.0029","7.0029","7.0197","7.0029","","0.07%"
"07/13/2013","6.9979","6.9979","6.9979","6.9979","","0.00%"
"07/12/2013","6.9979","6.9979","6.9979","6.9979","","0.00%"
"07/11/2013","6.9979","7.0092","7.0092","6.9979","","-0.16%"
"07/10/2013","7.0092","7.0197","7.0197","7.0082","","-0.15%"
"07/09/2013","7.0197","7.0197","7.0197","7.0194","","0.00%"
"07/08/2013","7.0194","7.0284","7.0284","7.0187","","-0.13%"
"07/07/2013","7.0284","7.0284","7.0284","7.0284","","0.00%"
"07/06/2013","7.0284","7.0284","7.0284","7.0284","","0.00%"
"07/05/2013","7.0284","7.0284","7.0284","7.0284","","0.00%"
"07/04/2013","7.0284","7.0289","7.0289","7.0274","","-0.01%"
"07/03/2013","7.0289","7.0194","7.0298","7.0153","","0.14%"
"07/02/2013","7.0192","7.0194","7.0194","7.0153","","0.00%"
"07/01/2013","7.0194","7.0194","7.0194","7.0153","","0.00%"
"06/30/2013","7.0194","7.0194","7.0194","7.0153","","0.00%"
"06/29/2013","7.0194","7.0194","7.0194","7.0194","","0.00%"
"06/28/2013","7.0194","7.0194","7.0194","7.0194","","0.00%"
"06/27/2013","7.0194","7.0153","7.0194","7.0124","","0.06%"
"06/26/2013","7.0153","7.0092","7.0193","7.0092","","0.09%"
"06/25/2013","7.0092","7.0092","7.0092","7.0091","","0.00%"
"06/24/2013","7.0092","7.0038","7.0092","7.0038","","0.08%"
"06/23/2013","7.0038","7.0038","7.0038","7.0038","","0.00%"
"06/22/2013","7.0038","7.0038","7.0038","7.0038","","0.00%"
"06/21/2013","7.0038","7.0038","7.0038","7.0038","","0.00%"
"06/20/2013","7.0038","7.0002","7.0038","6.9953","","0.08%"
"06/19/2013","6.9981","6.9958","7.0002","6.9957","","0.03%"
"06/18/2013","6.9958","6.9958","6.9958","6.9935","","0.00%"
"06/17/2013","6.9958","6.9935","6.9958","6.9841","","0.03%"
"06/16/2013","6.9935","6.9935","6.9935","6.9913","","0.00%"
"06/15/2013","6.9933","6.9933","6.9933","6.9933","","0.00%"
"06/14/2013","6.9933","6.9933","6.9933","6.9933","","0.00%"
"06/13/2013","6.9933","6.9913","6.9944","6.9913","","0.03%"
"06/12/2013","6.9913","6.9909","6.9915","6.9901","","0.01%"
"06/11/2013","6.9909","6.9909","6.9909","6.9905","","0.00%"
"06/10/2013","6.9909","6.9890","6.9909","6.9890","","0.13%"
"06/09/2013","6.9818","6.9890","6.9890","6.9818","","-0.10%"
"06/08/2013","6.9890","6.9890","6.9890","6.9890","","0.00%"
"06/07/2013","6.9890","6.9890","6.9890","6.9890","","0.00%"
"06/06/2013","6.9890","6.9874","6.9890","6.9853","","0.02%"
"06/05/2013","6.9874","6.9852","6.9886","6.9852","","0.03%"
"06/04/2013","6.9853","6.9853","6.9853","6.9853","","0.00%"
"06/03/2013","6.9853","6.9838","6.9853","6.9835","","0.02%"
"06/02/2013","6.9838","6.9838","6.9838","6.9838","","0.00%"
"06/01/2013","6.9838","6.9838","6.9838","6.9838","","0.00%"
"05/31/2013","6.9838","6.9838","6.9838","6.9838","","0.00%"
"05/30/2013","6.9838","6.9831","6.9838","6.9820","","0.02%"
"05/29/2013","6.9826","6.9820","6.9831","6.9816","","0.02%"
"05/28/2013","6.9810","6.9820","6.9820","6.9810","","-0.01%"
"05/27/2013","6.9820","6.9820","6.9820","6.9820","","0.00%"
"05/26/2013","6.9820","6.9820","6.9820","6.9820","","0.00%"
"05/25/2013","6.9820","6.9820","6.9820","6.9820","","0.00%"
"05/24/2013","6.9820","6.9820","6.9820","6.9820","","0.00%"
"05/23/2013","6.9820","6.9820","6.9820","6.9819","","0.00%"
"05/22/2013","6.9820","6.9820","6.9820","6.9820","","0.01%"
"05/21/2013","6.9810","6.9820","6.9820","6.9760","","-0.01%"
"05/20/2013","6.9820","6.9759","6.9820","6.9759","","0.09%"
"05/19/2013","6.9760","6.9760","6.9760","6.9760","","0.00%"
"05/18/2013","6.9760","6.9760","6.9760","6.9760","","0.00%"
"05/17/2013","6.9760","6.9760","6.9760","6.9760","","0.00%"
"05/16/2013","6.9760","6.9691","6.9790","6.9653","","0.10%"
"05/15/2013","6.9691","6.9645","6.9692","6.9645","","0.07%"
"05/14/2013","6.9645","6.9645","6.9645","6.9643","","0.00%"
"05/13/2013","6.9645","6.9563","6.9648","6.9563","","0.21%"
"05/12/2013","6.9498","6.9563","6.9563","6.9498","","-0.09%"
"05/11/2013","6.9563","6.9563","6.9563","6.9563","","0.00%"
"05/10/2013","6.9563","6.9563","6.9563","6.9563","","0.00%"
"05/09/2013","6.9563","6.9498","6.9563","6.9458","","0.10%"
"05/08/2013","6.9494","6.9415","6.9498","6.9414","","0.11%"
"05/07/2013","6.9415","6.9415","6.9415","6.9345","","0.00%"
"05/06/2013","6.9415","6.9415","6.9415","6.9415","","0.00%"
"05/05/2013","6.9415","6.9415","6.9415","6.9415","","0.00%"
"05/04/2013","6.9415","6.9415","6.9415","6.9415","","0.00%"
"05/03/2013","6.9415","6.9415","6.9415","6.9415","","0.00%"
"05/02/2013","6.9415","6.9345","6.9415","6.9345","","0.10%"
"05/01/2013","6.9343","6.9343","6.9343","6.9343","","0.00%"
"04/30/2013","6.9343","6.9345","6.9345","6.9343","","0.00%"
"04/29/2013","6.9343","6.9263","6.9345","6.9262","","0.12%"
"04/28/2013","6.9263","6.9263","6.9263","6.9263","","0.01%"
"04/27/2013","6.9253","6.9253","6.9253","6.9253","","0.00%"
"04/26/2013","6.9253","6.9253","6.9253","6.9253","","0.00%"
"04/25/2013","6.9253","6.9253","6.9253","6.9253","","0.00%"
"04/24/2013","6.9253","6.9177","6.9263","6.9177","","0.11%"
"04/23/2013","6.9177","6.9177","6.9177","6.9174","","0.00%"
"04/22/2013","6.9174","6.9034","6.9177","6.9024","","0.20%"
"04/21/2013","6.9034","6.9034","6.9034","6.9034","","0.00%"
"04/20/2013","6.9034","6.9034","6.9034","6.9034","","0.00%"
"04/19/2013","6.9034","6.9034","6.9034","6.9034","","0.00%"
"04/18/2013","6.9034","6.8922","6.9034","6.8922","","0.16%"
"04/17/2013","6.8922","6.8865","6.8922","6.8865","","0.08%"
"04/16/2013","6.8865","6.8865","6.8865","6.8865","","0.00%"
"04/15/2013","6.8863","6.8820","6.8865","6.8810","","0.25%"
"04/14/2013","6.8689","6.8712","6.8712","6.8689","","-0.03%"
"04/13/2013","6.8712","6.8712","6.8712","6.8712","","0.00%"
"04/12/2013","6.8711","6.8711","6.8711","6.8711","","0.00%"
"04/11/2013","6.8711","6.8604","6.8762","6.8604","","0.16%"
"04/10/2013","6.8604","6.8491","6.8604","6.8491","","0.16%"
"04/09/2013","6.8491","6.8491","6.8491","6.8491","","0.00%"
"04/08/2013","6.8491","6.8383","6.8491","6.8383","","0.16%"
"04/07/2013","6.8383","6.8383","6.8383","6.8382","","0.00%"
"04/06/2013","6.8383","6.8383","6.8383","6.8383","","0.00%"
"04/05/2013","6.8383","6.8383","6.8383","6.8383","","0.00%"
"04/04/2013","6.8383","6.8178","6.8383","6.8178","","0.30%"
"04/03/2013","6.8178","6.8096","6.8228","6.8096","","0.13%"
"04/02/2013","6.8092","6.8097","6.8097","6.8092","","-0.01%"
"04/01/2013","6.8097","6.8031","6.8097","6.8031","","0.10%"
"03/31/2013","6.8031","6.8031","6.8031","6.8030","","0.00%"
"03/30/2013","6.8031","6.8031","6.8031","6.8031","","0.00%"
"03/29/2013","6.8031","6.8031","6.8031","6.8031","","0.00%"
"03/28/2013","6.8031","6.7994","6.8031","6.7994","","0.05%"
"03/27/2013","6.7994","6.7985","6.7996","6.7983","","0.01%"
"03/26/2013","6.7989","6.7989","6.7989","6.7985","","0.00%"
"03/25/2013","6.7989","6.7981","6.7989","6.7939","","0.01%"
"03/24/2013","6.7981","6.7981","6.7981","6.7980","","0.00%"
"03/23/2013","6.7981","6.7981","6.7981","6.7980","","0.00%"
"03/22/2013","6.7981","6.7981","6.7981","6.7981","","0.00%"
"03/21/2013","6.7981","6.7939","6.7981","6.7935","","0.08%"
"03/20/2013","6.7929","6.7890","6.7994","6.7890","","0.05%"
"03/19/2013","6.7894","6.7890","6.7894","6.7890","","0.01%"
"03/18/2013","6.7884","6.7811","6.7894","6.7809","","0.11%"
"03/17/2013","6.7812","6.7811","6.7812","6.7809","","0.00%"
"03/16/2013","6.7812","6.7812","6.7812","6.7812","","0.00%"
"03/15/2013","6.7812","6.7812","6.7812","6.7812","","0.00%"
"03/14/2013","6.7812","6.7724","6.7812","6.7724","","0.12%"
"03/13/2013","6.7728","6.7632","6.7728","6.7626","","0.14%"
"03/12/2013","6.7632","6.7626","6.7632","6.7626","","0.00%"
"03/11/2013","6.7632","6.7558","6.7632","6.7549","","0.11%"
"03/10/2013","6.7558","6.7549","6.7558","6.7549","","0.00%"
"03/09/2013","6.7558","6.7558","6.7558","6.7558","","0.00%"
"03/08/2013","6.7558","6.7558","6.7558","6.7558","","0.00%"
"03/07/2013","6.7558","6.7505","6.7558","6.7486","","0.08%"
"03/06/2013","6.7505","6.7442","6.7505","6.7404","","0.09%"
"03/05/2013","6.7441","6.7442","6.7442","6.7431","","0.03%"
"03/04/2013","6.7421","6.7397","6.7442","6.7397","","0.03%"
"03/03/2013","6.7404","6.7397","6.7404","6.7397","","0.00%"
"03/02/2013","6.7404","6.7404","6.7404","6.7404","","0.00%"
"03/01/2013","6.7404","6.7404","6.7404","6.7404","","0.00%"
"02/28/2013","6.7404","6.7381","6.7404","6.7381","","0.02%"
"02/27/2013","6.7392","6.7370","6.7392","6.7365","","0.03%"
"02/26/2013","6.7375","6.7370","6.7380","6.7365","","-0.01%"
"02/25/2013","6.7380","6.7334","6.7380","6.7322","","0.07%"
"02/24/2013","6.7334","6.7322","6.7334","6.7318","","0.00%"
"02/23/2013","6.7334","6.7334","6.7334","6.7334","","0.00%"
"02/22/2013","6.7334","6.7334","6.7334","6.7334","","0.00%"
"02/21/2013","6.7334","6.7313","6.7334","6.7313","","0.01%"
"02/20/2013","6.7326","6.7304","6.7326","6.7304","","0.01%"
"02/19/2013","6.7316","6.7304","6.7317","6.7304","","0.00%"
"02/18/2013","6.7317","6.7292","6.7317","6.7287","","0.02%"
"02/17/2013","6.7304","6.7292","6.7304","6.7287","","0.00%"
"02/16/2013","6.7304","6.7304","6.7304","6.7304","","0.00%"
"02/15/2013","6.7304","6.7304","6.7304","6.7304","","0.00%"
"02/14/2013","6.7304","6.7274","6.7304","6.7264","","0.02%"
"02/13/2013","6.7288","6.7166","6.7288","6.7132","","0.16%"
"02/12/2013","6.7181","6.7166","6.7182","6.7132","","0.06%"
"02/11/2013","6.7141","6.7132","6.7182","6.7122","","0.00%"
"02/10/2013","6.7143","6.7132","6.7143","6.7132","","0.00%"
"02/09/2013","6.7143","6.7143","6.7143","6.7143","","0.00%"
"02/08/2013","6.7143","6.7143","6.7143","6.7143","","0.00%"
"02/07/2013","6.7143","6.7020","6.7143","6.7020","","0.18%"
"02/06/2013","6.7020","6.7020","6.7120","6.6960","","0.01%"
"02/05/2013","6.7015","6.7010","6.7020","6.7010","","-0.13%"
"02/04/2013","6.7105","6.7154","6.7204","6.6910","","-0.07%"
"02/03/2013","6.7154","6.7154","6.7154","6.7137","","0.00%"
"02/02/2013","6.7154","6.7154","6.7154","6.7154","","0.00%"
"02/01/2013","6.7152","6.7152","6.7152","6.7152","","0.00%"
"01/31/2013","6.7152","6.6858","6.7154","6.6829","","0.44%"
"01/30/2013","6.6858","6.6858","6.6858","6.6829","","0.00%"
"01/29/2013","6.6858","6.6566","6.6858","6.6533","","0.45%"
"01/28/2013","6.6558","6.6566","6.6566","6.6533","","0.04%"
"01/27/2013","6.6533","6.6355","6.6566","6.6328","","0.27%"
"01/26/2013","6.6355","6.6355","6.6355","6.6355","","0.00%"
"01/25/2013","6.6355","6.6355","6.6355","6.6355","","0.00%"
"01/24/2013","6.6355","6.6355","6.6355","6.6355","","0.00%"
"01/23/2013","6.6355","6.6355","6.6355","6.6328","","0.00%"
"01/22/2013","6.6353","6.6204","6.6355","6.6202","","0.23%"
"01/21/2013","6.6204","6.6202","6.6204","6.6177","","0.00%"
"01/20/2013","6.6204","6.6029","6.6204","6.6015","","0.27%"
"01/19/2013","6.6029","6.6029","6.6029","6.6029","","0.00%"
"01/18/2013","6.6029","6.6029","6.6029","6.6029","","0.00%"
"01/17/2013","6.6029","6.5828","6.6029","6.5814","","0.31%"
"01/16/2013","6.5828","6.5828","6.5828","6.5814","","0.01%"
"01/15/2013","6.5824","6.5627","6.5828","6.5577","","0.30%"
"01/14/2013","6.5626","6.5627","6.5627","6.5602","","0.00%"
"01/13/2013","6.5626","6.5424","6.5628","6.5412","","0.31%"
"01/12/2013","6.5424","6.5424","6.5424","6.5424","","0.00%"
"01/11/2013","6.5424","6.5424","6.5424","6.5424","","0.02%"
"01/10/2013","6.5412","6.5111","6.5424","6.5111","","0.45%"
"01/09/2013","6.5121","6.4819","6.5272","6.4810","","0.48%"
"01/08/2013","6.4810","6.4519","6.4969","6.4484","","0.50%"
"01/07/2013","6.4485","6.4485","6.4485","6.4485","","0.00%"
"01/06/2013","6.4485","6.4211","6.4519","6.4186","","0.43%"
"01/05/2013","6.4211","6.4211","6.4211","6.4211","","0.00%"
"01/04/2013","6.4211","6.4211","6.4211","6.4211","","0.00%"
"01/03/2013","6.4211","6.3911","6.4216","6.3810","","0.46%"
"01/02/2013","6.3916","6.3587","6.3975","6.3411","","0.50%"
"01/01/2013","6.3600","6.3600","6.3600","6.3600","","0.00%"
"12/31/2012","6.3600","6.3058","6.3768","6.2901","","2.77%"
"12/30/2012","6.1885","6.1890","6.1928","6.1875","","-0.05%"
"12/29/2012","6.1918","6.1918","6.1918","6.1918","","0.05%"
"12/28/2012","6.1890","6.1890","6.1890","6.1890","","0.00%"
"12/27/2012","6.1890","6.1775","6.1933","6.1750","","0.24%"
"12/26/2012","6.1740","6.1688","6.1813","6.1675","","0.07%"
"12/25/2012","6.1695","6.1715","6.1728","6.1675","","-0.04%"
"12/24/2012","6.1718","6.1688","6.1728","6.1675","","0.04%"
"12/23/2012","6.1695","6.1690","6.1728","6.1653","","0.04%"
"12/22/2012","6.1673","6.1673","6.1673","6.1673","","0.00%"
"12/21/2012","6.1673","6.1673","6.1673","6.1673","","0.00%"
"12/20/2012","6.1673","6.1690","6.1721","6.1652","","-0.03%"
"12/19/2012","6.1690","6.1688","6.1727","6.1660","","-0.02%"
"12/18/2012","6.1700","6.1638","6.1728","6.1625","","0.09%"
"12/17/2012","6.1645","6.1663","6.1690","6.1615","","-0.03%"
"12/16/2012","6.1665","6.1685","6.1732","6.1625","","-0.06%"
"12/15/2012","6.1705","6.1705","6.1705","6.1705","","0.00%"
"12/14/2012","6.1705","6.1705","6.1705","6.1705","","0.00%"
"12/13/2012","6.1705","6.1610","6.1730","6.1598","","0.14%"
"12/12/2012","6.1620","6.1513","6.1640","6.1498","","0.18%"
"12/11/2012","6.1510","6.1438","6.1543","6.1425","","0.12%"
"12/10/2012","6.1438","6.1313","6.1475","6.1293","","0.22%"
"12/09/2012","6.1305","6.1313","6.1410","6.1288","","-0.01%"
"12/08/2012","6.1310","6.1310","6.1310","6.1310","","0.00%"
"12/07/2012","6.1310","6.1310","6.1310","6.1310","","0.00%"
"12/06/2012","6.1310","6.1175","6.1365","6.1170","","0.21%"
"12/05/2012","6.1180","6.1145","6.1213","6.1125","","0.07%"
"12/04/2012","6.1140","6.1113","6.1171","6.1098","","0.04%"
"12/03/2012","6.1115","6.1090","6.1143","6.1074","","0.02%"
"12/02/2012","6.1100","6.1110","6.1141","6.1080","","-0.04%"
"12/01/2012","6.1125","6.1125","6.1125","6.1125","","0.02%"
"11/30/2012","6.1110","6.1110","6.1110","6.1110","","0.00%"
"11/29/2012","6.1110","6.1088","6.1150","6.1060","","0.05%"
"11/28/2012","6.1080","6.1065","6.1130","6.1035","","0.03%"
"11/27/2012","6.1060","6.1013","6.1090","6.0998","","0.07%"
"11/26/2012","6.1020","6.1063","6.1081","6.1015","","-0.05%"
"11/25/2012","6.1050","6.0918","6.1080","6.0880","","0.24%"
"11/24/2012","6.0905","6.0905","6.0905","6.0905","","0.02%"
"11/23/2012","6.0890","6.0890","6.0890","6.0890","","0.00%"
"11/22/2012","6.0890","6.0975","6.1013","6.0880","","-0.15%"
"11/21/2012","6.0980","6.1030","6.1063","6.0947","","-0.09%"
"11/20/2012","6.1032","6.1000","6.1065","6.0970","","0.06%"
"11/19/2012","6.0995","6.0977","6.1037","6.0946","","0.02%"
"11/18/2012","6.0985","6.0985","6.1013","6.0947","","-0.02%"
"11/17/2012","6.0998","6.0998","6.0998","6.0998","","0.00%"
"11/16/2012","6.0998","6.0998","6.0998","6.0998","","0.00%"
"11/15/2012","6.0998","6.0998","6.0998","6.0998","","0.00%"
"11/14/2012","6.0998","6.0992","6.1017","6.0970","","-0.02%"
"11/13/2012","6.1013","6.0962","6.1073","6.0953","","0.08%"
"11/12/2012","6.0965","6.1050","6.1101","6.0953","","-0.14%"
"11/11/2012","6.1050","6.1163","6.1193","6.1040","","-0.17%"
"11/10/2012","6.1155","6.1155","6.1155","6.1155","","0.00%"
"11/09/2012","6.1155","6.1155","6.1155","6.1155","","0.00%"
"11/08/2012","6.1155","6.1150","6.1204","6.1120","","0.04%"
"11/07/2012","6.1130","6.1150","6.1190","6.1120","","-0.08%"
"11/06/2012","6.1178","6.1125","6.1189","6.1088","","0.10%"
"11/05/2012","6.1115","6.1063","6.1152","6.1015","","0.14%"
"11/04/2012","6.1030","6.1043","6.1064","6.1020","","0.00%"
"11/03/2012","6.1030","6.1030","6.1030","6.1030","","0.00%"
"11/02/2012","6.1030","6.1030","6.1030","6.1030","","0.00%"
"11/01/2012","6.1030","6.1137","6.1149","6.1020","","-0.16%"
"10/31/2012","6.1125","6.1080","6.1149","6.1010","","0.05%"
"10/30/2012","6.1092","6.1065","6.1124","6.1029","","0.07%"
"10/29/2012","6.1050","6.1008","6.1083","6.0997","","0.02%"
"10/28/2012","6.1038","6.1038","6.1038","6.1038","","0.00%"
"10/27/2012","6.1038","6.1038","6.1038","6.1038","","0.00%"
"10/26/2012","6.1038","6.1028","6.1038","6.1028","","0.00%"
"10/25/2012","6.1038","6.1038","6.1038","6.1038","","0.00%"
"10/24/2012","6.1038","6.1015","6.1062","6.0988","","0.04%"
"10/23/2012","6.1015","6.1038","6.1068","6.0978","","0.00%"
"10/22/2012","6.1015","6.1060","6.1092","6.1005","","-0.09%"
"10/21/2012","6.1073","6.1137","6.1137","6.1042","","0.02%"
"10/20/2012","6.1060","6.1060","6.1060","6.1060","","0.00%"
"10/19/2012","6.1060","6.1060","6.1060","6.1060","","0.00%"
"10/18/2012","6.1060","6.1053","6.1092","6.1008","","0.02%"
"10/17/2012","6.1050","6.1038","6.1069","6.0996","","0.03%"
"10/16/2012","6.1030","6.1000","6.1050","6.0971","","0.02%"
"10/15/2012","6.1020","6.1003","6.1030","6.0974","","0.03%"
"10/14/2012","6.1000","6.0995","6.1019","6.0953","","0.03%"
"10/13/2012","6.0980","6.0980","6.0980","6.0980","","0.00%"
"10/12/2012","6.0980","6.0980","6.0980","6.0980","","0.00%"
"10/11/2012","6.0980","6.0915","6.1011","6.0902","","0.09%"
"10/10/2012","6.0925","6.0893","6.0959","6.0870","","0.05%"
"10/09/2012","6.0893","6.0970","6.0984","6.0860","","-0.06%"
"10/08/2012","6.0930","6.0947","6.0983","6.0919","","0.00%"
"10/07/2012","6.0930","6.0930","6.0930","6.0930","","0.00%"
"10/06/2012","6.0930","6.0930","6.0930","6.0930","","0.00%"
"10/05/2012","6.0930","6.0930","6.0930","6.0930","","0.00%"
"10/04/2012","6.0930","6.0960","6.0990","6.0915","","-0.03%"
"10/03/2012","6.0950","6.0998","6.1013","6.0938","","-0.07%"
"10/02/2012","6.0992","6.0970","6.1005","6.0945","","0.02%"
"10/01/2012","6.0980","6.0930","6.1019","6.0919","","0.07%"
"09/30/2012","6.0940","6.0945","6.0977","6.0915","","-0.05%"
"09/29/2012","6.0968","6.0968","6.0968","6.0968","","0.00%"
"09/28/2012","6.0968","6.0955","6.0968","6.0955","","0.08%"
"09/27/2012","6.0920","6.0953","6.0980","6.0895","","-0.07%"
"09/26/2012","6.0962","6.0913","6.0971","6.0888","","0.10%"
"09/25/2012","6.0900","6.0938","6.0960","6.0884","","-0.04%"
"09/24/2012","6.0925","6.0915","6.0980","6.0882","","0.04%"
"09/23/2012","6.0900","6.0930","6.0988","6.0875","","-0.06%"
"09/22/2012","6.0935","6.0935","6.0935","6.0935","","0.00%"
"09/21/2012","6.0935","6.0935","6.0935","6.0935","","0.00%"
"09/20/2012","6.0935","6.0878","6.0962","6.0870","","0.07%"
"09/19/2012","6.0895","6.0870","6.0953","6.0860","","0.00%"
"09/18/2012","6.0893","6.0870","6.0923","6.0843","","0.00%"
"09/17/2012","6.0893","6.0888","6.0977","6.0855","","-0.01%"
"09/16/2012","6.0900","6.0965","6.0988","6.0879","","-0.10%"
"09/15/2012","6.0960","6.0960","6.0960","6.0960","","0.00%"
"09/14/2012","6.0960","6.0960","6.0960","6.0960","","0.00%"
"09/13/2012","6.0960","6.0965","6.0992","6.0915","","0.03%"
"09/12/2012","6.0940","6.0870","6.0971","6.0870","","0.03%"
"09/11/2012","6.0920","6.0870","6.0950","6.0851","","0.07%"
"09/10/2012","6.0875","6.0913","6.0953","6.0849","","-0.06%"
"09/09/2012","6.0913","6.0925","6.0972","6.0885","","-0.05%"
"09/08/2012","6.0943","6.0943","6.0943","6.0943","","0.00%"
"09/07/2012","6.0943","6.0943","6.0943","6.0943","","0.00%"
"09/06/2012","6.0943","6.0970","6.1000","6.0915","","-0.05%"
"09/05/2012","6.0975","6.1025","6.1083","6.0940","","-0.12%"
"09/04/2012","6.1050","6.1028","6.1072","6.0970","","0.07%"
"09/03/2012","6.1008","6.0985","6.1052","6.0970","","0.01%"
"09/02/2012","6.1000","6.1038","6.1095","6.0965","","-0.05%"
"09/01/2012","6.1028","6.1028","6.1028","6.1028","","0.00%"
"08/31/2012","6.1028","6.1028","6.1028","6.1028","","0.02%"
"08/30/2012","6.1015","6.0962","6.1043","6.0910","","0.09%"
"08/29/2012","6.0962","6.0813","6.0989","6.0813","","0.15%"
"08/28/2012","6.0873","6.0888","6.0950","6.0785","","-0.06%"
"08/27/2012","6.0908","6.0863","6.0943","6.0857","","0.04%"
"08/26/2012","6.0883","6.0888","6.0915","6.0854","","0.03%"
"08/25/2012","6.0865","6.0865","6.0865","6.0865","","0.00%"
"08/24/2012","6.0865","6.0865","6.0865","6.0865","","0.00%"
"08/23/2012","6.0865","6.0938","6.0968","6.0810","","-0.16%"
"08/22/2012","6.0960","6.0813","6.0970","6.0729","","0.21%"
"08/21/2012","6.0830","6.0763","6.0859","6.0734","","0.15%"
"08/20/2012","6.0740","6.0740","6.0740","6.0740","","0.00%"
"08/19/2012","6.0740","6.0740","6.0740","6.0740","","0.00%"
"08/18/2012","6.0740","6.0740","6.0740","6.0740","","0.00%"
"08/17/2012","6.0740","6.0740","6.0740","6.0740","","0.00%"
"08/16/2012","6.0740","6.0787","6.0840","6.0725","","-0.05%"
"08/15/2012","6.0770","6.0663","6.0798","6.0653","","0.13%"
"08/14/2012","6.0693","6.0738","6.0772","6.0660","","-0.09%"
"08/13/2012","6.0748","6.0787","6.0838","6.0715","","-0.05%"
"08/12/2012","6.0780","6.0813","6.0840","6.0765","","-0.06%"
"08/11/2012","6.0815","6.0815","6.0815","6.0815","","0.00%"
"08/10/2012","6.0815","6.0815","6.0815","6.0815","","-0.04%"
"08/09/2012","6.0838","6.0787","6.0840","6.0765","","0.04%"
"08/08/2012","6.0815","6.0775","6.0821","6.0739","","0.07%"
"08/07/2012","6.0770","6.0763","6.0800","6.0745","","-0.04%"
"08/06/2012","6.0793","6.0763","6.0798","6.0735","","0.05%"
"08/05/2012","6.0760","6.0770","6.0799","6.0730","","-0.04%"
"08/04/2012","6.0787","6.0787","6.0787","6.0787","","0.00%"
"08/03/2012","6.0787","6.0787","6.0787","6.0787","","0.00%"
"08/02/2012","6.0787","6.0738","6.0820","6.0720","","0.08%"
"08/01/2012","6.0738","6.0713","6.0770","6.0699","","-0.02%"
"07/31/2012","6.0748","6.0725","6.0753","6.0683","","0.05%"
"07/30/2012","6.0720","6.0688","6.0740","6.0610","","0.05%"
"07/29/2012","6.0688","6.0672","6.0729","6.0653","","0.05%"
"07/28/2012","6.0660","6.0660","6.0660","6.0660","","0.00%"
"07/27/2012","6.0660","6.0660","6.0660","6.0660","","0.00%"
"07/26/2012","6.0660","6.0663","6.0723","6.0623","","-0.01%"
"07/25/2012","6.0665","6.0638","6.0693","6.0629","","-0.01%"
"07/24/2012","6.0670","6.0640","6.0683","6.0620","","0.02%"
"07/23/2012","6.0655","6.0655","6.0655","6.0655","","0.00%"
"07/22/2012","6.0655","6.0650","6.0688","6.0614","","0.00%"
"07/21/2012","6.0657","6.0657","6.0657","6.0657","","0.00%"
"07/20/2012","6.0657","6.0657","6.0657","6.0657","","0.00%"
"07/19/2012","6.0657","6.0663","6.0691","6.0628","","-0.04%"
"07/18/2012","6.0683","6.0638","6.0691","6.0619","","0.06%"
"07/17/2012","6.0648","6.0613","6.0665","6.0593","","0.00%"
"07/16/2012","6.0648","6.0613","6.0668","6.0601","","-0.02%"
"07/15/2012","6.0663","6.0613","6.0668","6.0606","","0.05%"
"07/14/2012","6.0630","6.0630","6.0630","6.0630","","0.00%"
"07/13/2012","6.0630","6.0630","6.0630","6.0630","","0.00%"
"07/12/2012","6.0630","6.0620","6.0718","6.0596","","0.06%"
"07/11/2012","6.0595","6.0600","6.0642","6.0579","","-0.01%"
"07/10/2012","6.0603","6.0588","6.0640","6.0548","","0.02%"
"07/09/2012","6.0590","6.0575","6.0621","6.0552","","0.00%"
"07/08/2012","6.0588","6.0565","6.0603","6.0545","","0.00%"
"07/07/2012","6.0588","6.0588","6.0588","6.0588","","0.00%"
"07/06/2012","6.0588","6.0588","6.0588","6.0588","","0.04%"
"07/05/2012","6.0565","6.0563","6.0601","6.0545","","-0.02%"
"07/04/2012","6.0575","6.0555","6.0603","6.0540","","0.04%"
"07/03/2012","6.0550","6.0560","6.0600","6.0538","","-0.02%"
"07/02/2012","6.0565","6.0593","6.0613","6.0544","","-0.01%"
"07/01/2012","6.0570","6.0570","6.0570","6.0570","","-0.02%"
"06/30/2012","6.0585","6.0585","6.0585","6.0585","","0.00%"
"06/29/2012","6.0585","6.0585","6.0585","6.0585","","0.01%"
"06/28/2012","6.0580","6.0613","6.0638","6.0555","","-0.05%"
"06/27/2012","6.0610","6.0563","6.0649","6.0525","","0.04%"
"06/26/2012","6.0588","6.0565","6.0613","6.0530","","0.00%"
"06/25/2012","6.0588","6.0555","6.0590","6.0521","","0.02%"
"06/24/2012","6.0578","6.0538","6.0582","6.0520","","0.10%"
"06/23/2012","6.0520","6.0520","6.0520","6.0520","","0.00%"
"06/22/2012","6.0520","6.0520","6.0520","6.0520","","0.00%"
"06/21/2012","6.0520","6.0512","6.0566","6.0415","","-0.01%"
"06/20/2012","6.0525","6.0488","6.0541","6.0455","","0.07%"
"06/19/2012","6.0480","6.0463","6.0510","6.0445","","0.01%"
"06/18/2012","6.0475","6.0445","6.0493","6.0424","","0.02%"
"06/17/2012","6.0465","6.0465","6.0465","6.0465","","0.00%"
"06/16/2012","6.0465","6.0465","6.0465","6.0465","","0.00%"
"06/15/2012","6.0465","6.0465","6.0465","6.0465","","0.00%"
"06/14/2012","6.0465","6.0438","6.0503","6.0425","","0.04%"
"06/13/2012","6.0440","6.0413","6.0485","6.0390","","0.06%"
"06/12/2012","6.0405","6.0393","6.0448","6.0370","","-0.01%"
"06/11/2012","6.0413","6.0363","6.0420","6.0347","","0.07%"
"06/10/2012","6.0370","6.0337","6.0390","6.0320","","0.03%"
"06/09/2012","6.0350","6.0350","6.0350","6.0350","","0.00%"
"06/08/2012","6.0350","6.0350","6.0350","6.0350","","0.00%"
"06/07/2012","6.0350","6.0363","6.0395","6.0319","","-0.02%"
"06/06/2012","6.0360","6.0388","6.0450","6.0347","","-0.13%"
"06/05/2012","6.0438","6.0390","6.0468","6.0374","","0.08%"
"06/04/2012","6.0390","6.0390","6.0420","6.0343","","0.00%"
"06/03/2012","6.0390","6.0388","6.0443","6.0371","","-0.02%"
"06/02/2012","6.0400","6.0400","6.0400","6.0400","","0.00%"
"06/01/2012","6.0400","6.0400","6.0400","6.0400","","0.00%"
"05/31/2012","6.0400","6.0438","6.0493","6.0390","","-0.07%"
"05/30/2012","6.0440","6.0438","6.0500","6.0420","","0.01%"
"05/29/2012","6.0435","6.0400","6.0470","6.0380","","0.06%"
"05/28/2012","6.0400","6.0345","6.0433","6.0325","","0.08%"
"05/27/2012","6.0351","6.0351","6.0351","6.0351","","-0.04%"
"05/26/2012","6.0375","6.0375","6.0375","6.0375","","0.00%"
"05/25/2012","6.0375","6.0375","6.0375","6.0375","","0.00%"
"05/24/2012","6.0375","6.0390","6.0413","6.0350","","-0.01%"
"05/23/2012","6.0380","6.0415","6.0500","6.0318","","-0.02%"
"05/22/2012","6.0390","6.0455","6.0533","6.0380","","-0.11%"
"05/21/2012","6.0455","6.0470","6.0533","6.0420","","-0.02%"
"05/20/2012","6.0465","6.0463","6.0503","6.0447","","0.00%"
"05/19/2012","6.0468","6.0468","6.0468","6.0468","","0.00%"
"05/18/2012","6.0468","6.0468","6.0468","6.0468","","0.00%"
"05/17/2012","6.0468","6.0388","6.0495","6.0370","","0.13%"
"05/16/2012","6.0390","6.0363","6.0490","6.0190","","0.06%"
"05/15/2012","6.0352","6.0313","6.0398","6.0284","","0.06%"
"05/14/2012","6.0315","6.0355","6.0403","6.0285","","-0.07%"
"05/13/2012","6.0355","6.0363","6.0403","6.0340","","-0.02%"
"05/12/2012","6.0365","6.0365","6.0365","6.0365","","0.00%"
"05/11/2012","6.0365","6.0365","6.0365","6.0365","","0.00%"
"05/10/2012","6.0365","6.0363","6.0450","6.0318","","-0.02%"
"05/09/2012","6.0375","6.0360","6.0398","6.0320","","0.02%"
"05/08/2012","6.0365","6.0363","6.0408","6.0310","","-0.04%"
"05/07/2012","6.0388","6.0463","6.0490","6.0340","","-0.15%"
"05/06/2012","6.0478","6.0463","6.0490","6.0440","","0.04%"
"05/05/2012","6.0455","6.0455","6.0455","6.0455","","0.00%"
"05/04/2012","6.0455","6.0455","6.0455","6.0455","","0.01%"
"05/03/2012","6.0450","6.0455","6.0488","6.0425","","-0.02%"
"05/02/2012","6.0465","6.0445","6.0482","6.0424","","0.02%"
"05/01/2012","6.0453","6.0453","6.0453","6.0453","","0.00%"
"04/30/2012","6.0453","6.0463","6.0503","6.0408","","-0.06%"
"04/29/2012","6.0488","6.0465","6.0499","6.0447","","0.02%"
"04/28/2012","6.0475","6.0475","6.0475","6.0475","","0.00%"
"04/27/2012","6.0475","6.0475","6.0475","6.0475","","0.00%"
"04/26/2012","6.0475","6.0463","6.0493","6.0435","","0.02%"
"04/25/2012","6.0465","6.0465","6.0465","6.0465","","0.00%"
"04/24/2012","6.0465","6.0463","6.0493","6.0440","","0.02%"
"04/23/2012","6.0450","6.0463","6.0491","6.0429","","-0.01%"
"04/22/2012","6.0455","6.0438","6.0490","6.0429","","-0.03%"
"04/21/2012","6.0473","6.0473","6.0473","6.0473","","0.00%"
"04/20/2012","6.0473","6.0473","6.0473","6.0473","","0.00%"
"04/19/2012","6.0473","6.0400","6.0488","6.0380","","0.04%"
"04/18/2012","6.0448","6.0370","6.0473","6.0360","","0.07%"
"04/17/2012","6.0403","6.0360","6.0423","6.0364","","0.02%"
"04/16/2012","6.0388","6.0388","6.0388","6.0388","","0.00%"
"04/15/2012","6.0388","6.0388","6.0388","6.0388","","0.00%"
"04/14/2012","6.0388","6.0388","6.0388","6.0388","","0.00%"
"04/13/2012","6.0388","6.0388","6.0388","6.0388","","0.00%"
"04/12/2012","6.0388","6.0350","6.0414","6.0343","","0.02%"
"04/11/2012","6.0375","6.0325","6.0418","6.0342","","0.01%"
"04/10/2012","6.0370","6.0335","6.0402","6.0344","","-0.02%"
"04/09/2012","6.0380","6.0340","6.0399","6.0347","","0.04%"
"04/08/2012","6.0357","6.0335","6.0405","6.0349","","0.00%"
"04/07/2012","6.0360","6.0360","6.0360","6.0360","","0.00%"
"04/06/2012","6.0360","6.0340","6.0370","6.0355","","-0.02%"
"04/05/2012","6.0375","6.0360","6.0415","6.0341","","-0.03%"
"04/04/2012","6.0393","6.0350","6.0413","6.0366","","0.02%"
"04/03/2012","6.0379","6.0370","6.0415","6.0366","","0.00%"
"04/02/2012","6.0377","6.0370","6.0411","6.0368","","0.00%"
"04/01/2012","6.0375","6.0350","6.0431","6.0367","","-0.04%"
"03/31/2012","6.0400","6.0400","6.0400","6.0400","","0.00%"
"03/30/2012","6.0400","6.0400","6.0400","6.0400","","0.00%"
"03/29/2012","6.0400","6.0350","6.0444","6.0360","","0.00%"
"03/28/2012","6.0403","6.0325","6.0422","6.0347","","0.04%"
"03/27/2012","6.0380","6.0350","6.0403","6.0335","","0.00%"
"03/26/2012","6.0380","6.0325","6.0408","6.0348","","0.04%"
"03/25/2012","6.0355","6.0325","6.0393","6.0334","","-0.01%"
"03/24/2012","6.0362","6.0362","6.0362","6.0362","","0.00%"
"03/23/2012","6.0362","6.0362","6.0362","6.0362","","0.00%"
"03/22/2012","6.0362","6.0325","6.0387","6.0337","","-0.01%"
"03/21/2012","6.0370","6.0325","6.0385","6.0330","","0.03%"
"03/20/2012","6.0350","6.0310","6.0380","6.0310","","0.01%"
"03/19/2012","6.0343","6.0310","6.0371","6.0309","","0.02%"
"03/18/2012","6.0330","6.0300","6.0362","6.0319","","0.00%"
"03/17/2012","6.0333","6.0333","6.0333","6.0333","","0.00%"
"03/16/2012","6.0333","6.0333","6.0333","6.0333","","0.00%"
"03/15/2012","6.0333","6.0320","6.0375","6.0318","","0.00%"
"03/14/2012","6.0330","6.0300","6.0370","6.0292","","0.00%"
"03/13/2012","6.0328","6.0320","6.0367","6.0289","","-0.01%"
"03/12/2012","6.0334","6.0275","6.0366","6.0303","","0.03%"
"03/11/2012","6.0315","6.0275","6.0351","6.0295","","-0.02%"
"03/10/2012","6.0325","6.0325","6.0325","6.0325","","0.00%"
"03/09/2012","6.0325","6.0300","6.0325","6.0325","","0.01%"
"03/08/2012","6.0318","6.0330","6.0378","6.0213","","-0.05%"
"03/07/2012","6.0350","6.0300","6.0379","6.0320","","0.02%"
"03/06/2012","6.0335","6.0290","6.0364","6.0284","","0.03%"
"03/05/2012","6.0315","6.0250","6.0328","6.0278","","-0.02%"
"03/04/2012","6.0328","6.0250","6.0333","6.0278","","0.05%"
"03/03/2012","6.0300","6.0300","6.0300","6.0300","","0.00%"
"03/02/2012","6.0300","6.0300","6.0300","6.0300","","0.00%"
"03/01/2012","6.0300","6.0275","6.0332","6.0285","","-0.01%"
"02/29/2012","6.0307","6.0310","6.0360","6.0268","","-0.04%"
"02/28/2012","6.0330","6.0330","6.0382","6.0306","","-0.04%"
"02/27/2012","6.0355","6.0330","6.0381","6.0335","","0.00%"
"02/26/2012","6.0355","6.0350","6.0390","6.0342","","-0.01%"
"02/25/2012","6.0360","6.0360","6.0360","6.0360","","0.00%"
"02/24/2012","6.0360","6.0360","6.0360","6.0360","","0.00%"
"02/23/2012","6.0360","6.0325","6.0412","6.0345","","0.00%"
"02/22/2012","6.0363","6.0360","6.0403","6.0350","","-0.01%"
"02/21/2012","6.0370","6.0345","6.0398","6.0347","","-0.01%"
"02/20/2012","6.0375","6.0325","6.0405","6.0334","","0.01%"
"02/19/2012","6.0367","6.0325","6.0401","6.0350","","-0.02%"
"02/18/2012","6.0380","6.0380","6.0380","6.0380","","0.00%"
"02/17/2012","6.0380","6.0380","6.0380","6.0380","","0.00%"
"02/16/2012","6.0380","6.0330","6.0400","6.0325","","0.05%"
"02/15/2012","6.0352","6.0300","6.0388","6.0324","","0.02%"
"02/14/2012","6.0340","6.0325","6.0390","6.0320","","-0.04%"
"02/13/2012","6.0363","6.0320","6.0393","6.0325","","0.01%"
"02/12/2012","6.0358","6.0358","6.0358","6.0358","","0.02%"
"02/11/2012","6.0345","6.0345","6.0345","6.0345","","0.00%"
"02/10/2012","6.0345","6.0320","6.0345","6.0345","","0.02%"
"02/09/2012","6.0335","6.0300","6.0367","6.0313","","-0.02%"
"02/08/2012","6.0348","6.0275","6.0355","6.0300","","0.05%"
"02/07/2012","6.0320","6.0300","6.0350","6.0292","","-0.01%"
"02/06/2012","6.0325","6.0275","6.0343","6.0288","","-0.02%"
"02/05/2012","6.0337","6.0337","6.0337","6.0337","","0.00%"
"02/04/2012","6.0337","6.0337","6.0337","6.0337","","0.00%"
"02/03/2012","6.0337","6.0337","6.0337","6.0337","","0.00%"
"02/02/2012","6.0337","6.0270","6.0345","6.0273","","0.09%"
"02/01/2012","6.0285","6.0270","6.0321","6.0203","","0.00%"
"01/31/2012","6.0285","6.0250","6.0333","6.0270","","-0.05%"
"01/30/2012","6.0318","6.0250","6.0320","6.0258","","0.01%"
"01/29/2012","6.0313","6.0325","6.0373","6.0280","","-0.06%"
"01/28/2012","6.0350","6.0350","6.0350","6.0350","","0.00%"
"01/27/2012","6.0350","6.0350","6.0350","6.0350","","0.00%"
"01/26/2012","6.0350","6.0380","6.0416","6.0340","","-0.09%"
"01/25/2012","6.0403","6.0403","6.0403","6.0403","","0.00%"
"01/24/2012","6.0403","6.0380","6.0423","6.0373","","0.01%"
"01/23/2012","6.0395","6.0350","6.0430","6.0372","","-0.02%"
"01/22/2012","6.0408","6.0408","6.0408","6.0408","","0.00%"
"01/21/2012","6.0405","6.0405","6.0405","6.0405","","0.00%"
"01/20/2012","6.0405","6.0405","6.0405","6.0405","","0.00%"
"01/19/2012","6.0405","6.0375","6.0458","6.0390","","-0.01%"
"01/18/2012","6.0410","6.0350","6.0442","6.0310","","-0.02%"
"01/17/2012","6.0420","6.0350","6.0425","6.0375","","0.05%"
"01/16/2012","6.0390","6.0325","6.0422","6.0357","","0.02%"
"01/15/2012","6.0375","6.0375","6.0375","6.0375","","0.00%"
"01/14/2012","6.0375","6.0375","6.0375","6.0375","","0.00%"
"01/13/2012","6.0375","6.0350","6.0375","6.0375","","-0.03%"
"01/12/2012","6.0395","6.0325","6.0403","6.0348","","0.04%"
"01/11/2012","6.0370","6.0350","6.0396","6.0347","","-0.01%"
"01/10/2012","6.0375","6.0325","6.0393","6.0339","","0.00%"
"01/09/2012","6.0375","6.0300","6.0385","6.0325","","0.02%"
"01/08/2012","6.0363","6.0363","6.0363","6.0363","","0.00%"
"01/07/2012","6.0363","6.0363","6.0363","6.0363","","0.00%"
"01/06/2012","6.0363","6.0363","6.0363","6.0363","","0.00%"
"01/05/2012","6.0363","6.0300","6.0370","6.0320","","0.03%"
"01/04/2012","6.0343","6.0275","6.0361","6.0303","","0.03%"
"01/03/2012","6.0325","6.0280","6.0351","6.0288","","0.04%"
"01/02/2012","6.0300","6.0250","6.0335","6.0279","","-0.01%"
"01/01/2012","6.0307","6.0307","6.0307","6.0307","","0.00%"
"12/31/2011","6.0307","6.0307","6.0307","6.0307","","0.00%"
"12/30/2011","6.0307","6.0307","6.0307","6.0307","","0.00%"
"12/29/2011","6.0307","6.0275","6.0358","6.0285","","-0.01%"
"12/28/2011","6.0313","6.0250","6.0344","6.0209","","0.06%"
"12/27/2011","6.0275","6.0250","6.0322","6.0230","","0.00%"
"12/26/2011","6.0275","6.0200","6.0284","6.0214","","0.14%"
"12/25/2011","6.0190","6.0190","6.0190","6.0190","","0.00%"
"12/24/2011","6.0190","6.0190","6.0190","6.0190","","0.00%"
"12/23/2011","6.0190","6.0190","6.0190","6.0190","","0.00%"
"12/22/2011","6.0190","6.0270","6.0365","6.0080","","-0.19%"
"12/21/2011","6.0303","6.0150","6.0318","6.0180","","0.14%"
"12/20/2011","6.0220","6.0200","6.0288","6.0154","","-0.04%"
"12/19/2011","6.0243","6.0200","6.0273","6.0189","","0.04%"
"12/18/2011","6.0220","6.0220","6.0220","6.0220","","0.00%"
"12/17/2011","6.0220","6.0220","6.0220","6.0220","","0.00%"
"12/16/2011","6.0220","6.0220","6.0220","6.0220","","0.00%"
"12/15/2011","6.0220","6.0150","6.0230","6.0164","","0.05%"
"12/14/2011","6.0188","6.0275","6.0320","6.0165","","-0.19%"
"12/13/2011","6.0303","6.0200","6.0321","6.0210","","0.12%"
"12/12/2011","6.0230","6.0150","6.0252","6.0160","","0.12%"
"12/11/2011","6.0160","6.0160","6.0160","6.0160","","0.00%"
"12/10/2011","6.0160","6.0160","6.0160","6.0160","","0.00%"
"12/09/2011","6.0160","6.0160","6.0160","6.0160","","0.00%"
"12/08/2011","6.0160","6.0070","6.0190","6.0074","","0.12%"
"12/07/2011","6.0090","6.0060","6.0120","6.0060","","0.03%"
"12/06/2011","6.0070","6.0030","6.0098","6.0030","","0.05%"
"12/05/2011","6.0040","6.0040","6.0078","6.0020","","-0.03%"
"12/04/2011","6.0058","6.0058","6.0058","6.0058","","0.00%"
"12/03/2011","6.0058","6.0058","6.0058","6.0058","","0.00%"
"12/02/2011","6.0058","6.0058","6.0058","6.0058","","0.00%"
"12/01/2011","6.0058","6.0010","6.0080","6.0020","","0.02%"
"11/30/2011","6.0048","6.0036","6.0070","6.0024","","0.00%"
"11/29/2011","6.0047","6.0020","6.0070","6.0009","","0.03%"
"11/28/2011","6.0027","6.0010","6.0061","6.0005","","0.00%"
"11/27/2011","6.0025","6.0025","6.0025","6.0025","","0.00%"
"11/26/2011","6.0025","6.0025","6.0025","6.0025","","0.00%"
"11/25/2011","6.0025","6.0025","6.0025","6.0025","","0.00%"
"11/24/2011","6.0025","5.9950","6.0060","5.9965","","0.03%"
"11/23/2011","6.0008","5.9900","6.0022","5.9930","","0.09%"
"11/22/2011","5.9955","5.9850","5.9990","5.9857","","0.10%"
"11/21/2011","5.9898","5.9830","5.9910","5.9830","","0.11%"
"11/20/2011","5.9830","5.9830","5.9830","5.9830","","0.00%"
"11/19/2011","5.9830","5.9830","5.9830","5.9830","","0.00%"
"11/18/2011","5.9830","5.9830","5.9830","5.9830","","0.00%"
"11/17/2011","5.9830","5.9800","5.9863","5.9810","","0.00%"
"11/16/2011","5.9830","5.9775","5.9915","5.9712","","0.04%"
"11/15/2011","5.9805","5.9750","5.9828","5.9773","","-0.02%"
"11/14/2011","5.9815","5.9720","5.9823","5.9718","","0.11%"
"11/13/2011","5.9748","5.9748","5.9748","5.9748","","0.00%"
"11/12/2011","5.9748","5.9748","5.9748","5.9748","","0.00%"
"11/11/2011","5.9748","5.9748","5.9748","5.9748","","0.00%"
"11/10/2011","5.9748","5.9680","5.9883","5.9630","","0.10%"
"11/09/2011","5.9689","5.9680","5.9723","5.9670","","0.00%"
"11/08/2011","5.9690","5.9690","5.9690","5.9690","","0.00%"
"11/07/2011","5.9690","5.9690","5.9690","5.9690","","0.00%"
"11/06/2011","5.9690","5.9690","5.9690","5.9690","","0.00%"
"11/05/2011","5.9690","5.9690","5.9690","5.9690","","0.00%"
"11/04/2011","5.9690","5.9690","5.9690","5.9690","","0.00%"
"11/03/2011","5.9690","5.9680","5.9725","5.9675","","0.00%"
"11/02/2011","5.9690","5.9650","5.9730","5.9673","","-0.02%"
"11/01/2011","5.9703","5.9680","5.9730","5.9665","","0.03%"
"10/31/2011","5.9685","5.9680","5.9725","5.9667","","-0.03%"
"10/30/2011","5.9700","5.9700","5.9700","5.9700","","0.00%"
"10/29/2011","5.9700","5.9700","5.9700","5.9700","","0.00%"
"10/28/2011","5.9700","5.9700","5.9700","5.9700","","0.00%"
"10/27/2011","5.9700","5.9680","5.9733","5.9669","","-0.01%"
"10/26/2011","5.9703","5.9650","5.9738","5.9670","","0.02%"
"10/25/2011","5.9690","5.9660","5.9779","5.9658","","0.02%"
"10/24/2011","5.9680","5.9740","5.9798","5.9658","","-0.13%"
"10/23/2011","5.9760","5.9760","5.9760","5.9760","","0.00%"
"10/22/2011","5.9760","5.9760","5.9760","5.9760","","0.00%"
"10/21/2011","5.9760","5.9760","5.9760","5.9760","","0.00%"
"10/20/2011","5.9760","5.9740","5.9795","5.9727","","-0.02%"
"10/19/2011","5.9771","5.9730","5.9786","5.9725","","0.06%"
"10/18/2011","5.9735","5.9700","5.9790","5.9703","","0.04%"
"10/17/2011","5.9710","5.9675","5.9752","5.9674","","0.03%"
"10/16/2011","5.9695","5.9695","5.9695","5.9695","","0.00%"
"10/15/2011","5.9695","5.9695","5.9695","5.9695","","0.00%"
"10/14/2011","5.9695","5.9695","5.9695","5.9695","","0.00%"
"10/13/2011","5.9695","5.9660","5.9723","5.9660","","0.02%"
"10/12/2011","5.9682","5.9630","5.9712","5.9580","","0.00%"
"10/11/2011","5.9680","5.9660","5.9703","5.9650","","0.02%"
"10/10/2011","5.9670","5.9600","5.9715","5.9598","","0.06%"
"10/09/2011","5.9635","5.9635","5.9635","5.9635","","0.00%"
"10/08/2011","5.9635","5.9635","5.9635","5.9635","","0.00%"
"10/07/2011","5.9635","5.9635","5.9635","5.9635","","0.00%"
"10/06/2011","5.9635","5.9635","5.9635","5.9635","","0.00%"
"10/05/2011","5.9635","5.9550","5.9660","5.9575","","0.08%"
"10/04/2011","5.9590","5.9600","5.9658","5.9567","","0.00%"
"10/03/2011","5.9590","5.9600","5.9681","5.9575","","-0.13%"
"10/02/2011","5.9670","5.9640","5.9673","5.9630","","0.03%"
"10/01/2011","5.9653","5.9653","5.9653","5.9653","","0.00%"
"09/30/2011","5.9653","5.9653","5.9653","5.9653","","0.00%"
"09/29/2011","5.9653","5.9600","5.9688","5.9623","","0.01%"
"09/28/2011","5.9650","5.9600","5.9689","5.9625","","0.01%"
"09/27/2011","5.9645","5.9610","5.9682","5.9625","","0.01%"
"09/26/2011","5.9640","5.9650","5.9708","5.9620","","-0.08%"
"09/25/2011","5.9688","5.9675","5.9746","5.9665","","-0.07%"
"09/24/2011","5.9730","5.9730","5.9730","5.9730","","0.00%"
"09/23/2011","5.9730","5.9730","5.9730","5.9730","","0.00%"
"09/22/2011","5.9730","5.9600","5.9753","5.9625","","0.13%"
"09/21/2011","5.9651","5.9600","5.9675","5.9625","","0.02%"
"09/20/2011","5.9640","5.9590","5.9668","5.9575","","0.07%"
"09/19/2011","5.9600","5.9525","5.9630","5.9548","","0.01%"
"09/18/2011","5.9593","5.9525","5.9598","5.9545","","0.03%"
"09/17/2011","5.9575","5.9575","5.9575","5.9575","","0.00%"
"09/16/2011","5.9575","5.9575","5.9575","5.9575","","0.00%"
"09/15/2011","5.9575","5.9500","5.9589","5.9523","","0.01%"
"09/14/2011","5.9570","5.9500","5.9578","5.9498","","0.10%"
"09/13/2011","5.9510","5.9450","5.9538","5.9474","","-0.02%"
"09/12/2011","5.9520","5.9810","5.9870","5.9440","","-0.53%"
"09/11/2011","5.9838","5.9790","5.9863","5.9790","","0.06%"
"09/10/2011","5.9800","5.9800","5.9800","5.9800","","0.00%"
"09/09/2011","5.9800","5.9800","5.9800","5.9800","","0.00%"
"09/08/2011","5.9800","5.9750","5.9826","5.9747","","0.07%"
"09/07/2011","5.9760","5.9590","5.9781","5.9540","","0.25%"
"09/06/2011","5.9608","5.9590","5.9639","5.9573","","0.00%"
"09/05/2011","5.9610","5.9550","5.9643","5.9543","","0.07%"
"09/04/2011","5.9570","5.9510","5.9585","5.9507","","0.06%"
"09/03/2011","5.9533","5.9533","5.9533","5.9533","","0.00%"
"09/02/2011","5.9533","5.9533","5.9533","5.9533","","0.00%"
"09/01/2011","5.9533","5.9533","5.9533","5.9533","","0.00%"
"08/31/2011","5.9533","5.9533","5.9533","5.9533","","0.00%"
"08/30/2011","5.9533","5.9533","5.9533","5.9533","","0.00%"
"08/29/2011","5.9533","5.9560","5.9596","5.9480","","-0.06%"
"08/28/2011","5.9570","5.9590","5.9615","5.9555","","-0.04%"
"08/27/2011","5.9595","5.9595","5.9595","5.9595","","0.00%"
"08/26/2011","5.9595","5.9595","5.9595","5.9595","","0.00%"
"08/25/2011","5.9595","5.9575","5.9620","5.9573","","-0.01%"
"08/24/2011","5.9598","5.9750","5.9838","5.9575","","-0.34%"
"08/23/2011","5.9800","5.9770","5.9832","5.9768","","0.03%"
"08/22/2011","5.9785","5.9650","5.9808","5.9652","","0.21%"
"08/21/2011","5.9658","5.9655","5.9700","5.9655","","-0.02%"
"08/20/2011","5.9670","5.9670","5.9670","5.9670","","0.00%"
"08/19/2011","5.9670","5.9670","5.9670","5.9670","","0.00%"
"08/18/2011","5.9670","5.9700","5.9746","5.9651","","-0.09%"
"08/17/2011","5.9723","5.9680","5.9743","5.9695","","0.03%"
"08/16/2011","5.9705","5.9675","5.9740","5.9672","","-0.01%"
"08/15/2011","5.9710","5.9580","5.9758","5.9595","","0.17%"
"08/14/2011","5.9610","5.9580","5.9628","5.9585","","0.00%"
"08/13/2011","5.9608","5.9608","5.9608","5.9608","","0.00%"
"08/12/2011","5.9608","5.9608","5.9608","5.9608","","0.00%"
"08/11/2011","5.9608","5.9560","5.9628","5.9570","","0.04%"
"08/10/2011","5.9585","5.9590","5.9625","5.9563","","-0.04%"
"08/09/2011","5.9608","5.9580","5.9628","5.9580","","0.01%"
"08/08/2011","5.9605","5.9550","5.9635","5.9558","","0.03%"
"08/07/2011","5.9585","5.9585","5.9585","5.9585","","0.10%"
"08/06/2011","5.9525","5.9525","5.9525","5.9525","","0.00%"
"08/05/2011","5.9525","5.9525","5.9525","5.9525","","0.00%"
"08/04/2011","5.9525","5.9510","5.9548","5.9501","","-0.04%"
"08/03/2011","5.9550","5.9500","5.9571","5.9491","","0.02%"
"08/02/2011","5.9537","5.9500","5.9567","5.9516","","-0.01%"
"08/01/2011","5.9540","5.9500","5.9596","5.9520","","-0.05%"
"07/31/2011","5.9570","5.9550","5.9575","5.9550","","-0.02%"
"07/30/2011","5.9580","5.9580","5.9580","5.9580","","0.00%"
"07/29/2011","5.9580","5.9580","5.9580","5.9580","","0.00%"
"07/28/2011","5.9580","5.9560","5.9600","5.9548","","0.02%"
"07/27/2011","5.9569","5.9560","5.9598","5.9548","","0.00%"
"07/26/2011","5.9570","5.9600","5.9652","5.9543","","-0.08%"
"07/25/2011","5.9620","5.9610","5.9651","5.9593","","0.00%"
"07/24/2011","5.9620","5.9620","5.9620","5.9620","","0.00%"
"07/23/2011","5.9620","5.9620","5.9620","5.9620","","0.00%"
"07/22/2011","5.9620","5.9620","5.9620","5.9620","","0.00%"
"07/21/2011","5.9620","5.9640","5.9685","5.9598","","-0.07%"
"07/20/2011","5.9663","5.9570","5.9690","5.9550","","0.10%"
"07/19/2011","5.9603","5.9530","5.9620","5.9530","","0.11%"
"07/18/2011","5.9535","5.9530","5.9573","5.9528","","-0.01%"
"07/17/2011","5.9543","5.9520","5.9543","5.9543","","0.01%"
"07/16/2011","5.9540","5.9540","5.9540","5.9540","","0.00%"
"07/15/2011","5.9540","5.9540","5.9540","5.9540","","0.00%"
"07/14/2011","5.9540","5.9550","5.9628","5.9520","","-0.11%"
"07/13/2011","5.9605","5.9525","5.9719","5.9525","","0.09%"
"07/12/2011","5.9550","5.9490","5.9588","5.9495","","0.08%"
"07/11/2011","5.9500","5.9520","5.9567","5.9460","","-0.05%"
"07/10/2011","5.9530","5.9560","5.9575","5.9530","","-0.07%"
"07/09/2011","5.9570","5.9570","5.9570","5.9570","","0.00%"
"07/08/2011","5.9570","5.9570","5.9570","5.9570","","0.00%"
"07/07/2011","5.9570","5.9550","5.9598","5.9545","","0.01%"
"07/06/2011","5.9563","5.9570","5.9608","5.9540","","-0.04%"
"07/05/2011","5.9585","5.9540","5.9620","5.9549","","0.01%"
"07/04/2011","5.9582","5.9600","5.9640","5.9488","","-0.05%"
"07/03/2011","5.9610","5.9660","5.9670","5.9610","","-0.13%"
"07/02/2011","5.9685","5.9685","5.9685","5.9685","","0.00%"
"07/01/2011","5.9685","5.9685","5.9685","5.9685","","0.00%"
"06/30/2011","5.9685","5.9650","5.9735","5.9645","","-0.03%"
"06/29/2011","5.9700","5.9650","5.9750","5.9655","","0.07%"
"06/28/2011","5.9660","5.9630","5.9691","5.9630","","0.01%"
"06/27/2011","5.9653","5.9600","5.9675","5.9597","","0.07%"
"06/26/2011","5.9610","5.9610","5.9610","5.9610","","0.00%"
"06/25/2011","5.9610","5.9610","5.9610","5.9610","","0.00%"
"06/24/2011","5.9610","5.9610","5.9610","5.9610","","0.00%"
"06/23/2011","5.9610","5.9530","5.9648","5.9535","","0.10%"
"06/22/2011","5.9552","5.9425","5.9573","5.9452","","0.12%"
"06/21/2011","5.9480","5.9420","5.9498","5.9422","","0.04%"
"06/20/2011","5.9455","5.9440","5.9480","5.9405","","-0.03%"
"06/19/2011","5.9470","5.9470","5.9470","5.9470","","0.00%"
"06/18/2011","5.9470","5.9470","5.9470","5.9470","","0.00%"
"06/17/2011","5.9470","5.9470","5.9470","5.9470","","0.00%"
"06/16/2011","5.9470","5.9420","5.9495","5.9420","","0.06%"
"06/15/2011","5.9435","5.9420","5.9468","5.9410","","-0.02%"
"06/14/2011","5.9449","5.9420","5.9468","5.9413","","0.00%"
"06/13/2011","5.9449","5.9420","5.9463","5.9418","","0.02%"
"06/12/2011","5.9435","5.9435","5.9435","5.9435","","0.00%"
"06/11/2011","5.9435","5.9435","5.9435","5.9435","","0.00%"
"06/10/2011","5.9435","5.9435","5.9435","5.9435","","0.00%"
"06/09/2011","5.9435","5.9400","5.9462","5.9418","","0.00%"
"06/08/2011","5.9433","5.9390","5.9459","5.9392","","0.01%"
"06/07/2011","5.9425","5.9400","5.9443","5.9401","","0.03%"
"06/06/2011","5.9410","5.9380","5.9443","5.9384","","0.03%"
"06/05/2011","5.9390","5.9380","5.9390","5.9390","","-0.06%"
"06/04/2011","5.9425","5.9425","5.9425","5.9425","","0.00%"
"06/03/2011","5.9425","5.9425","5.9425","5.9425","","0.00%"
"06/02/2011","5.9425","5.9380","5.9490","5.9367","","0.03%"
"06/01/2011","5.9405","5.9390","5.9503","5.9383","","-0.03%"
"05/31/2011","5.9420","5.9470","5.9507","5.9375","","-0.09%"
"05/30/2011","5.9475","5.9480","5.9520","5.9447","","-0.02%"
"05/29/2011","5.9485","5.9540","5.9550","5.9473","","-0.14%"
"05/28/2011","5.9570","5.9570","5.9570","5.9570","","0.00%"
"05/27/2011","5.9570","5.9570","5.9570","5.9570","","0.00%"
"05/26/2011","5.9570","5.9510","5.9603","5.9515","","0.08%"
"05/25/2011","5.9520","5.9500","5.9551","5.9504","","-0.03%"
"05/24/2011","5.9537","5.9500","5.9543","5.9491","","0.02%"
"05/23/2011","5.9525","5.9530","5.9575","5.9492","","-0.03%"
"05/22/2011","5.9545","5.9530","5.9545","5.9545","","0.01%"
"05/21/2011","5.9540","5.9540","5.9540","5.9540","","0.00%"
"05/20/2011","5.9540","5.9540","5.9540","5.9540","","0.00%"
"05/19/2011","5.9540","5.9490","5.9626","5.9470","","0.04%"
"05/18/2011","5.9518","5.9425","5.9533","5.9445","","0.09%"
"05/17/2011","5.9465","5.9380","5.9495","5.9375","","0.11%"
"05/16/2011","5.9400","5.9360","5.9421","5.9359","","0.07%"
"05/15/2011","5.9360","5.9330","5.9380","5.9355","","0.00%"
"05/14/2011","5.9360","5.9360","5.9360","5.9360","","0.00%"
"05/13/2011","5.9360","5.9360","5.9360","5.9360","","0.00%"
"05/12/2011","5.9360","5.9380","5.9455","5.9348","","-0.07%"
"05/11/2011","5.9403","5.9360","5.9420","5.9373","","0.04%"
"05/10/2011","5.9380","5.9370","5.9418","5.9369","","-0.01%"
"05/09/2011","5.9385","5.9420","5.9463","5.9290","","-0.08%"
"05/08/2011","5.9435","5.9435","5.9435","5.9435","","0.00%"
"05/07/2011","5.9435","5.9435","5.9435","5.9435","","0.00%"
"05/06/2011","5.9435","5.9435","5.9435","5.9435","","0.00%"
"05/05/2011","5.9435","5.9500","5.9543","5.9410","","-0.13%"
"05/04/2011","5.9514","5.9450","5.9537","5.9455","","0.07%"
"05/03/2011","5.9473","5.9450","5.9496","5.9433","","0.02%"
"05/02/2011","5.9463","5.9460","5.9507","5.9438","","-0.01%"
"05/01/2011","5.9470","5.9470","5.9470","5.9470","","0.00%"
"04/30/2011","5.9470","5.9470","5.9470","5.9470","","0.00%"
"04/29/2011","5.9470","5.9470","5.9470","5.9470","","0.00%"
"04/28/2011","5.9470","5.9470","5.9538","5.9415","","-0.03%"
"04/27/2011","5.9490","5.9450","5.9550","5.9464","","-0.02%"
"04/26/2011","5.9500","5.9530","5.9773","5.9485","","-0.08%"
"04/25/2011","5.9548","5.9548","5.9548","5.9548","","0.00%"
"04/24/2011","5.9548","5.9548","5.9548","5.9548","","0.00%"
"04/23/2011","5.9548","5.9548","5.9548","5.9548","","0.00%"
"04/22/2011","5.9548","5.9548","5.9548","5.9548","","0.00%"
"04/21/2011","5.9548","5.9530","5.9584","5.9524","","0.03%"
"04/20/2011","5.9530","5.9530","5.9585","5.9511","","-0.05%"
"04/19/2011","5.9560","5.9550","5.9675","5.9527","","-0.02%"
"04/18/2011","5.9570","5.9490","5.9760","5.9463","","0.12%"
"04/17/2011","5.9500","5.9560","5.9590","5.9500","","-0.14%"
"04/16/2011","5.9585","5.9585","5.9585","5.9585","","0.00%"
"04/15/2011","5.9585","5.9585","5.9585","5.9585","","0.00%"
"04/14/2011","5.9585","5.9610","5.9838","5.9558","","-0.13%"
"04/13/2011","5.9661","5.9660","5.9725","5.9626","","-0.03%"
"04/12/2011","5.9680","5.9655","5.9736","5.9658","","0.02%"
"04/11/2011","5.9670","5.9620","5.9691","5.9570","","0.03%"
"04/10/2011","5.9655","5.9655","5.9655","5.9655","","0.00%"
"04/09/2011","5.9655","5.9655","5.9655","5.9655","","0.00%"
"04/08/2011","5.9655","5.9655","5.9655","5.9655","","0.00%"
"04/07/2011","5.9655","5.9640","5.9680","5.9615","","0.02%"
"04/06/2011","5.9645","5.9540","5.9673","5.9523","","0.18%"
"04/05/2011","5.9540","5.9515","5.9571","5.9505","","0.03%"
"04/04/2011","5.9525","5.9500","5.9605","5.9489","","-0.21%"
"04/03/2011","5.9650","5.9560","5.9650","5.9540","","0.09%"
"04/02/2011","5.9595","5.9595","5.9595","5.9595","","0.00%"
"04/01/2011","5.9595","5.9595","5.9595","5.9595","","0.00%"
"03/31/2011","5.9595","5.9625","5.9890","5.9546","","-0.12%"
"03/30/2011","5.9665","5.9470","5.9823","5.9475","","0.30%"
"03/29/2011","5.9485","5.9500","5.9630","5.9470","","-0.09%"
"03/28/2011","5.9537","5.9460","5.9560","5.9440","","0.11%"
"03/27/2011","5.9470","5.9480","5.9505","5.9460","","-0.07%"
"03/26/2011","5.9510","5.9510","5.9510","5.9510","","0.00%"
"03/25/2011","5.9510","5.9510","5.9510","5.9510","","0.00%"
"03/24/2011","5.9510","5.9520","5.9809","5.9480","","-0.06%"
"03/23/2011","5.9545","5.9425","5.9570","5.9340","","0.16%"
"03/22/2011","5.9450","5.9450","5.9450","5.9450","","0.15%"
"03/21/2011","5.9360","5.9310","5.9377","5.9303","","0.07%"
"03/20/2011","5.9318","5.9300","5.9328","5.9300","","0.01%"
"03/19/2011","5.9315","5.9315","5.9315","5.9315","","0.00%"
"03/18/2011","5.9315","5.9315","5.9315","5.9315","","0.00%"
"03/17/2011","5.9315","5.9250","5.9316","5.9255","","0.06%"
"03/16/2011","5.9280","5.9260","5.9547","5.9219","","0.02%"
"03/15/2011","5.9270","5.9250","5.9335","5.9243","","-0.07%"
"03/14/2011","5.9311","5.9170","5.9336","5.9143","","0.24%"
"03/13/2011","5.9170","5.9150","5.9185","5.9150","","0.04%"
"03/12/2011","5.9145","5.9145","5.9145","5.9145","","0.00%"
"03/11/2011","5.9145","5.9145","5.9145","5.9145","","0.00%"
"03/10/2011","5.9145","5.9120","5.9204","5.9109","","0.02%"
"03/09/2011","5.9135","5.9090","5.9148","5.9087","","0.04%"
"03/08/2011","5.9110","5.9000","5.9121","5.8985","","0.15%"
"03/07/2011","5.9023","5.8975","5.9030","5.8953","","0.06%"
"03/06/2011","5.8990","5.8960","5.9013","5.8980","","-0.01%"
"03/05/2011","5.8995","5.8995","5.8995","5.8995","","0.00%"
"03/04/2011","5.8995","5.8995","5.8995","5.8995","","0.00%"
"03/03/2011","5.8995","5.8940","5.9050","5.8895","","0.08%"
"03/02/2011","5.8950","5.8900","5.8971","5.8870","","0.04%"
"03/01/2011","5.8925","5.8875","5.8925","5.8879","","0.03%"
"02/28/2011","5.8910","5.8830","5.8933","5.8843","","0.08%"
"02/27/2011","5.8860","5.8860","5.8860","5.8860","","0.00%"
"02/26/2011","5.8860","5.8860","5.8860","5.8860","","0.00%"
"02/25/2011","5.8860","5.8860","5.8860","5.8860","","0.00%"
"02/24/2011","5.8860","5.8860","5.8930","5.8835","","-0.03%"
"02/23/2011","5.8875","5.8860","5.8933","5.8810","","0.01%"
"02/22/2011","5.8868","5.8870","5.8950","5.8838","","-0.09%"
"02/21/2011","5.8920","5.8880","5.8920","5.8885","","0.22%"
"02/20/2011","5.8790","5.8790","5.8790","5.8790","","0.00%"
"02/19/2011","5.8790","5.8790","5.8790","5.8790","","0.00%"
"02/18/2011","5.8790","5.8790","5.8790","5.8790","","0.00%"
"02/17/2011","5.8790","5.8790","5.8790","5.8790","","0.00%"
"02/16/2011","5.8790","5.8790","5.8790","5.8790","","0.00%"
"02/15/2011","5.8790","5.8790","5.8790","5.8790","","0.00%"
"02/14/2011","5.8790","5.8790","5.8790","5.8790","","0.00%"
"02/13/2011","5.8790","5.8790","5.8810","5.8785","","-0.05%"
"02/12/2011","5.8820","5.8820","5.8820","5.8820","","0.00%"
"02/11/2011","5.8820","5.8820","5.8820","5.8820","","0.00%"
"02/10/2011","5.8820","5.8795","5.8983","5.8760","","0.01%"
"02/09/2011","5.8813","5.8760","5.8843","5.8767","","0.04%"
"02/08/2011","5.8790","5.9500","5.9650","5.8743","","-1.24%"
"02/07/2011","5.9530","5.9300","5.9551","5.9280","","0.34%"
"02/06/2011","5.9328","5.9090","5.9338","5.9113","","1.29%"
"02/05/2011","5.8575","5.8575","5.8575","5.8575","","0.00%"
"02/04/2011","5.8575","5.8575","5.8575","5.8575","","0.00%"
"02/03/2011","5.8575","5.8575","5.8575","5.8575","","0.00%"
"02/02/2011","5.8575","5.8575","5.8575","5.8575","","0.00%"
"02/01/2011","5.8575","5.8575","5.8575","5.8575","","0.00%"
"01/31/2011","5.8575","5.8575","5.8575","5.8575","","0.00%"
"01/30/2011","5.8575","5.8575","5.8575","5.8575","","0.00%"
"01/29/2011","5.8575","5.8575","5.8575","5.8575","","0.00%"
"01/28/2011","5.8575","5.8575","5.8575","5.8575","","0.00%"
"01/27/2011","5.8575","5.8320","5.8598","5.8315","","0.42%"
"01/26/2011","5.8330","5.8150","5.8353","5.8166","","0.26%"
"01/25/2011","5.8180","5.8180","5.8180","5.8180","","0.00%"
"01/24/2011","5.8180","5.8070","5.8190","5.8045","","0.15%"
"01/23/2011","5.8090","5.8060","5.8090","5.8070","","0.00%"
"01/22/2011","5.8089","5.8089","5.8089","5.8089","","0.00%"
"01/21/2011","5.8089","5.8089","5.8089","5.8089","","0.00%"
"01/20/2011","5.8089","5.8090","5.8125","5.8075","","-0.02%"
"01/19/2011","5.8100","5.8210","5.8260","5.8085","","-0.22%"
"01/18/2011","5.8230","5.8235","5.8468","5.8215","","-0.04%"
"01/17/2011","5.8253","5.7980","5.8397","5.7930","","0.46%"
"01/16/2011","5.7989","5.7989","5.7989","5.7989","","0.00%"
"01/15/2011","5.7989","5.7989","5.7989","5.7989","","0.00%"
"01/14/2011","5.7989","5.7989","5.7989","5.7989","","0.00%"
"01/13/2011","5.7989","5.7980","5.8005","5.7950","","0.00%"
"01/12/2011","5.7990","5.8020","5.8124","5.7925","","-0.07%"
"01/11/2011","5.8029","5.8010","5.8043","5.8012","","0.02%"
"01/10/2011","5.8020","5.7990","5.8066","5.7995","","0.03%"
"01/09/2011","5.8000","5.8000","5.8000","5.8000","","0.00%"
"01/08/2011","5.8000","5.8000","5.8000","5.8000","","0.00%"
"01/07/2011","5.8000","5.8000","5.8000","5.8000","","0.00%"
"01/06/2011","5.8000","5.7940","5.8025","5.7945","","0.07%"
"01/05/2011","5.7959","5.7910","5.8040","5.7912","","0.07%"
"01/04/2011","5.7920","5.7995","5.8088","5.7899","","-0.16%"
"01/03/2011","5.8010","5.8030","5.8066","5.7995","","-0.05%"
"01/02/2011","5.8040","5.8030","5.8040","5.8040","","-0.02%"
"01/01/2011","5.8050","5.8050","5.8050","5.8050","","0.00%"
"12/31/2010","5.8050","5.8050","5.8050","5.8050","","0.00%"
"12/30/2010","5.8050","5.8030","5.8073","5.8038","","0.00%"
"12/29/2010","5.8050","5.8060","5.8330","5.8020","","-0.03%"
"12/28/2010","5.8070","5.8060","5.8084","5.8060","","0.00%"
"12/27/2010","5.8070","5.8060","5.8087","5.8050","","0.02%"
"12/26/2010","5.8060","5.8030","5.8060","5.8060","","-0.02%"
"12/25/2010","5.8070","5.8070","5.8070","5.8070","","0.00%"
"12/24/2010","5.8070","5.8070","5.8070","5.8070","","0.00%"
"12/23/2010","5.8070","5.8060","5.8086","5.8062","","0.00%"
"12/22/2010","5.8070","5.8050","5.8088","5.8054","","0.02%"
"12/21/2010","5.8060","5.8026","5.8138","5.8025","","0.03%"
"12/20/2010","5.8040","5.7960","5.8141","5.7959","","0.13%"
"12/19/2010","5.7967","5.7967","5.7967","5.7967","","0.00%"
"12/18/2010","5.7967","5.7967","5.7967","5.7967","","0.00%"
"12/17/2010","5.7967","5.7967","5.7967","5.7967","","0.00%"
"12/16/2010","5.7967","5.7945","5.7997","5.7951","","0.01%"
"12/15/2010","5.7960","5.7930","5.7980","5.7880","","0.03%"
"12/14/2010","5.7940","5.7930","5.8008","5.7880","","-0.09%"
"12/13/2010","5.7990","5.7950","5.8045","5.7950","","0.05%"
"12/12/2010","5.7960","5.7910","5.7960","5.7920","","0.11%"
"12/11/2010","5.7897","5.7897","5.7897","5.7897","","0.00%"
"12/10/2010","5.7897","5.7897","5.7897","5.7897","","0.00%"
"12/09/2010","5.7897","5.7870","5.7928","5.7873","","0.03%"
"12/08/2010","5.7880","5.7810","5.7906","5.7810","","0.10%"
"12/07/2010","5.7820","5.7820","5.7820","5.7820","","0.00%"
"12/06/2010","5.7820","5.7810","5.7916","5.7745","","0.00%"
"12/05/2010","5.7820","5.7850","5.7860","5.7810","","-0.09%"
"12/04/2010","5.7870","5.7870","5.7870","5.7870","","0.00%"
"12/03/2010","5.7870","5.7870","5.7870","5.7870","","0.00%"
"12/02/2010","5.7870","5.7855","5.7945","5.7848","","0.00%"
"12/01/2010","5.7870","5.7890","5.7941","5.7855","","-0.05%"
"11/30/2010","5.7900","5.7855","5.7956","5.7860","","0.05%"
"11/29/2010","5.7870","5.7751","5.7936","5.7745","","0.20%"
"11/28/2010","5.7752","5.7752","5.7752","5.7752","","0.00%"
"11/27/2010","5.7752","5.7752","5.7752","5.7752","","0.00%"
"11/26/2010","5.7752","5.7752","5.7752","5.7752","","0.00%"
"11/25/2010","5.7752","5.7700","5.7776","5.7655","","0.07%"
"11/24/2010","5.7710","5.7555","5.7728","5.7540","","0.25%"
"11/23/2010","5.7568","5.7475","5.7595","5.7480","","0.12%"
"11/22/2010","5.7500","5.7500","5.7549","5.7470","","-0.02%"
"11/21/2010","5.7510","5.7510","5.7510","5.7510","","0.00%"
"11/20/2010","5.7510","5.7510","5.7510","5.7510","","0.00%"
"11/19/2010","5.7510","5.7510","5.7510","5.7510","","0.00%"
"11/18/2010","5.7510","5.7500","5.7525","5.7485","","0.00%"
"11/17/2010","5.7510","5.7510","5.7510","5.7510","","0.00%"
"11/16/2010","5.7510","5.7510","5.7510","5.7510","","0.00%"
"11/15/2010","5.7510","5.7510","5.7510","5.7510","","0.00%"
"11/14/2010","5.7510","5.7510","5.7525","5.7500","","0.00%"
"11/13/2010","5.7510","5.7510","5.7510","5.7510","","0.00%"
"11/12/2010","5.7510","5.7510","5.7510","5.7510","","0.00%"
"11/11/2010","5.7510","5.7520","5.7641","5.7510","","-0.04%"
"11/10/2010","5.7535","5.7460","5.7566","5.7460","","0.11%"
"11/09/2010","5.7470","5.7250","5.7573","5.7273","","0.38%"
"11/08/2010","5.7250","5.7120","5.7325","5.7110","","0.21%"
"11/07/2010","5.7130","5.7140","5.7150","5.7130","","-0.05%"
"11/06/2010","5.7160","5.7160","5.7160","5.7160","","0.00%"
"11/05/2010","5.7160","5.7160","5.7160","5.7160","","0.00%"
"11/04/2010","5.7160","5.7770","5.7794","5.7140","","-1.07%"
"11/03/2010","5.7778","5.7765","5.7801","5.7767","","0.00%"
"11/02/2010","5.7780","5.7750","5.7799","5.7730","","0.04%"
"11/01/2010","5.7758","5.7735","5.7776","5.7745","","0.01%"
"10/31/2010","5.7755","5.7755","5.7755","5.7755","","0.01%"
"10/30/2010","5.7748","5.7748","5.7748","5.7748","","0.00%"
"10/29/2010","5.7748","5.7748","5.7748","5.7748","","0.00%"
"10/28/2010","5.7748","5.7740","5.7771","5.7726","","0.00%"
"10/27/2010","5.7750","5.7715","5.7780","5.7705","","0.03%"
"10/26/2010","5.7730","5.7670","5.7775","5.7665","","0.09%"
"10/25/2010","5.7680","5.7580","5.7705","5.7550","","0.16%"
"10/24/2010","5.7590","5.7590","5.7590","5.7590","","0.00%"
"10/23/2010","5.7590","5.7590","5.7590","5.7590","","0.00%"
"10/22/2010","5.7590","5.7580","5.7590","5.7590","","-0.01%"
"10/21/2010","5.7596","5.7580","5.7611","5.7560","","0.00%"
"10/20/2010","5.7595","5.7325","5.7692","5.7290","","0.40%"
"10/19/2010","5.7363","5.7130","5.7420","5.7123","","0.39%"
"10/18/2010","5.7140","5.6990","5.7160","5.6975","","0.25%"
"10/17/2010","5.7000","5.7000","5.7015","5.7000","","0.00%"
"10/16/2010","5.7000","5.7000","5.7000","5.7000","","0.00%"
"10/15/2010","5.7000","5.7000","5.7000","5.7000","","0.00%"
"10/14/2010","5.7000","5.7010","5.7035","5.6983","","-0.02%"
"10/13/2010","5.7014","5.7030","5.7068","5.7001","","-0.03%"
"10/12/2010","5.7030","5.6930","5.7063","5.6910","","0.15%"
"10/11/2010","5.6942","5.6920","5.6976","5.6919","","-0.01%"
"10/10/2010","5.6946","5.6930","5.6946","5.6928","","-0.01%"
"10/09/2010","5.6950","5.6950","5.6950","5.6950","","0.00%"
"10/08/2010","5.6950","5.6950","5.6950","5.6950","","0.00%"
"10/07/2010","5.6950","5.6940","5.6973","5.6935","","-0.02%"
"10/06/2010","5.6960","5.6960","5.6960","5.6960","","0.00%"
"10/05/2010","5.6960","5.6955","5.6987","5.6923","","0.00%"
"10/04/2010","5.6960","5.6905","5.6982","5.6915","","0.07%"
"10/03/2010","5.6920","5.6910","5.6950","5.6920","","-0.02%"
"10/02/2010","5.6930","5.6930","5.6930","5.6930","","0.00%"
"10/01/2010","5.6930","5.6930","5.6930","5.6930","","0.00%"
"09/30/2010","5.6930","5.6979","5.7042","5.6892","","-0.11%"
"09/29/2010","5.6990","5.6990","5.7044","5.6968","","0.00%"
"09/28/2010","5.6991","5.6970","5.7050","5.6968","","0.02%"
"09/27/2010","5.6980","5.6970","5.7036","5.6955","","0.00%"
"09/26/2010","5.6980","5.7000","5.7010","5.6970","","-0.08%"
"09/25/2010","5.7025","5.7025","5.7025","5.7025","","0.00%"
"09/24/2010","5.7025","5.7025","5.7025","5.7025","","0.00%"
"09/23/2010","5.7025","5.7015","5.7033","5.7006","","0.00%"
"09/22/2010","5.7025","5.7020","5.7051","5.6998","","-0.02%"
"09/21/2010","5.7037","5.7030","5.7120","5.6967","","-0.49%"
"09/20/2010","5.7319","5.7010","5.7322","5.6985","","0.49%"
"09/19/2010","5.7040","5.7030","5.7040","5.7040","","-0.02%"
"09/18/2010","5.7050","5.7050","5.7050","5.7050","","0.00%"
"09/17/2010","5.7050","5.7040","5.7050","5.7050","","0.00%"
"09/16/2010","5.7050","5.7050","5.7074","5.7027","","-0.02%"
"09/15/2010","5.7060","5.7050","5.7085","5.7032","","0.00%"
"09/14/2010","5.7059","5.7050","5.7071","5.7043","","0.00%"
"09/13/2010","5.7060","5.7030","5.7078","5.7043","","0.01%"
"09/12/2010","5.7055","5.7055","5.7055","5.7055","","0.00%"
"09/11/2010","5.7055","5.7055","5.7055","5.7055","","0.00%"
"09/10/2010","5.7055","5.7055","5.7055","5.7055","","0.00%"
"09/09/2010","5.7055","5.7055","5.7055","5.7055","","0.00%"
"09/08/2010","5.7055","5.7025","5.7080","5.7029","","0.01%"
"09/07/2010","5.7048","5.7005","5.7059","5.7015","","0.05%"
"09/06/2010","5.7020","5.7025","5.7052","5.6998","","-0.04%"
"09/05/2010","5.7040","5.7040","5.7055","5.7030","","-0.03%"
"09/04/2010","5.7055","5.7055","5.7055","5.7055","","0.00%"
"09/03/2010","5.7055","5.7055","5.7055","5.7055","","0.00%"
"09/02/2010","5.7055","5.7045","5.7064","5.7048","","0.00%"
"09/01/2010","5.7055","5.7050","5.7078","5.7041","","0.00%"
"08/31/2010","5.7056","5.7040","5.7074","5.7044","","0.04%"
"08/30/2010","5.7035","5.7020","5.7275","5.6990","","-0.01%"
"08/29/2010","5.7040","5.7020","5.7040","5.7005","","-0.01%"
"08/28/2010","5.7043","5.7043","5.7043","5.7043","","0.00%"
"08/27/2010","5.7043","5.7043","5.7043","5.7043","","0.00%"
"08/26/2010","5.7043","5.7025","5.7056","5.7025","","0.01%"
"08/25/2010","5.7035","5.7025","5.7058","5.7020","","-0.01%"
"08/24/2010","5.7041","5.6965","5.7052","5.6975","","0.11%"
"08/23/2010","5.6980","5.6965","5.7002","5.6953","","0.04%"
"08/22/2010","5.6960","5.6930","5.6960","5.6960","","0.04%"
"08/21/2010","5.6939","5.6939","5.6939","5.6939","","0.00%"
"08/20/2010","5.6939","5.6939","5.6939","5.6939","","0.00%"
"08/19/2010","5.6939","5.6943","5.6968","5.6920","","-0.02%"
"08/18/2010","5.6953","5.6940","5.6975","5.6750","","-0.01%"
"08/17/2010","5.6960","5.7000","5.7063","5.6768","","-0.09%"
"08/16/2010","5.7010","5.6970","5.7056","5.6973","","0.00%"
"08/15/2010","5.7010","5.6980","5.7010","5.7010","","0.04%"
"08/14/2010","5.6990","5.6990","5.6990","5.6990","","0.00%"
"08/13/2010","5.6990","5.6990","5.6990","5.6990","","0.00%"
"08/12/2010","5.6990","5.6870","5.7056","5.6855","","0.18%"
"08/11/2010","5.6890","5.6760","5.6991","5.6739","","0.19%"
"08/10/2010","5.6780","5.6750","5.6891","5.6739","","0.11%"
"08/09/2010","5.6715","5.6710","5.6877","5.6668","","0.03%"
"08/08/2010","5.6700","5.6690","5.6720","5.6700","","-0.09%"
"08/07/2010","5.6750","5.6750","5.6750","5.6750","","0.00%"
"08/06/2010","5.6750","5.6750","5.6750","5.6750","","0.00%"
"08/05/2010","5.6750","5.6790","5.6948","5.6665","","-0.11%"
"08/04/2010","5.6813","5.6900","5.6940","5.6756","","-0.18%"
"08/03/2010","5.6913","5.6800","5.7060","5.6845","","-0.04%"
"08/02/2010","5.6933","5.6980","5.7040","5.6860","","-0.05%"
"08/01/2010","5.6963","5.6940","5.6970","5.6963","","-0.08%"