Date,Split,AssetID,AssetName,AssetGroup,realized_risk,PredictedRisk,realized_rank,PredictedRank,PredictedRankPct,PredictionError
2011-01,train,ABUK.CA,Abou Kir Fertilizers,Equity,0.08695652335882187,0.45046553015708923,3.0,7.0,0.2608695652173913,0.36350900679826736
2011-01,train,ADIB.CA,Abu Dhabi Islamic Bank- Egypt,Equity,0.9130434989929199,0.6377482414245605,22.0,23.0,0.9565217391304348,-0.2752952575683594
2011-01,train,AMOC.CA,Alexandria Mineral Oils Company,Equity,0.4637681245803833,0.49063682556152344,11.5,10.0,0.391304347826087,0.026868700981140137
2011-01,train,Bonds,5-Year Government Bonds,Bonds,0.043478261679410934,0.32995572686195374,2.0,2.0,0.043478260869565216,0.2864774651825428
2011-01,train,CCAP.CA,QALA For Financial Investments,Equity,0.695652186870575,0.5542516708374023,17.5,17.0,0.6956521739130435,-0.1414005160331726
2011-01,train,COMI.CA,Commercial International Bank-Egypt (CIB),Equity,0.3913043439388275,0.5138141512870789,10.0,13.0,0.5217391304347826,0.12250980734825134
2011-01,train,EAST.CA,Eastern Company,Equity,0.28985506296157837,0.5455929040908813,7.5,16.0,0.6521739130434783,0.255737841129303
2011-01,train,EGAL.CA,Egypt Aluminum,Equity,0.8260869383811951,0.5841224193572998,20.0,19.0,0.782608695652174,-0.24196451902389526
2011-01,train,EGCH.CA,Egyptian Chemical Industries (Kima),Equity,0.9855072498321533,0.6493124961853027,24.0,24.0,1.0,-0.3361947536468506
2011-01,train,EGX30,EGX30 Index,EquityIndex,0.4637681245803833,0.3816862106323242,11.5,3.0,0.08695652173913043,-0.08208191394805908
2011-01,train,ETEL.CA,Telecom Egypt,Equity,0.28985506296157837,0.41729772090911865,7.5,4.0,0.13043478260869565,0.12744265794754028
2011-01,train,GBCO.CA,GB Corp,Equity,0.6086956262588501,0.6095046997070312,15.5,20.0,0.8260869565217391,0.0008090734481811523
2011-01,train,Gold,24K Gold (EGP),Gold,0.1304347813129425,0.4900882840156555,4.0,9.0,0.34782608695652173,0.359653502702713
2011-01,train,HELI.CA,Heliopolis Housing,Equity,0.9275362491607666,0.621508002281189,23.0,21.0,0.8695652173913043,-0.30602824687957764
2011-01,train,HRHO.CA,EFG Holding,Equity,0.6086956262588501,0.4947800040245056,15.5,11.0,0.43478260869565216,-0.11391562223434448
2011-01,train,JUFO.CA,Juhayna Food Industries,Equity,0.3188405930995941,0.5099777579307556,9.0,12.0,0.4782608695652174,0.1911371648311615
2011-01,train,MCQE.CA,Misr Cement (Qena),Equity,0.2753623127937317,0.4363219141960144,6.0,6.0,0.21739130434782608,0.16095960140228271
2011-01,train,MoneyMarket,91-Day T-Bills,MoneyMarket,0.0,0.31824567914009094,1.0,1.0,0.0,0.31824567914009094
2011-01,train,ORWE.CA,Oriental Weavers,Equity,0.17391304671764374,0.481034517288208,5.0,8.0,0.30434782608695654,0.30712147057056427
2011-01,train,PHDC.CA,Palm Hills Development Company,Equity,0.52173912525177,0.5725899338722229,13.0,18.0,0.7391304347826086,0.05085080862045288
2011-01,train,RAYA.CA,Raya Holding For Financial Investments,Equity,0.8985507488250732,0.6275961995124817,21.0,22.0,0.9130434782608695,-0.27095454931259155
2011-01,train,REIT,REIT Index,REIT,0.695652186870575,0.4267866611480713,17.5,5.0,0.17391304347826086,-0.26886552572250366
2011-01,train,TMGH.CA,T M G Holding,Equity,0.5942028760910034,0.5328094959259033,14.0,14.0,0.5652173913043478,-0.0613933801651001
2011-01,train,VLMR.CA,Valmore Holding,Equity,0.7971014380455017,0.5381758213043213,19.0,15.0,0.6086956521739131,-0.2589256167411804
2011-08,train,ABUK.CA,Abou Kir Fertilizers,Equity,0.24637681245803833,0.3488970696926117,5.0,2.0,0.045454545454545456,0.10252025723457336
2011-08,train,ADIB.CA,Abu Dhabi Islamic Bank- Egypt,Equity,0.49275362491607666,0.5239584445953369,12.5,12.0,0.5,0.031204819679260254
2011-08,train,AMOC.CA,Alexandria Mineral Oils Company,Equity,0.8695651888847351,0.5345659255981445,21.0,13.0,0.5454545454545454,-0.3349992632865906
2011-08,train,BTFH.CA,Beltone Holding,Equity,0.9130434989929199,0.6430947780609131,22.0,23.0,1.0,-0.26994872093200684
2011-08,train,CCAP.CA,QALA For Financial Investments,Equity,0.8405796885490417,0.5975143313407898,19.5,19.0,0.8181818181818182,-0.24306535720825195
2011-08,train,COMI.CA,Commercial International Bank-Egypt (CIB),Equity,0.36231884360313416,0.48187482357025146,8.0,10.0,0.4090909090909091,0.11955597996711731
2011-08,train,EAST.CA,Eastern Company,Equity,0.1304347813129425,0.4580345153808594,2.0,8.0,0.3181818181818182,0.32759973406791687
2011-08,train,EGAL.CA,Egypt Aluminum,Equity,0.5507246255874634,0.49987152218818665,14.0,11.0,0.45454545454545453,-0.05085310339927673
2011-08,train,EGCH.CA,Egyptian Chemical Industries (Kima),Equity,0.9855072498321533,0.6178165674209595,23.0,20.0,0.8636363636363636,-0.36769068241119385
2011-08,train,EGX30,EGX30 Index,EquityIndex,0.47826087474823,0.37419578433036804,10.5,3.0,0.09090909090909091,-0.10406509041786194
2011-08,train,ETEL.CA,Telecom Egypt,Equity,0.15942029654979706,0.433784157037735,3.0,6.0,0.22727272727272727,0.2743638604879379
2011-08,train,GBCO.CA,GB Corp,Equity,0.49275362491607666,0.553889274597168,12.5,15.0,0.6363636363636364,0.06113564968109131
2011-08,train,Gold,24K Gold (EGP),Gold,0.3478260934352875,0.3302006125450134,7.0,1.0,0.0,-0.017625480890274048
2011-08,train,HELI.CA,Heliopolis Housing,Equity,0.47826087474823,0.5571749210357666,10.5,16.0,0.6818181818181818,0.07891404628753662
2011-08,train,HRHO.CA,EFG Holding,Equity,0.7681159377098083,0.5586010217666626,17.0,17.0,0.7272727272727273,-0.20951491594314575
2011-08,train,JUFO.CA,Juhayna Food Industries,Equity,0.2753623127937317,0.40875479578971863,6.0,5.0,0.18181818181818182,0.13339248299598694
2011-08,train,MCQE.CA,Misr Cement (Qena),Equity,0.23188406229019165,0.46506649255752563,4.0,9.0,0.36363636363636365,0.23318243026733398
2011-08,train,ORWE.CA,Oriental Weavers,Equity,0.05797101557254791,0.3862279951572418,1.0,4.0,0.13636363636363635,0.3282569795846939
2011-08,train,PHDC.CA,Palm Hills Development Company,Equity,0.782608687877655,0.6353976726531982,18.0,22.0,0.9545454545454546,-0.1472110152244568
2011-08,train,RAYA.CA,Raya Holding For Financial Investments,Equity,0.8405796885490417,0.5875488519668579,19.5,18.0,0.7727272727272727,-0.25303083658218384
2011-08,train,REIT,REIT Index,REIT,0.6666666865348816,0.5386094450950623,16.0,14.0,0.5909090909090909,-0.12805724143981934
2011-08,train,TMGH.CA,T M G Holding,Equity,0.5942028760910034,0.6220545768737793,15.0,21.0,0.9090909090909091,0.02785170078277588
2011-08,train,VLMR.CA,Valmore Holding,Equity,0.43478259444236755,0.45547381043434143,9.0,7.0,0.2727272727272727,0.020691215991973877
2011-09,train,ABUK.CA,Abou Kir Fertilizers,Equity,0.07246376574039459,0.39093565940856934,2.0,3.0,0.09090909090909091,0.31847189366817474
2011-09,train,ADIB.CA,Abu Dhabi Islamic Bank- Egypt,Equity,0.6521739363670349,0.536965012550354,13.5,13.0,0.5454545454545454,-0.11520892381668091
2011-09,train,AMOC.CA,Alexandria Mineral Oils Company,Equity,0.2753623127937317,0.5763625502586365,6.0,16.0,0.6818181818181818,0.3010002374649048
2011-09,train,BTFH.CA,Beltone Holding,Equity,0.7971014380455017,0.6481762528419495,19.0,22.0,0.9545454545454546,-0.14892518520355225
2011-09,train,CCAP.CA,QALA For Financial Investments,Equity,0.6666666865348816,0.6327766180038452,15.5,21.0,0.9090909090909091,-0.03389006853103638
2011-09,train,COMI.CA,Commercial International Bank-Egypt (CIB),Equity,0.6811594367027283,0.48585179448127747,17.0,9.0,0.36363636363636365,-0.1953076422214508
2011-09,train,EAST.CA,Eastern Company,Equity,0.3478260934352875,0.45393106341362,8.0,7.0,0.2727272727272727,0.10610496997833252
2011-09,train,EGAL.CA,Egypt Aluminum,Equity,0.4637681245803833,0.512462317943573,11.0,11.0,0.45454545454545453,0.0486941933631897
2011-09,train,EGCH.CA,Egyptian Chemical Industries (Kima),Equity,0.95652174949646,0.648204505443573,22.0,23.0,1.0,-0.30831724405288696
2011-09,train,EGX30,EGX30 Index,EquityIndex,0.4202898442745209,0.39886173605918884,10.0,4.0,0.13636363636363635,-0.02142810821533203
2011-09,train,ETEL.CA,Telecom Egypt,Equity,0.3333333432674408,0.41641125082969666,7.0,6.0,0.22727272727272727,0.08307790756225586
2011-09,train,GBCO.CA,GB Corp,Equity,0.8260869383811951,0.5518616437911987,20.5,14.0,0.5909090909090909,-0.27422529458999634
2011-09,train,Gold,24K Gold (EGP),Gold,0.6666666865348816,0.3711744248867035,15.5,1.0,0.0,-0.2954922616481781
2011-09,train,HELI.CA,Heliopolis Housing,Equity,0.7681159377098083,0.5551316142082214,18.0,15.0,0.6363636363636364,-0.21298432350158691
2011-09,train,HRHO.CA,EFG Holding,Equity,0.21739129722118378,0.5797643661499023,4.5,17.0,0.7272727272727273,0.36237306892871857
2011-09,train,JUFO.CA,Juhayna Food Industries,Equity,0.21739129722118378,0.40645265579223633,4.5,5.0,0.18181818181818182,0.18906135857105255
2011-09,train,MCQE.CA,Misr Cement (Qena),Equity,0.05797101557254791,0.4585319757461548,1.0,8.0,0.3181818181818182,0.4005609601736069
2011-09,train,ORWE.CA,Oriental Weavers,Equity,0.17391304671764374,0.3828374147415161,3.0,2.0,0.045454545454545456,0.20892436802387238
2011-09,train,PHDC.CA,Palm Hills Development Company,Equity,0.8260869383811951,0.6302447319030762,20.5,20.0,0.8636363636363636,-0.1958422064781189
2011-09,train,RAYA.CA,Raya Holding For Financial Investments,Equity,0.9710144996643066,0.5911870002746582,23.0,18.0,0.7727272727272727,-0.37982749938964844
2011-09,train,REIT,REIT Index,REIT,0.5942028760910034,0.5284990072250366,12.0,12.0,0.5,-0.0657038688659668
2011-09,train,TMGH.CA,T M G Holding,Equity,0.6521739363670349,0.618262529373169,13.5,19.0,0.8181818181818182,-0.03391140699386597
2011-09,train,VLMR.CA,Valmore Holding,Equity,0.36231884360313416,0.48866117000579834,9.0,10.0,0.4090909090909091,0.12634232640266418
2011-10,train,ABUK.CA,Abou Kir Fertilizers,Equity,0.782608687877655,0.383600652217865,17.5,2.0,0.045454545454545456,-0.39900803565979004
2011-10,train,ADIB.CA,Abu Dhabi Islamic Bank- Egypt,Equity,0.5072463750839233,0.5291760563850403,12.0,13.0,0.5454545454545454,0.021929681301116943
2011-10,train,AMOC.CA,Alexandria Mineral Oils Company,Equity,0.24637681245803833,0.5116456747055054,5.5,10.0,0.4090909090909091,0.26526886224746704
2011-10,train,BTFH.CA,Beltone Holding,Equity,0.8260869383811951,0.6368697881698608,20.0,21.0,0.9090909090909091,-0.18921715021133423
2011-10,train,CCAP.CA,QALA For Financial Investments,Equity,0.9275362491607666,0.6168141961097717,22.0,18.0,0.7727272727272727,-0.3107220530509949
2011-10,train,COMI.CA,Commercial International Bank-Egypt (CIB),Equity,0.260869562625885,0.515933096408844,7.0,11.0,0.45454545454545453,0.255063533782959
2011-10,train,EAST.CA,Eastern Company,Equity,0.23188406229019165,0.43291398882865906,4.0,8.0,0.3181818181818182,0.2010299265384674
2011-10,train,EGAL.CA,Egypt Aluminum,Equity,0.9130434989929199,0.5368616580963135,21.0,14.0,0.5909090909090909,-0.37618184089660645
2011-10,train,EGCH.CA,Egyptian Chemical Industries (Kima),Equity,0.7971014380455017,0.647800087928772,19.0,22.0,0.9545454545454546,-0.14930135011672974
2011-10,train,EGX30,EGX30 Index,EquityIndex,0.30434781312942505,0.40988239645957947,8.0,4.0,0.13636363636363635,0.10553458333015442
2011-10,train,ETEL.CA,Telecom Egypt,Equity,0.24637681245803833,0.4240765869617462,5.5,7.0,0.2727272727272727,0.17769977450370789
2011-10,train,GBCO.CA,GB Corp,Equity,0.4202898442745209,0.5751891136169434,9.0,17.0,0.7272727272727273,0.15489926934242249
2011-10,train,Gold,24K Gold (EGP),Gold,0.1304347813129425,0.41436105966567993,2.0,5.0,0.18181818181818182,0.2839262783527374
2011-10,train,HELI.CA,Heliopolis Housing,Equity,0.6231883764266968,0.5746925473213196,15.0,16.0,0.6818181818181818,-0.0484958291053772
2011-10,train,HRHO.CA,EFG Holding,Equity,0.6666666865348816,0.5523331165313721,16.0,15.0,0.6363636363636364,-0.11433357000350952
2011-10,train,JUFO.CA,Juhayna Food Industries,Equity,0.49275362491607666,0.390675812959671,11.0,3.0,0.09090909090909091,-0.10207781195640564
2011-10,train,MCQE.CA,Misr Cement (Qena),Equity,0.5942028760910034,0.4145057499408722,14.0,6.0,0.22727272727272727,-0.17969712615013123
2011-10,train,ORWE.CA,Oriental Weavers,Equity,0.043478261679410934,0.38064315915107727,1.0,1.0,0.0,0.33716489747166634
2011-10,train,PHDC.CA,Palm Hills Development Company,Equity,0.782608687877655,0.6321279406547546,17.5,20.0,0.8636363636363636,-0.1504807472229004
2011-10,train,RAYA.CA,Raya Holding For Financial Investments,Equity,0.9855072498321533,0.656401515007019,23.0,23.0,1.0,-0.3291057348251343
2011-10,train,REIT,REIT Index,REIT,0.4637681245803833,0.517959475517273,10.0,12.0,0.5,0.05419135093688965
2011-10,train,TMGH.CA,T M G Holding,Equity,0.5362318754196167,0.6171296238899231,13.0,19.0,0.8181818181818182,0.0808977484703064
2011-10,train,VLMR.CA,Valmore Holding,Equity,0.21739129722118378,0.4764847755432129,3.0,9.0,0.36363636363636365,0.2590934783220291
2011-11,train,ABUK.CA,Abou Kir Fertilizers,Equity,0.36231884360313416,0.40295660495758057,8.0,5.0,0.17391304347826086,0.04063776135444641
2011-11,train,ADIB.CA,Abu Dhabi Islamic Bank- Egypt,Equity,0.52173912525177,0.5534651875495911,13.0,15.0,0.6086956521739131,0.031726062297821045
2011-11,train,AMOC.CA,Alexandria Mineral Oils Company,Equity,0.260869562625885,0.5561004877090454,7.0,16.0,0.6521739130434783,0.2952309250831604
2011-11,train,BTFH.CA,Beltone Holding,Equity,0.6811594367027283,0.6317681074142456,18.0,21.0,0.8695652173913043,-0.049391329288482666
2011-11,train,CCAP.CA,QALA For Financial Investments,Equity,0.6521739363670349,0.6232542991638184,17.0,20.0,0.8260869565217391,-0.028919637203216553
2011-11,train,COMI.CA,Commercial International Bank-Egypt (CIB),Equity,0.6376811861991882,0.5178900957107544,16.0,11.0,0.43478260869565216,-0.11979109048843384
2011-11,train,EAST.CA,Eastern Company,Equity,0.043478261679410934,0.3940422534942627,2.0,3.0,0.08695652173913043,0.35056399181485176
2011-11,train,EGAL.CA,Egypt Aluminum,Equity,0.5797101259231567,0.5323882102966309,14.5,13.0,0.5217391304347826,-0.04732191562652588
2011-11,train,EGCH.CA,Egyptian Chemical Industries (Kima),Equity,0.9855072498321533,0.645718514919281,24.0,23.0,0.9565217391304348,-0.3397887349128723
2011-11,train,EGX30,EGX30 Index,EquityIndex,0.43478259444236755,0.4450356662273407,10.0,7.0,0.2608695652173913,0.010253071784973145
2011-11,train,ETEL.CA,Telecom Egypt,Equity,0.4637681245803833,0.4207989573478699,12.0,6.0,0.21739130434782608,-0.04296916723251343
2011-11,train,GBCO.CA,GB Corp,Equity,0.4492753744125366,0.5350629687309265,11.0,14.0,0.5652173913043478,0.08578759431838989
2011-11,train,Gold,24K Gold (EGP),Gold,0.11594203114509583,0.44707271456718445,3.0,8.0,0.30434782608695654,0.3311306834220886
2011-11,train,HELI.CA,Heliopolis Housing,Equity,0.7971014380455017,0.5813371539115906,19.5,18.0,0.7391304347826086,-0.21576428413391113
2011-11,train,HRHO.CA,EFG Holding,Equity,0.9130434989929199,0.5624107718467712,22.0,17.0,0.6956521739130435,-0.3506327271461487
2011-11,train,JUFO.CA,Juhayna Food Industries,Equity,0.8550724387168884,0.455720454454422,21.0,9.0,0.34782608695652173,-0.39935198426246643
2011-11,train,MCQE.CA,Misr Cement (Qena),Equity,0.1304347813129425,0.398424357175827,4.0,4.0,0.13043478260869565,0.2679895758628845
2011-11,train,MoneyMarket,91-Day T-Bills,MoneyMarket,0.0,0.31593218445777893,1.0,1.0,0.0,0.31593218445777893
2011-11,train,ORWE.CA,Oriental Weavers,Equity,0.15942029654979706,0.3734752833843231,5.0,2.0,0.043478260869565216,0.21405498683452606
2011-11,train,PHDC.CA,Palm Hills Development Company,Equity,0.7971014380455017,0.6334364414215088,19.5,22.0,0.9130434782608695,-0.16366499662399292
2011-11,train,RAYA.CA,Raya Holding For Financial Investments,Equity,0.9710144996643066,0.6642603874206543,23.0,24.0,1.0,-0.30675411224365234
2011-11,train,REIT,REIT Index,REIT,0.5797101259231567,0.5281534790992737,14.5,12.0,0.4782608695652174,-0.05155664682388306
2011-11,train,TMGH.CA,T M G Holding,Equity,0.3913043439388275,0.5884131193161011,9.0,19.0,0.782608695652174,0.19710877537727356
2011-11,train,VLMR.CA,Valmore Holding,Equity,0.21739129722118378,0.47335007786750793,6.0,10.0,0.391304347826087,0.25595878064632416
2011-12,train,ABUK.CA,Abou Kir Fertilizers,Equity,0.7424242496490479,0.40393567085266113,18.0,4.0,0.13636363636363635,-0.3384885787963867
2011-12,train,ADIB.CA,Abu Dhabi Islamic Bank- Egypt,Equity,0.5909090638160706,0.5467351078987122,13.0,14.0,0.5909090909090909,-0.0441739559173584
2011-12,train,AMOC.CA,Alexandria Mineral Oils Company,Equity,0.1818181872367859,0.502698540687561,5.0,10.0,0.4090909090909091,0.32088035345077515
2011-12,train,BTFH.CA,Beltone Holding,Equity,0.8181818127632141,0.6261556148529053,20.0,19.0,0.8181818181818182,-0.19202619791030884
2011-12,train,CCAP.CA,QALA For Financial Investments,Equity,0.6515151262283325,0.6386773586273193,14.0,21.0,0.9090909090909091,-0.012837767601013184
2011-12,train,COMI.CA,Commercial International Bank-Egypt (CIB),Equity,0.7727272510528564,0.5306185483932495,19.0,11.0,0.45454545454545453,-0.24210870265960693
2011-12,train,EAST.CA,Eastern Company,Equity,0.03030303120613098,0.3767864406108856,2.0,2.0,0.045454545454545456,0.34648340940475464
2011-12,train,EGAL.CA,Egypt Aluminum,Equity,0.1515151560306549,0.5356605648994446,4.0,12.0,0.5,0.3841454088687897
2011-12,train,EGCH.CA,Egyptian Chemical Industries (Kima),Equity,0.9242424368858337,0.6354100108146667,23.0,20.0,0.8636363636363636,-0.288832426071167
2011-12,train,EGX30,EGX30 Index,EquityIndex,0.3181818127632141,0.4406468868255615,8.0,5.0,0.18181818181818182,0.12246507406234741
2011-12,train,ETEL.CA,Telecom Egypt,Equity,0.28787878155708313,0.45930927991867065,7.0,7.0,0.2727272727272727,0.17143049836158752
2011-12,train,GBCO.CA,GB Corp,Equity,0.5303030014038086,0.5815494060516357,12.0,16.0,0.6818181818181818,0.05124640464782715
2011-12,train,Gold,24K Gold (EGP),Gold,0.24242424964904785,0.444402813911438,6.0,6.0,0.22727272727272727,0.20197856426239014
2011-12,train,HELI.CA,Heliopolis Housing,Equity,0.6818181872367859,0.6059114933013916,16.0,18.0,0.7727272727272727,-0.07590669393539429
2011-12,train,HRHO.CA,EFG Holding,Equity,0.469696968793869,0.5433063507080078,10.0,13.0,0.5454545454545454,0.0736093819141388
2011-12,train,JUFO.CA,Juhayna Food Industries,Equity,0.5,0.47258105874061584,11.0,9.0,0.36363636363636365,-0.027418941259384155
2011-12,train,MCQE.CA,Misr Cement (Qena),Equity,0.10606060922145844,0.3806793689727783,3.0,3.0,0.09090909090909091,0.2746187597513199
2011-12,train,ORWE.CA,Oriental Weavers,Equity,0.01515151560306549,0.37425127625465393,1.0,1.0,0.0,0.35909976065158844
2011-12,train,PHDC.CA,Palm Hills Development Company,Equity,0.6666666865348816,0.6473934054374695,15.0,23.0,1.0,-0.01927328109741211
2011-12,train,RAYA.CA,Raya Holding For Financial Investments,Equity,0.8939393758773804,0.6469500660896301,22.0,22.0,0.9545454545454546,-0.24698930978775024
2011-12,train,REIT,REIT Index,REIT,0.6969696879386902,0.5516699552536011,17.0,15.0,0.6363636363636364,-0.1452997326850891
2011-12,train,TMGH.CA,T M G Holding,Equity,0.8333333134651184,0.5953472256660461,21.0,17.0,0.7272727272727273,-0.23798608779907227
2011-12,train,VLMR.CA,Valmore Holding,Equity,0.39393940567970276,0.4659304916858673,9.0,8.0,0.3181818181818182,0.07199108600616455
2012-01,train,ABUK.CA,Abou Kir Fertilizers,Equity,0.28787878155708313,0.4228418171405792,7.5,6.0,0.22727272727272727,0.1349630355834961
2012-01,train,ADIB.CA,Abu Dhabi Islamic Bank- Egypt,Equity,0.42424243688583374,0.579530656337738,11.0,17.0,0.7272727272727273,0.1552882194519043
2012-01,train,AMOC.CA,Alexandria Mineral Oils Company,Equity,0.21212121844291687,0.48126280307769775,5.0,9.0,0.36363636363636365,0.2691415846347809
2012-01,train,BTFH.CA,Beltone Holding,Equity,0.9090909361839294,0.6346800923347473,21.0,23.0,1.0,-0.27441084384918213
2012-01,train,CCAP.CA,QALA For Financial Investments,Equity,0.7121211886405945,0.6273292899131775,17.0,20.0,0.8636363636363636,-0.08479189872741699
2012-01,train,COMI.CA,Commercial International Bank-Egypt (CIB),Equity,0.3181818127632141,0.5216415524482727,9.0,11.0,0.45454545454545453,0.2034597396850586
2012-01,train,EAST.CA,Eastern Company,Equity,0.07575757801532745,0.39026591181755066,2.0,3.0,0.09090909090909091,0.3145083338022232
2012-01,train,EGAL.CA,Egypt Aluminum,Equity,0.7424242496490479,0.5337899923324585,18.5,13.0,0.5454545454545454,-0.20863425731658936
2012-01,train,EGCH.CA,Egyptian Chemical Industries (Kima),Equity,0.6969696879386902,0.6290105581283569,16.0,22.0,0.9545454545454546,-0.06795912981033325
2012-01,train,EGX30,EGX30 Index,EquityIndex,0.13636364042758942,0.4064296782016754,3.5,5.0,0.18181818181818182,0.270066037774086
2012-01,train,ETEL.CA,Telecom Egypt,Equity,0.28787878155708313,0.4294533133506775,7.5,7.0,0.2727272727272727,0.14157453179359436
2012-01,train,GBCO.CA,GB Corp,Equity,0.7424242496490479,0.5480538606643677,18.5,14.0,0.5909090909090909,-0.19437038898468018
2012-01,train,Gold,24K Gold (EGP),Gold,0.03030303120613098,0.40572407841682434,1.0,4.0,0.13636363636363635,0.37542104721069336
2012-01,train,HELI.CA,Heliopolis Housing,Equity,0.5909090638160706,0.5778032541275024,13.0,16.0,0.6818181818181818,-0.013105809688568115
2012-01,train,HRHO.CA,EFG Holding,Equity,0.6666666865348816,0.5504034757614136,15.0,15.0,0.6363636363636364,-0.11626321077346802
2012-01,train,JUFO.CA,Juhayna Food Industries,Equity,0.5454545617103577,0.4913666844367981,12.0,10.0,0.4090909090909091,-0.05408787727355957
2012-01,train,MCQE.CA,Misr Cement (Qena),Equity,0.24242424964904785,0.3709982931613922,6.0,2.0,0.045454545454545456,0.12857404351234436
2012-01,train,ORWE.CA,Oriental Weavers,Equity,0.13636364042758942,0.35680699348449707,3.5,1.0,0.0,0.22044335305690765
2012-01,train,PHDC.CA,Palm Hills Development Company,Equity,0.9696969985961914,0.6235474348068237,22.0,19.0,0.8181818181818182,-0.3461495637893677
2012-01,train,RAYA.CA,Raya Holding For Financial Investments,Equity,0.9848484992980957,0.6275331974029541,23.0,21.0,0.9090909090909091,-0.3573153018951416
2012-01,train,REIT,REIT Index,REIT,0.6212121248245239,0.5244120955467224,14.0,12.0,0.5,-0.09680002927780151
2012-01,train,TMGH.CA,T M G Holding,Equity,0.7727272510528564,0.5804358124732971,20.0,18.0,0.7727272727272727,-0.19229143857955933
2012-01,train,VLMR.CA,Valmore Holding,Equity,0.39393940567970276,0.46361929178237915,10.0,8.0,0.3181818181818182,0.06967988610267639
2012-02,train,ABUK.CA,Abou Kir Fertilizers,Equity,0.14492753148078918,0.4120451509952545,2.5,6.0,0.22727272727272727,0.26711761951446533
2012-02,train,ADIB.CA,Abu Dhabi Islamic Bank- Egypt,Equity,0.6086956262588501,0.5634570717811584,14.0,14.0,0.5909090909090909,-0.04523855447769165
2012-02,train,AMOC.CA,Alexandria Mineral Oils Company,Equity,0.14492753148078918,0.43961238861083984,2.5,7.0,0.2727272727272727,0.29468485713005066
2012-02,train,BTFH.CA,Beltone Holding,Equity,0.9420289993286133,0.630534827709198,22.0,21.0,0.9090909090909091,-0.3114941716194153
2012-02,train,CCAP.CA,QALA For Financial Investments,Equity,0.782608687877655,0.6274350881576538,18.0,20.0,0.8636363636363636,-0.15517359972000122
2012-02,train,COMI.CA,Commercial International Bank-Egypt (CIB),Equity,0.5942028760910034,0.5205308794975281,13.0,12.0,0.5,-0.07367199659347534
2012-02,train,EAST.CA,Eastern Company,Equity,0.17391304671764374,0.38059115409851074,4.5,2.0,0.045454545454545456,0.206678107380867
2012-02,train,EGAL.CA,Egypt Aluminum,Equity,0.1304347813129425,0.519076406955719,1.0,11.0,0.45454545454545453,0.3886416256427765
2012-02,train,EGCH.CA,Egyptian Chemical Industries (Kima),Equity,0.6811594367027283,0.6193993091583252,16.5,19.0,0.8181818181818182,-0.061760127544403076
2012-02,train,EGX30,EGX30 Index,EquityIndex,0.23188406229019165,0.4081546366214752,6.0,5.0,0.18181818181818182,0.17627057433128357
2012-02,train,ETEL.CA,Telecom Egypt,Equity,0.6811594367027283,0.45491933822631836,16.5,8.0,0.3181818181818182,-0.2262400984764099
2012-02,train,GBCO.CA,GB Corp,Equity,0.7971014380455017,0.568568766117096,19.0,15.0,0.6363636363636364,-0.22853267192840576
2012-02,train,Gold,24K Gold (EGP),Gold,0.4057970941066742,0.3906664252281189,10.0,4.0,0.13636363636363635,-0.015130668878555298
2012-02,train,HELI.CA,Heliopolis Housing,Equity,1.0,0.6012993454933167,23.0,18.0,0.7727272727272727,-0.39870065450668335
2012-02,train,HRHO.CA,EFG Holding,Equity,0.8260869383811951,0.5748052597045898,20.0,16.0,0.6818181818181818,-0.2512816786766052
2012-02,train,JUFO.CA,Juhayna Food Industries,Equity,0.36231884360313416,0.5071278214454651,7.0,10.0,0.4090909090909091,0.14480897784233093
2012-02,train,MCQE.CA,Misr Cement (Qena),Equity,0.17391304671764374,0.385734498500824,4.5,3.0,0.09090909090909091,0.21182145178318024
2012-02,train,ORWE.CA,Oriental Weavers,Equity,0.49275362491607666,0.34899815917015076,11.0,1.0,0.0,-0.1437554657459259
2012-02,train,PHDC.CA,Palm Hills Development Company,Equity,0.6231883764266968,0.6399473547935486,15.0,22.0,0.9545454545454546,0.016758978366851807
2012-02,train,RAYA.CA,Raya Holding For Financial Investments,Equity,0.9275362491607666,0.6631255149841309,21.0,23.0,1.0,-0.26441073417663574
2012-02,train,REIT,REIT Index,REIT,0.3913043439388275,0.5470193028450012,9.0,13.0,0.5454545454545454,0.1557149589061737
2012-02,train,TMGH.CA,T M G Holding,Equity,0.5072463750839233,0.5957744717597961,12.0,17.0,0.7272727272727273,0.0885280966758728
2012-02,train,VLMR.CA,Valmore Holding,Equity,0.37681159377098083,0.4671640694141388,8.0,9.0,0.36363636363636365,0.09035247564315796
2012-03,train,ABUK.CA,Abou Kir Fertilizers,Equity,0.1066666692495346,0.43402042984962463,1.5,6.0,0.22727272727272727,0.32735376060009
2012-03,train,ADIB.CA,Abu Dhabi Islamic Bank- Egypt,Equity,0.5733333230018616,0.5574356317520142,12.0,15.0,0.6363636363636364,-0.015897691249847412
2012-03,train,AMOC.CA,Alexandria Mineral Oils Company,Equity,0.2933333218097687,0.4383791983127594,3.5,7.0,0.2727272727272727,0.14504587650299072
2012-03,train,BTFH.CA,Beltone Holding,Equity,0.7066666483879089,0.6280077695846558,15.0,20.0,0.8636363636363636,-0.07865887880325317
2012-03,train,CCAP.CA,QALA For Financial Investments,Equity,0.8533333539962769,0.6218185424804688,21.0,18.0,0.7727272727272727,-0.2315148115158081
2012-03,train,COMI.CA,Commercial International Bank-Egypt (CIB),Equity,0.3733333349227905,0.5283306837081909,8.0,12.0,0.5,0.1549973487854004
2012-03,train,EAST.CA,Eastern Company,Equity,0.4000000059604645,0.38605523109436035,10.0,3.0,0.09090909090909091,-0.013944774866104126
2012-03,train,EGAL.CA,Egypt Aluminum,Equity,0.30666667222976685,0.4931817352771759,5.5,10.0,0.4090909090909091,0.18651506304740906
2012-03,train,EGCH.CA,Egyptian Chemical Industries (Kima),Equity,0.7200000286102295,0.621945858001709,16.0,19.0,0.8181818181818182,-0.09805417060852051
2012-03,train,EGX30,EGX30 Index,EquityIndex,0.2933333218097687,0.40480315685272217,3.5,5.0,0.18181818181818182,0.11146983504295349
2012-03,train,ETEL.CA,Telecom Egypt,Equity,0.3866666555404663,0.4583221971988678,9.0,8.0,0.3181818181818182,0.07165554165840149
2012-03,train,GBCO.CA,GB Corp,Equity,0.6666666865348816,0.5319337248802185,13.0,13.0,0.5454545454545454,-0.13473296165466309
2012-03,train,Gold,24K Gold (EGP),Gold,0.1066666692495346,0.371957391500473,1.5,2.0,0.045454545454545456,0.2652907222509384
2012-03,train,HELI.CA,Heliopolis Housing,Equity,0.7866666913032532,0.6298892498016357,18.0,21.0,0.9090909090909091,-0.15677744150161743
2012-03,train,HRHO.CA,EFG Holding,Equity,0.8799999952316284,0.5770798325538635,22.0,16.0,0.6818181818181818,-0.3029201626777649
2012-03,train,JUFO.CA,Juhayna Food Industries,Equity,0.30666667222976685,0.506567656993866,5.5,11.0,0.45454545454545453,0.19990098476409912
2012-03,train,MCQE.CA,Misr Cement (Qena),Equity,0.4266666769981384,0.39043933153152466,11.0,4.0,0.13636363636363635,-0.03622734546661377
2012-03,train,ORWE.CA,Oriental Weavers,Equity,0.6933333277702332,0.352429062128067,14.0,1.0,0.0,-0.34090426564216614
2012-03,train,PHDC.CA,Palm Hills Development Company,Equity,0.9333333373069763,0.638450026512146,23.0,23.0,1.0,-0.2948833107948303
2012-03,train,RAYA.CA,Raya Holding For Financial Investments,Equity,0.8266666531562805,0.6310257315635681,20.0,22.0,0.9545454545454546,-0.1956409215927124
2012-03,train,REIT,REIT Index,REIT,0.7599999904632568,0.5452560782432556,17.0,14.0,0.5909090909090909,-0.21474391222000122
2012-03,train,TMGH.CA,T M G Holding,Equity,0.8133333325386047,0.6126550436019897,19.0,17.0,0.7272727272727273,-0.200678288936615
2012-03,train,VLMR.CA,Valmore Holding,Equity,0.3199999928474426,0.4667348265647888,7.0,9.0,0.36363636363636365,0.1467348337173462
2012-04,train,ABUK.CA,Abou Kir Fertilizers,Equity,0.07999999821186066,0.4072935879230499,1.0,4.0,0.13636363636363635,0.32729358971118927
2012-04,train,ADIB.CA,Abu Dhabi Islamic Bank- Egypt,Equity,0.5199999809265137,0.5429579019546509,10.0,13.0,0.5454545454545454,0.022957921028137207
2012-04,train,AMOC.CA,Alexandria Mineral Oils Company,Equity,0.2266666740179062,0.44886162877082825,3.5,7.0,0.2727272727272727,0.22219495475292206
2012-04,train,BTFH.CA,Beltone Holding,Equity,0.54666668176651,0.6238669753074646,13.0,19.0,0.8181818181818182,0.07720029354095459
2012-04,train,CCAP.CA,QALA For Financial Investments,Equity,0.4000000059604645,0.6220989227294922,8.0,18.0,0.7727272727272727,0.2220989167690277
2012-04,train,COMI.CA,Commercial International Bank-Egypt (CIB),Equity,0.5333333611488342,0.5294246673583984,11.5,12.0,0.5,-0.003908693790435791
2012-04,train,EAST.CA,Eastern Company,Equity,0.6399999856948853,0.3925715982913971,16.0,2.0,0.045454545454545456,-0.24742838740348816
2012-04,train,EGAL.CA,Egypt Aluminum,Equity,0.6266666650772095,0.47362813353538513,15.0,9.0,0.36363636363636365,-0.15303853154182434
2012-04,train,EGCH.CA,Egyptian Chemical Industries (Kima),Equity,0.2666666805744171,0.6005456447601318,5.0,16.0,0.6818181818181818,0.3338789641857147
2012-04,train,EGX30,EGX30 Index,EquityIndex,0.30666667222976685,0.4420287609100342,7.0,6.0,0.22727272727272727,0.13536208868026733
2012-04,train,ETEL.CA,Telecom Egypt,Equity,0.8933333158493042,0.47966358065605164,20.0,10.0,0.4090909090909091,-0.41366973519325256
2012-04,train,GBCO.CA,GB Corp,Equity,0.5333333611488342,0.5545604228973389,11.5,15.0,0.6363636363636364,0.02122706174850464
2012-04,train,Gold,24K Gold (EGP),Gold,0.11999999731779099,0.3691140115261078,2.0,1.0,0.0,0.2491140142083168
2012-04,train,HELI.CA,Heliopolis Housing,Equity,0.6666666865348816,0.6509180665016174,17.5,22.0,0.9545454545454546,-0.01574862003326416
2012-04,train,HRHO.CA,EFG Holding,Equity,0.9466666579246521,0.6286614537239075,23.0,20.0,0.8636363636363636,-0.31800520420074463
2012-04,train,JUFO.CA,Juhayna Food Industries,Equity,0.6666666865348816,0.5141017436981201,17.5,11.0,0.45454545454545453,-0.15256494283676147
2012-04,train,MCQE.CA,Misr Cement (Qena),Equity,0.2933333218097687,0.39982423186302185,6.0,3.0,0.09090909090909091,0.10649091005325317
2012-04,train,ORWE.CA,Oriental Weavers,Equity,0.9066666960716248,0.4327584505081177,21.0,5.0,0.18181818181818182,-0.4739082455635071
2012-04,train,PHDC.CA,Palm Hills Development Company,Equity,0.7066666483879089,0.6499883532524109,19.0,21.0,0.9090909090909091,-0.05667829513549805
2012-04,train,RAYA.CA,Raya Holding For Financial Investments,Equity,0.9200000166893005,0.6661319136619568,22.0,23.0,1.0,-0.25386810302734375
2012-04,train,REIT,REIT Index,REIT,0.47999998927116394,0.5476183295249939,9.0,14.0,0.5909090909090909,0.06761834025382996
2012-04,train,TMGH.CA,T M G Holding,Equity,0.6000000238418579,0.6119946837425232,14.0,17.0,0.7272727272727273,0.011994659900665283
2012-04,train,VLMR.CA,Valmore Holding,Equity,0.2266666740179062,0.4661388099193573,3.5,8.0,0.3181818181818182,0.2394721359014511
2012-05,train,ABUK.CA,Abou Kir Fertilizers,Equity,0.07999999821186066,0.4013179838657379,2.0,4.0,0.13043478260869565,0.32131798565387726
2012-05,train,ADIB.CA,Abu Dhabi Islamic Bank- Egypt,Equity,0.47999998927116394,0.5486503839492798,12.0,16.0,0.6521739130434783,0.06865039467811584
2012-05,train,AMOC.CA,Alexandria Mineral Oils Company,Equity,0.14666666090488434,0.4458469748497009,3.0,7.0,0.2608695652173913,0.2991803139448166
2012-05,train,BTFH.CA,Beltone Holding,Equity,0.8799999952316284,0.5843840837478638,21.5,17.0,0.6956521739130435,-0.29561591148376465
2012-05,train,Bonds,5-Year Government Bonds,Bonds,0.03999999910593033,0.3364352285861969,1.0,1.0,0.0,0.29643522948026657
2012-05,train,CCAP.CA,QALA For Financial Investments,Equity,0.8266666531562805,0.6062301993370056,19.0,20.0,0.8260869565217391,-0.2204364538192749
2012-05,train,COMI.CA,Commercial International Bank-Egypt (CIB),Equity,0.3866666555404663,0.5282461643218994,9.0,13.0,0.5217391304347826,0.1415795087814331
2012-05,train,EAST.CA,Eastern Company,Equity,0.6266666650772095,0.39089062809944153,14.0,3.0,0.08695652173913043,-0.23577603697776794
2012-05,train,EGAL.CA,Egypt Aluminum,Equity,0.6666666865348816,0.4708590507507324,15.0,9.0,0.34782608695652173,-0.19580763578414917
2012-05,train,EGCH.CA,Egyptian Chemical Industries (Kima),Equity,0.4933333396911621,0.5869272351264954,13.0,18.0,0.7391304347826086,0.09359389543533325
2012-05,train,EGX30,EGX30 Index,EquityIndex,0.3333333432674408,0.43496814370155334,8.0,6.0,0.21739130434782608,0.10163480043411255
2012-05,train,ETEL.CA,Telecom Egypt,Equity,0.23999999463558197,0.5126173496246338,5.5,11.0,0.43478260869565216,0.2726173549890518
2012-05,train,GBCO.CA,GB Corp,Equity,0.46666666865348816,0.5314995050430298,11.0,15.0,0.6086956521739131,0.06483283638954163
2012-05,train,Gold,24K Gold (EGP),Gold,0.23999999463558197,0.38192442059516907,5.5,2.0,0.043478260869565216,0.1419244259595871
2012-05,train,HELI.CA,Heliopolis Housing,Equity,0.7200000286102295,0.6710283756256104,18.0,24.0,1.0,-0.04897165298461914
2012-05,train,HRHO.CA,EFG Holding,Equity,0.8799999952316284,0.6224268078804016,21.5,21.0,0.8695652173913043,-0.2575731873512268
2012-05,train,JUFO.CA,Juhayna Food Industries,Equity,0.18666666746139526,0.5172932147979736,4.0,12.0,0.4782608695652174,0.33062654733657837
2012-05,train,MCQE.CA,Misr Cement (Qena),Equity,0.4266666769981384,0.4255233108997345,10.0,5.0,0.17391304347826086,-0.0011433660984039307
2012-05,train,ORWE.CA,Oriental Weavers,Equity,0.9200000166893005,0.4808233678340912,23.0,10.0,0.391304347826087,-0.43917664885520935
2012-05,train,PHDC.CA,Palm Hills Development Company,Equity,0.9466666579246521,0.6523497700691223,24.0,23.0,0.9565217391304348,-0.2943168878555298
2012-05,train,RAYA.CA,Raya Holding For Financial Investments,Equity,0.8666666746139526,0.6433095932006836,20.0,22.0,0.9130434782608695,-0.22335708141326904
2012-05,train,REIT,REIT Index,REIT,0.6933333277702332,0.5308164954185486,16.0,14.0,0.5652173913043478,-0.16251683235168457
2012-05,train,TMGH.CA,T M G Holding,Equity,0.7066666483879089,0.6055213212966919,17.0,19.0,0.782608695652174,-0.10114532709121704
2012-05,train,VLMR.CA,Valmore Holding,Equity,0.2666666805744171,0.4588943123817444,7.0,8.0,0.30434782608695654,0.19222763180732727
2012-06,train,ABUK.CA,Abou Kir Fertilizers,Equity,0.1066666692495346,0.37325629591941833,4.0,4.0,0.12,0.26658962666988373
2012-06,train,ADIB.CA,Abu Dhabi Islamic Bank- Egypt,Equity,0.4933333396911621,0.5619609951972961,13.0,17.0,0.64,0.06862765550613403
2012-06,train,AMOC.CA,Alexandria Mineral Oils Company,Equity,0.09333333373069763,0.4779144525527954,3.0,9.0,0.32,0.3845811188220978
2012-06,train,BTFH.CA,Beltone Holding,Equity,0.5866666436195374,0.6149625182151794,15.0,20.0,0.76,0.02829587459564209
2012-06,train,Bonds,5-Year Government Bonds,Bonds,0.013333333656191826,0.32718634605407715,1.0,2.0,0.04,0.3138530123978853
2012-06,train,CCAP.CA,QALA For Financial Investments,Equity,0.7599999904632568,0.6188696026802063,20.0,21.0,0.8,-0.14113038778305054
2012-06,train,COMI.CA,Commercial International Bank-Egypt (CIB),Equity,0.7733333110809326,0.4928871989250183,21.0,12.0,0.44,-0.2804461121559143
2012-06,train,EAST.CA,Eastern Company,Equity,0.7066666483879089,0.4332025945186615,18.0,7.0,0.24,-0.27346405386924744
2012-06,train,EGAL.CA,Egypt Aluminum,Equity,0.8399999737739563,0.5021467208862305,24.0,13.0,0.48,-0.33785325288772583
2012-06,train,EGCH.CA,Egyptian Chemical Industries (Kima),Equity,0.5733333230018616,0.5635687708854675,14.0,18.0,0.68,-0.009764552116394043
2012-06,train,EGX30,EGX30 Index,EquityIndex,0.6266666650772095,0.4254657030105591,16.0,5.0,0.16,-0.2012009620666504
2012-06,train,ETEL.CA,Telecom Egypt,Equity,0.3466666638851166,0.48569396138191223,8.5,11.0,0.4,0.13902729749679565
2012-06,train,GBCO.CA,GB Corp,Equity,0.4533333480358124,0.5473844408988953,12.0,16.0,0.6,0.09405109286308289
2012-06,train,Gold,24K Gold (EGP),Gold,0.2266666740179062,0.3599179685115814,7.0,3.0,0.08,0.13325129449367523
2012-06,train,HELI.CA,Heliopolis Housing,Equity,0.3466666638851166,0.6521594524383545,8.5,25.0,0.96,0.3054927885532379
2012-06,train,HRHO.CA,EFG Holding,Equity,0.7866666913032532,0.6429189443588257,22.0,24.0,0.92,-0.1437477469444275
2012-06,train,JUFO.CA,Juhayna Food Industries,Equity,0.3733333349227905,0.47860875725746155,10.0,10.0,0.36,0.10527542233467102
2012-06,train,MCQE.CA,Misr Cement (Qena),Equity,0.1733333319425583,0.4279610216617584,5.0,6.0,0.2,0.25462768971920013
2012-06,train,MoneyMarket,91-Day T-Bills,MoneyMarket,0.02666666731238365,0.324030339717865,2.0,1.0,0.0,0.29736367240548134
2012-06,train,OIH.CA,Orascom Investment Holding,Equity,0.653333306312561,0.6147347092628479,17.0,19.0,0.72,-0.038598597049713135
2012-06,train,ORWE.CA,Oriental Weavers,Equity,0.20000000298023224,0.5433786511421204,6.0,15.0,0.56,0.3433786481618881
2012-06,train,PHDC.CA,Palm Hills Development Company,Equity,0.8266666531562805,0.6546670198440552,23.0,26.0,1.0,-0.17199963331222534
2012-06,train,RAYA.CA,Raya Holding For Financial Investments,Equity,1.0,0.6420459747314453,26.0,23.0,0.88,-0.3579540252685547
2012-06,train,REIT,REIT Index,REIT,0.7333333492279053,0.5352619886398315,19.0,14.0,0.52,-0.19807136058807373
2012-06,train,TMGH.CA,T M G Holding,Equity,0.8666666746139526,0.6205838322639465,25.0,22.0,0.84,-0.2460828423500061
2012-06,train,VLMR.CA,Valmore Holding,Equity,0.41333332657814026,0.4750259518623352,11.0,8.0,0.28,0.061692625284194946
2012-07,train,ABUK.CA,Abou Kir Fertilizers,Equity,0.11999999731779099,0.36699041724205017,4.0,3.0,0.08,0.24699041992425919
2012-07,train,ADIB.CA,Abu Dhabi Islamic Bank- Egypt,Equity,0.4933333396911621,0.5564858317375183,12.5,17.0,0.64,0.0631524920463562
2012-07,train,AMOC.CA,Alexandria Mineral Oils Company,Equity,0.2133333384990692,0.5035856366157532,7.0,12.0,0.44,0.29025229811668396
2012-07,train,BTFH.CA,Beltone Holding,Equity,0.8933333158493042,0.5804014205932617,24.0,19.0,0.72,-0.3129318952560425
2012-07,train,Bonds,5-Year Government Bonds,Bonds,0.0,0.3325626254081726,1.0,2.0,0.04,0.3325626254081726
2012-07,train,CCAP.CA,QALA For Financial Investments,Equity,0.8799999952316284,0.6147268414497375,23.0,21.0,0.8,-0.26527315378189087
2012-07,train,COMI.CA,Commercial International Bank-Egypt (CIB),Equity,0.653333306312561,0.4974597990512848,18.0,11.0,0.4,-0.15587350726127625
2012-07,train,EAST.CA,Eastern Company,Equity,0.07999999821186066,0.47430819272994995,3.0,8.0,0.28,0.3943081945180893
2012-07,train,EGAL.CA,Egypt Aluminum,Equity,0.7333333492279053,0.5489861965179443,20.0,15.0,0.56,-0.18434715270996094
2012-07,train,EGCH.CA,Egyptian Chemical Industries (Kima),Equity,0.46666666865348816,0.5601944327354431,11.0,18.0,0.68,0.09352776408195496
2012-07,train,EGX30,EGX30 Index,EquityIndex,0.3866666555404663,0.42640814185142517,10.0,5.0,0.16,0.03974148631095886
2012-07,train,ETEL.CA,Telecom Egypt,Equity,0.4933333396911621,0.4871356189250946,12.5,9.0,0.32,-0.006197720766067505
2012-07,train,GBCO.CA,GB Corp,Equity,0.8399999737739563,0.5128905177116394,22.0,14.0,0.52,-0.3271094560623169
2012-07,train,Gold,24K Gold (EGP),Gold,0.18666666746139526,0.37036964297294617,5.0,4.0,0.12,0.1837029755115509
2012-07,train,HELI.CA,Heliopolis Housing,Equity,0.6000000238418579,0.6403573155403137,16.0,23.0,0.88,0.04035729169845581
2012-07,train,HRHO.CA,EFG Holding,Equity,0.5333333611488342,0.6363537907600403,14.0,22.0,0.84,0.10302042961120605
2012-07,train,JUFO.CA,Juhayna Food Industries,Equity,0.30666667222976685,0.4888509511947632,8.0,10.0,0.36,0.18218427896499634
2012-07,train,MCQE.CA,Misr Cement (Qena),Equity,0.5600000023841858,0.433122843503952,15.0,6.0,0.2,-0.12687715888023376
2012-07,train,MoneyMarket,91-Day T-Bills,MoneyMarket,0.03999999910593033,0.32630735635757446,2.0,1.0,0.0,0.28630735725164413
2012-07,train,OIH.CA,Orascom Investment Holding,Equity,0.6133333444595337,0.6411314010620117,17.0,24.0,0.92,0.027798056602478027
2012-07,train,ORWE.CA,Oriental Weavers,Equity,0.20000000298023224,0.5498881340026855,6.0,16.0,0.6,0.3498881310224533
2012-07,train,PHDC.CA,Palm Hills Development Company,Equity,0.6800000071525574,0.6589784026145935,19.0,26.0,1.0,-0.021021604537963867
2012-07,train,RAYA.CA,Raya Holding For Financial Investments,Equity,0.9066666960716248,0.6547802090644836,25.0,25.0,0.96,-0.2518864870071411
2012-07,train,REIT,REIT Index,REIT,0.8266666531562805,0.5123633146286011,21.0,13.0,0.48,-0.31430333852767944
2012-07,train,TMGH.CA,T M G Holding,Equity,0.9599999785423279,0.5962885618209839,26.0,20.0,0.76,-0.363711416721344
2012-07,train,VLMR.CA,Valmore Holding,Equity,0.3333333432674408,0.4686223864555359,9.0,7.0,0.24,0.1352890431880951
2012-08,train,ABUK.CA,Abou Kir Fertilizers,Equity,0.23999999463558197,0.3694298565387726,6.0,4.0,0.12,0.1294298619031906
2012-08,train,ADIB.CA,Abu Dhabi Islamic Bank- Egypt,Equity,0.6266666650772095,0.5643550753593445,17.5,16.0,0.6,-0.06231158971786499
2012-08,train,AMOC.CA,Alexandria Mineral Oils Company,Equity,0.9466666579246521,0.4718669354915619,26.0,11.0,0.4,-0.4747997224330902
2012-08,train,BTFH.CA,Beltone Holding,Equity,0.54666668176651,0.6158514618873596,15.0,19.0,0.72,0.06918478012084961
2012-08,train,Bonds,5-Year Government Bonds,Bonds,0.013333333656191826,0.33670318126678467,1.0,2.0,0.04,0.32336984761059284
2012-08,train,CCAP.CA,QALA For Financial Investments,Equity,0.7066666483879089,0.6296792030334473,19.0,25.0,0.96,-0.07698744535446167
2012-08,train,COMI.CA,Commercial International Bank-Egypt (CIB),Equity,0.4000000059604645,0.4998190402984619,10.0,12.0,0.44,0.09981903433799744
2012-08,train,EAST.CA,Eastern Company,Equity,0.8266666531562805,0.4613312780857086,22.0,7.0,0.24,-0.3653353750705719
2012-08,train,EGAL.CA,Egypt Aluminum,Equity,0.8933333158493042,0.5700788497924805,25.0,17.0,0.64,-0.32325446605682373
2012-08,train,EGCH.CA,Egyptian Chemical Industries (Kima),Equity,0.7333333492279053,0.5802364945411682,20.0,18.0,0.68,-0.15309685468673706
2012-08,train,EGX30,EGX30 Index,EquityIndex,0.14666666090488434,0.429263174533844,4.0,5.0,0.16,0.28259651362895966
2012-08,train,ETEL.CA,Telecom Egypt,Equity,0.25333333015441895,0.47094833850860596,7.0,10.0,0.36,0.217615008354187
2012-08,train,GBCO.CA,GB Corp,Equity,0.6266666650772095,0.5493089556694031,17.5,15.0,0.56,-0.0773577094078064
2012-08,train,Gold,24K Gold (EGP),Gold,0.11999999731779099,0.36930978298187256,3.0,3.0,0.08,0.24930978566408157
2012-08,train,HELI.CA,Heliopolis Housing,Equity,0.8399999737739563,0.6241876482963562,23.0,24.0,0.92,-0.2158123254776001
2012-08,train,HRHO.CA,EFG Holding,Equity,0.46666666865348816,0.6231979131698608,13.0,22.0,0.84,0.15653124451637268
2012-08,train,JUFO.CA,Juhayna Food Industries,Equity,0.2133333384990692,0.45341747999191284,5.0,6.0,0.2,0.24008414149284363
2012-08,train,MCQE.CA,Misr Cement (Qena),Equity,0.800000011920929,0.4673725962638855,21.0,9.0,0.32,-0.33262741565704346
2012-08,train,MoneyMarket,91-Day T-Bills,MoneyMarket,0.06666667014360428,0.32305556535720825,2.0,1.0,0.0,0.256388895213604
2012-08,train,OIH.CA,Orascom Investment Holding,Equity,0.8533333539962769,0.6230563521385193,24.0,21.0,0.8,-0.23027700185775757
2012-08,train,ORWE.CA,Oriental Weavers,Equity,0.5333333611488342,0.5410000085830688,14.0,13.0,0.48,0.007666647434234619
2012-08,train,PHDC.CA,Palm Hills Development Company,Equity,0.6133333444595337,0.6549566388130188,16.0,26.0,1.0,0.04162329435348511
2012-08,train,RAYA.CA,Raya Holding For Financial Investments,Equity,0.3466666638851166,0.6233890652656555,9.0,23.0,0.88,0.27672240138053894
2012-08,train,REIT,REIT Index,REIT,0.4399999976158142,0.54524827003479,12.0,14.0,0.52,0.10524827241897583
2012-08,train,TMGH.CA,T M G Holding,Equity,0.41333332657814026,0.6220960021018982,11.0,20.0,0.76,0.20876267552375793
2012-08,train,VLMR.CA,Valmore Holding,Equity,0.3333333432674408,0.4628549814224243,8.0,8.0,0.28,0.12952163815498352
2012-09,train,ABUK.CA,Abou Kir Fertilizers,Equity,0.14666666090488434,0.38080355525016785,4.0,3.0,0.08,0.2341368943452835
2012-09,train,ADIB.CA,Abu Dhabi Islamic Bank- Egypt,Equity,0.7599999904632568,0.5544629693031311,21.5,16.0,0.6,-0.20553702116012573
2012-09,train,AMOC.CA,Alexandria Mineral Oils Company,Equity,0.1733333319425583,0.4498652219772339,5.0,6.0,0.2,0.2765318900346756
2012-09,train,BTFH.CA,Beltone Holding,Equity,0.7866666913032532,0.6132649183273315,23.0,21.0,0.8,-0.17340177297592163
2012-09,train,Bonds,5-Year Government Bonds,Bonds,0.02666666731238365,0.36681684851646423,2.0,2.0,0.04,0.3401501812040806
2012-09,train,CCAP.CA,QALA For Financial Investments,Equity,0.746666669845581,0.6223227977752686,20.0,22.0,0.84,-0.1243438720703125
2012-09,train,COMI.CA,Commercial International Bank-Egypt (CIB),Equity,0.46666666865348816,0.5159539580345154,12.5,13.0,0.48,0.04928728938102722
2012-09,train,EAST.CA,Eastern Company,Equity,0.3466666638851166,0.49267977476119995,10.0,11.0,0.4,0.14601311087608337
2012-09,train,EGAL.CA,Egypt Aluminum,Equity,0.6399999856948853,0.5902004837989807,16.5,18.0,0.68,-0.04979950189590454
2012-09,train,EGCH.CA,Egyptian Chemical Industries (Kima),Equity,0.9333333373069763,0.5770693421363831,24.5,17.0,0.64,-0.35626399517059326
2012-09,train,EGX30,EGX30 Index,EquityIndex,0.2666666805744171,0.4424991309642792,8.0,5.0,0.16,0.17583245038986206
2012-09,train,ETEL.CA,Telecom Egypt,Equity,0.46666666865348816,0.48322466015815735,12.5,10.0,0.36,0.01655799150466919
2012-09,train,GBCO.CA,GB Corp,Equity,0.4533333480358124,0.5392840504646301,11.0,14.0,0.52,0.08595070242881775
2012-09,train,Gold,24K Gold (EGP),Gold,0.1066666692495346,0.3946857452392578,3.0,4.0,0.12,0.2880190759897232
2012-09,train,HELI.CA,Heliopolis Housing,Equity,0.653333306312561,0.6357771754264832,18.0,23.0,0.88,-0.01755613088607788
2012-09,train,HRHO.CA,EFG Holding,Equity,0.7599999904632568,0.6128638982772827,21.5,20.0,0.76,-0.14713609218597412
2012-09,train,JUFO.CA,Juhayna Food Industries,Equity,0.6000000238418579,0.468124121427536,14.0,8.0,0.28,-0.1318759024143219
2012-09,train,MCQE.CA,Misr Cement (Qena),Equity,0.25333333015441895,0.47329384088516235,7.0,9.0,0.32,0.2199605107307434
2012-09,train,MoneyMarket,91-Day T-Bills,MoneyMarket,0.013333333656191826,0.34271377325057983,1.0,1.0,0.0,0.329380439594388
2012-09,train,OIH.CA,Orascom Investment Holding,Equity,0.6399999856948853,0.6383102536201477,16.5,24.0,0.92,-0.0016897320747375488
2012-09,train,ORWE.CA,Oriental Weavers,Equity,0.2133333384990692,0.5131611824035645,6.0,12.0,0.44,0.29982784390449524
2012-09,train,PHDC.CA,Palm Hills Development Company,Equity,0.9333333373069763,0.6487811207771301,24.5,25.0,0.96,-0.2845522165298462
2012-09,train,RAYA.CA,Raya Holding For Financial Investments,Equity,0.9866666793823242,0.6674574613571167,26.0,26.0,1.0,-0.3192092180252075
2012-09,train,REIT,REIT Index,REIT,0.6133333444595337,0.5479845404624939,15.0,15.0,0.56,-0.0653488039970398
2012-09,train,TMGH.CA,T M G Holding,Equity,0.7066666483879089,0.6113775968551636,19.0,19.0,0.72,-0.09528905153274536
2012-09,train,VLMR.CA,Valmore Holding,Equity,0.30666667222976685,0.45849981904029846,9.0,7.0,0.24,0.15183314681053162
2012-10,train,ABUK.CA,Abou Kir Fertilizers,Equity,0.7866666913032532,0.3824309706687927,22.5,3.0,0.08,-0.40423572063446045
2012-10,train,ADIB.CA,Abu Dhabi Islamic Bank- Egypt,Equity,0.54666668176651,0.5658188462257385,14.0,16.0,0.6,0.019152164459228516
2012-10,train,AMOC.CA,Alexandria Mineral Oils Company,Equity,0.06666667014360428,0.40849924087524414,3.0,5.0,0.16,0.34183257073163986
2012-10,train,BTFH.CA,Beltone Holding,Equity,0.6666666865348816,0.6124789714813232,17.0,21.0,0.8,-0.05418771505355835
2012-10,train,Bonds,5-Year Government Bonds,Bonds,0.0533333346247673,0.3386625647544861,2.0,1.0,0.0,0.2853292301297188
2012-10,train,CCAP.CA,QALA For Financial Investments,Equity,0.7866666913032532,0.6405496001243591,22.5,24.0,0.92,-0.14611709117889404
2012-10,train,COMI.CA,Commercial International Bank-Egypt (CIB),Equity,0.3199999928474426,0.5124810934066772,9.0,13.0,0.48,0.19248110055923462
2012-10,train,EAST.CA,Eastern Company,Equity,0.4933333396911621,0.4766879677772522,13.0,10.0,0.36,-0.016645371913909912
2012-10,train,EGAL.CA,Egypt Aluminum,Equity,0.7200000286102295,0.576415479183197,18.5,17.0,0.64,-0.14358454942703247
2012-10,train,EGCH.CA,Egyptian Chemical Industries (Kima),Equity,0.7200000286102295,0.605920672416687,18.5,19.0,0.72,-0.11407935619354248
2012-10,train,EGX30,EGX30 Index,EquityIndex,0.2800000011920929,0.4279811680316925,7.0,6.0,0.2,0.1479811668395996
2012-10,train,ETEL.CA,Telecom Egypt,Equity,0.3199999928474426,0.46972355246543884,9.0,9.0,0.32,0.14972355961799622
2012-10,train,GBCO.CA,GB Corp,Equity,0.23999999463558197,0.5389885306358337,6.0,14.0,0.52,0.29898853600025177
2012-10,train,Gold,24K Gold (EGP),Gold,0.2266666740179062,0.3861643970012665,5.0,4.0,0.12,0.1594977229833603
2012-10,train,HELI.CA,Heliopolis Housing,Equity,0.6399999856948853,0.6366960406303406,16.0,23.0,0.88,-0.0033039450645446777
2012-10,train,HRHO.CA,EFG Holding,Equity,0.4266666769981384,0.577138364315033,11.5,18.0,0.68,0.15047168731689453
2012-10,train,JUFO.CA,Juhayna Food Industries,Equity,0.7866666913032532,0.4814629554748535,22.5,11.0,0.4,-0.30520373582839966
2012-10,train,MCQE.CA,Misr Cement (Qena),Equity,0.11999999731779099,0.46370556950569153,4.0,8.0,0.28,0.34370557218790054
2012-10,train,MoneyMarket,91-Day T-Bills,MoneyMarket,0.02666666731238365,0.34213364124298096,1.0,2.0,0.04,0.3154669739305973
2012-10,train,OIH.CA,Orascom Investment Holding,Equity,0.5600000023841858,0.629896342754364,15.0,22.0,0.84,0.06989634037017822
2012-10,train,ORWE.CA,Oriental Weavers,Equity,0.3199999928474426,0.5055763721466064,9.0,12.0,0.44,0.18557637929916382
2012-10,train,PHDC.CA,Palm Hills Development Company,Equity,0.7599999904632568,0.6473070979118347,20.0,25.0,0.96,-0.11269289255142212
2012-10,train,RAYA.CA,Raya Holding For Financial Investments,Equity,0.9733333587646484,0.6519376039505005,26.0,26.0,1.0,-0.32139575481414795
2012-10,train,REIT,REIT Index,REIT,0.7866666913032532,0.5527985095977783,22.5,15.0,0.56,-0.23386818170547485
2012-10,train,TMGH.CA,T M G Holding,Equity,0.9466666579246521,0.6118144392967224,25.0,20.0,0.76,-0.3348522186279297
2012-10,train,VLMR.CA,Valmore Holding,Equity,0.4266666769981384,0.4377128481864929,11.5,7.0,0.24,0.011046171188354492
2012-11,train,ABUK.CA,Abou Kir Fertilizers,Equity,0.2266666740179062,0.42026814818382263,6.0,5.0,0.16,0.19360147416591644
2012-11,train,ADIB.CA,Abu Dhabi Islamic Bank- Egypt,Equity,0.6399999856948853,0.5756699442863464,17.5,19.0,0.72,-0.06433004140853882
2012-11,train,AMOC.CA,Alexandria Mineral Oils Company,Equity,0.30666667222976685,0.42635223269462585,8.5,7.0,0.24,0.11968556046485901
2012-11,train,BTFH.CA,Beltone Holding,Equity,0.1599999964237213,0.5694280862808228,5.0,18.0,0.68,0.40942808985710144
2012-11,train,Bonds,5-Year Government Bonds,Bonds,0.02666666731238365,0.3610908091068268,1.5,3.0,0.08,0.33442414179444313
2012-11,train,CCAP.CA,QALA For Financial Investments,Equity,0.8266666531562805,0.6255274415016174,22.0,22.0,0.84,-0.20113921165466309
2012-11,train,COMI.CA,Commercial International Bank-Egypt (CIB),Equity,0.6399999856948853,0.5156841278076172,17.5,14.0,0.52,-0.12431585788726807
2012-11,train,EAST.CA,Eastern Company,Equity,0.13333334028720856,0.4748615622520447,4.0,11.0,0.4,0.3415282219648361
2012-11,train,EGAL.CA,Egypt Aluminum,Equity,0.6266666650772095,0.5660001039505005,16.0,17.0,0.64,-0.060666561126708984
2012-11,train,EGCH.CA,Egyptian Chemical Industries (Kima),Equity,0.9200000166893005,0.6207358241081238,25.0,21.0,0.8,-0.29926419258117676
2012-11,train,EGX30,EGX30 Index,EquityIndex,0.5600000023841858,0.4188214838504791,15.0,4.0,0.12,-0.14117851853370667
2012-11,train,ETEL.CA,Telecom Egypt,Equity,0.47999998927116394,0.42092737555503845,13.5,6.0,0.2,-0.05907261371612549
2012-11,train,GBCO.CA,GB Corp,Equity,0.30666667222976685,0.5110144019126892,8.5,13.0,0.48,0.20434772968292236
2012-11,train,Gold,24K Gold (EGP),Gold,0.06666667014360428,0.3606747090816498,3.0,2.0,0.04,0.2940080389380455
2012-11,train,HELI.CA,Heliopolis Housing,Equity,0.8933333158493042,0.63897305727005,24.0,25.0,0.96,-0.25436025857925415
2012-11,train,HRHO.CA,EFG Holding,Equity,0.4533333480358124,0.5618920922279358,12.0,16.0,0.6,0.10855874419212341
2012-11,train,JUFO.CA,Juhayna Food Industries,Equity,0.7733333110809326,0.5080998539924622,21.0,12.0,0.44,-0.26523345708847046
2012-11,train,MCQE.CA,Misr Cement (Qena),Equity,0.23999999463558197,0.43635812401771545,7.0,8.0,0.28,0.19635812938213348
2012-11,train,MoneyMarket,91-Day T-Bills,MoneyMarket,0.02666666731238365,0.34361711144447327,1.5,1.0,0.0,0.3169504441320896
2012-11,train,OIH.CA,Orascom Investment Holding,Equity,0.4399999976158142,0.6296645402908325,11.0,23.0,0.88,0.1896645426750183
2012-11,train,ORWE.CA,Oriental Weavers,Equity,0.41333332657814026,0.4601496756076813,10.0,10.0,0.36,0.046816349029541016
2012-11,train,PHDC.CA,Palm Hills Development Company,Equity,0.8533333539962769,0.636269748210907,23.0,24.0,0.92,-0.21706360578536987
2012-11,train,RAYA.CA,Raya Holding For Financial Investments,Equity,1.0,0.644277036190033,26.0,26.0,1.0,-0.35572296380996704
2012-11,train,REIT,REIT Index,REIT,0.7599999904632568,0.5428991913795471,20.0,15.0,0.56,-0.21710079908370972
2012-11,train,TMGH.CA,T M G Holding,Equity,0.746666669845581,0.6135432720184326,19.0,20.0,0.76,-0.13312339782714844
2012-11,train,VLMR.CA,Valmore Holding,Equity,0.47999998927116394,0.45633453130722046,13.5,9.0,0.32,-0.02366545796394348
2012-12,train,ABUK.CA,Abou Kir Fertilizers,Equity,0.3333333432674408,0.39186811447143555,9.0,4.0,0.12,0.05853477120399475
2012-12,train,ADIB.CA,Abu Dhabi Islamic Bank- Egypt,Equity,0.6133333444595337,0.5812721848487854,18.0,19.0,0.72,-0.03206115961074829
2012-12,train,AMOC.CA,Alexandria Mineral Oils Company,Equity,0.4266666769981384,0.4245694875717163,12.0,7.0,0.24,-0.002097189426422119
2012-12,train,BTFH.CA,Beltone Holding,Equity,0.07999999821186066,0.5764456391334534,2.0,18.0,0.68,0.4964456409215927
2012-12,train,Bonds,5-Year Government Bonds,Bonds,0.23999999463558197,0.3633058965206146,5.0,3.0,0.08,0.12330590188503265
2012-12,train,CCAP.CA,QALA For Financial Investments,Equity,0.8399999737739563,0.6276878118515015,21.5,22.0,0.84,-0.21231216192245483
2012-12,train,COMI.CA,Commercial International Bank-Egypt (CIB),Equity,0.8533333539962769,0.5213662385940552,23.0,13.0,0.48,-0.3319671154022217
2012-12,train,EAST.CA,Eastern Company,Equity,0.09333333373069763,0.45059624314308167,3.0,11.0,0.4,0.35726290941238403
2012-12,train,EGAL.CA,Egypt Aluminum,Equity,0.5333333611488342,0.5513655543327332,15.0,16.0,0.6,0.018032193183898926
2012-12,train,EGCH.CA,Egyptian Chemical Industries (Kima),Equity,0.9333333373069763,0.6395103335380554,25.0,25.0,0.96,-0.2938230037689209
2012-12,train,EGX30,EGX30 Index,EquityIndex,0.5866666436195374,0.4136033356189728,16.5,5.0,0.16,-0.17306330800056458
2012-12,train,ETEL.CA,Telecom Egypt,Equity,0.36000001430511475,0.45049184560775757,10.0,10.0,0.36,0.09049183130264282
2012-12,train,GBCO.CA,GB Corp,Equity,0.5866666436195374,0.509998083114624,16.5,12.0,0.44,-0.07666856050491333
2012-12,train,Gold,24K Gold (EGP),Gold,0.18666666746139526,0.3610506057739258,4.0,2.0,0.04,0.17438393831253052
2012-12,train,HELI.CA,Heliopolis Housing,Equity,0.8399999737739563,0.6292858123779297,21.5,23.0,0.88,-0.2107141613960266
2012-12,train,HRHO.CA,EFG Holding,Equity,0.30666667222976685,0.5477412343025208,7.5,15.0,0.56,0.2410745620727539
2012-12,train,JUFO.CA,Juhayna Food Industries,Equity,0.4533333480358124,0.5662185549736023,13.0,17.0,0.64,0.11288520693778992
2012-12,train,MCQE.CA,Misr Cement (Qena),Equity,0.3733333349227905,0.4210822284221649,11.0,6.0,0.2,0.04774889349937439
2012-12,train,MoneyMarket,91-Day T-Bills,MoneyMarket,0.02666666731238365,0.3455418646335602,1.0,1.0,0.0,0.31887519732117653
2012-12,train,OIH.CA,Orascom Investment Holding,Equity,0.5199999809265137,0.5971902012825012,14.0,20.0,0.76,0.07719022035598755
2012-12,train,ORWE.CA,Oriental Weavers,Equity,0.30666667222976685,0.44339361786842346,7.5,8.0,0.28,0.13672694563865662
2012-12,train,PHDC.CA,Palm Hills Development Company,Equity,0.8799999952316284,0.6368467807769775,24.0,24.0,0.92,-0.24315321445465088
2012-12,train,RAYA.CA,Raya Holding For Financial Investments,Equity,1.0,0.6714545488357544,26.0,26.0,1.0,-0.3285454511642456
2012-12,train,REIT,REIT Index,REIT,0.6666666865348816,0.5347261428833008,19.0,14.0,0.52,-0.1319405436515808
2012-12,train,TMGH.CA,T M G Holding,Equity,0.6933333277702332,0.6105817556381226,20.0,21.0,0.8,-0.0827515721321106
2012-12,train,VLMR.CA,Valmore Holding,Equity,0.2666666805744171,0.4468725621700287,6.0,9.0,0.32,0.18020588159561157
2013-01,train,ABUK.CA,Abou Kir Fertilizers,Equity,0.11999999731779099,0.4207540452480316,3.0,7.0,0.24,0.30075404793024063
2013-01,train,ADIB.CA,Abu Dhabi Islamic Bank- Egypt,Equity,0.746666669845581,0.5959276556968689,19.0,19.0,0.72,-0.15073901414871216
2013-01,train,AMOC.CA,Alexandria Mineral Oils Company,Equity,0.4533333480358124,0.4105786979198456,12.0,5.0,0.16,-0.0427546501159668
2013-01,train,BTFH.CA,Beltone Holding,Equity,0.06666667014360428,0.5277032852172852,2.0,15.0,0.56,0.4610366150736809
2013-01,train,Bonds,5-Year Government Bonds,Bonds,0.1733333319425583,0.34191858768463135,6.0,2.0,0.04,0.16858525574207306
2013-01,train,CCAP.CA,QALA For Financial Investments,Equity,0.6800000071525574,0.6354979872703552,18.0,23.0,0.88,-0.04450201988220215
2013-01,train,COMI.CA,Commercial International Bank-Egypt (CIB),Equity,0.8266666531562805,0.5095025300979614,22.0,13.0,0.48,-0.3171641230583191
2013-01,train,EAST.CA,Eastern Company,Equity,0.1599999964237213,0.4377230107784271,4.5,8.0,0.28,0.2777230143547058
2013-01,train,EGAL.CA,Egypt Aluminum,Equity,0.5199999809265137,0.5670551061630249,14.5,17.0,0.64,0.04705512523651123
2013-01,train,EGCH.CA,Egyptian Chemical Industries (Kima),Equity,0.9599999785423279,0.6355212330818176,26.0,24.0,0.92,-0.32447874546051025
2013-01,train,EGX30,EGX30 Index,EquityIndex,0.3866666555404663,0.414299339056015,10.0,6.0,0.2,0.027632683515548706
2013-01,train,ETEL.CA,Telecom Egypt,Equity,0.2933333218097687,0.44797834753990173,8.5,10.0,0.36,0.15464502573013306
2013-01,train,GBCO.CA,GB Corp,Equity,0.46666666865348816,0.48911750316619873,13.0,12.0,0.44,0.02245083451271057
2013-01,train,Gold,24K Gold (EGP),Gold,0.1599999964237213,0.35694608092308044,4.5,3.0,0.08,0.19694608449935913
2013-01,train,HELI.CA,Heliopolis Housing,Equity,0.8799999952316284,0.6299823522567749,23.5,22.0,0.84,-0.2500176429748535
2013-01,train,HRHO.CA,EFG Holding,Equity,0.54666668176651,0.5338317155838013,16.0,16.0,0.6,-0.01283496618270874
2013-01,train,JUFO.CA,Juhayna Food Industries,Equity,0.4399999976158142,0.569341242313385,11.0,18.0,0.68,0.1293412446975708
2013-01,train,MCQE.CA,Misr Cement (Qena),Equity,0.6000000238418579,0.38860148191452026,17.0,4.0,0.12,-0.21139854192733765
2013-01,train,MoneyMarket,91-Day T-Bills,MoneyMarket,0.02666666731238365,0.338919460773468,1.0,1.0,0.0,0.31225279346108437
2013-01,train,OIH.CA,Orascom Investment Holding,Equity,0.5199999809265137,0.6085191369056702,14.5,21.0,0.8,0.0885191559791565
2013-01,train,ORWE.CA,Oriental Weavers,Equity,0.2800000011920929,0.4377875328063965,7.0,9.0,0.32,0.1577875316143036
2013-01,train,PHDC.CA,Palm Hills Development Company,Equity,0.7866666913032532,0.6431044936180115,20.0,25.0,0.96,-0.1435621976852417
2013-01,train,RAYA.CA,Raya Holding For Financial Investments,Equity,0.8799999952316284,0.655798077583313,23.5,26.0,1.0,-0.22420191764831543
2013-01,train,REIT,REIT Index,REIT,0.8133333325386047,0.5155738592147827,21.0,14.0,0.52,-0.297759473323822
2013-01,train,TMGH.CA,T M G Holding,Equity,0.9200000166893005,0.5999602675437927,25.0,20.0,0.76,-0.3200397491455078
2013-01,train,VLMR.CA,Valmore Holding,Equity,0.2933333218097687,0.468887060880661,8.5,11.0,0.4,0.17555373907089233
2013-02,train,ABUK.CA,Abou Kir Fertilizers,Equity,0.1527777761220932,0.3904649317264557,3.0,4.0,0.125,0.2376871556043625
2013-02,train,ADIB.CA,Abu Dhabi Islamic Bank- Egypt,Equity,0.7638888955116272,0.6188558340072632,19.5,19.0,0.75,-0.145033061504364
2013-02,train,AMOC.CA,Alexandria Mineral Oils Company,Equity,0.2222222238779068,0.4099102318286896,5.5,5.0,0.16666666666666666,0.18768800795078278
2013-02,train,Bonds,5-Year Government Bonds,Bonds,0.0416666679084301,0.37159863114356995,2.0,2.0,0.041666666666666664,0.32993196323513985
2013-02,train,CCAP.CA,QALA For Financial Investments,Equity,0.6111111044883728,0.6424005627632141,15.0,21.0,0.8333333333333334,0.03128945827484131
2013-02,train,COMI.CA,Commercial International Bank-Egypt (CIB),Equity,0.625,0.5500916838645935,16.0,14.0,0.5416666666666666,-0.0749083161354065
2013-02,train,EAST.CA,Eastern Company,Equity,0.2222222238779068,0.44865065813064575,5.5,8.0,0.2916666666666667,0.22642843425273895
2013-02,train,EGAL.CA,Egypt Aluminum,Equity,0.8194444179534912,0.5624143481254578,22.0,16.0,0.625,-0.25703006982803345
2013-02,train,EGCH.CA,Egyptian Chemical Industries (Kima),Equity,0.9166666865348816,0.6586973071098328,24.0,23.0,0.9166666666666666,-0.25796937942504883
2013-02,train,EGX30,EGX30 Index,EquityIndex,0.2361111044883728,0.45818406343460083,7.0,9.0,0.3333333333333333,0.22207295894622803
2013-02,train,ETEL.CA,Telecom Egypt,Equity,0.2777777910232544,0.5123870372772217,8.0,12.0,0.4583333333333333,0.23460924625396729
2013-02,train,GBCO.CA,GB Corp,Equity,0.2916666567325592,0.4926867187023163,9.0,10.0,0.375,0.20102006196975708
2013-02,train,Gold,24K Gold (EGP),Gold,0.4166666567325592,0.3891198933124542,11.0,3.0,0.08333333333333333,-0.02754676342010498
2013-02,train,HELI.CA,Heliopolis Housing,Equity,0.7638888955116272,0.6515409350395203,19.5,22.0,0.875,-0.11234796047210693
2013-02,train,HRHO.CA,EFG Holding,Equity,0.5555555820465088,0.5491674542427063,14.0,13.0,0.5,-0.00638812780380249
2013-02,train,JUFO.CA,Juhayna Food Industries,Equity,0.7777777910232544,0.6180104613304138,21.0,18.0,0.7083333333333334,-0.15976732969284058
2013-02,train,MCQE.CA,Misr Cement (Qena),Equity,0.3333333432674408,0.4253694415092468,10.0,6.0,0.20833333333333334,0.09203609824180603
2013-02,train,MoneyMarket,91-Day T-Bills,MoneyMarket,0.0,0.35572004318237305,1.0,1.0,0.0,0.35572004318237305
2013-02,train,OIH.CA,Orascom Investment Holding,Equity,0.4861111044883728,0.6008129119873047,12.0,17.0,0.6666666666666666,0.11470180749893188
2013-02,train,ORWE.CA,Oriental Weavers,Equity,0.2083333283662796,0.43459853529930115,4.0,7.0,0.25,0.22626520693302155
2013-02,train,PHDC.CA,Palm Hills Development Company,Equity,0.875,0.6615023612976074,23.0,24.0,0.9583333333333334,-0.21349763870239258
2013-02,train,RAYA.CA,Raya Holding For Financial Investments,Equity,0.9861111044883728,0.6789006590843201,25.0,25.0,1.0,-0.30721044540405273
2013-02,train,REIT,REIT Index,REIT,0.5416666865348816,0.5559185743331909,13.0,15.0,0.5833333333333334,0.014251887798309326
2013-02,train,TMGH.CA,T M G Holding,Equity,0.6944444179534912,0.6276623606681824,18.0,20.0,0.7916666666666666,-0.06678205728530884
2013-02,train,VLMR.CA,Valmore Holding,Equity,0.6805555820465088,0.5067222714424133,17.0,11.0,0.4166666666666667,-0.17383331060409546
2013-03,train,ABUK.CA,Abou Kir Fertilizers,Equity,0.1388888955116272,0.38587188720703125,4.0,4.0,0.125,0.24698299169540405
2013-03,train,ADIB.CA,Abu Dhabi Islamic Bank- Egypt,Equity,0.6527777910232544,0.6147708296775818,18.0,20.0,0.7916666666666666,-0.03800696134567261
2013-03,train,AMOC.CA,Alexandria Mineral Oils Company,Equity,0.125,0.4193076193332672,3.0,5.0,0.16666666666666666,0.2943076193332672
2013-03,train,Bonds,5-Year Government Bonds,Bonds,0.7916666865348816,0.34913817048072815,22.0,2.0,0.041666666666666664,-0.44252851605415344
2013-03,train,CCAP.CA,QALA For Financial Investments,Equity,0.6805555820465088,0.6184480786323547,19.0,21.0,0.8333333333333334,-0.06210750341415405
2013-03,train,COMI.CA,Commercial International Bank-Egypt (CIB),Equity,0.625,0.5440543293952942,15.5,15.0,0.5833333333333334,-0.08094567060470581
2013-03,train,EAST.CA,Eastern Company,Equity,0.7638888955116272,0.4270099997520447,21.0,7.0,0.25,-0.3368788957595825
2013-03,train,EGAL.CA,Egypt Aluminum,Equity,0.9166666865348816,0.577048659324646,25.0,17.0,0.6666666666666666,-0.3396180272102356
2013-03,train,EGCH.CA,Egyptian Chemical Industries (Kima),Equity,0.7222222089767456,0.6538956165313721,20.0,25.0,1.0,-0.06832659244537354
2013-03,train,EGX30,EGX30 Index,EquityIndex,0.3611111044883728,0.4316326677799225,9.0,8.0,0.2916666666666667,0.07052156329154968
2013-03,train,ETEL.CA,Telecom Egypt,Equity,0.25,0.46857374906539917,5.0,10.0,0.375,0.21857374906539917
2013-03,train,GBCO.CA,GB Corp,Equity,0.375,0.5047798156738281,10.0,12.0,0.4583333333333333,0.12977981567382812
2013-03,train,Gold,24K Gold (EGP),Gold,0.0694444477558136,0.36996766924858093,2.0,3.0,0.08333333333333333,0.30052322149276733
2013-03,train,HELI.CA,Heliopolis Housing,Equity,0.8333333134651184,0.6354979276657104,23.0,22.0,0.875,-0.19783538579940796
2013-03,train,HRHO.CA,EFG Holding,Equity,0.6388888955116272,0.5427491664886475,17.0,14.0,0.5416666666666666,-0.09613972902297974
2013-03,train,JUFO.CA,Juhayna Food Industries,Equity,0.2916666567325592,0.5748623013496399,6.0,16.0,0.625,0.2831956446170807
2013-03,train,MCQE.CA,Misr Cement (Qena),Equity,0.3333333432674408,0.4350225627422333,8.0,9.0,0.3333333333333333,0.10168921947479248
2013-03,train,MoneyMarket,91-Day T-Bills,MoneyMarket,0.02777777798473835,0.34262874722480774,1.0,1.0,0.0,0.3148509692400694
2013-03,train,OIH.CA,Orascom Investment Holding,Equity,0.5833333134651184,0.611279308795929,14.0,18.0,0.7083333333333334,0.027945995330810547
2013-03,train,ORWE.CA,Oriental Weavers,Equity,0.5277777910232544,0.4205518960952759,13.0,6.0,0.20833333333333334,-0.10722589492797852
2013-03,train,PHDC.CA,Palm Hills Development Company,Equity,0.8611111044883728,0.6493728756904602,24.0,24.0,0.9583333333333334,-0.2117382287979126
2013-03,train,RAYA.CA,Raya Holding For Financial Investments,Equity,0.3194444477558136,0.6379587650299072,7.0,23.0,0.9166666666666666,0.31851431727409363
2013-03,train,REIT,REIT Index,REIT,0.4861111044883728,0.5346052050590515,11.0,13.0,0.5,0.04849410057067871
2013-03,train,TMGH.CA,T M G Holding,Equity,0.625,0.6131608486175537,15.5,19.0,0.75,-0.011839151382446289
2013-03,train,VLMR.CA,Valmore Holding,Equity,0.5,0.4974563717842102,12.0,11.0,0.4166666666666667,-0.002543628215789795
2013-04,train,ABUK.CA,Abou Kir Fertilizers,Equity,0.0972222238779068,0.38300809264183044,3.0,3.0,0.08333333333333333,0.28578586876392365
2013-04,train,ADIB.CA,Abu Dhabi Islamic Bank- Egypt,Equity,0.625,0.6064455509185791,17.0,18.0,0.7083333333333334,-0.0185544490814209
2013-04,train,AMOC.CA,Alexandria Mineral Oils Company,Equity,0.2083333283662796,0.42630213499069214,5.0,5.0,0.16666666666666666,0.21796880662441254
2013-04,train,Bonds,5-Year Government Bonds,Bonds,0.0069444444961845875,0.3800267279148102,1.0,2.0,0.041666666666666664,0.3730822834186256
2013-04,train,CCAP.CA,QALA For Financial Investments,Equity,0.5,0.6245033740997314,11.5,21.0,0.8333333333333334,0.12450337409973145
2013-04,train,COMI.CA,Commercial International Bank-Egypt (CIB),Equity,0.6805555820465088,0.5445058941841125,19.0,13.0,0.5,-0.13604968786239624
2013-04,train,EAST.CA,Eastern Company,Equity,0.8055555820465088,0.4365515112876892,22.0,6.0,0.20833333333333334,-0.3690040707588196
2013-04,train,EGAL.CA,Egypt Aluminum,Equity,0.5416666865348816,0.603279173374176,14.0,17.0,0.6666666666666666,0.061612486839294434
2013-04,train,EGCH.CA,Egyptian Chemical Industries (Kima),Equity,0.5,0.6199831366539001,11.5,20.0,0.7916666666666666,0.11998313665390015
2013-04,train,EGX30,EGX30 Index,EquityIndex,0.2638888955116272,0.4534587562084198,7.0,8.0,0.2916666666666667,0.1895698606967926
2013-04,train,ETEL.CA,Telecom Egypt,Equity,0.7777777910232544,0.47266608476638794,20.0,9.0,0.3333333333333333,-0.30511170625686646
2013-04,train,GBCO.CA,GB Corp,Equity,0.5277777910232544,0.49327215552330017,13.0,11.0,0.4166666666666667,-0.034505635499954224
2013-04,train,Gold,24K Gold (EGP),Gold,0.9861111044883728,0.386711448431015,25.0,4.0,0.125,-0.5993996560573578
2013-04,train,HELI.CA,Heliopolis Housing,Equity,0.3611111044883728,0.6524577736854553,9.0,23.0,0.9166666666666666,0.2913466691970825
2013-04,train,HRHO.CA,EFG Holding,Equity,0.7916666865348816,0.5507364869117737,21.0,15.0,0.5833333333333334,-0.2409301996231079
2013-04,train,JUFO.CA,Juhayna Food Industries,Equity,0.1805555522441864,0.5475262403488159,4.0,14.0,0.5416666666666666,0.3669706881046295
2013-04,train,MCQE.CA,Misr Cement (Qena),Equity,0.8333333134651184,0.44501522183418274,23.0,7.0,0.25,-0.38831809163093567
2013-04,train,MoneyMarket,91-Day T-Bills,MoneyMarket,0.0555555559694767,0.36366283893585205,2.0,1.0,0.0,0.30810728296637535
2013-04,train,OIH.CA,Orascom Investment Holding,Equity,0.5555555820465088,0.6127955317497253,15.0,19.0,0.75,0.05723994970321655
2013-04,train,ORWE.CA,Oriental Weavers,Equity,0.9305555820465088,0.47510868310928345,24.0,10.0,0.375,-0.45544689893722534
2013-04,train,PHDC.CA,Palm Hills Development Company,Equity,0.5833333134651184,0.6531918048858643,16.0,24.0,0.9583333333333334,0.06985849142074585
2013-04,train,RAYA.CA,Raya Holding For Financial Investments,Equity,0.6597222089767456,0.6541433930397034,18.0,25.0,1.0,-0.005578815937042236
2013-04,train,REIT,REIT Index,REIT,0.3194444477558136,0.5557169318199158,8.0,16.0,0.625,0.23627248406410217
2013-04,train,TMGH.CA,T M G Holding,Equity,0.4722222089767456,0.6259636282920837,10.0,22.0,0.875,0.15374141931533813
2013-04,train,VLMR.CA,Valmore Holding,Equity,0.2361111044883728,0.529164731502533,6.0,12.0,0.4583333333333333,0.29305362701416016
2013-05,train,ABUK.CA,Abou Kir Fertilizers,Equity,0.3055555522441864,0.38491663336753845,7.5,3.0,0.08333333333333333,0.07936108112335205
2013-05,train,ADIB.CA,Abu Dhabi Islamic Bank- Egypt,Equity,0.8055555820465088,0.6012439131736755,21.0,21.0,0.8333333333333334,-0.20431166887283325
2013-05,train,AMOC.CA,Alexandria Mineral Oils Company,Equity,0.3055555522441864,0.42708417773246765,7.5,5.0,0.16666666666666666,0.12152862548828125
2013-05,train,Bonds,5-Year Government Bonds,Bonds,0.02083333395421505,0.3576173186302185,1.5,2.0,0.041666666666666664,0.33678398467600346
2013-05,train,CCAP.CA,QALA For Financial Investments,Equity,0.9166666865348816,0.5898226499557495,24.0,19.0,0.75,-0.3268440365791321
2013-05,train,COMI.CA,Commercial International Bank-Egypt (CIB),Equity,0.25,0.5364886522293091,5.0,15.0,0.5833333333333334,0.2864886522293091
2013-05,train,EAST.CA,Eastern Company,Equity,0.3194444477558136,0.4346306622028351,9.0,6.0,0.20833333333333334,0.11518621444702148
2013-05,train,EGAL.CA,Egypt Aluminum,Equity,0.6944444179534912,0.589486300945282,19.0,18.0,0.7083333333333334,-0.10495811700820923
2013-05,train,EGCH.CA,Egyptian Chemical Industries (Kima),Equity,0.7916666865348816,0.6258317232131958,20.0,23.0,0.9166666666666666,-0.1658349633216858
2013-05,train,EGX30,EGX30 Index,EquityIndex,0.3333333432674408,0.3993295431137085,10.0,4.0,0.125,0.0659961998462677
2013-05,train,ETEL.CA,Telecom Egypt,Equity,0.3611111044883728,0.4472618103027344,11.0,9.0,0.3333333333333333,0.08615070581436157
2013-05,train,GBCO.CA,GB Corp,Equity,0.2916666567325592,0.44465601444244385,6.0,8.0,0.2916666666666667,0.15298935770988464
2013-05,train,Gold,24K Gold (EGP),Gold,0.6388888955116272,0.4443240165710449,17.0,7.0,0.25,-0.19456487894058228
2013-05,train,HELI.CA,Heliopolis Housing,Equity,0.5555555820465088,0.6460400223731995,13.5,25.0,1.0,0.09048444032669067
2013-05,train,HRHO.CA,EFG Holding,Equity,0.8611111044883728,0.5707666873931885,22.0,16.0,0.625,-0.2903444170951843
2013-05,train,JUFO.CA,Juhayna Food Industries,Equity,0.4861111044883728,0.49326375126838684,12.0,11.0,0.4166666666666667,0.007152646780014038
2013-05,train,MCQE.CA,Misr Cement (Qena),Equity,0.5694444179534912,0.4945497214794159,15.0,12.0,0.4583333333333333,-0.07489469647407532
2013-05,train,MoneyMarket,91-Day T-Bills,MoneyMarket,0.0833333358168602,0.3484780490398407,3.0,1.0,0.0,0.2651447132229805
2013-05,train,OIH.CA,Orascom Investment Holding,Equity,0.6527777910232544,0.5942655205726624,18.0,20.0,0.7916666666666666,-0.05851227045059204
2013-05,train,ORWE.CA,Oriental Weavers,Equity,0.2222222238779068,0.5093425512313843,4.0,13.0,0.5,0.2871203273534775
2013-05,train,PHDC.CA,Palm Hills Development Company,Equity,0.875,0.6308363080024719,23.0,24.0,0.9583333333333334,-0.24416369199752808
2013-05,train,RAYA.CA,Raya Holding For Financial Investments,Equity,0.02083333395421505,0.6102255582809448,1.5,22.0,0.875,0.5893922243267298
2013-05,train,REIT,REIT Index,REIT,0.5555555820465088,0.5211443901062012,13.5,14.0,0.5416666666666666,-0.03441119194030762
2013-05,train,TMGH.CA,T M G Holding,Equity,0.625,0.5825257301330566,16.0,17.0,0.6666666666666666,-0.04247426986694336
2013-05,train,VLMR.CA,Valmore Holding,Equity,0.9583333134651184,0.48294922709465027,25.0,10.0,0.375,-0.47538408637046814
2013-06,train,ABUK.CA,Abou Kir Fertilizers,Equity,0.1666666716337204,0.39921900629997253,5.0,3.0,0.08333333333333333,0.23255233466625214
2013-06,train,ADIB.CA,Abu Dhabi Islamic Bank- Egypt,Equity,0.9027777910232544,0.6046133041381836,24.0,19.0,0.75,-0.2981644868850708
2013-06,train,AMOC.CA,Alexandria Mineral Oils Company,Equity,0.125,0.441420316696167,3.0,5.0,0.16666666666666666,0.316420316696167
2013-06,train,Bonds,5-Year Government Bonds,Bonds,0.0,0.3850811719894409,1.0,2.0,0.041666666666666664,0.3850811719894409
2013-06,train,CCAP.CA,QALA For Financial Investments,Equity,0.75,0.6181246638298035,19.0,23.0,0.9166666666666666,-0.13187533617019653
2013-06,train,COMI.CA,Commercial International Bank-Egypt (CIB),Equity,0.5694444179534912,0.5430512428283691,14.0,13.0,0.5,-0.02639317512512207
2013-06,train,EAST.CA,Eastern Company,Equity,0.1527777761220932,0.4795709550380707,4.0,8.0,0.2916666666666667,0.3267931789159775
2013-06,train,EGAL.CA,Egypt Aluminum,Equity,0.8888888955116272,0.6118583083152771,23.0,22.0,0.875,-0.2770305871963501
2013-06,train,EGCH.CA,Egyptian Chemical Industries (Kima),Equity,0.875,0.6073313355445862,22.0,20.0,0.7916666666666666,-0.2676686644554138
2013-06,train,EGX30,EGX30 Index,EquityIndex,0.4166666567325592,0.4230433702468872,11.0,4.0,0.125,0.006376713514328003
2013-06,train,ETEL.CA,Telecom Egypt,Equity,0.625,0.4474344253540039,17.0,6.0,0.20833333333333334,-0.1775655746459961
2013-06,train,GBCO.CA,GB Corp,Equity,0.375,0.480103462934494,10.0,9.0,0.3333333333333333,0.10510346293449402
2013-06,train,Gold,24K Gold (EGP),Gold,0.25,0.4568205177783966,7.0,7.0,0.25,0.2068205177783966
2013-06,train,HELI.CA,Heliopolis Housing,Equity,0.5972222089767456,0.6392909288406372,15.0,24.0,0.9583333333333334,0.0420687198638916
2013-06,train,HRHO.CA,EFG Holding,Equity,0.5277777910232544,0.6088085174560547,13.0,21.0,0.8333333333333334,0.08103072643280029
2013-06,train,JUFO.CA,Juhayna Food Industries,Equity,0.3194444477558136,0.507903516292572,9.0,10.0,0.375,0.18845906853675842
2013-06,train,MCQE.CA,Misr Cement (Qena),Equity,0.6666666865348816,0.5128501057624817,18.0,11.0,0.4166666666666667,-0.1538165807723999
2013-06,train,MoneyMarket,91-Day T-Bills,MoneyMarket,0.0416666679084301,0.34514519572257996,2.0,1.0,0.0,0.30347852781414986
2013-06,train,OIH.CA,Orascom Investment Holding,Equity,0.6111111044883728,0.5920512080192566,16.0,17.0,0.6666666666666666,-0.01905989646911621
2013-06,train,ORWE.CA,Oriental Weavers,Equity,0.2222222238779068,0.5566313862800598,6.0,15.0,0.5833333333333334,0.334409162402153
2013-06,train,PHDC.CA,Palm Hills Development Company,Equity,0.8472222089767456,0.6453139185905457,21.0,25.0,1.0,-0.20190829038619995
2013-06,train,RAYA.CA,Raya Holding For Financial Investments,Equity,1.0,0.575205385684967,25.0,16.0,0.625,-0.42479461431503296
2013-06,train,REIT,REIT Index,REIT,0.4861111044883728,0.526812732219696,12.0,12.0,0.4583333333333333,0.04070162773132324
2013-06,train,TMGH.CA,T M G Holding,Equity,0.2916666567325592,0.5986080169677734,8.0,18.0,0.7083333333333334,0.30694136023521423
2013-06,train,VLMR.CA,Valmore Holding,Equity,0.7916666865348816,0.5558207035064697,20.0,14.0,0.5416666666666666,-0.23584598302841187
2013-07,train,ABUK.CA,Abou Kir Fertilizers,Equity,0.1111111119389534,0.40253961086273193,3.0,4.0,0.125,0.29142849892377853
2013-07,train,ADIB.CA,Abu Dhabi Islamic Bank- Egypt,Equity,0.5972222089767456,0.6193217635154724,15.0,21.0,0.8333333333333334,0.022099554538726807
2013-07,train,AMOC.CA,Alexandria Mineral Oils Company,Equity,0.2777777910232544,0.3792223632335663,7.5,3.0,0.08333333333333333,0.10144457221031189
2013-07,train,Bonds,5-Year Government Bonds,Bonds,0.0,0.3730601370334625,1.0,2.0,0.041666666666666664,0.3730601370334625
2013-07,train,CCAP.CA,QALA For Financial Investments,Equity,0.5555555820465088,0.599806547164917,13.0,19.0,0.75,0.0442509651184082
2013-07,train,COMI.CA,Commercial International Bank-Egypt (CIB),Equity,0.4722222089767456,0.5330844521522522,11.0,14.0,0.5416666666666666,0.06086224317550659
2013-07,train,EAST.CA,Eastern Company,Equity,0.2777777910232544,0.4468902051448822,7.5,6.0,0.20833333333333334,0.1691124141216278
2013-07,train,EGAL.CA,Egypt Aluminum,Equity,0.9305555820465088,0.608639121055603,24.0,20.0,0.7916666666666666,-0.32191646099090576
2013-07,train,EGCH.CA,Egyptian Chemical Industries (Kima),Equity,0.7638888955116272,0.6193234324455261,21.0,22.0,0.875,-0.14456546306610107
2013-07,train,EGX30,EGX30 Index,EquityIndex,0.2638888955116272,0.4042033851146698,6.0,5.0,0.16666666666666666,0.1403144896030426
2013-07,train,ETEL.CA,Telecom Egypt,Equity,0.3472222089767456,0.47577834129333496,9.0,9.0,0.3333333333333333,0.12855613231658936
2013-07,train,GBCO.CA,GB Corp,Equity,0.125,0.458950936794281,4.0,8.0,0.2916666666666667,0.333950936794281
2013-07,train,Gold,24K Gold (EGP),Gold,0.1666666716337204,0.45600664615631104,5.0,7.0,0.25,0.28933997452259064
2013-07,train,HELI.CA,Heliopolis Housing,Equity,0.6527777910232544,0.6199092268943787,17.0,23.0,0.9166666666666666,-0.03286856412887573
2013-07,train,HRHO.CA,EFG Holding,Equity,0.7361111044883728,0.5824486017227173,19.0,17.0,0.6666666666666666,-0.15366250276565552
2013-07,train,JUFO.CA,Juhayna Food Industries,Equity,0.8333333134651184,0.48511171340942383,23.0,10.0,0.375,-0.3482216000556946
2013-07,train,MCQE.CA,Misr Cement (Qena),Equity,0.5,0.543064296245575,12.0,16.0,0.625,0.04306429624557495
2013-07,train,MoneyMarket,91-Day T-Bills,MoneyMarket,0.0416666679084301,0.338534951210022,2.0,1.0,0.0,0.2968682833015919
2013-07,train,OIH.CA,Orascom Investment Holding,Equity,0.4305555522441864,0.5953821539878845,10.0,18.0,0.7083333333333334,0.16482660174369812
2013-07,train,ORWE.CA,Oriental Weavers,Equity,0.8055555820465088,0.5149168968200684,22.0,12.0,0.4583333333333333,-0.29063868522644043
2013-07,train,PHDC.CA,Palm Hills Development Company,Equity,0.625,0.6278620958328247,16.0,25.0,1.0,0.002862095832824707
2013-07,train,RAYA.CA,Raya Holding For Financial Investments,Equity,0.9722222089767456,0.6212769150733948,25.0,24.0,0.9583333333333334,-0.35094529390335083
2013-07,train,REIT,REIT Index,REIT,0.5694444179534912,0.4939132630825043,14.0,11.0,0.4166666666666667,-0.07553115487098694
2013-07,train,TMGH.CA,T M G Holding,Equity,0.75,0.5334685444831848,20.0,15.0,0.5833333333333334,-0.21653145551681519
2013-07,train,VLMR.CA,Valmore Holding,Equity,0.6944444179534912,0.520632803440094,18.0,13.0,0.5,-0.17381161451339722
2013-08,train,ABUK.CA,Abou Kir Fertilizers,Equity,0.0972222238779068,0.4091859459877014,3.0,5.0,0.16666666666666666,0.3119637221097946
2013-08,train,ADIB.CA,Abu Dhabi Islamic Bank- Egypt,Equity,0.5972222089767456,0.5923725962638855,15.5,17.0,0.6666666666666666,-0.004849612712860107
2013-08,train,AMOC.CA,Alexandria Mineral Oils Company,Equity,0.1944444477558136,0.3790898621082306,6.0,2.0,0.041666666666666664,0.184645414352417
2013-08,train,Bonds,5-Year Government Bonds,Bonds,0.0416666679084301,0.3945823907852173,2.0,3.0,0.08333333333333333,0.3529157228767872
2013-08,train,CCAP.CA,QALA For Financial Investments,Equity,0.8611111044883728,0.6300337314605713,22.5,24.0,0.9583333333333334,-0.2310773730278015
2013-08,train,COMI.CA,Commercial International Bank-Egypt (CIB),Equity,0.7916666865348816,0.5225768089294434,20.0,13.0,0.5,-0.26908987760543823
2013-08,train,EAST.CA,Eastern Company,Equity,0.7777777910232544,0.4522448182106018,19.0,8.0,0.2916666666666667,-0.3255329728126526
2013-08,train,EGAL.CA,Egypt Aluminum,Equity,0.5972222089767456,0.6169784665107727,15.5,21.0,0.8333333333333334,0.0197562575340271
2013-08,train,EGCH.CA,Egyptian Chemical Industries (Kima),Equity,0.875,0.6197494864463806,24.0,22.0,0.875,-0.2552505135536194
2013-08,train,EGX30,EGX30 Index,EquityIndex,0.4722222089767456,0.4004116356372833,12.0,4.0,0.125,-0.07181057333946228
2013-08,train,ETEL.CA,Telecom Egypt,Equity,0.7083333134651184,0.45925450325012207,18.0,9.0,0.3333333333333333,-0.24907881021499634
2013-08,train,GBCO.CA,GB Corp,Equity,0.1805555522441864,0.4432167708873749,5.0,7.0,0.25,0.2626612186431885
2013-08,train,Gold,24K Gold (EGP),Gold,0.125,0.43786394596099854,4.0,6.0,0.20833333333333334,0.31286394596099854
2013-08,train,HELI.CA,Heliopolis Housing,Equity,0.3888888955116272,0.5959610342979431,9.0,18.0,0.7083333333333334,0.20707213878631592
2013-08,train,HRHO.CA,EFG Holding,Equity,0.8611111044883728,0.6128880977630615,22.5,19.0,0.75,-0.24822300672531128
2013-08,train,JUFO.CA,Juhayna Food Industries,Equity,0.4305555522441864,0.5058902502059937,11.0,11.0,0.4166666666666667,0.07533469796180725
2013-08,train,MCQE.CA,Misr Cement (Qena),Equity,0.2916666567325592,0.556696891784668,7.5,15.0,0.5833333333333334,0.26503023505210876
2013-08,train,MoneyMarket,91-Day T-Bills,MoneyMarket,0.0,0.3375873267650604,1.0,1.0,0.0,0.3375873267650604
2013-08,train,OIH.CA,Orascom Investment Holding,Equity,0.6944444179534912,0.615018904209137,17.0,20.0,0.7916666666666666,-0.07942551374435425
2013-08,train,ORWE.CA,Oriental Weavers,Equity,0.2916666567325592,0.5216948390007019,7.5,12.0,0.4583333333333333,0.2300281822681427
2013-08,train,PHDC.CA,Palm Hills Development Company,Equity,0.8333333134651184,0.6490352749824524,21.0,25.0,1.0,-0.18429803848266602
2013-08,train,RAYA.CA,Raya Holding For Financial Investments,Equity,0.9444444179534912,0.6240828037261963,25.0,23.0,0.9166666666666666,-0.3203616142272949
2013-08,train,REIT,REIT Index,REIT,0.4861111044883728,0.4752380847930908,13.0,10.0,0.375,-0.010873019695281982
2013-08,train,TMGH.CA,T M G Holding,Equity,0.5555555820465088,0.5482762455940247,14.0,14.0,0.5416666666666666,-0.007279336452484131
2013-08,train,VLMR.CA,Valmore Holding,Equity,0.4027777910232544,0.5695911645889282,10.0,16.0,0.625,0.16681337356567383
2013-09,train,ABUK.CA,Abou Kir Fertilizers,Equity,0.6805555820465088,0.41601261496543884,18.0,5.0,0.16666666666666666,-0.26454296708106995
2013-09,train,ADIB.CA,Abu Dhabi Islamic Bank- Egypt,Equity,0.5694444179534912,0.6063951253890991,12.5,18.0,0.7083333333333334,0.03695070743560791
2013-09,train,AMOC.CA,Alexandria Mineral Oils Company,Equity,0.2638888955116272,0.39173591136932373,7.5,3.0,0.08333333333333333,0.12784701585769653
2013-09,train,Bonds,5-Year Government Bonds,Bonds,0.013888888992369175,0.3801783621311188,1.0,2.0,0.041666666666666664,0.3662894731387496
2013-09,train,CCAP.CA,QALA For Financial Investments,Equity,0.8472222089767456,0.6121937036514282,23.0,20.0,0.7916666666666666,-0.23502850532531738
2013-09,train,COMI.CA,Commercial International Bank-Egypt (CIB),Equity,0.2361111044883728,0.54374098777771,5.5,14.0,0.5416666666666666,0.30762988328933716
2013-09,train,EAST.CA,Eastern Company,Equity,0.1388888955116272,0.4443275034427643,3.0,8.0,0.2916666666666667,0.3054386079311371
2013-09,train,EGAL.CA,Egypt Aluminum,Equity,0.9861111044883728,0.6352889537811279,25.0,22.0,0.875,-0.3508221507072449
2013-09,train,EGCH.CA,Egyptian Chemical Industries (Kima),Equity,0.6527777910232544,0.6452568173408508,17.0,23.0,0.9166666666666666,-0.0075209736824035645
2013-09,train,EGX30,EGX30 Index,EquityIndex,0.2638888955116272,0.4093867242336273,7.5,4.0,0.125,0.14549782872200012
2013-09,train,ETEL.CA,Telecom Egypt,Equity,0.2222222238779068,0.4999805688858032,4.0,12.0,0.4583333333333333,0.2777583450078964
2013-09,train,GBCO.CA,GB Corp,Equity,0.3888888955116272,0.424776554107666,11.0,6.0,0.20833333333333334,0.03588765859603882
2013-09,train,Gold,24K Gold (EGP),Gold,0.8611111044883728,0.43399277329444885,24.0,7.0,0.25,-0.42711833119392395
2013-09,train,HELI.CA,Heliopolis Housing,Equity,0.7083333134651184,0.6118530035018921,19.5,19.0,0.75,-0.09648030996322632
2013-09,train,HRHO.CA,EFG Holding,Equity,0.5972222089767456,0.6013679504394531,15.5,17.0,0.6666666666666666,0.0041457414627075195
2013-09,train,JUFO.CA,Juhayna Food Industries,Equity,0.3472222089767456,0.490108460187912,10.0,10.0,0.375,0.14288625121116638
2013-09,train,MCQE.CA,Misr Cement (Qena),Equity,0.8055555820465088,0.5490390062332153,21.0,15.0,0.5833333333333334,-0.25651657581329346
2013-09,train,MoneyMarket,91-Day T-Bills,MoneyMarket,0.0694444477558136,0.3514597713947296,2.0,1.0,0.0,0.282015323638916
2013-09,train,OIH.CA,Orascom Investment Holding,Equity,0.5694444179534912,0.6218459010124207,12.5,21.0,0.8333333333333334,0.05240148305892944
2013-09,train,ORWE.CA,Oriental Weavers,Equity,0.2361111044883728,0.49320486187934875,5.5,11.0,0.4166666666666667,0.25709375739097595
2013-09,train,PHDC.CA,Palm Hills Development Company,Equity,0.8194444179534912,0.6455609798431396,22.0,24.0,0.9583333333333334,-0.17388343811035156
2013-09,train,RAYA.CA,Raya Holding For Financial Investments,Equity,0.3333333432674408,0.6775684952735901,9.0,25.0,1.0,0.3442351520061493
2013-09,train,REIT,REIT Index,REIT,0.5833333134651184,0.47157561779022217,14.0,9.0,0.3333333333333333,-0.11175769567489624
2013-09,train,TMGH.CA,T M G Holding,Equity,0.7083333134651184,0.5365005731582642,19.5,13.0,0.5,-0.17183274030685425
2013-09,train,VLMR.CA,Valmore Holding,Equity,0.5972222089767456,0.5584441423416138,15.5,16.0,0.625,-0.038778066635131836
2013-10,train,ABUK.CA,Abou Kir Fertilizers,Equity,0.9166666865348816,0.4348241686820984,24.0,8.0,0.2916666666666667,-0.4818425178527832
2013-10,train,ADIB.CA,Abu Dhabi Islamic Bank- Egypt,Equity,0.2083333283662796,0.5667111277580261,5.0,16.0,0.625,0.3583777993917465
2013-10,train,AMOC.CA,Alexandria Mineral Oils Company,Equity,0.9305555820465088,0.3824406564235687,25.0,3.0,0.08333333333333333,-0.5481149256229401
2013-10,train,Bonds,5-Year Government Bonds,Bonds,0.02777777798473835,0.3426893651485443,1.0,1.0,0.0,0.31491158716380596
2013-10,train,CCAP.CA,QALA For Financial Investments,Equity,0.4444444477558136,0.6295223832130432,10.0,21.0,0.8333333333333334,0.18507793545722961
2013-10,train,COMI.CA,Commercial International Bank-Egypt (CIB),Equity,0.1111111119389534,0.5086116790771484,3.0,12.0,0.4583333333333333,0.39750056713819504
2013-10,train,EAST.CA,Eastern Company,Equity,0.4861111044883728,0.41902458667755127,11.0,7.0,0.25,-0.06708651781082153
2013-10,train,EGAL.CA,Egypt Aluminum,Equity,0.8472222089767456,0.6389604210853577,23.0,22.0,0.875,-0.20826178789138794
2013-10,train,EGCH.CA,Egyptian Chemical Industries (Kima),Equity,0.6111111044883728,0.6450256109237671,17.0,24.0,0.9583333333333334,0.03391450643539429
2013-10,train,EGX30,EGX30 Index,EquityIndex,0.1527777761220932,0.38280734419822693,4.0,4.0,0.125,0.23002956807613373
2013-10,train,ETEL.CA,Telecom Egypt,Equity,0.5,0.47904494404792786,12.5,10.0,0.375,-0.020955055952072144
2013-10,train,GBCO.CA,GB Corp,Equity,0.7916666865348816,0.40625473856925964,21.5,5.0,0.16666666666666666,-0.38541194796562195
2013-10,train,Gold,24K Gold (EGP),Gold,0.5,0.410629004240036,12.5,6.0,0.20833333333333334,-0.08937099575996399
2013-10,train,HELI.CA,Heliopolis Housing,Equity,0.7916666865348816,0.5861412286758423,21.5,18.0,0.7083333333333334,-0.2055254578590393
2013-10,train,HRHO.CA,EFG Holding,Equity,0.25,0.6115053296089172,6.0,20.0,0.7916666666666666,0.36150532960891724
2013-10,train,JUFO.CA,Juhayna Food Industries,Equity,0.75,0.49574145674705505,19.0,11.0,0.4166666666666667,-0.25425854325294495
2013-10,train,MCQE.CA,Misr Cement (Qena),Equity,0.5972222089767456,0.5109748840332031,16.0,13.0,0.5,-0.08624732494354248
2013-10,train,MoneyMarket,91-Day T-Bills,MoneyMarket,0.0555555559694767,0.34886759519577026,2.0,2.0,0.041666666666666664,0.29331203922629356
2013-10,train,OIH.CA,Orascom Investment Holding,Equity,0.5138888955116272,0.6013155579566956,14.0,19.0,0.75,0.08742666244506836
2013-10,train,ORWE.CA,Oriental Weavers,Equity,0.5416666865348816,0.5120247602462769,15.0,14.0,0.5416666666666666,-0.029641926288604736
2013-10,train,PHDC.CA,Palm Hills Development Company,Equity,0.75,0.6498808860778809,19.0,25.0,1.0,-0.10011911392211914
2013-10,train,RAYA.CA,Raya Holding For Financial Investments,Equity,0.3194444477558136,0.6424230337142944,8.0,23.0,0.9166666666666666,0.32297858595848083
2013-10,train,REIT,REIT Index,REIT,0.2777777910232544,0.4454634189605713,7.0,9.0,0.3333333333333333,0.1676856279373169
2013-10,train,TMGH.CA,T M G Holding,Equity,0.375,0.5491131544113159,9.0,15.0,0.5833333333333334,0.17411315441131592
2013-10,train,VLMR.CA,Valmore Holding,Equity,0.75,0.5736603140830994,19.0,17.0,0.6666666666666666,-0.17633968591690063
2013-11,train,ABUK.CA,Abou Kir Fertilizers,Equity,0.5733333230018616,0.49104011058807373,16.0,10.0,0.375,-0.08229321241378784
2013-11,train,ADIB.CA,Abu Dhabi Islamic Bank- Egypt,Equity,0.8266666531562805,0.5831340551376343,22.0,17.0,0.6666666666666666,-0.24353259801864624
2013-11,train,AMOC.CA,Alexandria Mineral Oils Company,Equity,0.06666667014360428,0.4567737579345703,2.0,6.0,0.20833333333333334,0.39010708779096603
2013-11,train,Bonds,5-Year Government Bonds,Bonds,0.8666666746139526,0.3566981852054596,23.0,2.0,0.041666666666666664,-0.509968489408493
2013-11,train,CCAP.CA,QALA For Financial Investments,Equity,0.3333333432674408,0.6104742884635925,7.0,19.0,0.75,0.27714094519615173
2013-11,train,COMI.CA,Commercial International Bank-Egypt (CIB),Equity,0.3866666555404663,0.5175403356552124,11.5,13.0,0.5,0.1308736801147461
2013-11,train,EAST.CA,Eastern Company,Equity,0.7599999904632568,0.4592939019203186,21.0,7.0,0.25,-0.30070608854293823
2013-11,train,EGAL.CA,Egypt Aluminum,Equity,0.9066666960716248,0.646489143371582,24.0,24.0,0.9583333333333334,-0.2601775527000427
2013-11,train,EGCH.CA,Egyptian Chemical Industries (Kima),Equity,0.653333306312561,0.6437909603118896,19.0,23.0,0.9166666666666666,-0.009542346000671387
2013-11,train,EGX30,EGX30 Index,EquityIndex,0.18666666746139526,0.4144189953804016,4.0,3.0,0.08333333333333333,0.22775232791900635
2013-11,train,ETEL.CA,Telecom Egypt,Equity,0.09333333373069763,0.50303715467453,3.0,11.0,0.4166666666666667,0.4097038209438324
2013-11,train,GBCO.CA,GB Corp,Equity,0.36000001430511475,0.45650672912597656,8.5,5.0,0.16666666666666666,0.09650671482086182
2013-11,train,Gold,24K Gold (EGP),Gold,0.2800000011920929,0.4156166613101959,6.0,4.0,0.125,0.13561666011810303
2013-11,train,HELI.CA,Heliopolis Housing,Equity,0.746666669845581,0.6243363618850708,20.0,20.0,0.7916666666666666,-0.12233030796051025
2013-11,train,HRHO.CA,EFG Holding,Equity,0.4266666769981384,0.6087988018989563,13.0,18.0,0.7083333333333334,0.18213212490081787
2013-11,train,JUFO.CA,Juhayna Food Industries,Equity,0.5333333611488342,0.5363622307777405,14.5,14.0,0.5416666666666666,0.00302886962890625
2013-11,train,MCQE.CA,Misr Cement (Qena),Equity,0.5333333611488342,0.5158901214599609,14.5,12.0,0.4583333333333333,-0.01744323968887329
2013-11,train,MoneyMarket,91-Day T-Bills,MoneyMarket,0.0,0.34934452176094055,1.0,1.0,0.0,0.34934452176094055
2013-11,train,OIH.CA,Orascom Investment Holding,Equity,0.3866666555404663,0.6377782225608826,11.5,21.0,0.8333333333333334,0.25111156702041626
2013-11,train,ORWE.CA,Oriental Weavers,Equity,0.2666666805744171,0.4876445531845093,5.0,9.0,0.3333333333333333,0.22097787261009216
2013-11,train,PHDC.CA,Palm Hills Development Company,Equity,0.5866666436195374,0.653745174407959,17.0,25.0,1.0,0.06707853078842163
2013-11,train,RAYA.CA,Raya Holding For Financial Investments,Equity,0.9200000166893005,0.6406569480895996,25.0,22.0,0.875,-0.2793430685997009
2013-11,train,REIT,REIT Index,REIT,0.36000001430511475,0.46801692247390747,8.5,8.0,0.2916666666666667,0.10801690816879272
2013-11,train,TMGH.CA,T M G Holding,Equity,0.6000000238418579,0.5503751635551453,18.0,15.0,0.5833333333333334,-0.049624860286712646
2013-11,train,VLMR.CA,Valmore Holding,Equity,0.3733333349227905,0.5608223676681519,10.0,16.0,0.625,0.18748903274536133
2013-12,train,ABUK.CA,Abou Kir Fertilizers,Equity,0.2133333384990692,0.486518532037735,5.0,12.0,0.4583333333333333,0.27318519353866577
2013-12,train,ADIB.CA,Abu Dhabi Islamic Bank- Egypt,Equity,0.4933333396911621,0.5781210660934448,13.5,18.0,0.7083333333333334,0.08478772640228271
2013-12,train,AMOC.CA,Alexandria Mineral Oils Company,Equity,0.07999999821186066,0.43214818835258484,2.0,4.0,0.125,0.3521481901407242
2013-12,train,Bonds,5-Year Government Bonds,Bonds,0.11999999731779099,0.35092589259147644,3.0,2.0,0.041666666666666664,0.23092589527368546
2013-12,train,CCAP.CA,QALA For Financial Investments,Equity,0.6933333277702332,0.5884659290313721,19.5,19.0,0.75,-0.10486739873886108
2013-12,train,COMI.CA,Commercial International Bank-Egypt (CIB),Equity,0.36000001430511475,0.4783453345298767,9.0,10.0,0.375,0.11834532022476196
2013-12,train,EAST.CA,Eastern Company,Equity,0.6933333277702332,0.4700362980365753,19.5,9.0,0.3333333333333333,-0.22329702973365784
2013-12,train,EGAL.CA,Egypt Aluminum,Equity,0.8666666746139526,0.6533806920051575,24.0,25.0,1.0,-0.21328598260879517
2013-12,train,EGCH.CA,Egyptian Chemical Industries (Kima),Equity,0.7066666483879089,0.6173045635223389,21.0,23.0,0.9166666666666666,-0.08936208486557007
2013-12,train,EGX30,EGX30 Index,EquityIndex,0.13333334028720856,0.38097578287124634,4.0,3.0,0.08333333333333333,0.24764244258403778
2013-12,train,ETEL.CA,Telecom Egypt,Equity,0.3466666638851166,0.43822798132896423,8.0,7.0,0.25,0.09156131744384766
2013-12,train,GBCO.CA,GB Corp,Equity,0.5866666436195374,0.4457903504371643,15.0,8.0,0.2916666666666667,-0.14087629318237305
2013-12,train,Gold,24K Gold (EGP),Gold,0.6800000071525574,0.43764016032218933,18.0,6.0,0.20833333333333334,-0.24235984683036804
2013-12,train,HELI.CA,Heliopolis Housing,Equity,0.6266666650772095,0.6015335321426392,16.0,21.0,0.8333333333333334,-0.025133132934570312
2013-12,train,HRHO.CA,EFG Holding,Equity,0.46666666865348816,0.5761321187019348,11.0,17.0,0.6666666666666666,0.10946545004844666
2013-12,train,JUFO.CA,Juhayna Food Industries,Equity,0.2266666740179062,0.5347381234169006,6.0,14.0,0.5416666666666666,0.30807144939899445
2013-12,train,MCQE.CA,Misr Cement (Qena),Equity,0.7333333492279053,0.5049293637275696,22.0,13.0,0.5,-0.2284039855003357
2013-12,train,MoneyMarket,91-Day T-Bills,MoneyMarket,0.0,0.33663034439086914,1.0,1.0,0.0,0.33663034439086914
2013-12,train,OIH.CA,Orascom Investment Holding,Equity,0.47999998927116394,0.6015427708625793,12.0,22.0,0.875,0.1215427815914154
2013-12,train,ORWE.CA,Oriental Weavers,Equity,0.4933333396911621,0.4795919358730316,13.5,11.0,0.4166666666666667,-0.013741403818130493
2013-12,train,PHDC.CA,Palm Hills Development Company,Equity,0.746666669845581,0.6350581049919128,23.0,24.0,0.9583333333333334,-0.11160856485366821
2013-12,train,RAYA.CA,Raya Holding For Financial Investments,Equity,0.9866666793823242,0.5913417339324951,25.0,20.0,0.7916666666666666,-0.3953249454498291
2013-12,train,REIT,REIT Index,REIT,0.2800000011920929,0.4342564344406128,7.0,5.0,0.16666666666666666,0.1542564332485199
2013-12,train,TMGH.CA,T M G Holding,Equity,0.3733333349227905,0.5495313405990601,10.0,16.0,0.625,0.17619800567626953
2013-12,train,VLMR.CA,Valmore Holding,Equity,0.6399999856948853,0.5436474680900574,17.0,15.0,0.5833333333333334,-0.09635251760482788
2014-01,train,ABUK.CA,Abou Kir Fertilizers,Equity,0.09333333373069763,0.48362889885902405,3.0,9.0,0.3333333333333333,0.3902955651283264
2014-01,train,ADIB.CA,Abu Dhabi Islamic Bank- Egypt,Equity,0.6000000238418579,0.5197259783744812,15.5,13.0,0.5,-0.08027404546737671
2014-01,train,AMOC.CA,Alexandria Mineral Oils Company,Equity,0.23999999463558197,0.48338159918785095,5.5,8.0,0.2916666666666667,0.24338160455226898
2014-01,train,Bonds,5-Year Government Bonds,Bonds,0.02666666731238365,0.3593809902667999,2.0,2.0,0.041666666666666664,0.3327143229544163
2014-01,train,CCAP.CA,QALA For Financial Investments,Equity,0.6800000071525574,0.5636216998100281,19.0,19.0,0.75,-0.1163783073425293
2014-01,train,COMI.CA,Commercial International Bank-Egypt (CIB),Equity,0.23999999463558197,0.47805678844451904,5.5,7.0,0.25,0.23805679380893707
2014-01,train,EAST.CA,Eastern Company,Equity,0.30666667222976685,0.49524566531181335,9.0,11.0,0.4166666666666667,0.1885789930820465
2014-01,train,EGAL.CA,Egypt Aluminum,Equity,0.746666669845581,0.6252476572990417,21.5,24.0,0.9583333333333334,-0.1214190125465393
2014-01,train,EGCH.CA,Egyptian Chemical Industries (Kima),Equity,0.6000000238418579,0.6043014526367188,15.5,22.0,0.875,0.00430142879486084
2014-01,train,EGX30,EGX30 Index,EquityIndex,0.25333333015441895,0.39901337027549744,7.5,3.0,0.08333333333333333,0.1456800401210785
2014-01,train,ETEL.CA,Telecom Egypt,Equity,0.2266666740179062,0.47473031282424927,4.0,6.0,0.20833333333333334,0.24806363880634308
2014-01,train,GBCO.CA,GB Corp,Equity,0.7866666913032532,0.5235706567764282,23.0,14.0,0.5416666666666666,-0.26309603452682495
2014-01,train,Gold,24K Gold (EGP),Gold,0.25333333015441895,0.44102808833122253,7.5,5.0,0.16666666666666666,0.1876947581768036
2014-01,train,HELI.CA,Heliopolis Housing,Equity,0.5600000023841858,0.5854244828224182,13.0,20.0,0.7916666666666666,0.025424480438232422
2014-01,train,HRHO.CA,EFG Holding,Equity,0.36000001430511475,0.5402237772941589,10.0,17.0,0.6666666666666666,0.1802237629890442
2014-01,train,JUFO.CA,Juhayna Food Industries,Equity,0.746666669845581,0.5535332560539246,21.5,18.0,0.7083333333333334,-0.1931334137916565
2014-01,train,MCQE.CA,Misr Cement (Qena),Equity,0.5733333230018616,0.5129654407501221,14.0,12.0,0.4583333333333333,-0.0603678822517395
2014-01,train,MoneyMarket,91-Day T-Bills,MoneyMarket,0.013333333656191826,0.32260528206825256,1.0,1.0,0.0,0.30927194841206074
2014-01,train,OIH.CA,Orascom Investment Holding,Equity,0.7066666483879089,0.598930299282074,20.0,21.0,0.8333333333333334,-0.10773634910583496
2014-01,train,ORWE.CA,Oriental Weavers,Equity,0.800000011920929,0.4893241822719574,24.0,10.0,0.375,-0.31067582964897156
2014-01,train,PHDC.CA,Palm Hills Development Company,Equity,0.6266666650772095,0.6071209907531738,17.0,23.0,0.9166666666666666,-0.019545674324035645
2014-01,train,RAYA.CA,Raya Holding For Financial Investments,Equity,0.9333333373069763,0.6364408135414124,25.0,25.0,1.0,-0.29689252376556396
2014-01,train,REIT,REIT Index,REIT,0.4533333480358124,0.4260735809803009,11.0,4.0,0.125,-0.027259767055511475
2014-01,train,TMGH.CA,T M G Holding,Equity,0.5199999809265137,0.5237640142440796,12.0,15.0,0.5833333333333334,0.003764033317565918
2014-01,train,VLMR.CA,Valmore Holding,Equity,0.6666666865348816,0.5265354514122009,18.0,16.0,0.625,-0.14013123512268066
2014-02,train,ABUK.CA,Abou Kir Fertilizers,Equity,0.14666666090488434,0.44331374764442444,4.5,5.0,0.16,0.2966470867395401
2014-02,train,ADIB.CA,Abu Dhabi Islamic Bank- Egypt,Equity,0.9200000166893005,0.5737985968589783,25.0,19.0,0.72,-0.34620141983032227
2014-02,train,AMOC.CA,Alexandria Mineral Oils Company,Equity,0.13333334028720856,0.4308081865310669,3.0,4.0,0.12,0.29747484624385834
2014-02,train,BTFH.CA,Beltone Holding,Equity,0.9066666960716248,0.6223830580711365,24.0,25.0,0.96,-0.2842836380004883
2014-02,train,Bonds,5-Year Government Bonds,Bonds,0.03999999910593033,0.3856702446937561,2.0,2.0,0.04,0.3456702455878258
2014-02,train,CCAP.CA,QALA For Financial Investments,Equity,0.5600000023841858,0.5613042116165161,15.0,16.0,0.6,0.0013042092323303223
2014-02,train,COMI.CA,Commercial International Bank-Egypt (CIB),Equity,0.5333333611488342,0.4597357511520386,13.5,9.0,0.32,-0.07359760999679565
2014-02,train,EAST.CA,Eastern Company,Equity,0.7333333492279053,0.5669119358062744,21.0,18.0,0.68,-0.16642141342163086
2014-02,train,EGAL.CA,Egypt Aluminum,Equity,0.8399999737739563,0.6200675964355469,22.0,23.0,0.88,-0.21993237733840942
2014-02,train,EGCH.CA,Egyptian Chemical Industries (Kima),Equity,0.6000000238418579,0.593991219997406,16.0,20.0,0.76,-0.006008803844451904
2014-02,train,EGX30,EGX30 Index,EquityIndex,0.2800000011920929,0.40757185220718384,8.0,3.0,0.08,0.12757185101509094
2014-02,train,ETEL.CA,Telecom Egypt,Equity,0.3333333432674408,0.44551730155944824,9.0,6.0,0.2,0.11218395829200745
2014-02,train,GBCO.CA,GB Corp,Equity,0.8933333158493042,0.560958743095398,23.0,15.0,0.56,-0.33237457275390625
2014-02,train,Gold,24K Gold (EGP),Gold,0.14666666090488434,0.4564626216888428,4.5,8.0,0.28,0.30979596078395844
2014-02,train,HELI.CA,Heliopolis Housing,Equity,0.6399999856948853,0.6107956171035767,17.5,21.0,0.8,-0.029204368591308594
2014-02,train,HRHO.CA,EFG Holding,Equity,0.47999998927116394,0.5512747764587402,12.0,13.0,0.48,0.0712747871875763
2014-02,train,JUFO.CA,Juhayna Food Industries,Equity,0.23999999463558197,0.5297232866287231,7.0,11.0,0.4,0.2897232919931412
2014-02,train,MCQE.CA,Misr Cement (Qena),Equity,0.653333306312561,0.5641713738441467,19.0,17.0,0.64,-0.0891619324684143
2014-02,train,MoneyMarket,91-Day T-Bills,MoneyMarket,0.0,0.33774334192276,1.0,1.0,0.0,0.33774334192276
2014-02,train,OIH.CA,Orascom Investment Holding,Equity,0.4266666769981384,0.6205401420593262,10.0,24.0,0.92,0.19387346506118774
2014-02,train,ORWE.CA,Oriental Weavers,Equity,0.4399999976158142,0.5218786597251892,11.0,10.0,0.36,0.081878662109375
2014-02,train,PHDC.CA,Palm Hills Development Company,Equity,0.6933333277702332,0.6162384152412415,20.0,22.0,0.84,-0.0770949125289917
2014-02,train,RAYA.CA,Raya Holding For Financial Investments,Equity,0.9599999785423279,0.6589676141738892,26.0,26.0,1.0,-0.3010323643684387
2014-02,train,REIT,REIT Index,REIT,0.2266666740179062,0.45270484685897827,6.0,7.0,0.24,0.22603817284107208
2014-02,train,TMGH.CA,T M G Holding,Equity,0.5333333611488342,0.5596631765365601,13.5,14.0,0.52,0.02632981538772583
2014-02,train,VLMR.CA,Valmore Holding,Equity,0.6399999856948853,0.5366015434265137,17.5,12.0,0.44,-0.10339844226837158
2014-03,train,ABUK.CA,Abou Kir Fertilizers,Equity,0.2666666805744171,0.4077010750770569,8.0,4.0,0.12,0.14103439450263977
2014-03,train,ADIB.CA,Abu Dhabi Islamic Bank- Egypt,Equity,0.5066666603088379,0.5688154697418213,14.5,18.0,0.68,0.0621488094329834
2014-03,train,AMOC.CA,Alexandria Mineral Oils Company,Equity,0.11999999731779099,0.44625529646873474,3.5,8.0,0.28,0.32625529915094376
2014-03,train,BTFH.CA,Beltone Holding,Equity,0.8533333539962769,0.6279422044754028,24.0,24.0,0.92,-0.22539114952087402
2014-03,train,Bonds,5-Year Government Bonds,Bonds,0.03999999910593033,0.3605750799179077,2.0,2.0,0.04,0.3205750808119774
2014-03,train,CCAP.CA,QALA For Financial Investments,Equity,0.8933333158493042,0.5491700172424316,25.0,16.0,0.6,-0.34416329860687256
2014-03,train,COMI.CA,Commercial International Bank-Egypt (CIB),Equity,0.4399999976158142,0.46730032563209534,12.0,9.0,0.32,0.027300328016281128
2014-03,train,EAST.CA,Eastern Company,Equity,0.2133333384990692,0.5434315800666809,6.0,15.0,0.56,0.3300982415676117
2014-03,train,EGAL.CA,Egypt Aluminum,Equity,0.7733333110809326,0.6201601028442383,20.0,23.0,0.88,-0.15317320823669434
2014-03,train,EGCH.CA,Egyptian Chemical Industries (Kima),Equity,0.746666669845581,0.5862346887588501,19.0,21.0,0.8,-0.16043198108673096
2014-03,train,EGX30,EGX30 Index,EquityIndex,0.4266666769981384,0.39685672521591187,10.5,3.0,0.08,-0.029809951782226562
2014-03,train,ETEL.CA,Telecom Egypt,Equity,0.4000000059604645,0.4280446171760559,9.0,5.0,0.16,0.02804461121559143
2014-03,train,GBCO.CA,GB Corp,Equity,0.11999999731779099,0.5768149495124817,3.5,20.0,0.76,0.4568149521946907
2014-03,train,Gold,24K Gold (EGP),Gold,0.2266666740179062,0.4293137490749359,7.0,6.0,0.2,0.20264707505702972
2014-03,train,HELI.CA,Heliopolis Housing,Equity,0.8266666531562805,0.5753642916679382,22.5,19.0,0.72,-0.2513023614883423
2014-03,train,HRHO.CA,EFG Holding,Equity,0.5066666603088379,0.5310304760932922,14.5,13.0,0.48,0.024363815784454346
2014-03,train,JUFO.CA,Juhayna Food Industries,Equity,0.7066666483879089,0.4980284571647644,18.0,10.0,0.36,-0.20863819122314453
2014-03,train,MCQE.CA,Misr Cement (Qena),Equity,0.18666666746139526,0.5195583701133728,5.0,12.0,0.44,0.33289170265197754
2014-03,train,MoneyMarket,91-Day T-Bills,MoneyMarket,0.0,0.32666632533073425,1.0,1.0,0.0,0.32666632533073425
2014-03,train,OIH.CA,Orascom Investment Holding,Equity,0.9333333373069763,0.6281268000602722,26.0,25.0,0.96,-0.3052065372467041
2014-03,train,ORWE.CA,Oriental Weavers,Equity,0.4266666769981384,0.5117830634117126,10.5,11.0,0.4,0.08511638641357422
2014-03,train,PHDC.CA,Palm Hills Development Company,Equity,0.8266666531562805,0.6058655381202698,22.5,22.0,0.84,-0.22080111503601074
2014-03,train,RAYA.CA,Raya Holding For Financial Investments,Equity,0.7866666913032532,0.6658217310905457,21.0,26.0,1.0,-0.12084496021270752
2014-03,train,REIT,REIT Index,REIT,0.6933333277702332,0.4429410994052887,17.0,7.0,0.24,-0.25039222836494446
2014-03,train,TMGH.CA,T M G Holding,Equity,0.6266666650772095,0.5384649038314819,16.0,14.0,0.52,-0.08820176124572754
2014-03,train,VLMR.CA,Valmore Holding,Equity,0.4533333480358124,0.5535190105438232,13.0,17.0,0.64,0.10018566250801086
2014-04,train,ABUK.CA,Abou Kir Fertilizers,Equity,0.5733333230018616,0.3888736367225647,14.5,5.0,0.16,-0.18445968627929688
2014-04,train,ADIB.CA,Abu Dhabi Islamic Bank- Egypt,Equity,0.5866666436195374,0.5491013526916504,16.0,18.0,0.68,-0.03756529092788696
2014-04,train,AMOC.CA,Alexandria Mineral Oils Company,Equity,0.11999999731779099,0.387410044670105,3.0,3.0,0.08,0.267410047352314
2014-04,train,BTFH.CA,Beltone Holding,Equity,0.9200000166893005,0.6347865462303162,24.0,24.0,0.92,-0.2852134704589844
2014-04,train,Bonds,5-Year Government Bonds,Bonds,0.06666667014360428,0.356900155544281,2.0,2.0,0.04,0.2902334854006767
2014-04,train,CCAP.CA,QALA For Financial Investments,Equity,0.7733333110809326,0.5887627005577087,21.0,21.0,0.8,-0.18457061052322388
2014-04,train,COMI.CA,Commercial International Bank-Egypt (CIB),Equity,0.2933333218097687,0.4534776508808136,8.0,8.0,0.28,0.16014432907104492
2014-04,train,EAST.CA,Eastern Company,Equity,0.13333334028720856,0.5148194432258606,4.0,13.0,0.48,0.38148610293865204
2014-04,train,EGAL.CA,Egypt Aluminum,Equity,0.6266666650772095,0.5832632780075073,18.0,19.0,0.72,-0.04340338706970215
2014-04,train,EGCH.CA,Egyptian Chemical Industries (Kima),Equity,0.8533333539962769,0.5835692882537842,22.5,20.0,0.76,-0.2697640657424927
2014-04,train,EGX30,EGX30 Index,EquityIndex,0.3733333349227905,0.3878956735134125,11.0,4.0,0.12,0.014562338590621948
2014-04,train,ETEL.CA,Telecom Egypt,Equity,0.9599999785423279,0.43787556886672974,25.5,7.0,0.24,-0.5221244096755981
2014-04,train,GBCO.CA,GB Corp,Equity,0.23999999463558197,0.4983392357826233,7.0,12.0,0.44,0.2583392411470413
2014-04,train,Gold,24K Gold (EGP),Gold,0.1599999964237213,0.4044428765773773,5.5,6.0,0.2,0.244442880153656
2014-04,train,HELI.CA,Heliopolis Housing,Equity,0.8533333539962769,0.6260764598846436,22.5,23.0,0.88,-0.2272568941116333
2014-04,train,HRHO.CA,EFG Holding,Equity,0.6133333444595337,0.5466886162757874,17.0,17.0,0.64,-0.06664472818374634
2014-04,train,JUFO.CA,Juhayna Food Industries,Equity,0.30666667222976685,0.4960567355155945,9.0,11.0,0.4,0.18939006328582764
2014-04,train,MCQE.CA,Misr Cement (Qena),Equity,0.3466666638851166,0.48616066575050354,10.0,10.0,0.36,0.13949400186538696
2014-04,train,MoneyMarket,91-Day T-Bills,MoneyMarket,0.0,0.3215145170688629,1.0,1.0,0.0,0.3215145170688629
2014-04,train,OIH.CA,Orascom Investment Holding,Equity,0.9599999785423279,0.6471849679946899,25.5,25.0,0.96,-0.31281501054763794
2014-04,train,ORWE.CA,Oriental Weavers,Equity,0.1599999964237213,0.536245584487915,5.5,15.0,0.56,0.3762455880641937
2014-04,train,PHDC.CA,Palm Hills Development Company,Equity,0.7066666483879089,0.6104615926742554,19.0,22.0,0.84,-0.09620505571365356
2014-04,train,RAYA.CA,Raya Holding For Financial Investments,Equity,0.746666669845581,0.6524577140808105,20.0,26.0,1.0,-0.09420895576477051
2014-04,train,REIT,REIT Index,REIT,0.5066666603088379,0.4562184810638428,12.0,9.0,0.32,-0.05044817924499512
2014-04,train,TMGH.CA,T M G Holding,Equity,0.5733333230018616,0.545995831489563,14.5,16.0,0.6,-0.027337491512298584
2014-04,train,VLMR.CA,Valmore Holding,Equity,0.54666668176651,0.5211597681045532,13.0,14.0,0.52,-0.025506913661956787
2014-05,train,ABUK.CA,Abou Kir Fertilizers,Equity,0.07999999821186066,0.3919394314289093,3.0,4.0,0.12,0.31193943321704865
2014-05,train,ADIB.CA,Abu Dhabi Islamic Bank- Egypt,Equity,0.6800000071525574,0.5733112096786499,18.0,18.0,0.68,-0.10668879747390747
2014-05,train,AMOC.CA,Alexandria Mineral Oils Company,Equity,0.2133333384990692,0.41245195269584656,6.0,6.0,0.2,0.19911861419677734
2014-05,train,BTFH.CA,Beltone Holding,Equity,0.8666666746139526,0.6419866681098938,24.0,25.0,0.96,-0.22468000650405884
2014-05,train,Bonds,5-Year Government Bonds,Bonds,0.03999999910593033,0.341155081987381,2.0,1.0,0.0,0.30115508288145065
2014-05,train,CCAP.CA,QALA For Financial Investments,Equity,0.5600000023841858,0.5933313965797424,15.5,20.0,0.76,0.03333139419555664
2014-05,train,COMI.CA,Commercial International Bank-Egypt (CIB),Equity,0.4933333396911621,0.46537527441978455,12.5,8.0,0.28,-0.027958065271377563
2014-05,train,EAST.CA,Eastern Company,Equity,0.8133333325386047,0.4731786847114563,21.0,9.0,0.32,-0.34015464782714844
2014-05,train,EGAL.CA,Egypt Aluminum,Equity,0.5066666603088379,0.5931589603424072,14.0,19.0,0.72,0.08649230003356934
2014-05,train,EGCH.CA,Egyptian Chemical Industries (Kima),Equity,0.800000011920929,0.5981223583221436,20.0,21.0,0.8,-0.2018776535987854
2014-05,train,EGX30,EGX30 Index,EquityIndex,0.3199999928474426,0.3898831307888031,9.0,3.0,0.08,0.06988313794136047
2014-05,train,ETEL.CA,Telecom Egypt,Equity,0.5733333230018616,0.4892447590827942,17.0,12.0,0.44,-0.08408856391906738
2014-05,train,GBCO.CA,GB Corp,Equity,0.2666666805744171,0.49402251839637756,7.0,13.0,0.48,0.22735583782196045
2014-05,train,Gold,24K Gold (EGP),Gold,0.13333334028720856,0.39487430453300476,4.0,5.0,0.16,0.2615409642457962
2014-05,train,HELI.CA,Heliopolis Housing,Equity,0.4933333396911621,0.6295207738876343,12.5,23.0,0.88,0.13618743419647217
2014-05,train,HRHO.CA,EFG Holding,Equity,0.4533333480358124,0.5459092855453491,10.0,15.0,0.56,0.09257593750953674
2014-05,train,JUFO.CA,Juhayna Food Industries,Equity,0.7599999904632568,0.47717350721359253,19.0,10.0,0.36,-0.2828264832496643
2014-05,train,MCQE.CA,Misr Cement (Qena),Equity,0.2800000011920929,0.45094332098960876,8.0,7.0,0.24,0.17094331979751587
2014-05,train,MoneyMarket,91-Day T-Bills,MoneyMarket,0.0,0.34121814370155334,1.0,2.0,0.04,0.34121814370155334
2014-05,train,OIH.CA,Orascom Investment Holding,Equity,0.8933333158493042,0.6400838494300842,26.0,24.0,0.92,-0.25324946641921997
2014-05,train,ORWE.CA,Oriental Weavers,Equity,0.8666666746139526,0.5224727392196655,24.0,14.0,0.52,-0.3441939353942871
2014-05,train,PHDC.CA,Palm Hills Development Company,Equity,0.46666666865348816,0.6163634061813354,11.0,22.0,0.84,0.1496967375278473
2014-05,train,RAYA.CA,Raya Holding For Financial Investments,Equity,0.8666666746139526,0.664057731628418,24.0,26.0,1.0,-0.20260894298553467
2014-05,train,REIT,REIT Index,REIT,0.5600000023841858,0.4774874150753021,15.5,11.0,0.4,-0.08251258730888367
2014-05,train,TMGH.CA,T M G Holding,Equity,0.8399999737739563,0.5522989630699158,22.0,16.0,0.6,-0.2877010107040405
2014-05,train,VLMR.CA,Valmore Holding,Equity,0.1733333319425583,0.5538087487220764,5.0,17.0,0.64,0.3804754167795181
2014-06,train,ABUK.CA,Abou Kir Fertilizers,Equity,0.11999999731779099,0.4063534140586853,4.0,4.0,0.12,0.2863534167408943
2014-06,train,ADIB.CA,Abu Dhabi Islamic Bank- Egypt,Equity,0.5199999809265137,0.5620672702789307,13.0,17.0,0.64,0.04206728935241699
2014-06,train,AMOC.CA,Alexandria Mineral Oils Company,Equity,0.20000000298023224,0.42274463176727295,5.0,7.0,0.24,0.2227446287870407
2014-06,train,BTFH.CA,Beltone Holding,Equity,1.0,0.6267293095588684,26.0,21.0,0.8,-0.3732706904411316
2014-06,train,Bonds,5-Year Government Bonds,Bonds,0.0,0.3444535434246063,1.0,1.0,0.0,0.3444535434246063
2014-06,train,CCAP.CA,QALA For Financial Investments,Equity,0.8266666531562805,0.6295199990272522,22.5,22.0,0.84,-0.19714665412902832
2014-06,train,COMI.CA,Commercial International Bank-Egypt (CIB),Equity,0.25333333015441895,0.4602039158344269,6.0,10.0,0.36,0.20687058568000793
2014-06,train,EAST.CA,Eastern Company,Equity,0.30666667222976685,0.4398389160633087,7.5,8.0,0.28,0.13317224383354187
2014-06,train,EGAL.CA,Egypt Aluminum,Equity,0.6933333277702332,0.588569700717926,19.5,19.0,0.72,-0.10476362705230713
2014-06,train,EGCH.CA,Egyptian Chemical Industries (Kima),Equity,0.8533333539962769,0.6113070249557495,24.5,20.0,0.76,-0.24202632904052734
2014-06,train,EGX30,EGX30 Index,EquityIndex,0.3466666638851166,0.4114810824394226,10.0,5.0,0.16,0.06481441855430603
2014-06,train,ETEL.CA,Telecom Egypt,Equity,0.46666666865348816,0.4906400740146637,11.0,11.0,0.4,0.023973405361175537
2014-06,train,GBCO.CA,GB Corp,Equity,0.653333306312561,0.4404955506324768,18.0,9.0,0.32,-0.21283775568008423
2014-06,train,Gold,24K Gold (EGP),Gold,0.07999999821186066,0.3795832693576813,3.0,3.0,0.08,0.2995832711458206
2014-06,train,HELI.CA,Heliopolis Housing,Equity,0.5600000023841858,0.6610429883003235,14.5,24.0,0.92,0.1010429859161377
2014-06,train,HRHO.CA,EFG Holding,Equity,0.30666667222976685,0.5561314821243286,7.5,16.0,0.6,0.24946480989456177
2014-06,train,JUFO.CA,Juhayna Food Industries,Equity,0.47999998927116394,0.5314499139785767,12.0,14.0,0.52,0.05144992470741272
2014-06,train,MCQE.CA,Misr Cement (Qena),Equity,0.8533333539962769,0.41791442036628723,24.5,6.0,0.2,-0.4354189336299896
2014-06,train,MoneyMarket,91-Day T-Bills,MoneyMarket,0.03999999910593033,0.35077962279319763,2.0,2.0,0.04,0.3107796236872673
2014-06,train,OIH.CA,Orascom Investment Holding,Equity,0.8266666531562805,0.6638424396514893,22.5,25.0,0.96,-0.16282421350479126
2014-06,train,ORWE.CA,Oriental Weavers,Equity,0.6399999856948853,0.5221561789512634,16.5,13.0,0.48,-0.11784380674362183
2014-06,train,PHDC.CA,Palm Hills Development Company,Equity,0.746666669845581,0.6497187614440918,21.0,23.0,0.88,-0.09694790840148926
2014-06,train,RAYA.CA,Raya Holding For Financial Investments,Equity,0.6399999856948853,0.6791239380836487,16.5,26.0,1.0,0.03912395238876343
2014-06,train,REIT,REIT Index,REIT,0.5600000023841858,0.5212581157684326,14.5,12.0,0.44,-0.038741886615753174
2014-06,train,TMGH.CA,T M G Holding,Equity,0.6933333277702332,0.5829753875732422,19.5,18.0,0.68,-0.11035794019699097
2014-06,train,VLMR.CA,Valmore Holding,Equity,0.3333333432674408,0.5381535887718201,9.0,15.0,0.56,0.20482024550437927
2014-07,train,ABUK.CA,Abou Kir Fertilizers,Equity,0.11538461595773697,0.40502768754959106,2.0,5.0,0.16,0.2896430715918541
2014-07,train,ADIB.CA,Abu Dhabi Islamic Bank- Egypt,Equity,0.5384615659713745,0.5194258093833923,15.0,16.0,0.6,-0.019035756587982178
2014-07,train,AMOC.CA,Alexandria Mineral Oils Company,Equity,0.14102564752101898,0.411413311958313,3.0,7.0,0.24,0.270387664437294
2014-07,train,BTFH.CA,Beltone Holding,Equity,0.9871794581413269,0.646706759929657,26.0,26.0,1.0,-0.3404726982116699
2014-07,train,Bonds,5-Year Government Bonds,Bonds,0.7564102411270142,0.3499956727027893,20.0,2.0,0.04,-0.40641456842422485
2014-07,train,CCAP.CA,QALA For Financial Investments,Equity,0.3717948794364929,0.6128207445144653,8.0,22.0,0.84,0.2410258650779724
2014-07,train,COMI.CA,Commercial International Bank-Egypt (CIB),Equity,0.42307692766189575,0.4171374440193176,9.0,8.0,0.28,-0.005939483642578125
2014-07,train,EAST.CA,Eastern Company,Equity,0.20512820780277252,0.4067968726158142,4.0,6.0,0.2,0.2016686648130417
2014-07,train,EGAL.CA,Egypt Aluminum,Equity,0.7692307829856873,0.5890684723854065,21.0,19.0,0.72,-0.18016231060028076
2014-07,train,EGCH.CA,Egyptian Chemical Industries (Kima),Equity,0.5,0.6094703078269958,14.0,20.0,0.76,0.10947030782699585
2014-07,train,EGX30,EGX30 Index,EquityIndex,0.23076923191547394,0.39550086855888367,5.0,4.0,0.12,0.16473163664340973
2014-07,train,ETEL.CA,Telecom Egypt,Equity,0.24358974397182465,0.5322367548942566,6.0,17.0,0.64,0.28864701092243195
2014-07,train,GBCO.CA,GB Corp,Equity,0.8461538553237915,0.46026501059532166,24.0,9.0,0.32,-0.38588884472846985
2014-07,train,Gold,24K Gold (EGP),Gold,0.44871795177459717,0.3695673942565918,10.0,3.0,0.08,-0.07915055751800537
2014-07,train,HELI.CA,Heliopolis Housing,Equity,0.6025640964508057,0.6444867253303528,18.0,24.0,0.92,0.04192262887954712
2014-07,train,HRHO.CA,EFG Holding,Equity,0.7820512652397156,0.5079489350318909,22.5,15.0,0.56,-0.2741023302078247
2014-07,train,JUFO.CA,Juhayna Food Industries,Equity,0.7820512652397156,0.4866476356983185,22.5,12.0,0.44,-0.2954036295413971
2014-07,train,MCQE.CA,Misr Cement (Qena),Equity,0.8974359035491943,0.4704124927520752,25.0,10.0,0.36,-0.42702341079711914
2014-07,train,MoneyMarket,91-Day T-Bills,MoneyMarket,0.05128205195069313,0.33998286724090576,1.0,1.0,0.0,0.28870081529021263
2014-07,train,OIH.CA,Orascom Investment Holding,Equity,0.4743589758872986,0.6458581686019897,11.5,25.0,0.96,0.17149919271469116
2014-07,train,ORWE.CA,Oriental Weavers,Equity,0.5641025900840759,0.4916645884513855,16.5,13.0,0.48,-0.07243800163269043
2014-07,train,PHDC.CA,Palm Hills Development Company,Equity,0.5641025900840759,0.6116545796394348,16.5,21.0,0.8,0.04755198955535889
2014-07,train,RAYA.CA,Raya Holding For Financial Investments,Equity,0.26923078298568726,0.6305496692657471,7.0,23.0,0.88,0.3613188862800598
2014-07,train,REIT,REIT Index,REIT,0.4743589758872986,0.5070199370384216,11.5,14.0,0.52,0.03266096115112305
2014-07,train,TMGH.CA,T M G Holding,Equity,0.7435897588729858,0.5781081318855286,19.0,18.0,0.68,-0.16548162698745728
2014-07,train,VLMR.CA,Valmore Holding,Equity,0.4871794879436493,0.47845134139060974,13.0,11.0,0.4,-0.00872814655303955
2014-08,train,ABUK.CA,Abou Kir Fertilizers,Equity,0.07692307978868484,0.4144582748413086,3.0,5.0,0.16,0.33753519505262375
2014-08,train,ADIB.CA,Abu Dhabi Islamic Bank- Egypt,Equity,0.4871794879436493,0.5630386471748352,12.5,16.0,0.6,0.07585915923118591
2014-08,train,AMOC.CA,Alexandria Mineral Oils Company,Equity,0.3461538553237915,0.4272618591785431,8.0,6.0,0.2,0.08110800385475159
2014-08,train,BTFH.CA,Beltone Holding,Equity,0.8205128312110901,0.635250985622406,22.0,24.0,0.92,-0.18526184558868408
2014-08,train,Bonds,5-Year Government Bonds,Bonds,0.012820512987673283,0.3522093594074249,1.0,2.0,0.04,0.33938884641975164
2014-08,train,CCAP.CA,QALA For Financial Investments,Equity,0.5641025900840759,0.6119488477706909,15.0,21.0,0.8,0.04784625768661499
2014-08,train,COMI.CA,Commercial International Bank-Egypt (CIB),Equity,0.4743589758872986,0.4671425521373749,10.0,7.0,0.24,-0.007216423749923706
2014-08,train,EAST.CA,Eastern Company,Equity,0.7820512652397156,0.4879196286201477,21.0,10.0,0.36,-0.29413163661956787
2014-08,train,EGAL.CA,Egypt Aluminum,Equity,0.6025640964508057,0.6081864237785339,16.0,19.0,0.72,0.0056223273277282715
2014-08,train,EGCH.CA,Egyptian Chemical Industries (Kima),Equity,0.7179487347602844,0.622437596321106,19.0,22.0,0.84,-0.09551113843917847
2014-08,train,EGX30,EGX30 Index,EquityIndex,0.20512820780277252,0.41006261110305786,6.0,4.0,0.12,0.20493440330028534
2014-08,train,ETEL.CA,Telecom Egypt,Equity,0.19230769574642181,0.5058146715164185,5.0,11.0,0.4,0.31350697576999664
2014-08,train,GBCO.CA,GB Corp,Equity,0.1666666716337204,0.48714932799339294,4.0,9.0,0.32,0.32048265635967255
2014-08,train,Gold,24K Gold (EGP),Gold,0.21794871985912323,0.3651300072669983,7.0,3.0,0.08,0.14718128740787506
2014-08,train,HELI.CA,Heliopolis Housing,Equity,0.8461538553237915,0.6432259678840637,24.0,25.0,0.96,-0.20292788743972778
2014-08,train,HRHO.CA,EFG Holding,Equity,0.7051281929016113,0.5266947150230408,17.5,13.0,0.48,-0.17843347787857056
2014-08,train,JUFO.CA,Juhayna Food Industries,Equity,0.7435897588729858,0.5924708843231201,20.0,17.0,0.64,-0.15111887454986572
2014-08,train,MCQE.CA,Misr Cement (Qena),Equity,0.8333333134651184,0.5272395610809326,23.0,14.0,0.52,-0.3060937523841858
2014-08,train,MoneyMarket,91-Day T-Bills,MoneyMarket,0.025641025975346565,0.33609241247177124,2.0,1.0,0.0,0.3104513864964247
2014-08,train,OIH.CA,Orascom Investment Holding,Equity,0.4871794879436493,0.6474945545196533,12.5,26.0,1.0,0.16031506657600403
2014-08,train,ORWE.CA,Oriental Weavers,Equity,0.8589743375778198,0.5227317214012146,25.0,12.0,0.44,-0.3362426161766052
2014-08,train,PHDC.CA,Palm Hills Development Company,Equity,0.3717948794364929,0.6111305952072144,9.0,20.0,0.76,0.23933571577072144
2014-08,train,RAYA.CA,Raya Holding For Financial Investments,Equity,0.9487179517745972,0.6324869990348816,26.0,23.0,0.88,-0.3162309527397156
2014-08,train,REIT,REIT Index,REIT,0.4871794879436493,0.5314889550209045,12.5,15.0,0.56,0.04430946707725525
2014-08,train,TMGH.CA,T M G Holding,Equity,0.4871794879436493,0.607692301273346,12.5,18.0,0.68,0.12051281332969666
2014-08,train,VLMR.CA,Valmore Holding,Equity,0.7051281929016113,0.47103217244148254,17.5,8.0,0.28,-0.23409602046012878
2014-09,train,ABUK.CA,Abou Kir Fertilizers,Equity,0.11538461595773697,0.4096502363681793,3.0,4.0,0.12,0.29426562041044235
2014-09,train,ADIB.CA,Abu Dhabi Islamic Bank- Egypt,Equity,0.7948718070983887,0.5492162108421326,23.0,14.0,0.52,-0.2456555962562561
2014-09,train,AMOC.CA,Alexandria Mineral Oils Company,Equity,0.43589743971824646,0.42216551303863525,11.0,5.0,0.16,-0.013731926679611206
2014-09,train,BTFH.CA,Beltone Holding,Equity,0.9230769276618958,0.6464250087738037,24.0,24.0,0.92,-0.27665191888809204
2014-09,train,Bonds,5-Year Government Bonds,Bonds,0.03846153989434242,0.35438862442970276,2.0,2.0,0.04,0.31592708453536034
2014-09,train,CCAP.CA,QALA For Financial Investments,Equity,0.5769230723381042,0.6140942573547363,15.0,19.0,0.72,0.03717118501663208
2014-09,train,COMI.CA,Commercial International Bank-Egypt (CIB),Equity,0.20512820780277252,0.49591800570487976,4.5,8.0,0.28,0.29078979790210724
2014-09,train,EAST.CA,Eastern Company,Equity,0.21794871985912323,0.5053917765617371,6.0,9.0,0.32,0.28744305670261383
2014-09,train,EGAL.CA,Egypt Aluminum,Equity,0.692307710647583,0.6265076398849487,17.5,22.0,0.84,-0.06580007076263428
2014-09,train,EGCH.CA,Egyptian Chemical Industries (Kima),Equity,0.7564102411270142,0.6535888910293579,20.0,25.0,0.96,-0.10282135009765625
2014-09,train,EGX30,EGX30 Index,EquityIndex,0.20512820780277252,0.432330459356308,4.5,6.0,0.2,0.22720225155353546
2014-09,train,ETEL.CA,Telecom Egypt,Equity,0.692307710647583,0.5113878846168518,17.5,10.0,0.36,-0.1809198260307312
2014-09,train,GBCO.CA,GB Corp,Equity,0.7820512652397156,0.5565754175186157,21.5,16.0,0.6,-0.22547584772109985
2014-09,train,Gold,24K Gold (EGP),Gold,0.3461538553237915,0.3651551306247711,9.5,3.0,0.08,0.019001275300979614
2014-09,train,HELI.CA,Heliopolis Housing,Equity,0.9358974099159241,0.6582652926445007,25.0,26.0,1.0,-0.27763211727142334
2014-09,train,HRHO.CA,EFG Holding,Equity,0.5641025900840759,0.5637902617454529,14.0,17.0,0.64,-0.0003123283386230469
2014-09,train,JUFO.CA,Juhayna Food Industries,Equity,0.3333333432674408,0.554036021232605,8.0,15.0,0.56,0.22070267796516418
2014-09,train,MCQE.CA,Misr Cement (Qena),Equity,0.7179487347602844,0.536952793598175,19.0,12.0,0.44,-0.18099594116210938
2014-09,train,MoneyMarket,91-Day T-Bills,MoneyMarket,0.0,0.34138113260269165,1.0,1.0,0.0,0.34138113260269165
2014-09,train,OIH.CA,Orascom Investment Holding,Equity,0.7820512652397156,0.6181561946868896,21.5,20.0,0.76,-0.16389507055282593
2014-09,train,ORWE.CA,Oriental Weavers,Equity,0.5256410241127014,0.5463985800743103,13.0,13.0,0.48,0.020757555961608887
2014-09,train,PHDC.CA,Palm Hills Development Company,Equity,0.6025640964508057,0.6043562293052673,16.0,18.0,0.68,0.00179213285446167
2014-09,train,RAYA.CA,Raya Holding For Financial Investments,Equity,0.9743589758872986,0.635037899017334,26.0,23.0,0.88,-0.3393210768699646
2014-09,train,REIT,REIT Index,REIT,0.3461538553237915,0.5297891497612,9.5,11.0,0.4,0.18363529443740845
2014-09,train,TMGH.CA,T M G Holding,Equity,0.24358974397182465,0.6191496253013611,7.0,21.0,0.8,0.37555988132953644
2014-09,train,VLMR.CA,Valmore Holding,Equity,0.44871795177459717,0.4847717583179474,12.0,7.0,0.24,0.03605380654335022
2014-10,train,ABUK.CA,Abou Kir Fertilizers,Equity,0.29487180709838867,0.3717176914215088,9.0,3.0,0.07692307692307693,0.07684588432312012
2014-10,train,ADIB.CA,Abu Dhabi Islamic Bank- Egypt,Equity,0.7307692170143127,0.5691643953323364,18.5,19.0,0.6923076923076923,-0.16160482168197632
2014-10,train,AMOC.CA,Alexandria Mineral Oils Company,Equity,0.7564102411270142,0.40950649976730347,20.5,6.0,0.19230769230769232,-0.3469037413597107
2014-10,train,ARCC.CA,Arabian Cement Company,Equity,0.3461538553237915,0.4630691111087799,10.0,8.0,0.2692307692307692,0.1169152557849884
2014-10,train,BTFH.CA,Beltone Holding,Equity,1.0,0.6578049063682556,27.0,27.0,1.0,-0.3421950936317444
2014-10,train,Bonds,5-Year Government Bonds,Bonds,0.03846153989434242,0.359360933303833,2.0,2.0,0.038461538461538464,0.3208993934094906
2014-10,train,CCAP.CA,QALA For Financial Investments,Equity,0.5512820482254028,0.5604862570762634,15.5,18.0,0.6538461538461539,0.009204208850860596
2014-10,train,COMI.CA,Commercial International Bank-Egypt (CIB),Equity,0.25641027092933655,0.46469730138778687,7.0,9.0,0.3076923076923077,0.20828703045845032
2014-10,train,EAST.CA,Eastern Company,Equity,0.14102564752101898,0.4953460395336151,4.5,12.0,0.4230769230769231,0.35432039201259613
2014-10,train,EGAL.CA,Egypt Aluminum,Equity,0.9615384340286255,0.6104674339294434,26.0,23.0,0.8461538461538461,-0.35107100009918213
2014-10,train,EGCH.CA,Egyptian Chemical Industries (Kima),Equity,0.5512820482254028,0.6104819178581238,15.5,24.0,0.8846153846153846,0.05919986963272095
2014-10,train,EGX30,EGX30 Index,EquityIndex,0.3717948794364929,0.40503355860710144,11.0,5.0,0.15384615384615385,0.03323867917060852
2014-10,train,ETEL.CA,Telecom Egypt,Equity,0.26923078298568726,0.4793347716331482,8.0,11.0,0.38461538461538464,0.21010398864746094
2014-10,train,GBCO.CA,GB Corp,Equity,0.5,0.5442523956298828,13.0,17.0,0.6153846153846154,0.04425239562988281
2014-10,train,Gold,24K Gold (EGP),Gold,0.07692307978868484,0.37966835498809814,3.0,4.0,0.11538461538461539,0.3027452751994133
2014-10,train,HELI.CA,Heliopolis Housing,Equity,0.9102563858032227,0.6528077125549316,25.0,26.0,0.9615384615384616,-0.257448673248291
2014-10,train,HRHO.CA,EFG Holding,Equity,0.7948718070983887,0.5429182648658752,23.0,16.0,0.5769230769230769,-0.2519535422325134
2014-10,train,JUFO.CA,Juhayna Food Industries,Equity,0.20512820780277252,0.540744960308075,6.0,15.0,0.5384615384615384,0.33561675250530243
2014-10,train,MCQE.CA,Misr Cement (Qena),Equity,0.14102564752101898,0.5335760116577148,4.5,13.0,0.46153846153846156,0.39255036413669586
2014-10,train,MoneyMarket,91-Day T-Bills,MoneyMarket,0.0,0.32867252826690674,1.0,1.0,0.0,0.32867252826690674
2014-10,train,OIH.CA,Orascom Investment Holding,Equity,0.7307692170143127,0.6059907674789429,18.5,22.0,0.8076923076923077,-0.12477844953536987
2014-10,train,ORWE.CA,Oriental Weavers,Equity,0.5256410241127014,0.5342606902122498,14.0,14.0,0.5,0.00861966609954834
2014-10,train,PHDC.CA,Palm Hills Development Company,Equity,0.5641025900840759,0.5733743906021118,17.0,21.0,0.7692307692307693,0.009271800518035889
2014-10,train,RAYA.CA,Raya Holding For Financial Investments,Equity,0.8461538553237915,0.6178450584411621,24.0,25.0,0.9230769230769231,-0.2283087968826294
2014-10,train,REIT,REIT Index,REIT,0.7564102411270142,0.47806355357170105,20.5,10.0,0.34615384615384615,-0.2783466875553131
2014-10,train,TMGH.CA,T M G Holding,Equity,0.7820512652397156,0.5708625316619873,22.0,20.0,0.7307692307692307,-0.21118873357772827
2014-10,train,VLMR.CA,Valmore Holding,Equity,0.39743590354919434,0.4600090980529785,12.0,7.0,0.23076923076923078,0.06257319450378418
2014-11,train,ABUK.CA,Abou Kir Fertilizers,Equity,0.25641027092933655,0.37909725308418274,5.0,4.0,0.11538461538461539,0.12268698215484619
2014-11,train,ADIB.CA,Abu Dhabi Islamic Bank- Egypt,Equity,0.6538461446762085,0.574219286441803,19.0,18.0,0.6538461538461539,-0.07962685823440552
2014-11,train,AMOC.CA,Alexandria Mineral Oils Company,Equity,0.11538461595773697,0.4463498592376709,3.0,6.0,0.19230769230769232,0.33096524327993393
2014-11,train,ARCC.CA,Arabian Cement Company,Equity,0.3205128312110901,0.47643131017684937,7.0,9.0,0.3076923076923077,0.15591847896575928
2014-11,train,BTFH.CA,Beltone Holding,Equity,0.9102563858032227,0.6728566288948059,26.0,27.0,1.0,-0.23739975690841675
2014-11,train,Bonds,5-Year Government Bonds,Bonds,0.03846153989434242,0.36117035150527954,2.0,2.0,0.038461538461538464,0.3227088116109371
2014-11,train,CCAP.CA,QALA For Financial Investments,Equity,0.7948718070983887,0.5803079009056091,23.0,19.0,0.6923076923076923,-0.21456390619277954
2014-11,train,COMI.CA,Commercial International Bank-Egypt (CIB),Equity,0.3333333432674408,0.4925512671470642,8.0,12.0,0.4230769230769231,0.1592179238796234
2014-11,train,EAST.CA,Eastern Company,Equity,0.5256410241127014,0.4669375717639923,14.0,8.0,0.2692307692307692,-0.058703452348709106
2014-11,train,EGAL.CA,Egypt Aluminum,Equity,0.9487179517745972,0.6410519480705261,27.0,24.0,0.8846153846153846,-0.30766600370407104
2014-11,train,EGCH.CA,Egyptian Chemical Industries (Kima),Equity,0.38461539149284363,0.626663863658905,10.5,23.0,0.8461538461538461,0.2420484721660614
2014-11,train,EGX30,EGX30 Index,EquityIndex,0.19230769574642181,0.4186578392982483,4.0,5.0,0.15384615384615385,0.22635014355182648
2014-11,train,ETEL.CA,Telecom Egypt,Equity,0.5384615659713745,0.46554794907569885,15.5,7.0,0.23076923076923078,-0.07291361689567566
2014-11,train,GBCO.CA,GB Corp,Equity,0.42307692766189575,0.5164953470230103,12.0,14.0,0.5,0.0934184193611145
2014-11,train,Gold,24K Gold (EGP),Gold,0.3076923191547394,0.3683987259864807,6.0,3.0,0.07692307692307693,0.06070640683174133
2014-11,train,HELI.CA,Heliopolis Housing,Equity,0.8461538553237915,0.6633021235466003,25.0,26.0,0.9615384615384616,-0.18285173177719116
2014-11,train,HRHO.CA,EFG Holding,Equity,0.38461539149284363,0.5732170343399048,10.5,17.0,0.6153846153846154,0.18860164284706116
2014-11,train,JUFO.CA,Juhayna Food Industries,Equity,0.5384615659713745,0.49163126945495605,15.5,11.0,0.38461538461538464,-0.04683029651641846
2014-11,train,MCQE.CA,Misr Cement (Qena),Equity,0.5641025900840759,0.5193517804145813,17.0,15.0,0.5384615384615384,-0.04475080966949463
2014-11,train,MoneyMarket,91-Day T-Bills,MoneyMarket,0.0,0.3350692689418793,1.0,1.0,0.0,0.3350692689418793
2014-11,train,OIH.CA,Orascom Investment Holding,Equity,0.7307692170143127,0.6089779734611511,22.0,22.0,0.8076923076923077,-0.12179124355316162
2014-11,train,ORWE.CA,Oriental Weavers,Equity,0.7179487347602844,0.5546587705612183,20.5,16.0,0.5769230769230769,-0.16328996419906616
2014-11,train,PHDC.CA,Palm Hills Development Company,Equity,0.6282051205635071,0.5830336809158325,18.0,20.0,0.7307692307692307,-0.04517143964767456
2014-11,train,RAYA.CA,Raya Holding For Financial Investments,Equity,0.8205128312110901,0.6452963948249817,24.0,25.0,0.9230769230769231,-0.1752164363861084
2014-11,train,REIT,REIT Index,REIT,0.3717948794364929,0.4974063038825989,9.0,13.0,0.46153846153846156,0.12561142444610596
2014-11,train,TMGH.CA,T M G Holding,Equity,0.43589743971824646,0.5979034900665283,13.0,21.0,0.7692307692307693,0.16200605034828186
2014-11,train,VLMR.CA,Valmore Holding,Equity,0.7179487347602844,0.4892961084842682,20.5,10.0,0.34615384615384615,-0.22865262627601624
2014-12,train,ABUK.CA,Abou Kir Fertilizers,Equity,0.23076923191547394,0.3623178005218506,6.0,2.0,0.038461538461538464,0.13154856860637665
2014-12,train,ADIB.CA,Abu Dhabi Islamic Bank- Egypt,Equity,0.44871795177459717,0.605534553527832,12.0,21.0,0.7692307692307693,0.15681660175323486
2014-12,train,AMOC.CA,Alexandria Mineral Oils Company,Equity,0.25641027092933655,0.41362786293029785,8.0,6.0,0.19230769230769232,0.1572175920009613
2014-12,train,ARCC.CA,Arabian Cement Company,Equity,0.41025641560554504,0.45168817043304443,11.0,9.0,0.3076923076923077,0.04143175482749939
2014-12,train,BTFH.CA,Beltone Holding,Equity,0.6538461446762085,0.670723557472229,16.0,27.0,1.0,0.016877412796020508
2014-12,train,Bonds,5-Year Government Bonds,Bonds,0.06410256773233414,0.36561456322669983,2.0,3.0,0.07692307692307693,0.3015119954943657
2014-12,train,CCAP.CA,QALA For Financial Investments,Equity,0.9487179517745972,0.5394342541694641,27.0,17.0,0.6153846153846154,-0.40928369760513306
2014-12,train,COMI.CA,Commercial International Bank-Egypt (CIB),Equity,0.3461538553237915,0.45874908566474915,10.0,10.0,0.34615384615384615,0.11259523034095764
2014-12,train,EAST.CA,Eastern Company,Equity,0.08974359184503555,0.44293004274368286,3.0,7.0,0.23076923076923078,0.3531864508986473
2014-12,train,EGAL.CA,Egypt Aluminum,Equity,0.692307710647583,0.6257710456848145,21.0,24.0,0.8846153846153846,-0.06653666496276855
2014-12,train,EGCH.CA,Egyptian Chemical Industries (Kima),Equity,0.807692289352417,0.611057698726654,23.0,22.0,0.8076923076923077,-0.19663459062576294
2014-12,train,EGX30,EGX30 Index,EquityIndex,0.4871794879436493,0.3742679953575134,13.0,4.0,0.11538461538461539,-0.11291149258613586
2014-12,train,ETEL.CA,Telecom Egypt,Equity,0.5769230723381042,0.49939823150634766,15.0,15.0,0.5384615384615384,-0.07752484083175659
2014-12,train,GBCO.CA,GB Corp,Equity,0.26923078298568726,0.48881903290748596,9.0,13.0,0.46153846153846156,0.2195882499217987
2014-12,train,Gold,24K Gold (EGP),Gold,0.10256410390138626,0.3859938383102417,4.0,5.0,0.15384615384615385,0.28342973440885544
2014-12,train,HELI.CA,Heliopolis Housing,Equity,0.6794871687889099,0.6554467082023621,18.5,26.0,0.9615384615384616,-0.02404046058654785
2014-12,train,HRHO.CA,EFG Holding,Equity,0.8333333134651184,0.5889167785644531,24.0,20.0,0.7307692307692307,-0.24441653490066528
2014-12,train,JUFO.CA,Juhayna Food Industries,Equity,0.5,0.4660266935825348,14.0,11.0,0.38461538461538464,-0.03397330641746521
2014-12,train,MCQE.CA,Misr Cement (Qena),Equity,0.24358974397182465,0.48046404123306274,7.0,12.0,0.4230769230769231,0.2368742972612381
2014-12,train,MoneyMarket,91-Day T-Bills,MoneyMarket,0.0,0.3392544686794281,1.0,1.0,0.0,0.3392544686794281
2014-12,train,OIH.CA,Orascom Investment Holding,Equity,0.6794871687889099,0.621902585029602,18.5,23.0,0.8461538461538461,-0.05758458375930786
2014-12,train,ORWE.CA,Oriental Weavers,Equity,0.19230769574642181,0.5509834289550781,5.0,18.0,0.6538461538461539,0.3586757332086563
2014-12,train,PHDC.CA,Palm Hills Development Company,Equity,0.9102563858032227,0.5628651976585388,25.0,19.0,0.6923076923076923,-0.34739118814468384
2014-12,train,RAYA.CA,Raya Holding For Financial Investments,Equity,0.7820512652397156,0.633162796497345,22.0,25.0,0.9230769230769231,-0.1488884687423706
2014-12,train,REIT,REIT Index,REIT,0.6794871687889099,0.4453229308128357,18.5,8.0,0.2692307692307692,-0.23416423797607422
2014-12,train,TMGH.CA,T M G Holding,Equity,0.6794871687889099,0.5197840332984924,18.5,16.0,0.5769230769230769,-0.15970313549041748
2014-12,train,VLMR.CA,Valmore Holding,Equity,0.9358974099159241,0.49937528371810913,26.0,14.0,0.5,-0.43652212619781494
2015-01,train,ABUK.CA,Abou Kir Fertilizers,Equity,0.6410256624221802,0.37603020668029785,19.0,4.0,0.11538461538461539,-0.2649954557418823
2015-01,train,ADIB.CA,Abu Dhabi Islamic Bank- Egypt,Equity,0.29487180709838867,0.5844936370849609,7.0,20.0,0.7307692307692307,0.28962182998657227
2015-01,train,AMOC.CA,Alexandria Mineral Oils Company,Equity,0.42307692766189575,0.4463557004928589,12.0,7.0,0.23076923076923078,0.023278772830963135
2015-01,train,ARCC.CA,Arabian Cement Company,Equity,0.5256410241127014,0.46207889914512634,14.5,11.0,0.38461538461538464,-0.06356212496757507
2015-01,train,BTFH.CA,Beltone Holding,Equity,0.7307692170143127,0.661191999912262,22.0,27.0,1.0,-0.06957721710205078
2015-01,train,Bonds,5-Year Government Bonds,Bonds,0.25641027092933655,0.33958208560943604,5.0,1.0,0.0,0.08317181468009949
2015-01,train,CCAP.CA,QALA For Financial Investments,Equity,0.5641025900840759,0.5837916135787964,16.5,18.0,0.6538461538461539,0.01968902349472046
2015-01,train,COMI.CA,Commercial International Bank-Egypt (CIB),Equity,0.1538461595773697,0.46015605330467224,4.0,9.0,0.3076923076923077,0.30630989372730255
2015-01,train,EAST.CA,Eastern Company,Equity,0.9102563858032227,0.403184175491333,25.0,6.0,0.19230769230769232,-0.5070722103118896
2015-01,train,EGAL.CA,Egypt Aluminum,Equity,0.3589743673801422,0.6207490563392639,9.5,25.0,0.9230769230769231,0.2617746889591217
2015-01,train,EGCH.CA,Egyptian Chemical Industries (Kima),Equity,0.5256410241127014,0.6048465967178345,14.5,22.0,0.8076923076923077,0.07920557260513306
2015-01,train,EGX30,EGX30 Index,EquityIndex,0.10256410390138626,0.3969060182571411,3.0,5.0,0.15384615384615385,0.29434191435575485
2015-01,train,ETEL.CA,Telecom Egypt,Equity,0.3717948794364929,0.4944085478782654,11.0,14.0,0.5,0.12261366844177246
2015-01,train,GBCO.CA,GB Corp,Equity,0.9487179517745972,0.49268537759780884,26.0,13.0,0.46153846153846156,-0.45603257417678833
2015-01,train,Gold,24K Gold (EGP),Gold,0.05128205195069313,0.35707995295524597,2.0,3.0,0.07692307692307693,0.30579790100455284
2015-01,train,HELI.CA,Heliopolis Housing,Equity,0.3589743673801422,0.6504539847373962,9.5,26.0,0.9615384615384616,0.29147961735725403
2015-01,train,HRHO.CA,EFG Holding,Equity,0.6538461446762085,0.5842275619506836,20.0,19.0,0.6923076923076923,-0.0696185827255249
2015-01,train,JUFO.CA,Juhayna Food Industries,Equity,0.6666666865348816,0.46087342500686646,21.0,10.0,0.34615384615384615,-0.20579326152801514
2015-01,train,MCQE.CA,Misr Cement (Qena),Equity,0.8717948794364929,0.4584251046180725,24.0,8.0,0.2692307692307692,-0.4133697748184204
2015-01,train,MoneyMarket,91-Day T-Bills,MoneyMarket,0.0,0.3417397141456604,1.0,2.0,0.038461538461538464,0.3417397141456604
2015-01,train,OIH.CA,Orascom Investment Holding,Equity,0.5128205418586731,0.6134065389633179,13.0,24.0,0.8846153846153846,0.10058599710464478
2015-01,train,ORWE.CA,Oriental Weavers,Equity,0.8589743375778198,0.524149477481842,23.0,15.0,0.5384615384615384,-0.3348248600959778
2015-01,train,PHDC.CA,Palm Hills Development Company,Equity,0.5641025900840759,0.5890422463417053,16.5,21.0,0.7692307692307693,0.024939656257629395
2015-01,train,RAYA.CA,Raya Holding For Financial Investments,Equity,0.9615384340286255,0.6081494688987732,27.0,23.0,0.8461538461538461,-0.3533889651298523
2015-01,train,REIT,REIT Index,REIT,0.3205128312110901,0.4803609848022461,8.0,12.0,0.4230769230769231,0.159848153591156
2015-01,train,TMGH.CA,T M G Holding,Equity,0.26923078298568726,0.5573636889457703,6.0,16.0,0.5769230769230769,0.288132905960083
2015-01,train,VLMR.CA,Valmore Holding,Equity,0.6025640964508057,0.5813684463500977,18.0,17.0,0.6153846153846154,-0.021195650100708008
2015-02,train,ABUK.CA,Abou Kir Fertilizers,Equity,0.692307710647583,0.3736107051372528,18.0,3.0,0.07692307692307693,-0.3186970055103302
2015-02,train,ADIB.CA,Abu Dhabi Islamic Bank- Egypt,Equity,0.26923078298568726,0.5923666954040527,7.0,19.0,0.6923076923076923,0.3231359124183655
2015-02,train,AMOC.CA,Alexandria Mineral Oils Company,Equity,0.29487180709838867,0.43298375606536865,8.0,7.0,0.23076923076923078,0.13811194896697998
2015-02,train,ARCC.CA,Arabian Cement Company,Equity,0.4871794879436493,0.4256339371204376,12.0,6.0,0.19230769230769232,-0.06154555082321167
2015-02,train,BTFH.CA,Beltone Holding,Equity,0.8846153616905212,0.6482340097427368,27.0,26.0,0.9615384615384616,-0.23638135194778442
2015-02,train,Bonds,5-Year Government Bonds,Bonds,0.012820512987673283,0.33946505188941956,1.0,1.0,0.0,0.3266445389017463
2015-02,train,CCAP.CA,QALA For Financial Investments,Equity,0.807692289352417,0.5998185873031616,23.0,23.0,0.8461538461538461,-0.20787370204925537
2015-02,train,COMI.CA,Commercial International Bank-Egypt (CIB),Equity,0.1666666716337204,0.4629114866256714,5.0,8.0,0.2692307692307692,0.296244814991951
2015-02,train,EAST.CA,Eastern Company,Equity,0.10256410390138626,0.5069242715835571,3.0,13.0,0.46153846153846156,0.40436016768217087
2015-02,train,EGAL.CA,Egypt Aluminum,Equity,0.8205128312110901,0.597704291343689,24.0,22.0,0.8076923076923077,-0.22280853986740112
2015-02,train,EGCH.CA,Egyptian Chemical Industries (Kima),Equity,0.7692307829856873,0.5914244055747986,21.0,18.0,0.6538461538461539,-0.17780637741088867
2015-02,train,EGX30,EGX30 Index,EquityIndex,0.3333333432674408,0.4098564088344574,10.0,5.0,0.15384615384615385,0.0765230655670166
2015-02,train,ETEL.CA,Telecom Egypt,Equity,0.1538461595773697,0.500823438167572,4.0,10.0,0.34615384615384615,0.34697727859020233
2015-02,train,GBCO.CA,GB Corp,Equity,0.6153846383094788,0.5674653649330139,16.0,15.0,0.5384615384615384,-0.047919273376464844
2015-02,train,Gold,24K Gold (EGP),Gold,0.19230769574642181,0.39098426699638367,6.0,4.0,0.11538461538461539,0.19867657124996185
2015-02,train,HELI.CA,Heliopolis Housing,Equity,0.5384615659713745,0.6487742066383362,14.0,27.0,1.0,0.11031264066696167
2015-02,train,HRHO.CA,EFG Holding,Equity,0.5256410241127014,0.5963523387908936,13.0,20.0,0.7307692307692307,0.07071131467819214
2015-02,train,JUFO.CA,Juhayna Food Industries,Equity,0.7435897588729858,0.5059416890144348,20.0,12.0,0.4230769230769231,-0.23764806985855103
2015-02,train,MCQE.CA,Misr Cement (Qena),Equity,0.3717948794364929,0.5050814747810364,11.0,11.0,0.38461538461538464,0.13328659534454346
2015-02,train,MoneyMarket,91-Day T-Bills,MoneyMarket,0.025641025975346565,0.34830161929130554,2.0,2.0,0.038461538461538464,0.322660593315959
2015-02,train,OIH.CA,Orascom Investment Holding,Equity,0.7820512652397156,0.6077537536621094,22.0,24.0,0.8846153846153846,-0.1742975115776062
2015-02,train,ORWE.CA,Oriental Weavers,Equity,0.8717948794364929,0.5712383389472961,26.0,17.0,0.6153846153846154,-0.3005565404891968
2015-02,train,PHDC.CA,Palm Hills Development Company,Equity,0.7051281929016113,0.5973976254463196,19.0,21.0,0.7692307692307693,-0.10773056745529175
2015-02,train,RAYA.CA,Raya Holding For Financial Investments,Equity,0.8333333134651184,0.6418691873550415,25.0,25.0,0.9230769230769231,-0.1914641261100769
2015-02,train,REIT,REIT Index,REIT,0.5512820482254028,0.492814302444458,15.0,9.0,0.3076923076923077,-0.058467745780944824
2015-02,train,TMGH.CA,T M G Holding,Equity,0.6410256624221802,0.570625901222229,17.0,16.0,0.5769230769230769,-0.07039976119995117
2015-02,train,VLMR.CA,Valmore Holding,Equity,0.3076923191547394,0.5571432113647461,9.0,14.0,0.5,0.2494508922100067
2015-03,train,ABUK.CA,Abou Kir Fertilizers,Equity,0.45679011940956116,0.40375226736068726,13.0,5.0,0.15384615384615385,-0.0530378520488739
2015-03,train,ADIB.CA,Abu Dhabi Islamic Bank- Egypt,Equity,0.4444444477558136,0.5086098909378052,12.0,13.0,0.46153846153846156,0.06416544318199158
2015-03,train,AMOC.CA,Alexandria Mineral Oils Company,Equity,0.37037035822868347,0.4273049533367157,10.0,6.0,0.19230769230769232,0.05693459510803223
2015-03,train,ARCC.CA,Arabian Cement Company,Equity,0.2469135820865631,0.438169926404953,6.5,8.0,0.2692307692307692,0.1912563443183899
2015-03,train,BTFH.CA,Beltone Holding,Equity,0.9506173133850098,0.626265287399292,27.0,27.0,1.0,-0.3243520259857178
2015-03,train,Bonds,5-Year Government Bonds,Bonds,0.03703703731298447,0.33319345116615295,2.0,1.0,0.0,0.2961564138531685
2015-03,train,CCAP.CA,QALA For Financial Investments,Equity,0.8148148059844971,0.6111133694648743,25.0,25.0,0.9230769230769231,-0.2037014365196228
2015-03,train,COMI.CA,Commercial International Bank-Egypt (CIB),Equity,0.14814814925193787,0.43489718437194824,4.0,7.0,0.23076923076923078,0.2867490351200104
2015-03,train,EAST.CA,Eastern Company,Equity,0.4197530746459961,0.4514962136745453,11.0,9.0,0.3076923076923077,0.031743139028549194
2015-03,train,EGAL.CA,Egypt Aluminum,Equity,0.5432098507881165,0.5873344540596008,17.0,21.0,0.7692307692307693,0.044124603271484375
2015-03,train,EGCH.CA,Egyptian Chemical Industries (Kima),Equity,0.7037037014961243,0.5920489430427551,20.0,22.0,0.8076923076923077,-0.11165475845336914
2015-03,train,EGX30,EGX30 Index,EquityIndex,0.2716049253940582,0.40201252698898315,8.0,4.0,0.11538461538461539,0.13040760159492493
2015-03,train,ETEL.CA,Telecom Egypt,Equity,0.5061728358268738,0.45346924662590027,14.0,10.0,0.34615384615384615,-0.05270358920097351
2015-03,train,GBCO.CA,GB Corp,Equity,0.7407407164573669,0.5642662048339844,21.5,17.0,0.6153846153846154,-0.17647451162338257
2015-03,train,Gold,24K Gold (EGP),Gold,0.16049382090568542,0.36761611700057983,5.0,3.0,0.07692307692307693,0.2071222960948944
2015-03,train,HELI.CA,Heliopolis Housing,Equity,0.7407407164573669,0.6043403744697571,21.5,24.0,0.8846153846153846,-0.13640034198760986
2015-03,train,HRHO.CA,EFG Holding,Equity,0.790123462677002,0.5629686117172241,24.0,16.0,0.5769230769230769,-0.22715485095977783
2015-03,train,JUFO.CA,Juhayna Food Industries,Equity,0.2469135820865631,0.5037152171134949,6.5,12.0,0.4230769230769231,0.25680163502693176
2015-03,train,MCQE.CA,Misr Cement (Qena),Equity,0.09876543283462524,0.5141793489456177,3.0,14.0,0.5,0.41541391611099243
2015-03,train,MoneyMarket,91-Day T-Bills,MoneyMarket,0.0,0.33741825819015503,1.0,2.0,0.038461538461538464,0.33741825819015503
2015-03,train,OIH.CA,Orascom Investment Holding,Equity,0.5308641791343689,0.5982290506362915,15.5,23.0,0.8461538461538461,0.06736487150192261
2015-03,train,ORWE.CA,Oriental Weavers,Equity,0.8518518805503845,0.5692384839057922,26.0,18.0,0.6538461538461539,-0.2826133966445923
2015-03,train,PHDC.CA,Palm Hills Development Company,Equity,0.34567901492118835,0.5824376940727234,9.0,20.0,0.7307692307692307,0.23675867915153503
2015-03,train,RAYA.CA,Raya Holding For Financial Investments,Equity,0.7530864477157593,0.6242027282714844,23.0,26.0,0.9615384615384616,-0.1288837194442749
2015-03,train,REIT,REIT Index,REIT,0.5308641791343689,0.48645246028900146,15.5,11.0,0.38461538461538464,-0.04441171884536743
2015-03,train,TMGH.CA,T M G Holding,Equity,0.6790123581886292,0.5718466639518738,19.0,19.0,0.6923076923076923,-0.10716569423675537
2015-03,train,VLMR.CA,Valmore Holding,Equity,0.6296296119689941,0.5564031004905701,18.0,15.0,0.5384615384615384,-0.07322651147842407
2015-04,train,ABUK.CA,Abou Kir Fertilizers,Equity,0.25925925374031067,0.4301539659500122,7.0,6.0,0.19230769230769232,0.17089471220970154
2015-04,train,ADIB.CA,Abu Dhabi Islamic Bank- Egypt,Equity,0.2839506268501282,0.5081627368927002,8.5,14.0,0.5,0.22421211004257202
2015-04,train,AMOC.CA,Alexandria Mineral Oils Company,Equity,0.3827160596847534,0.4251134395599365,10.0,5.0,0.15384615384615385,0.042397379875183105
2015-04,train,ARCC.CA,Arabian Cement Company,Equity,0.16049382090568542,0.44242966175079346,4.0,7.0,0.23076923076923078,0.28193584084510803
2015-04,train,BTFH.CA,Beltone Holding,Equity,0.8888888955116272,0.6299182176589966,25.0,24.0,0.8846153846153846,-0.2589706778526306
2015-04,train,Bonds,5-Year Government Bonds,Bonds,0.012345679104328156,0.33788537979125977,1.0,1.0,0.0,0.3255397006869316
2015-04,train,CCAP.CA,QALA For Financial Investments,Equity,0.7283950448036194,0.630189836025238,21.5,25.0,0.9230769230769231,-0.09820520877838135
2015-04,train,COMI.CA,Commercial International Bank-Egypt (CIB),Equity,0.4691357910633087,0.4484328031539917,12.5,8.0,0.2692307692307692,-0.020702987909317017
2015-04,train,EAST.CA,Eastern Company,Equity,0.1975308656692505,0.4738174378871918,6.0,10.0,0.34615384615384615,0.2762865722179413
2015-04,train,EGAL.CA,Egypt Aluminum,Equity,0.7283950448036194,0.5639402866363525,21.5,16.0,0.5769230769230769,-0.16445475816726685
2015-04,train,EGCH.CA,Egyptian Chemical Industries (Kima),Equity,0.654321014881134,0.595513641834259,19.0,20.0,0.7307692307692307,-0.058807373046875
2015-04,train,EGX30,EGX30 Index,EquityIndex,0.4197530746459961,0.4066646993160248,11.0,4.0,0.11538461538461539,-0.013088375329971313
2015-04,train,ETEL.CA,Telecom Egypt,Equity,0.4691357910633087,0.46818336844444275,12.5,9.0,0.3076923076923077,-0.0009524226188659668
2015-04,train,GBCO.CA,GB Corp,Equity,0.9629629850387573,0.630584180355072,26.5,26.0,0.9615384615384616,-0.3323788046836853
2015-04,train,Gold,24K Gold (EGP),Gold,0.07407407462596893,0.38208186626434326,3.0,3.0,0.07692307692307693,0.30800779163837433
2015-04,train,HELI.CA,Heliopolis Housing,Equity,0.6666666865348816,0.6165508031845093,20.0,23.0,0.8461538461538461,-0.050115883350372314
2015-04,train,HRHO.CA,EFG Holding,Equity,0.7654321193695068,0.5984598994255066,23.0,21.0,0.7692307692307693,-0.16697221994400024
2015-04,train,JUFO.CA,Juhayna Food Industries,Equity,0.2839506268501282,0.4948972761631012,8.5,13.0,0.46153846153846156,0.21094664931297302
2015-04,train,MCQE.CA,Misr Cement (Qena),Equity,0.18518517911434174,0.4856751263141632,5.0,11.0,0.38461538461538464,0.30048994719982147
2015-04,train,MoneyMarket,91-Day T-Bills,MoneyMarket,0.02469135820865631,0.33902159333229065,2.0,2.0,0.038461538461538464,0.31433023512363434
2015-04,train,OIH.CA,Orascom Investment Holding,Equity,0.790123462677002,0.5879107713699341,24.0,19.0,0.6923076923076923,-0.20221269130706787
2015-04,train,ORWE.CA,Oriental Weavers,Equity,0.5185185074806213,0.6153278946876526,16.0,22.0,0.8076923076923077,0.09680938720703125
2015-04,train,PHDC.CA,Palm Hills Development Company,Equity,0.9629629850387573,0.5679169297218323,26.5,17.0,0.6153846153846154,-0.39504605531692505
2015-04,train,RAYA.CA,Raya Holding For Financial Investments,Equity,0.5802469253540039,0.6499401330947876,17.0,27.0,1.0,0.06969320774078369
2015-04,train,REIT,REIT Index,REIT,0.604938268661499,0.48721596598625183,18.0,12.0,0.4230769230769231,-0.11772230267524719
2015-04,train,TMGH.CA,T M G Holding,Equity,0.5061728358268738,0.5731179118156433,15.0,18.0,0.6538461538461539,0.06694507598876953
2015-04,train,VLMR.CA,Valmore Holding,Equity,0.4938271641731262,0.5500428676605225,14.0,15.0,0.5384615384615384,0.05621570348739624
2015-05,train,ABUK.CA,Abou Kir Fertilizers,Equity,0.0476190485060215,0.42134329676628113,2.0,5.0,0.15384615384615385,0.37372424826025963
2015-05,train,ADIB.CA,Abu Dhabi Islamic Bank- Egypt,Equity,0.5595238208770752,0.5123640894889832,15.5,12.0,0.4230769230769231,-0.04715973138809204
2015-05,train,AMOC.CA,Alexandria Mineral Oils Company,Equity,0.2261904776096344,0.4414648711681366,7.5,6.0,0.19230769230769232,0.2152743935585022
2015-05,train,ARCC.CA,Arabian Cement Company,Equity,0.4047619104385376,0.4772256314754486,13.0,10.0,0.34615384615384615,0.07246372103691101
2015-05,train,BTFH.CA,Beltone Holding,Equity,0.9404761791229248,0.645088255405426,26.0,27.0,1.0,-0.2953879237174988
2015-05,train,Bonds,5-Year Government Bonds,Bonds,0.0595238097012043,0.37448376417160034,3.0,3.0,0.07692307692307693,0.31495995447039604
2015-05,train,CCAP.CA,QALA For Financial Investments,Equity,0.8690476417541504,0.636963963508606,25.0,25.0,0.9230769230769231,-0.23208367824554443
2015-05,train,COMI.CA,Commercial International Bank-Egypt (CIB),Equity,0.190476194024086,0.4886164963245392,6.0,11.0,0.38461538461538464,0.2981403023004532
2015-05,train,EAST.CA,Eastern Company,Equity,0.2857142984867096,0.4032737612724304,9.0,4.0,0.11538461538461539,0.11755946278572083
2015-05,train,EGAL.CA,Egypt Aluminum,Equity,0.1666666716337204,0.5817650556564331,5.0,16.0,0.5769230769230769,0.4150983840227127
2015-05,train,EGCH.CA,Egyptian Chemical Industries (Kima),Equity,0.7976190447807312,0.6127792000770569,22.0,19.0,0.6923076923076923,-0.18483984470367432
2015-05,train,EGX30,EGX30 Index,EquityIndex,0.3452380895614624,0.4441668391227722,11.0,7.0,0.23076923076923078,0.09892874956130981
2015-05,train,ETEL.CA,Telecom Egypt,Equity,0.976190447807312,0.4663066267967224,27.0,9.0,0.3076923076923077,-0.5098838210105896
2015-05,train,GBCO.CA,GB Corp,Equity,0.5714285969734192,0.6414235234260559,17.5,26.0,0.9615384615384616,0.06999492645263672
2015-05,train,Gold,24K Gold (EGP),Gold,0.1190476194024086,0.3743072748184204,4.0,2.0,0.038461538461538464,0.2552596554160118
2015-05,train,HELI.CA,Heliopolis Housing,Equity,0.5595238208770752,0.618858814239502,15.5,21.0,0.7692307692307693,0.05933499336242676
2015-05,train,HRHO.CA,EFG Holding,Equity,0.5357142686843872,0.6256089806556702,14.0,24.0,0.8846153846153846,0.08989471197128296
2015-05,train,JUFO.CA,Juhayna Food Industries,Equity,0.3928571343421936,0.5196244120597839,12.0,13.0,0.46153846153846156,0.12676727771759033
2015-05,train,MCQE.CA,Misr Cement (Qena),Equity,0.2261904776096344,0.4618509113788605,7.5,8.0,0.2692307692307692,0.23566043376922607
2015-05,train,MoneyMarket,91-Day T-Bills,MoneyMarket,0.0,0.3433401584625244,1.0,1.0,0.0,0.3433401584625244
2015-05,train,OIH.CA,Orascom Investment Holding,Equity,0.773809552192688,0.6214231848716736,21.0,22.0,0.8076923076923077,-0.1523863673210144
2015-05,train,ORWE.CA,Oriental Weavers,Equity,0.8095238208770752,0.6239208579063416,23.0,23.0,0.8461538461538461,-0.18560296297073364
2015-05,train,PHDC.CA,Palm Hills Development Company,Equity,0.75,0.6186996102333069,19.0,20.0,0.7307692307692307,-0.13130038976669312
2015-05,train,RAYA.CA,Raya Holding For Financial Investments,Equity,0.8333333134651184,0.6122808456420898,24.0,18.0,0.6538461538461539,-0.22105246782302856
2015-05,train,REIT,REIT Index,REIT,0.5714285969734192,0.5368542671203613,17.5,14.0,0.5,-0.03457432985305786
2015-05,train,TMGH.CA,T M G Holding,Equity,0.761904776096344,0.6115430593490601,20.0,17.0,0.6153846153846154,-0.15036171674728394
2015-05,train,VLMR.CA,Valmore Holding,Equity,0.3214285671710968,0.5777790546417236,10.0,15.0,0.5384615384615384,0.25635048747062683
2015-06,train,ABUK.CA,Abou Kir Fertilizers,Equity,0.40229883790016174,0.37266576290130615,10.0,4.0,0.1111111111111111,-0.02963307499885559
2015-06,train,ADIB.CA,Abu Dhabi Islamic Bank- Egypt,Equity,0.6781609058380127,0.5125879049301147,19.0,12.0,0.4074074074074074,-0.16557300090789795
2015-06,train,AMOC.CA,Alexandria Mineral Oils Company,Equity,0.6206896305084229,0.4299362301826477,17.0,7.0,0.2222222222222222,-0.19075340032577515
2015-06,train,ARCC.CA,Arabian Cement Company,Equity,0.9195402264595032,0.44119563698768616,26.0,9.0,0.2962962962962963,-0.478344589471817
2015-06,train,BTFH.CA,Beltone Holding,Equity,0.8850574493408203,0.6645611524581909,25.0,28.0,1.0,-0.2204962968826294
2015-06,train,Bonds,5-Year Government Bonds,Bonds,0.05747126415371895,0.35022759437561035,2.0,2.0,0.037037037037037035,0.2927563302218914
2015-06,train,CCAP.CA,QALA For Financial Investments,Equity,0.3448275923728943,0.6237977743148804,9.0,24.0,0.8518518518518519,0.2789701819419861
2015-06,train,COMI.CA,Commercial International Bank-Egypt (CIB),Equity,0.2298850566148758,0.4426806569099426,7.0,10.0,0.3333333333333333,0.21279560029506683
2015-06,train,EAST.CA,Eastern Company,Equity,0.06896551698446274,0.4399862587451935,3.0,8.0,0.25925925925925924,0.37102074176073074
2015-06,train,EGAL.CA,Egypt Aluminum,Equity,0.931034505367279,0.5485427379608154,27.0,16.0,0.5555555555555556,-0.3824917674064636
2015-06,train,EGCH.CA,Egyptian Chemical Industries (Kima),Equity,0.5977011322975159,0.6289375424385071,16.0,25.0,0.8888888888888888,0.03123641014099121
2015-06,train,EGX30,EGX30 Index,EquityIndex,0.25287356972694397,0.420564740896225,8.0,6.0,0.18518518518518517,0.167691171169281
2015-06,train,ETEL.CA,Telecom Egypt,Equity,0.4137931168079376,0.5292826294898987,11.5,15.0,0.5185185185185185,0.11548951268196106
2015-06,train,GBCO.CA,GB Corp,Equity,0.954023003578186,0.6514659523963928,28.0,27.0,0.9629629629629629,-0.3025570511817932
2015-06,train,Gold,24K Gold (EGP),Gold,0.12643678486347198,0.35870200395584106,4.0,3.0,0.07407407407407407,0.23226521909236908
2015-06,train,HELI.CA,Heliopolis Housing,Equity,0.4137931168079376,0.6010555028915405,11.5,19.0,0.6666666666666666,0.1872623860836029
2015-06,train,HRHO.CA,EFG Holding,Equity,0.4482758641242981,0.6073372960090637,13.0,22.0,0.7777777777777778,0.15906143188476562
2015-06,train,JUFO.CA,Juhayna Food Industries,Equity,0.7471264600753784,0.4997294843196869,21.0,11.0,0.37037037037037035,-0.24739697575569153
2015-06,train,MCQE.CA,Misr Cement (Qena),Equity,0.13793103396892548,0.41486668586730957,5.0,5.0,0.14814814814814814,0.2769356518983841
2015-06,train,MoneyMarket,91-Day T-Bills,MoneyMarket,0.0,0.3265610635280609,1.0,1.0,0.0,0.3265610635280609
2015-06,train,OIH.CA,Orascom Investment Holding,Equity,0.7701149582862854,0.6031370162963867,22.0,20.0,0.7037037037037037,-0.16697794198989868
2015-06,train,ORHD.CA,Orascom Development Egypt,Equity,0.6666666865348816,0.6031539440155029,18.0,21.0,0.7407407407407407,-0.06351274251937866
2015-06,train,ORWE.CA,Oriental Weavers,Equity,0.540229856967926,0.621382474899292,14.5,23.0,0.8148148148148148,0.08115261793136597
2015-06,train,PHDC.CA,Palm Hills Development Company,Equity,0.7011494040489197,0.5843907594680786,20.0,17.0,0.5925925925925926,-0.11675864458084106
2015-06,train,RAYA.CA,Raya Holding For Financial Investments,Equity,0.8505747318267822,0.6314964294433594,24.0,26.0,0.9259259259259259,-0.21907830238342285
2015-06,train,REIT,REIT Index,REIT,0.540229856967926,0.5202892422676086,14.5,13.0,0.4444444444444444,-0.019940614700317383
2015-06,train,TMGH.CA,T M G Holding,Equity,0.7816091775894165,0.5939366221427917,23.0,18.0,0.6296296296296297,-0.18767255544662476
2015-06,train,VLMR.CA,Valmore Holding,Equity,0.17241379618644714,0.5265992283821106,6.0,14.0,0.48148148148148145,0.35418543219566345
2015-07,train,ABUK.CA,Abou Kir Fertilizers,Equity,0.1034482792019844,0.36289963126182556,4.0,3.0,0.07407407407407407,0.25945135205984116
2015-07,train,ADIB.CA,Abu Dhabi Islamic Bank- Egypt,Equity,0.6091954112052917,0.5426807999610901,17.0,15.0,0.5185185185185185,-0.06651461124420166
2015-07,train,AMOC.CA,Alexandria Mineral Oils Company,Equity,0.7011494040489197,0.4430345296859741,19.5,8.0,0.25925925925925924,-0.25811487436294556
2015-07,train,ARCC.CA,Arabian Cement Company,Equity,0.18390804529190063,0.4642098844051361,6.0,10.0,0.3333333333333333,0.2803018391132355
2015-07,train,BTFH.CA,Beltone Holding,Equity,0.8505747318267822,0.6605591177940369,26.0,28.0,1.0,-0.19001561403274536
2015-07,train,Bonds,5-Year Government Bonds,Bonds,0.03448275849223137,0.3485619127750397,2.0,2.0,0.037037037037037035,0.3140791542828083
2015-07,train,CCAP.CA,QALA For Financial Investments,Equity,0.5977011322975159,0.5909700989723206,16.0,18.0,0.6296296296296297,-0.0067310333251953125
2015-07,train,COMI.CA,Commercial International Bank-Egypt (CIB),Equity,0.4712643623352051,0.4495442807674408,12.0,9.0,0.2962962962962963,-0.021720081567764282
2015-07,train,EAST.CA,Eastern Company,Equity,0.3563218414783478,0.4133535623550415,9.0,7.0,0.2222222222222222,0.057031720876693726
2015-07,train,EGAL.CA,Egypt Aluminum,Equity,0.7471264600753784,0.5874441266059875,23.0,17.0,0.5925925925925926,-0.15968233346939087
2015-07,train,EGCH.CA,Egyptian Chemical Industries (Kima),Equity,0.540229856967926,0.6182501316070557,13.5,22.0,0.7777777777777778,0.07802027463912964
2015-07,train,EGX30,EGX30 Index,EquityIndex,0.4252873659133911,0.4081364870071411,11.0,5.0,0.14814814814814814,-0.01715087890625
2015-07,train,ETEL.CA,Telecom Egypt,Equity,0.2183908075094223,0.5279902815818787,7.0,14.0,0.48148148148148145,0.30959947407245636
2015-07,train,GBCO.CA,GB Corp,Equity,0.977011501789093,0.6368099451065063,28.0,26.0,0.9259259259259259,-0.34020155668258667
2015-07,train,Gold,24K Gold (EGP),Gold,0.25287356972694397,0.36580076813697815,8.0,4.0,0.1111111111111111,0.11292719841003418
2015-07,train,HELI.CA,Heliopolis Housing,Equity,0.8390804529190063,0.6011276841163635,25.0,20.0,0.7037037037037037,-0.23795276880264282
2015-07,train,HRHO.CA,EFG Holding,Equity,0.9655172228813171,0.596011221408844,27.0,19.0,0.6666666666666666,-0.36950600147247314
2015-07,train,JUFO.CA,Juhayna Food Industries,Equity,0.40229883790016174,0.5271373987197876,10.0,13.0,0.4444444444444444,0.12483856081962585
2015-07,train,MCQE.CA,Misr Cement (Qena),Equity,0.06896551698446274,0.41277018189430237,3.0,6.0,0.18518518518518517,0.34380466490983963
2015-07,train,MoneyMarket,91-Day T-Bills,MoneyMarket,0.0,0.32834818959236145,1.0,1.0,0.0,0.32834818959236145
2015-07,train,OIH.CA,Orascom Investment Holding,Equity,0.5747126340866089,0.6234164237976074,15.0,24.0,0.8518518518518519,0.048703789710998535
2015-07,train,ORHD.CA,Orascom Development Egypt,Equity,0.7011494040489197,0.6229099035263062,19.5,23.0,0.8148148148148148,-0.07823950052261353
2015-07,train,ORWE.CA,Oriental Weavers,Equity,0.540229856967926,0.5776259899139404,13.5,16.0,0.5555555555555556,0.037396132946014404
2015-07,train,PHDC.CA,Palm Hills Development Company,Equity,0.8045976758003235,0.6237975358963013,24.0,25.0,0.8888888888888888,-0.18080013990402222
2015-07,train,RAYA.CA,Raya Holding For Financial Investments,Equity,0.7241379022598267,0.6491227149963379,21.0,27.0,0.9629629629629629,-0.07501518726348877
2015-07,train,REIT,REIT Index,REIT,0.6896551847457886,0.5249202847480774,18.0,12.0,0.4074074074074074,-0.16473489999771118
2015-07,train,TMGH.CA,T M G Holding,Equity,0.7356321811676025,0.6177494525909424,22.0,21.0,0.7407407407407407,-0.11788272857666016
2015-07,train,VLMR.CA,Valmore Holding,Equity,0.16091954708099365,0.5244166254997253,5.0,11.0,0.37037037037037035,0.3634970784187317
2015-08,train,ABUK.CA,Abou Kir Fertilizers,Equity,0.13793103396892548,0.34882500767707825,4.0,3.0,0.07142857142857142,0.21089397370815277
2015-08,train,ADIB.CA,Abu Dhabi Islamic Bank- Egypt,Equity,0.6321839094161987,0.5561475157737732,20.0,17.0,0.5714285714285714,-0.07603639364242554
2015-08,train,AMOC.CA,Alexandria Mineral Oils Company,Equity,0.24137930572032928,0.4546981453895569,7.0,9.0,0.2857142857142857,0.2133188396692276
2015-08,train,ARCC.CA,Arabian Cement Company,Equity,0.3103448152542114,0.42081665992736816,9.0,7.0,0.21428571428571427,0.11047184467315674
2015-08,train,BTFH.CA,Beltone Holding,Equity,1.0,0.6696876287460327,29.0,29.0,1.0,-0.3303123712539673
2015-08,train,Bonds,5-Year Government Bonds,Bonds,0.02298850566148758,0.3419184684753418,1.0,2.0,0.03571428571428571,0.3189299628138542
2015-08,train,CCAP.CA,QALA For Financial Investments,Equity,0.8505747318267822,0.5954723954200745,25.0,19.0,0.6428571428571429,-0.25510233640670776
2015-08,train,COMI.CA,Commercial International Bank-Egypt (CIB),Equity,0.49425286054611206,0.45625942945480347,15.0,10.0,0.32142857142857145,-0.037993431091308594
2015-08,train,EAST.CA,Eastern Company,Equity,0.29885056614875793,0.4317740499973297,8.0,8.0,0.25,0.13292348384857178
2015-08,train,EGAL.CA,Egypt Aluminum,Equity,0.3563218414783478,0.5603646039962769,11.0,18.0,0.6071428571428571,0.20404276251792908
2015-08,train,EGCH.CA,Egyptian Chemical Industries (Kima),Equity,0.8275862336158752,0.618983805179596,24.0,25.0,0.8571428571428571,-0.2086024284362793
2015-08,train,EGX30,EGX30 Index,EquityIndex,0.40229883790016174,0.4170123040676117,12.0,6.0,0.17857142857142858,0.014713466167449951
2015-08,train,ETEL.CA,Telecom Egypt,Equity,0.5862069129943848,0.5356000661849976,16.0,15.0,0.5,-0.05060684680938721
2015-08,train,GBCO.CA,GB Corp,Equity,0.931034505367279,0.6398568749427795,28.0,28.0,0.9642857142857143,-0.2911776304244995
2015-08,train,Gold,24K Gold (EGP),Gold,0.14942528307437897,0.3566617965698242,5.0,4.0,0.10714285714285714,0.20723651349544525
2015-08,train,HELI.CA,Heliopolis Housing,Equity,0.8620689511299133,0.6000626087188721,26.0,20.0,0.6785714285714286,-0.26200634241104126
2015-08,train,HRHO.CA,EFG Holding,Equity,0.7241379022598267,0.6154844164848328,22.0,24.0,0.8214285714285714,-0.1086534857749939
2015-08,train,JUFO.CA,Juhayna Food Industries,Equity,0.6091954112052917,0.4947982728481293,18.0,13.0,0.42857142857142855,-0.11439713835716248
2015-08,train,MCQE.CA,Misr Cement (Qena),Equity,0.09195402264595032,0.4113491475582123,3.0,5.0,0.14285714285714285,0.31939512491226196
2015-08,train,MoneyMarket,91-Day T-Bills,MoneyMarket,0.04597701132297516,0.322460800409317,2.0,1.0,0.0,0.27648378908634186
2015-08,train,OIH.CA,Orascom Investment Holding,Equity,0.7701149582862854,0.6143046021461487,23.0,23.0,0.7857142857142857,-0.15581035614013672
2015-08,train,ORAS.CA,Orascom Construction PLC,Equity,0.4252873659133911,0.49191519618034363,13.0,12.0,0.39285714285714285,0.06662783026695251
2015-08,train,ORHD.CA,Orascom Development Egypt,Equity,0.5977011322975159,0.6116783618927002,17.0,22.0,0.75,0.013977229595184326
2015-08,train,ORWE.CA,Oriental Weavers,Equity,0.4712643623352051,0.5532585978507996,14.0,16.0,0.5357142857142857,0.08199423551559448
2015-08,train,PHDC.CA,Palm Hills Development Company,Equity,0.9080459475517273,0.6248694658279419,27.0,27.0,0.9285714285714286,-0.2831764817237854
2015-08,train,RAYA.CA,Raya Holding For Financial Investments,Equity,0.3218390941619873,0.6049201488494873,10.0,21.0,0.7142857142857143,0.2830810546875
2015-08,train,REIT,REIT Index,REIT,0.6666666865348816,0.5255810022354126,21.0,14.0,0.4642857142857143,-0.141085684299469
2015-08,train,TMGH.CA,T M G Holding,Equity,0.6206896305084229,0.6205480098724365,19.0,26.0,0.8928571428571429,-0.00014162063598632812
2015-08,train,VLMR.CA,Valmore Holding,Equity,0.2298850566148758,0.4674696922302246,6.0,11.0,0.35714285714285715,0.23758463561534882
2015-09,train,ABUK.CA,Abou Kir Fertilizers,Equity,0.06666667014360428,0.356533408164978,3.0,3.0,0.06896551724137931,0.28986673802137375
2015-09,train,ADIB.CA,Abu Dhabi Islamic Bank- Egypt,Equity,0.5,0.5743769407272339,15.5,18.0,0.5862068965517241,0.07437694072723389
2015-09,train,AMOC.CA,Alexandria Mineral Oils Company,Equity,0.6111111044883728,0.4606708884239197,19.0,10.0,0.3103448275862069,-0.15044021606445312
2015-09,train,ARCC.CA,Arabian Cement Company,Equity,0.9666666388511658,0.44118571281433105,30.0,8.0,0.2413793103448276,-0.5254809260368347
2015-09,train,BTFH.CA,Beltone Holding,Equity,0.7888888716697693,0.6513125896453857,25.0,30.0,1.0,-0.13757628202438354
2015-09,train,Bonds,5-Year Government Bonds,Bonds,0.10000000149011612,0.3363509178161621,4.0,1.0,0.0,0.236350916326046
2015-09,train,CCAP.CA,QALA For Financial Investments,Equity,0.8222222328186035,0.5820937752723694,26.0,20.0,0.6551724137931034,-0.24012845754623413
2015-09,train,COMI.CA,Commercial International Bank-Egypt (CIB),Equity,0.2888889014720917,0.4640302062034607,10.0,12.0,0.3793103448275862,0.17514130473136902
2015-09,train,EAST.CA,Eastern Company,Equity,0.13333334028720856,0.4449516832828522,5.0,9.0,0.27586206896551724,0.3116183429956436
2015-09,train,EFID.CA,Edita Food Industries S.A.E,Equity,0.25555557012557983,0.5224355459213257,7.0,16.0,0.5172413793103449,0.26687997579574585
2015-09,train,EGAL.CA,Egypt Aluminum,Equity,0.41111111640930176,0.5906116366386414,13.0,21.0,0.6896551724137931,0.1795005202293396
2015-09,train,EGCH.CA,Egyptian Chemical Industries (Kima),Equity,0.5555555820465088,0.6116616725921631,18.0,25.0,0.8275862068965517,0.0561060905456543
2015-09,train,EGX30,EGX30 Index,EquityIndex,0.2777777910232544,0.4164983332157135,9.0,6.0,0.1724137931034483,0.1387205421924591
2015-09,train,ETEL.CA,Telecom Egypt,Equity,0.35555556416511536,0.5201614499092102,11.0,15.0,0.4827586206896552,0.16460588574409485
2015-09,train,GBCO.CA,GB Corp,Equity,0.9444444179534912,0.6348903179168701,29.0,27.0,0.896551724137931,-0.3095541000366211
2015-09,train,Gold,24K Gold (EGP),Gold,0.18888889253139496,0.3617987632751465,6.0,4.0,0.10344827586206896,0.17290987074375153
2015-09,train,HELI.CA,Heliopolis Housing,Equity,0.9111111164093018,0.6062658429145813,28.0,23.0,0.7586206896551724,-0.30484527349472046
2015-09,train,HRHO.CA,EFG Holding,Equity,0.3777777850627899,0.5816097855567932,12.0,19.0,0.6206896551724138,0.2038320004940033
2015-09,train,JUFO.CA,Juhayna Food Industries,Equity,0.5222222208976746,0.5190780162811279,17.0,14.0,0.4482758620689655,-0.003144204616546631
2015-09,train,MCQE.CA,Misr Cement (Qena),Equity,0.0,0.3971359431743622,1.0,5.0,0.13793103448275862,0.3971359431743622
2015-09,train,MoneyMarket,91-Day T-Bills,MoneyMarket,0.03333333507180214,0.3390716016292572,2.0,2.0,0.034482758620689655,0.30573826655745506
2015-09,train,OIH.CA,Orascom Investment Holding,Equity,0.7222222089767456,0.619760274887085,23.0,26.0,0.8620689655172413,-0.10246193408966064
2015-09,train,ORAS.CA,Orascom Construction PLC,Equity,0.6222222447395325,0.4319084882736206,20.0,7.0,0.20689655172413793,-0.19031375646591187
2015-09,train,ORHD.CA,Orascom Development Egypt,Equity,0.699999988079071,0.6075531244277954,22.0,24.0,0.7931034482758621,-0.09244686365127563
2015-09,train,ORWE.CA,Oriental Weavers,Equity,0.2666666805744171,0.5442862510681152,8.0,17.0,0.5517241379310345,0.2776195704936981
2015-09,train,PHDC.CA,Palm Hills Development Company,Equity,0.6555555462837219,0.6380623579025269,21.0,28.0,0.9310344827586207,-0.01749318838119507
2015-09,train,RAYA.CA,Raya Holding For Financial Investments,Equity,0.8999999761581421,0.6385349035263062,27.0,29.0,0.9655172413793104,-0.26146507263183594
2015-09,train,REIT,REIT Index,REIT,0.5,0.5135273337364197,15.5,13.0,0.41379310344827586,0.013527333736419678
2015-09,train,TMGH.CA,T M G Holding,Equity,0.7444444298744202,0.6052284836769104,24.0,22.0,0.7241379310344828,-0.13921594619750977
2015-09,train,VLMR.CA,Valmore Holding,Equity,0.4444444477558136,0.4635472595691681,14.0,11.0,0.3448275862068966,0.019102811813354492
2015-10,train,ABUK.CA,Abou Kir Fertilizers,Equity,0.9222221970558167,0.35669586062431335,28.0,3.0,0.06896551724137931,-0.5655263364315033
2015-10,train,ADIB.CA,Abu Dhabi Islamic Bank- Egypt,Equity,0.47777777910232544,0.5552147030830383,14.5,18.0,0.5862068965517241,0.07743692398071289
2015-10,train,AMOC.CA,Alexandria Mineral Oils Company,Equity,0.9777777791023254,0.49134525656700134,30.0,12.0,0.3793103448275862,-0.4864325225353241
2015-10,train,ARCC.CA,Arabian Cement Company,Equity,0.5666666626930237,0.47195637226104736,19.0,10.0,0.3103448275862069,-0.09471029043197632
2015-10,train,BTFH.CA,Beltone Holding,Equity,0.4888888895511627,0.6622214913368225,16.0,29.0,0.9655172413793104,0.1733326017856598
2015-10,train,Bonds,5-Year Government Bonds,Bonds,0.03333333507180214,0.3542477488517761,2.0,1.0,0.0,0.320914413779974
2015-10,train,CCAP.CA,QALA For Financial Investments,Equity,0.6333333253860474,0.5949814915657043,21.0,22.0,0.7241379310344828,-0.03835183382034302
2015-10,train,COMI.CA,Commercial International Bank-Egypt (CIB),Equity,0.3777777850627899,0.4764038622379303,12.0,11.0,0.3448275862068966,0.09862607717514038
2015-10,train,EAST.CA,Eastern Company,Equity,0.2888889014720917,0.46622297167778015,8.0,9.0,0.27586206896551724,0.17733407020568848
2015-10,train,EFID.CA,Edita Food Industries S.A.E,Equity,0.6222222447395325,0.49606630206108093,20.0,14.0,0.4482758620689655,-0.12615594267845154
2015-10,train,EGAL.CA,Egypt Aluminum,Equity,0.855555534362793,0.6029424667358398,26.5,24.0,0.7931034482758621,-0.2526130676269531
2015-10,train,EGCH.CA,Egyptian Chemical Industries (Kima),Equity,0.6666666865348816,0.6009755730628967,23.0,23.0,0.7586206896551724,-0.06569111347198486
2015-10,train,EGX30,EGX30 Index,EquityIndex,0.14444445073604584,0.4327600598335266,4.0,7.0,0.20689655172413793,0.2883156090974808
2015-10,train,ETEL.CA,Telecom Egypt,Equity,0.18888889253139496,0.505243182182312,6.0,15.0,0.4827586206896552,0.31635428965091705
2015-10,train,GBCO.CA,GB Corp,Equity,0.8444444537162781,0.6686376929283142,25.0,30.0,1.0,-0.17580676078796387
2015-10,train,Gold,24K Gold (EGP),Gold,0.15555556118488312,0.37511929869651794,5.0,4.0,0.10344827586206896,0.21956373751163483
2015-10,train,HELI.CA,Heliopolis Housing,Equity,0.5444444417953491,0.6359687447547913,18.0,27.0,0.896551724137931,0.09152430295944214
2015-10,train,HRHO.CA,EFG Holding,Equity,0.42222222685813904,0.59159255027771,13.0,19.0,0.6206896551724138,0.16937032341957092
2015-10,train,JUFO.CA,Juhayna Food Industries,Equity,0.6888889074325562,0.4939602017402649,24.0,13.0,0.41379310344827586,-0.19492870569229126
2015-10,train,MCQE.CA,Misr Cement (Qena),Equity,0.06666667014360428,0.38376298546791077,3.0,5.0,0.13793103448275862,0.3170963153243065
2015-10,train,MoneyMarket,91-Day T-Bills,MoneyMarket,0.0,0.3548426926136017,1.0,2.0,0.034482758620689655,0.3548426926136017
2015-10,train,OIH.CA,Orascom Investment Holding,Equity,0.3333333432674408,0.622672438621521,10.0,25.0,0.8275862068965517,0.2893390953540802
2015-10,train,ORAS.CA,Orascom Construction PLC,Equity,0.3333333432674408,0.42189085483551025,10.0,6.0,0.1724137931034483,0.08855751156806946
2015-10,train,ORHD.CA,Orascom Development Egypt,Equity,0.855555534362793,0.5922881364822388,26.5,20.0,0.6551724137931034,-0.2632673978805542
2015-10,train,ORWE.CA,Oriental Weavers,Equity,0.6555555462837219,0.5286504030227661,22.0,17.0,0.5517241379310345,-0.1269051432609558
2015-10,train,PHDC.CA,Palm Hills Development Company,Equity,0.47777777910232544,0.6256007552146912,14.5,26.0,0.8620689655172413,0.14782297611236572
2015-10,train,RAYA.CA,Raya Holding For Financial Investments,Equity,0.9444444179534912,0.6439977884292603,29.0,28.0,0.9310344827586207,-0.30044662952423096
2015-10,train,REIT,REIT Index,REIT,0.2777777910232544,0.5126041769981384,7.0,16.0,0.5172413793103449,0.23482638597488403
2015-10,train,TMGH.CA,T M G Holding,Equity,0.5111111402511597,0.5934432148933411,17.0,21.0,0.6896551724137931,0.0823320746421814
2015-10,train,VLMR.CA,Valmore Holding,Equity,0.3333333432674408,0.44765210151672363,10.0,8.0,0.2413793103448276,0.11431875824928284
2015-11,train,ABUK.CA,Abou Kir Fertilizers,Equity,0.13333334028720856,0.3995141386985779,4.0,5.0,0.13793103448275862,0.2661807984113693
2015-11,train,ADIB.CA,Abu Dhabi Islamic Bank- Egypt,Equity,0.8222222328186035,0.5631518363952637,27.0,20.0,0.6551724137931034,-0.25907039642333984
2015-11,train,AMOC.CA,Alexandria Mineral Oils Company,Equity,0.42222222685813904,0.5157580971717834,13.0,15.0,0.4827586206896552,0.09353587031364441
2015-11,train,ARCC.CA,Arabian Cement Company,Equity,0.5,0.5123199224472046,15.5,14.0,0.4482758620689655,0.01231992244720459
2015-11,train,BTFH.CA,Beltone Holding,Equity,0.35555556416511536,0.6704592704772949,11.0,30.0,1.0,0.31490370631217957
2015-11,train,Bonds,5-Year Government Bonds,Bonds,0.03333333507180214,0.3768566846847534,2.0,3.0,0.06896551724137931,0.3435233496129513
2015-11,train,CCAP.CA,QALA For Financial Investments,Equity,0.6000000238418579,0.6082662343978882,19.0,23.0,0.7586206896551724,0.008266210556030273
2015-11,train,COMI.CA,Commercial International Bank-Egypt (CIB),Equity,0.8444444537162781,0.4685348570346832,28.0,11.0,0.3448275862068966,-0.37590959668159485
2015-11,train,EAST.CA,Eastern Company,Equity,0.30000001192092896,0.44903942942619324,9.0,7.0,0.20689655172413793,0.14903941750526428
2015-11,train,EFID.CA,Edita Food Industries S.A.E,Equity,0.4000000059604645,0.5194432735443115,12.0,16.0,0.5172413793103449,0.11944326758384705
2015-11,train,EGAL.CA,Egypt Aluminum,Equity,0.2666666805744171,0.5605430006980896,7.5,18.0,0.5862068965517241,0.2938763201236725
2015-11,train,EGCH.CA,Egyptian Chemical Industries (Kima),Equity,0.6777777671813965,0.6247854232788086,21.0,24.0,0.7931034482758621,-0.05299234390258789
2015-11,train,EGX30,EGX30 Index,EquityIndex,0.5444444417953491,0.42788904905319214,17.0,6.0,0.1724137931034483,-0.11655539274215698
2015-11,train,ETEL.CA,Telecom Egypt,Equity,0.2666666805744171,0.46247315406799316,7.5,9.0,0.27586206896551724,0.19580647349357605
2015-11,train,GBCO.CA,GB Corp,Equity,0.6888889074325562,0.6676448583602905,22.0,29.0,0.9655172413793104,-0.021244049072265625
2015-11,train,Gold,24K Gold (EGP),Gold,0.17777778208255768,0.39206379652023315,5.0,4.0,0.10344827586206896,0.21428601443767548
2015-11,train,HELI.CA,Heliopolis Housing,Equity,0.8111110925674438,0.650233805179596,26.0,28.0,0.9310344827586207,-0.1608772873878479
2015-11,train,HRHO.CA,EFG Holding,Equity,0.7444444298744202,0.5874192118644714,24.0,21.0,0.6896551724137931,-0.15702521800994873
2015-11,train,JUFO.CA,Juhayna Food Industries,Equity,0.25555557012557983,0.5096428394317627,6.0,13.0,0.41379310344827586,0.25408726930618286
2015-11,train,MCQE.CA,Misr Cement (Qena),Equity,0.06666667014360428,0.36611419916152954,3.0,1.0,0.0,0.29944752901792526
2015-11,train,MoneyMarket,91-Day T-Bills,MoneyMarket,0.0,0.3675992786884308,1.0,2.0,0.034482758620689655,0.3675992786884308
2015-11,train,OIH.CA,Orascom Investment Holding,Equity,0.9555555582046509,0.630841851234436,30.0,25.0,0.8275862068965517,-0.32471370697021484
2015-11,train,ORAS.CA,Orascom Construction PLC,Equity,0.855555534362793,0.46574878692626953,29.0,10.0,0.3103448275862069,-0.38980674743652344
2015-11,train,ORHD.CA,Orascom Development Egypt,Equity,0.699999988079071,0.5922347903251648,23.0,22.0,0.7241379310344828,-0.10776519775390625
2015-11,train,ORWE.CA,Oriental Weavers,Equity,0.6555555462837219,0.5205852389335632,20.0,17.0,0.5517241379310345,-0.1349703073501587
2015-11,train,PHDC.CA,Palm Hills Development Company,Equity,0.7888888716697693,0.633009135723114,25.0,26.0,0.8620689655172413,-0.15587973594665527
2015-11,train,RAYA.CA,Raya Holding For Financial Investments,Equity,0.4333333373069763,0.6406263709068298,14.0,27.0,0.896551724137931,0.20729303359985352
2015-11,train,REIT,REIT Index,REIT,0.5888888835906982,0.505068838596344,18.0,12.0,0.3793103448275862,-0.08382004499435425
2015-11,train,TMGH.CA,T M G Holding,Equity,0.5,0.5615612268447876,15.5,19.0,0.6206896551724138,0.0615612268447876
2015-11,train,VLMR.CA,Valmore Holding,Equity,0.31111112236976624,0.4597800672054291,10.0,8.0,0.2413793103448276,0.14866894483566284
2015-12,train,ABUK.CA,Abou Kir Fertilizers,Equity,0.21111111342906952,0.37530702352523804,5.0,5.0,0.13333333333333333,0.16419591009616852
2015-12,train,ADIB.CA,Abu Dhabi Islamic Bank- Egypt,Equity,0.6000000238418579,0.5550892353057861,19.0,20.0,0.6333333333333333,-0.04491078853607178
2015-12,train,AMOC.CA,Alexandria Mineral Oils Company,Equity,0.30000001192092896,0.49804943799972534,8.0,14.0,0.43333333333333335,0.1980494260787964
2015-12,train,ARCC.CA,Arabian Cement Company,Equity,0.4888888895511627,0.48298048973083496,16.0,12.0,0.36666666666666664,-0.005908399820327759
2015-12,train,BTFH.CA,Beltone Holding,Equity,0.9333333373069763,0.5990172028541565,29.0,24.0,0.7666666666666667,-0.3343161344528198
2015-12,train,Bonds,5-Year Government Bonds,Bonds,0.06666667014360428,0.36183246970176697,3.0,3.0,0.06666666666666667,0.2951657995581627
2015-12,train,CCAP.CA,QALA For Financial Investments,Equity,0.855555534362793,0.5964394211769104,28.0,23.0,0.7333333333333333,-0.25911611318588257
2015-12,train,COMI.CA,Commercial International Bank-Egypt (CIB),Equity,0.6555555462837219,0.5004612803459167,21.0,15.0,0.4666666666666667,-0.15509426593780518
2015-12,train,EAST.CA,Eastern Company,Equity,0.6888889074325562,0.40026944875717163,22.5,7.0,0.2,-0.2886194586753845
2015-12,train,EFID.CA,Edita Food Industries S.A.E,Equity,0.46666666865348816,0.4778851270675659,14.5,11.0,0.3333333333333333,0.011218458414077759
2015-12,train,EGAL.CA,Egypt Aluminum,Equity,0.31111112236976624,0.546485185623169,9.0,18.0,0.5666666666666667,0.2353740632534027
2015-12,train,EGCH.CA,Egyptian Chemical Industries (Kima),Equity,0.7555555701255798,0.6144737601280212,27.0,27.0,0.8666666666666667,-0.1410818099975586
2015-12,train,EGX30,EGX30 Index,EquityIndex,0.36666667461395264,0.3989717662334442,11.0,6.0,0.16666666666666666,0.03230509161949158
2015-12,train,EMFD.CA,Emaar Misr for Development,Equity,0.699999988079071,0.642370879650116,24.0,30.0,0.9666666666666667,-0.05762910842895508
2015-12,train,ETEL.CA,Telecom Egypt,Equity,0.23333333432674408,0.43761321902275085,6.0,8.0,0.23333333333333334,0.20427988469600677
2015-12,train,GBCO.CA,GB Corp,Equity,0.7444444298744202,0.6511443257331848,26.0,31.0,1.0,-0.09330010414123535
2015-12,train,Gold,24K Gold (EGP),Gold,0.10000000149011612,0.3658113181591034,4.0,4.0,0.1,0.2658113166689873
2015-12,train,HELI.CA,Heliopolis Housing,Equity,0.42222222685813904,0.6278823614120483,13.0,29.0,0.9333333333333333,0.2056601345539093
2015-12,train,HRHO.CA,EFG Holding,Equity,0.5888888835906982,0.5643337368965149,17.5,21.0,0.6666666666666666,-0.02455514669418335
2015-12,train,JUFO.CA,Juhayna Food Industries,Equity,0.3777777850627899,0.48485079407691956,12.0,13.0,0.4,0.10707300901412964
2015-12,train,MCQE.CA,Misr Cement (Qena),Equity,0.3222222328186035,0.34351402521133423,10.0,1.0,0.0,0.021291792392730713
2015-12,train,MoneyMarket,91-Day T-Bills,MoneyMarket,0.03333333507180214,0.34761714935302734,2.0,2.0,0.03333333333333333,0.3142838142812252
2015-12,train,OIH.CA,Orascom Investment Holding,Equity,0.9555555582046509,0.6207506060600281,31.0,28.0,0.9,-0.3348049521446228
2015-12,train,ORAS.CA,Orascom Construction PLC,Equity,0.9444444179534912,0.5346943736076355,30.0,17.0,0.5333333333333333,-0.4097500443458557
2015-12,train,ORHD.CA,Orascom Development Egypt,Equity,0.644444465637207,0.5953884124755859,20.0,22.0,0.7,-0.049056053161621094
2015-12,train,ORWE.CA,Oriental Weavers,Equity,0.6888889074325562,0.5040598511695862,22.5,16.0,0.5,-0.18482905626296997
2015-12,train,PHDC.CA,Palm Hills Development Company,Equity,0.5888888835906982,0.6141522526741028,17.5,26.0,0.8333333333333334,0.02526336908340454
2015-12,train,RAYA.CA,Raya Holding For Financial Investments,Equity,0.0,0.6047787666320801,1.0,25.0,0.8,0.6047787666320801
2015-12,train,REIT,REIT Index,REIT,0.46666666865348816,0.4607405960559845,14.5,10.0,0.3,-0.005926072597503662
2015-12,train,TMGH.CA,T M G Holding,Equity,0.7222222089767456,0.5486998558044434,25.0,19.0,0.6,-0.17352235317230225
2015-12,train,VLMR.CA,Valmore Holding,Equity,0.2666666805744171,0.45016351342201233,7.0,9.0,0.26666666666666666,0.18349683284759521
2016-01,train,ABUK.CA,Abou Kir Fertilizers,Equity,0.06666667014360428,0.41387414932250977,3.0,6.0,0.16666666666666666,0.3472074791789055
2016-01,train,ADIB.CA,Abu Dhabi Islamic Bank- Egypt,Equity,0.5777778029441833,0.5661961436271667,18.0,20.0,0.6333333333333333,-0.011581659317016602
2016-01,train,AMOC.CA,Alexandria Mineral Oils Company,Equity,0.6222222447395325,0.5123587250709534,19.5,15.0,0.4666666666666667,-0.1098635196685791
2016-01,train,ARCC.CA,Arabian Cement Company,Equity,0.5111111402511597,0.5179332494735718,16.0,16.0,0.5,0.006822109222412109
2016-01,train,BTFH.CA,Beltone Holding,Equity,0.6777777671813965,0.6387568116188049,21.0,28.0,0.9,-0.03902095556259155
2016-01,train,Bonds,5-Year Government Bonds,Bonds,0.03333333507180214,0.383431613445282,2.0,4.0,0.1,0.35009827837347984
2016-01,train,CCAP.CA,QALA For Financial Investments,Equity,0.7888888716697693,0.6085290908813477,26.0,24.0,0.7666666666666667,-0.18035978078842163
2016-01,train,COMI.CA,Commercial International Bank-Egypt (CIB),Equity,0.6222222447395325,0.495981365442276,19.5,13.0,0.4,-0.12624087929725647
2016-01,train,EAST.CA,Eastern Company,Equity,0.24444444477558136,0.41633376479148865,8.0,7.0,0.2,0.1718893200159073
2016-01,train,EFID.CA,Edita Food Industries S.A.E,Equity,0.2777777910232544,0.49291959404945374,9.5,12.0,0.36666666666666664,0.21514180302619934
2016-01,train,EGAL.CA,Egypt Aluminum,Equity,0.2777777910232544,0.5508450865745544,9.5,17.0,0.5333333333333333,0.27306729555130005
2016-01,train,EGCH.CA,Egyptian Chemical Industries (Kima),Equity,0.8999999761581421,0.6219857931137085,29.0,25.0,0.8,-0.2780141830444336
2016-01,train,EGX30,EGX30 Index,EquityIndex,0.42222222685813904,0.4129745066165924,12.0,5.0,0.13333333333333333,-0.00924772024154663
2016-01,train,EMFD.CA,Emaar Misr for Development,Equity,0.8999999761581421,0.6394127607345581,29.0,29.0,0.9333333333333333,-0.260587215423584
2016-01,train,ETEL.CA,Telecom Egypt,Equity,0.3777777850627899,0.44515037536621094,11.0,8.0,0.23333333333333334,0.06737259030342102
2016-01,train,GBCO.CA,GB Corp,Equity,0.800000011920929,0.6582308411598206,27.0,31.0,1.0,-0.1417691707611084
2016-01,train,Gold,24K Gold (EGP),Gold,0.10000000149011612,0.37663841247558594,4.0,3.0,0.06666666666666667,0.2766384109854698
2016-01,train,HELI.CA,Heliopolis Housing,Equity,0.4888888895511627,0.6297109723091125,15.0,27.0,0.8666666666666667,0.14082208275794983
2016-01,train,HRHO.CA,EFG Holding,Equity,0.7444444298744202,0.5748248100280762,24.0,21.0,0.6666666666666666,-0.169619619846344
2016-01,train,JUFO.CA,Juhayna Food Industries,Equity,0.2222222238779068,0.48917558789253235,7.0,11.0,0.3333333333333333,0.26695336401462555
2016-01,train,MCQE.CA,Misr Cement (Qena),Equity,0.13333334028720856,0.36879339814186096,5.0,2.0,0.03333333333333333,0.2354600578546524
2016-01,train,MoneyMarket,91-Day T-Bills,MoneyMarket,0.0,0.33994755148887634,1.0,1.0,0.0,0.33994755148887634
2016-01,train,OIH.CA,Orascom Investment Holding,Equity,0.9444444179534912,0.6502006649971008,31.0,30.0,0.9666666666666667,-0.2942437529563904
2016-01,train,ORAS.CA,Orascom Construction PLC,Equity,0.699999988079071,0.5643243193626404,22.0,19.0,0.6,-0.13567566871643066
2016-01,train,ORHD.CA,Orascom Development Egypt,Equity,0.46666666865348816,0.6065552830696106,14.0,23.0,0.7333333333333333,0.13988861441612244
2016-01,train,ORWE.CA,Oriental Weavers,Equity,0.8999999761581421,0.5122671723365784,29.0,14.0,0.43333333333333335,-0.3877328038215637
2016-01,train,PHDC.CA,Palm Hills Development Company,Equity,0.7777777910232544,0.6220952272415161,25.0,26.0,0.8333333333333334,-0.15568256378173828
2016-01,train,RAYA.CA,Raya Holding For Financial Investments,Equity,0.7111111283302307,0.5840103626251221,23.0,22.0,0.7,-0.12710076570510864
2016-01,train,REIT,REIT Index,REIT,0.4555555582046509,0.4687710404396057,13.0,10.0,0.3,0.013215482234954834
2016-01,train,TMGH.CA,T M G Holding,Equity,0.5666666626930237,0.5592122077941895,17.0,18.0,0.5666666666666667,-0.0074544548988342285
2016-01,train,VLMR.CA,Valmore Holding,Equity,0.18888889253139496,0.4625917971134186,6.0,9.0,0.26666666666666666,0.2737029045820236
2016-02,train,ABUK.CA,Abou Kir Fertilizers,Equity,0.6666666865348816,0.3630366325378418,22.0,3.0,0.06666666666666667,-0.3036300539970398
2016-02,train,ADIB.CA,Abu Dhabi Islamic Bank- Egypt,Equity,0.644444465637207,0.5800946950912476,19.0,20.0,0.6333333333333333,-0.06434977054595947
2016-02,train,AMOC.CA,Alexandria Mineral Oils Company,Equity,0.21111111342906952,0.5241057872772217,7.0,13.0,0.4,0.31299467384815216
2016-02,train,ARCC.CA,Arabian Cement Company,Equity,0.6777777671813965,0.5256674289703369,23.0,14.0,0.43333333333333335,-0.15211033821105957
2016-02,train,BTFH.CA,Beltone Holding,Equity,0.5,0.6066489219665527,14.5,25.0,0.8,0.10664892196655273
2016-02,train,Bonds,5-Year Government Bonds,Bonds,0.0,0.3691645860671997,1.0,4.0,0.1,0.3691645860671997
2016-02,train,CCAP.CA,QALA For Financial Investments,Equity,0.5444444417953491,0.6012575626373291,17.0,23.0,0.7333333333333333,0.05681312084197998
2016-02,train,COMI.CA,Commercial International Bank-Egypt (CIB),Equity,0.6000000238418579,0.56241375207901,18.0,16.0,0.5,-0.0375862717628479
2016-02,train,EAST.CA,Eastern Company,Equity,0.13333334028720856,0.4270893633365631,3.5,6.0,0.16666666666666666,0.29375602304935455
2016-02,train,EFID.CA,Edita Food Industries S.A.E,Equity,0.5,0.46726492047309875,14.5,9.0,0.26666666666666666,-0.032735079526901245
2016-02,train,EGAL.CA,Egypt Aluminum,Equity,0.47777777910232544,0.538398802280426,13.0,15.0,0.4666666666666667,0.060621023178100586
2016-02,train,EGCH.CA,Egyptian Chemical Industries (Kima),Equity,0.8888888955116272,0.6573205590248108,30.0,30.0,0.9666666666666667,-0.2315683364868164
2016-02,train,EGX30,EGX30 Index,EquityIndex,0.25555557012557983,0.44861698150634766,8.0,7.0,0.2,0.19306141138076782
2016-02,train,EMFD.CA,Emaar Misr for Development,Equity,0.5333333611488342,0.6403360366821289,16.0,28.0,0.9,0.10700267553329468
2016-02,train,ETEL.CA,Telecom Egypt,Equity,0.18888889253139496,0.46453359723091125,6.0,8.0,0.23333333333333334,0.2756447046995163
2016-02,train,GBCO.CA,GB Corp,Equity,0.8777777552604675,0.6479731202125549,29.0,29.0,0.9333333333333333,-0.2298046350479126
2016-02,train,Gold,24K Gold (EGP),Gold,0.14444445073604584,0.3979297876358032,5.0,5.0,0.13333333333333333,0.2534853368997574
2016-02,train,HELI.CA,Heliopolis Housing,Equity,0.36666667461395264,0.6171166896820068,11.0,26.0,0.8333333333333334,0.2504500150680542
2016-02,train,HRHO.CA,EFG Holding,Equity,0.6555555462837219,0.5705795288085938,20.5,18.0,0.5666666666666667,-0.08497601747512817
2016-02,train,JUFO.CA,Juhayna Food Industries,Equity,0.7444444298744202,0.48015040159225464,26.0,10.0,0.3,-0.2642940282821655
2016-02,train,MCQE.CA,Misr Cement (Qena),Equity,0.13333334028720856,0.35227006673812866,3.5,2.0,0.03333333333333333,0.2189367264509201
2016-02,train,MoneyMarket,91-Day T-Bills,MoneyMarket,0.03333333507180214,0.33039793372154236,2.0,1.0,0.0,0.2970645986497402
2016-02,train,OIH.CA,Orascom Investment Holding,Equity,0.6888889074325562,0.6669144034385681,24.0,31.0,1.0,-0.021974503993988037
2016-02,train,ORAS.CA,Orascom Construction PLC,Equity,0.4333333373069763,0.6023263931274414,12.0,24.0,0.7666666666666667,0.1689930558204651
2016-02,train,ORHD.CA,Orascom Development Egypt,Equity,0.8111110925674438,0.5677017569541931,27.0,17.0,0.5333333333333333,-0.24340933561325073
2016-02,train,ORWE.CA,Oriental Weavers,Equity,0.8222222328186035,0.5849870443344116,28.0,22.0,0.7,-0.2372351884841919
2016-02,train,PHDC.CA,Palm Hills Development Company,Equity,0.6555555462837219,0.6306234002113342,20.5,27.0,0.8666666666666667,-0.024932146072387695
2016-02,train,RAYA.CA,Raya Holding For Financial Investments,Equity,0.8999999761581421,0.5805730819702148,31.0,21.0,0.6666666666666666,-0.31942689418792725
2016-02,train,REIT,REIT Index,REIT,0.3444444537162781,0.4890683591365814,9.0,12.0,0.36666666666666664,0.14462390542030334
2016-02,train,TMGH.CA,T M G Holding,Equity,0.7111111283302307,0.5734847187995911,25.0,19.0,0.6,-0.13762640953063965
2016-02,train,VLMR.CA,Valmore Holding,Equity,0.35555556416511536,0.4838503301143646,10.0,11.0,0.3333333333333333,0.12829476594924927
2016-03,train,ABUK.CA,Abou Kir Fertilizers,Equity,0.4888888895511627,0.396469384431839,17.5,4.0,0.1,-0.09241950511932373
2016-03,train,ADIB.CA,Abu Dhabi Islamic Bank- Egypt,Equity,0.4444444477558136,0.5848697423934937,12.5,21.0,0.6666666666666666,0.14042529463768005
2016-03,train,AMOC.CA,Alexandria Mineral Oils Company,Equity,0.7666666507720947,0.4963776767253876,26.0,13.0,0.4,-0.27028897404670715
2016-03,train,ARCC.CA,Arabian Cement Company,Equity,0.8111110925674438,0.5286020636558533,28.0,15.0,0.4666666666666667,-0.2825090289115906
2016-03,train,BTFH.CA,Beltone Holding,Equity,1.0,0.6423943042755127,31.0,29.0,0.9333333333333333,-0.3576056957244873
2016-03,train,Bonds,5-Year Government Bonds,Bonds,0.3222222328186035,0.3557577431201935,7.0,2.0,0.03333333333333333,0.033535510301589966
2016-03,train,CCAP.CA,QALA For Financial Investments,Equity,0.17777778208255768,0.569303572177887,6.0,19.0,0.6,0.3915257900953293
2016-03,train,COMI.CA,Commercial International Bank-Egypt (CIB),Equity,0.46666666865348816,0.5504060983657837,15.0,16.0,0.5,0.08373942971229553
2016-03,train,EAST.CA,Eastern Company,Equity,0.15555556118488312,0.4418005645275116,4.0,6.0,0.16666666666666666,0.2862450033426285
2016-03,train,EFID.CA,Edita Food Industries S.A.E,Equity,0.7222222089767456,0.4796612858772278,24.0,11.0,0.3333333333333333,-0.24256092309951782
2016-03,train,EGAL.CA,Egypt Aluminum,Equity,0.4888888895511627,0.5184394717216492,17.5,14.0,0.43333333333333335,0.02955058217048645
2016-03,train,EGCH.CA,Egyptian Chemical Industries (Kima),Equity,0.3888888955116272,0.6528457999229431,9.0,30.0,0.9666666666666667,0.2639569044113159
2016-03,train,EGX30,EGX30 Index,EquityIndex,0.07777778059244156,0.4421282112598419,2.0,7.0,0.2,0.36435043066740036
2016-03,train,EMFD.CA,Emaar Misr for Development,Equity,0.3444444537162781,0.6251271963119507,8.0,26.0,0.8333333333333334,0.2806827425956726
2016-03,train,ETEL.CA,Telecom Egypt,Equity,0.5333333611488342,0.4671710729598999,21.0,8.0,0.23333333333333334,-0.06616228818893433
2016-03,train,GBCO.CA,GB Corp,Equity,0.7333333492279053,0.6285916566848755,25.0,28.0,0.9,-0.10474169254302979
2016-03,train,Gold,24K Gold (EGP),Gold,0.4333333373069763,0.4024127721786499,11.0,5.0,0.13333333333333333,-0.030920565128326416
2016-03,train,HELI.CA,Heliopolis Housing,Equity,0.4000000059604645,0.5954453349113464,10.0,23.0,0.7333333333333333,0.19544532895088196
2016-03,train,HRHO.CA,EFG Holding,Equity,0.800000011920929,0.5542171597480774,27.0,18.0,0.5666666666666667,-0.24578285217285156
2016-03,train,JUFO.CA,Juhayna Food Industries,Equity,0.4555555582046509,0.4907500743865967,14.0,12.0,0.36666666666666664,0.0351945161819458
2016-03,train,MCQE.CA,Misr Cement (Qena),Equity,0.4888888895511627,0.36169424653053284,17.5,3.0,0.06666666666666667,-0.12719464302062988
2016-03,train,MoneyMarket,91-Day T-Bills,MoneyMarket,0.0,0.32955867052078247,1.0,1.0,0.0,0.32955867052078247
2016-03,train,OIH.CA,Orascom Investment Holding,Equity,0.4888888895511627,0.6660870313644409,17.5,31.0,1.0,0.1771981418132782
2016-03,train,ORAS.CA,Orascom Construction PLC,Equity,0.5222222208976746,0.5820369720458984,20.0,20.0,0.6333333333333333,0.05981475114822388
2016-03,train,ORHD.CA,Orascom Development Egypt,Equity,0.6555555462837219,0.6070098280906677,22.0,24.0,0.7666666666666667,-0.0485457181930542
2016-03,train,ORWE.CA,Oriental Weavers,Equity,0.9333333373069763,0.5869951248168945,29.0,22.0,0.7,-0.3463382124900818
2016-03,train,PHDC.CA,Palm Hills Development Company,Equity,0.14444445073604584,0.6136367917060852,3.0,25.0,0.8,0.46919234097003937
2016-03,train,RAYA.CA,Raya Holding For Financial Investments,Equity,0.9555555582046509,0.6267004609107971,30.0,27.0,0.8666666666666667,-0.32885509729385376
2016-03,train,REIT,REIT Index,REIT,0.1666666716337204,0.46906545758247375,5.0,9.0,0.26666666666666666,0.30239878594875336
2016-03,train,TMGH.CA,T M G Holding,Equity,0.4444444477558136,0.5523700714111328,12.5,17.0,0.5333333333333333,0.10792562365531921
2016-03,train,VLMR.CA,Valmore Holding,Equity,0.6888889074325562,0.47138261795043945,23.0,10.0,0.3,-0.2175062894821167
2016-04,train,ABUK.CA,Abou Kir Fertilizers,Equity,0.14444445073604584,0.3832477033138275,5.0,4.0,0.1,0.23880325257778168
2016-04,train,ADIB.CA,Abu Dhabi Islamic Bank- Egypt,Equity,0.6111111044883728,0.558850109577179,21.0,17.0,0.5333333333333333,-0.05226099491119385
2016-04,train,AMOC.CA,Alexandria Mineral Oils Company,Equity,0.20000000298023224,0.47760313749313354,7.0,11.0,0.3333333333333333,0.2776031345129013
2016-04,train,ARCC.CA,Arabian Cement Company,Equity,0.4888888895511627,0.5575127005577087,14.5,16.0,0.5,0.06862381100654602
2016-04,train,BTFH.CA,Beltone Holding,Equity,0.4333333373069763,0.6618508696556091,12.0,31.0,1.0,0.2285175323486328
2016-04,train,Bonds,5-Year Government Bonds,Bonds,0.03333333507180214,0.3574239909648895,2.0,2.0,0.03333333333333333,0.3240906558930874
2016-04,train,CCAP.CA,QALA For Financial Investments,Equity,0.800000011920929,0.5807864665985107,26.0,20.0,0.6333333333333333,-0.2192135453224182
2016-04,train,COMI.CA,Commercial International Bank-Egypt (CIB),Equity,0.13333334028720856,0.536402702331543,4.0,15.0,0.4666666666666667,0.4030693620443344
2016-04,train,EAST.CA,Eastern Company,Equity,0.5222222208976746,0.4433928430080414,16.0,6.0,0.16666666666666666,-0.07882937788963318
2016-04,train,EFID.CA,Edita Food Industries S.A.E,Equity,0.5888888835906982,0.4704614579677582,19.0,9.0,0.26666666666666666,-0.11842742562294006
2016-04,train,EGAL.CA,Egypt Aluminum,Equity,0.8666666746139526,0.4589853882789612,28.0,7.0,0.2,-0.40768128633499146
2016-04,train,EGCH.CA,Egyptian Chemical Industries (Kima),Equity,0.4888888895511627,0.6267457008361816,14.5,29.0,0.9333333333333333,0.13785681128501892
2016-04,train,EGX30,EGX30 Index,EquityIndex,0.1666666716337204,0.46069204807281494,6.0,8.0,0.23333333333333334,0.29402537643909454
2016-04,train,EMFD.CA,Emaar Misr for Development,Equity,0.6000000238418579,0.6248305439949036,20.0,27.0,0.8666666666666667,0.024830520153045654
2016-04,train,ETEL.CA,Telecom Egypt,Equity,0.8444444537162781,0.5066333413124084,27.0,14.0,0.43333333333333335,-0.33781111240386963
2016-04,train,GBCO.CA,GB Corp,Equity,0.6888889074325562,0.6202139258384705,24.0,26.0,0.8333333333333334,-0.0686749815940857
2016-04,train,Gold,24K Gold (EGP),Gold,0.08888889104127884,0.40402135252952576,3.0,5.0,0.13333333333333333,0.3151324614882469
2016-04,train,HELI.CA,Heliopolis Housing,Equity,0.5777778029441833,0.601945161819458,18.0,23.0,0.7333333333333333,0.024167358875274658
2016-04,train,HRHO.CA,EFG Holding,Equity,0.4444444477558136,0.601466178894043,13.0,22.0,0.7,0.15702173113822937
2016-04,train,JUFO.CA,Juhayna Food Industries,Equity,0.3888888955116272,0.47868525981903076,11.0,12.0,0.36666666666666664,0.08979636430740356
2016-04,train,MCQE.CA,Misr Cement (Qena),Equity,0.6222222447395325,0.37783071398735046,22.0,3.0,0.06666666666666667,-0.244391530752182
2016-04,train,MoneyMarket,91-Day T-Bills,MoneyMarket,0.0,0.3311528265476227,1.0,1.0,0.0,0.3311528265476227
2016-04,train,OIH.CA,Orascom Investment Holding,Equity,0.7222222089767456,0.6582521200180054,25.0,30.0,0.9666666666666667,-0.06397008895874023
2016-04,train,ORAS.CA,Orascom Construction PLC,Equity,0.5555555820465088,0.5752317309379578,17.0,18.0,0.5666666666666667,0.019676148891448975
2016-04,train,ORHD.CA,Orascom Development Egypt,Equity,1.0,0.592456579208374,31.0,21.0,0.6666666666666666,-0.407543420791626
2016-04,train,ORWE.CA,Oriental Weavers,Equity,0.9111111164093018,0.6149084568023682,29.0,25.0,0.8,-0.2962026596069336
2016-04,train,PHDC.CA,Palm Hills Development Company,Equity,0.644444465637207,0.6088666319847107,23.0,24.0,0.7666666666666667,-0.03557783365249634
2016-04,train,RAYA.CA,Raya Holding For Financial Investments,Equity,0.9222221970558167,0.6261048316955566,30.0,28.0,0.9,-0.29611736536026
2016-04,train,REIT,REIT Index,REIT,0.3222222328186035,0.48630040884017944,9.0,13.0,0.4,0.16407817602157593
2016-04,train,TMGH.CA,T M G Holding,Equity,0.31111112236976624,0.5800044536590576,8.0,19.0,0.6,0.2688933312892914
2016-04,train,VLMR.CA,Valmore Holding,Equity,0.3777777850627899,0.471834659576416,10.0,10.0,0.3,0.0940568745136261
2016-05,train,ABUK.CA,Abou Kir Fertilizers,Equity,0.5222222208976746,0.4145314693450928,17.0,5.0,0.13333333333333333,-0.10769075155258179
2016-05,train,ADIB.CA,Abu Dhabi Islamic Bank- Egypt,Equity,0.5888888835906982,0.5526782274246216,21.0,18.0,0.5666666666666667,-0.03621065616607666
2016-05,train,AMOC.CA,Alexandria Mineral Oils Company,Equity,0.31111112236976624,0.4513154625892639,8.0,9.0,0.26666666666666666,0.14020434021949768
2016-05,train,ARCC.CA,Arabian Cement Company,Equity,0.08888889104127884,0.5305717587471008,3.5,15.0,0.4666666666666667,0.441682867705822
2016-05,train,BTFH.CA,Beltone Holding,Equity,1.0,0.6554842591285706,31.0,31.0,1.0,-0.34451574087142944
2016-05,train,Bonds,5-Year Government Bonds,Bonds,0.011111111380159855,0.3407011032104492,1.0,2.0,0.03333333333333333,0.32958999183028936
2016-05,train,CCAP.CA,QALA For Financial Investments,Equity,0.6777777671813965,0.5667586326599121,23.0,21.0,0.6666666666666666,-0.11101913452148438
2016-05,train,COMI.CA,Commercial International Bank-Egypt (CIB),Equity,0.3888888955116272,0.492447167634964,13.0,13.0,0.4,0.10355827212333679
2016-05,train,EAST.CA,Eastern Company,Equity,0.08888889104127884,0.4173477590084076,3.5,7.0,0.2,0.32845886796712875
2016-05,train,EFID.CA,Edita Food Industries S.A.E,Equity,0.855555534362793,0.480271577835083,27.5,12.0,0.36666666666666664,-0.37528395652770996
2016-05,train,EGAL.CA,Egypt Aluminum,Equity,0.3777777850627899,0.5517519116401672,11.5,17.0,0.5333333333333333,0.17397412657737732
2016-05,train,EGCH.CA,Egyptian Chemical Industries (Kima),Equity,0.5,0.6149281859397888,16.0,27.0,0.8666666666666667,0.11492818593978882
2016-05,train,EGX30,EGX30 Index,EquityIndex,0.2777777910232544,0.41536998748779297,7.0,6.0,0.16666666666666666,0.13759219646453857
2016-05,train,EMFD.CA,Emaar Misr for Development,Equity,0.800000011920929,0.5811120271682739,26.0,23.0,0.7333333333333333,-0.21888798475265503
2016-05,train,ETEL.CA,Telecom Egypt,Equity,0.35555556416511536,0.49840494990348816,10.0,14.0,0.43333333333333335,0.1428493857383728
2016-05,train,GBCO.CA,GB Corp,Equity,0.3444444537162781,0.5963427424430847,9.0,25.0,0.8,0.25189828872680664
2016-05,train,Gold,24K Gold (EGP),Gold,0.2222222238779068,0.40040668845176697,6.0,4.0,0.1,0.17818446457386017
2016-05,train,HELI.CA,Heliopolis Housing,Equity,0.5666666626930237,0.5793241858482361,18.5,22.0,0.7,0.012657523155212402
2016-05,train,HRHO.CA,EFG Holding,Equity,0.46666666865348816,0.5816646814346313,14.0,24.0,0.7666666666666667,0.11499801278114319
2016-05,train,JUFO.CA,Juhayna Food Industries,Equity,0.18888889253139496,0.47369804978370667,5.0,11.0,0.3333333333333333,0.2848091572523117
2016-05,train,MCQE.CA,Misr Cement (Qena),Equity,0.47777777910232544,0.3958853483200073,15.0,3.0,0.06666666666666667,-0.08189243078231812
2016-05,train,MoneyMarket,91-Day T-Bills,MoneyMarket,0.02222222276031971,0.3213745653629303,2.0,1.0,0.0,0.2991523426026106
2016-05,train,OIH.CA,Orascom Investment Holding,Equity,0.5777778029441833,0.6285872459411621,20.0,29.0,0.9333333333333333,0.05080944299697876
2016-05,train,ORAS.CA,Orascom Construction PLC,Equity,0.3777777850627899,0.5491660833358765,11.5,16.0,0.5,0.17138829827308655
2016-05,train,ORHD.CA,Orascom Development Egypt,Equity,0.9333333373069763,0.6329602003097534,30.0,30.0,0.9666666666666667,-0.3003731369972229
2016-05,train,ORWE.CA,Oriental Weavers,Equity,0.7333333492279053,0.6108418107032776,24.0,26.0,0.8333333333333334,-0.12249153852462769
2016-05,train,PHDC.CA,Palm Hills Development Company,Equity,0.6555555462837219,0.5636441111564636,22.0,20.0,0.6333333333333333,-0.0919114351272583
2016-05,train,RAYA.CA,Raya Holding For Financial Investments,Equity,0.8888888955116272,0.6166499257087708,29.0,28.0,0.9,-0.27223896980285645
2016-05,train,REIT,REIT Index,REIT,0.5666666626930237,0.4423825442790985,18.5,8.0,0.23333333333333334,-0.12428411841392517
2016-05,train,TMGH.CA,T M G Holding,Equity,0.7777777910232544,0.5539027452468872,25.0,19.0,0.6,-0.2238750457763672
2016-05,train,VLMR.CA,Valmore Holding,Equity,0.855555534362793,0.4600491523742676,27.5,10.0,0.3,-0.3955063819885254
2016-06,train,ABUK.CA,Abou Kir Fertilizers,Equity,0.08888889104127884,0.4132210910320282,4.0,5.0,0.13333333333333333,0.32433219999074936
2016-06,train,ADIB.CA,Abu Dhabi Islamic Bank- Egypt,Equity,0.4444444477558136,0.5516112446784973,14.0,18.0,0.5666666666666667,0.10716679692268372
2016-06,train,AMOC.CA,Alexandria Mineral Oils Company,Equity,0.3333333432674408,0.46666741371154785,10.5,10.0,0.3,0.13333407044410706
2016-06,train,ARCC.CA,Arabian Cement Company,Equity,0.8777777552604675,0.4806380271911621,28.0,11.0,0.3333333333333333,-0.3971397280693054
2016-06,train,BTFH.CA,Beltone Holding,Equity,0.9777777791023254,0.6657363176345825,31.0,31.0,1.0,-0.3120414614677429
2016-06,train,Bonds,5-Year Government Bonds,Bonds,0.17777778208255768,0.35215210914611816,6.0,2.0,0.03333333333333333,0.17437432706356049
2016-06,train,CCAP.CA,QALA For Financial Investments,Equity,0.8222222328186035,0.5710726380348206,27.0,20.0,0.6333333333333333,-0.25114959478378296
2016-06,train,COMI.CA,Commercial International Bank-Egypt (CIB),Equity,0.30000001192092896,0.4866071045398712,9.0,12.0,0.36666666666666664,0.18660709261894226
2016-06,train,EAST.CA,Eastern Company,Equity,0.07777778059244156,0.41667136549949646,3.0,6.0,0.16666666666666666,0.3388935849070549
2016-06,train,EFID.CA,Edita Food Industries S.A.E,Equity,0.9333333373069763,0.5439146161079407,29.0,17.0,0.5333333333333333,-0.38941872119903564
2016-06,train,EGAL.CA,Egypt Aluminum,Equity,0.03333333507180214,0.5189663767814636,2.0,14.0,0.43333333333333335,0.4856330417096615
2016-06,train,EGCH.CA,Egyptian Chemical Industries (Kima),Equity,0.7555555701255798,0.5829627513885498,23.5,25.0,0.8,-0.17259281873703003
2016-06,train,EGX30,EGX30 Index,EquityIndex,0.3333333432674408,0.4104202091693878,10.5,4.0,0.1,0.07708686590194702
2016-06,train,EMFD.CA,Emaar Misr for Development,Equity,0.47777777910232544,0.5802130103111267,15.0,24.0,0.7666666666666667,0.10243523120880127
2016-06,train,ETEL.CA,Telecom Egypt,Equity,0.6000000238418579,0.5251933932304382,20.0,15.0,0.4666666666666667,-0.07480663061141968
2016-06,train,GBCO.CA,GB Corp,Equity,0.8111110925674438,0.574408769607544,26.0,22.0,0.7,-0.2367023229598999
2016-06,train,Gold,24K Gold (EGP),Gold,0.18888889253139496,0.39286744594573975,7.0,3.0,0.06666666666666667,0.2039785534143448
2016-06,train,HELI.CA,Heliopolis Housing,Equity,0.699999988079071,0.573955237865448,21.0,21.0,0.6666666666666666,-0.12604475021362305
2016-06,train,HRHO.CA,EFG Holding,Equity,0.5888888835906982,0.585594117641449,19.0,26.0,0.8333333333333334,-0.0032947659492492676
2016-06,train,JUFO.CA,Juhayna Food Industries,Equity,0.23333333432674408,0.4190272092819214,8.0,7.0,0.2,0.1856938749551773
2016-06,train,MCQE.CA,Misr Cement (Qena),Equity,0.1666666716337204,0.45713019371032715,5.0,9.0,0.26666666666666666,0.29046352207660675
2016-06,train,MoneyMarket,91-Day T-Bills,MoneyMarket,0.0,0.3228587210178375,1.0,1.0,0.0,0.3228587210178375
2016-06,train,OIH.CA,Orascom Investment Holding,Equity,0.800000011920929,0.6245903968811035,25.0,30.0,0.9666666666666667,-0.17540961503982544
2016-06,train,ORAS.CA,Orascom Construction PLC,Equity,0.5111111402511597,0.5086323618888855,16.5,13.0,0.4,-0.00247877836227417
2016-06,train,ORHD.CA,Orascom Development Egypt,Equity,0.9444444179534912,0.6184374690055847,30.0,29.0,0.9333333333333333,-0.3260069489479065
2016-06,train,ORWE.CA,Oriental Weavers,Equity,0.7555555701255798,0.6025316119194031,23.5,28.0,0.9,-0.15302395820617676
2016-06,train,PHDC.CA,Palm Hills Development Company,Equity,0.42222222685813904,0.5768506526947021,13.0,23.0,0.7333333333333333,0.1546284258365631
2016-06,train,RAYA.CA,Raya Holding For Financial Investments,Equity,0.5111111402511597,0.5914177894592285,16.5,27.0,0.8666666666666667,0.08030664920806885
2016-06,train,REIT,REIT Index,REIT,0.5555555820465088,0.4490485191345215,18.0,8.0,0.23333333333333334,-0.1065070629119873
2016-06,train,TMGH.CA,T M G Holding,Equity,0.7333333492279053,0.5605549216270447,22.0,19.0,0.6,-0.1727784276008606
2016-06,train,VLMR.CA,Valmore Holding,Equity,0.3444444537162781,0.5318269729614258,12.0,16.0,0.5,0.1873825192451477
2016-07,train,ABUK.CA,Abou Kir Fertilizers,Equity,0.7888888716697693,0.4247645139694214,27.0,6.0,0.16666666666666666,-0.3641243577003479
2016-07,train,ADIB.CA,Abu Dhabi Islamic Bank- Egypt,Equity,0.644444465637207,0.545658528804779,21.5,16.0,0.5,-0.09878593683242798
2016-07,train,AMOC.CA,Alexandria Mineral Oils Company,Equity,0.24444444477558136,0.47026586532592773,7.0,10.0,0.3,0.22582142055034637
2016-07,train,ARCC.CA,Arabian Cement Company,Equity,0.8111110925674438,0.5155662894248962,28.0,14.0,0.43333333333333335,-0.2955448031425476
2016-07,train,BTFH.CA,Beltone Holding,Equity,0.20000000298023224,0.6423784494400024,6.0,30.0,0.9666666666666667,0.4423784464597702
2016-07,train,Bonds,5-Year Government Bonds,Bonds,0.1111111119389534,0.33732128143310547,4.0,2.0,0.03333333333333333,0.22621016949415207
2016-07,train,CCAP.CA,QALA For Financial Investments,Equity,0.4000000059604645,0.5923703908920288,11.0,22.0,0.7,0.19237038493156433
2016-07,train,COMI.CA,Commercial International Bank-Egypt (CIB),Equity,0.36666667461395264,0.47279688715934753,10.0,11.0,0.3333333333333333,0.1061302125453949
2016-07,train,EAST.CA,Eastern Company,Equity,0.0555555559694767,0.4220896363258362,2.0,5.0,0.13333333333333333,0.3665340803563595
2016-07,train,EFID.CA,Edita Food Industries S.A.E,Equity,0.41111111640930176,0.6057201623916626,12.0,27.0,0.8666666666666667,0.19460904598236084
2016-07,train,EGAL.CA,Egypt Aluminum,Equity,0.13333334028720856,0.5194718241691589,5.0,15.0,0.4666666666666667,0.3861384838819504
2016-07,train,EGCH.CA,Egyptian Chemical Industries (Kima),Equity,0.5333333611488342,0.6184105277061462,15.0,28.0,0.9,0.08507716655731201
2016-07,train,EGX30,EGX30 Index,EquityIndex,0.31111112236976624,0.41003862023353577,9.0,3.0,0.06666666666666667,0.09892749786376953
2016-07,train,EMFD.CA,Emaar Misr for Development,Equity,0.7222222089767456,0.5599244236946106,25.0,17.0,0.5333333333333333,-0.162297785282135
2016-07,train,ETEL.CA,Telecom Egypt,Equity,0.6111111044883728,0.5816556811332703,19.5,20.0,0.6333333333333333,-0.02945542335510254
2016-07,train,GBCO.CA,GB Corp,Equity,0.6666666865348816,0.5925008654594421,23.0,23.0,0.7333333333333333,-0.07416582107543945
2016-07,train,Gold,24K Gold (EGP),Gold,0.2666666805744171,0.4169730842113495,8.0,4.0,0.1,0.15030640363693237
2016-07,train,HELI.CA,Heliopolis Housing,Equity,0.6111111044883728,0.6010897755622864,19.5,25.0,0.8,-0.010021328926086426
2016-07,train,HRHO.CA,EFG Holding,Equity,0.5555555820465088,0.599182665348053,16.5,24.0,0.7666666666666667,0.04362708330154419
2016-07,train,JUFO.CA,Juhayna Food Industries,Equity,0.8777777552604675,0.4378686547279358,29.0,8.0,0.23333333333333334,-0.43990910053253174
2016-07,train,MCQE.CA,Misr Cement (Qena),Equity,0.644444465637207,0.4307651221752167,21.5,7.0,0.2,-0.21367934346199036
2016-07,train,MoneyMarket,91-Day T-Bills,MoneyMarket,0.07777778059244156,0.33291003108024597,3.0,1.0,0.0,0.2551322504878044
2016-07,train,OIH.CA,Orascom Investment Holding,Equity,0.5555555820465088,0.6276633739471436,16.5,29.0,0.9333333333333333,0.07210779190063477
2016-07,train,ORAS.CA,Orascom Construction PLC,Equity,0.5111111402511597,0.5096566677093506,14.0,12.0,0.36666666666666664,-0.001454472541809082
2016-07,train,ORHD.CA,Orascom Development Egypt,Equity,0.699999988079071,0.6661022305488586,24.0,31.0,1.0,-0.0338977575302124
2016-07,train,ORWE.CA,Oriental Weavers,Equity,0.9333333373069763,0.6047155261039734,30.5,26.0,0.8333333333333334,-0.32861781120300293
2016-07,train,PHDC.CA,Palm Hills Development Company,Equity,0.5888888835906982,0.5738945007324219,18.0,18.0,0.5666666666666667,-0.014994382858276367
2016-07,train,RAYA.CA,Raya Holding For Financial Investments,Equity,0.011111111380159855,0.5873229503631592,1.0,21.0,0.6666666666666666,0.5762118389829993
2016-07,train,REIT,REIT Index,REIT,0.4888888895511627,0.4612647593021393,13.0,9.0,0.26666666666666666,-0.027624130249023438
2016-07,train,TMGH.CA,T M G Holding,Equity,0.7333333492279053,0.5764411687850952,26.0,19.0,0.6,-0.15689218044281006
2016-07,train,VLMR.CA,Valmore Holding,Equity,0.9333333373069763,0.5100201964378357,30.5,13.0,0.4,-0.4233131408691406
2016-08,train,ABUK.CA,Abou Kir Fertilizers,Equity,0.14444445073604584,0.4144465923309326,4.0,4.0,0.1,0.2700021415948868
2016-08,train,ADIB.CA,Abu Dhabi Islamic Bank- Egypt,Equity,0.8333333134651184,0.5589874982833862,27.0,19.0,0.6,-0.2743458151817322
2016-08,train,AMOC.CA,Alexandria Mineral Oils Company,Equity,0.25555557012557983,0.46722412109375,9.0,8.0,0.23333333333333334,0.21166855096817017
2016-08,train,ARCC.CA,Arabian Cement Company,Equity,0.7555555701255798,0.5026700496673584,24.0,13.0,0.4,-0.25288552045822144
2016-08,train,BTFH.CA,Beltone Holding,Equity,0.5666666626930237,0.6024518609046936,18.0,26.0,0.8333333333333334,0.03578519821166992
2016-08,train,Bonds,5-Year Government Bonds,Bonds,0.07777778059244156,0.3411876857280731,3.0,2.0,0.03333333333333333,0.26340990513563156
2016-08,train,CCAP.CA,QALA For Financial Investments,Equity,0.4333333373069763,0.5570539832115173,12.0,18.0,0.5666666666666667,0.12372064590454102
2016-08,train,COMI.CA,Commercial International Bank-Egypt (CIB),Equity,0.4555555582046509,0.4750975966453552,13.5,9.0,0.26666666666666666,0.019542038440704346
2016-08,train,EAST.CA,Eastern Company,Equity,0.23333333432674408,0.40981751680374146,7.5,3.0,0.06666666666666667,0.17648418247699738
2016-08,train,EFID.CA,Edita Food Industries S.A.E,Equity,1.0,0.5992128849029541,31.0,25.0,0.8,-0.4007871150970459
2016-08,train,EGAL.CA,Egypt Aluminum,Equity,0.46666666865348816,0.5176122784614563,15.5,14.0,0.43333333333333335,0.05094560980796814
2016-08,train,EGCH.CA,Egyptian Chemical Industries (Kima),Equity,0.6555555462837219,0.5922086834907532,21.5,23.0,0.7333333333333333,-0.06334686279296875
2016-08,train,EGX30,EGX30 Index,EquityIndex,0.23333333432674408,0.4201381504535675,7.5,6.0,0.16666666666666666,0.18680481612682343
2016-08,train,EMFD.CA,Emaar Misr for Development,Equity,0.7777777910232544,0.6062295436859131,26.0,27.0,0.8666666666666667,-0.1715482473373413
2016-08,train,ETEL.CA,Telecom Egypt,Equity,0.18888889253139496,0.5542491674423218,5.5,16.0,0.5,0.3653602749109268
2016-08,train,GBCO.CA,GB Corp,Equity,0.6333333253860474,0.5485305786132812,20.0,15.0,0.4666666666666667,-0.08480274677276611
2016-08,train,Gold,24K Gold (EGP),Gold,0.18888889253139496,0.4154684245586395,5.5,5.0,0.13333333333333333,0.22657953202724457
2016-08,train,HELI.CA,Heliopolis Housing,Equity,0.4555555582046509,0.6191313862800598,13.5,30.0,0.9666666666666667,0.16357582807540894
2016-08,train,HRHO.CA,EFG Holding,Equity,0.6111111044883728,0.5764684081077576,19.0,20.0,0.6333333333333333,-0.034642696380615234
2016-08,train,JUFO.CA,Juhayna Food Industries,Equity,0.9222221970558167,0.47706252336502075,30.0,10.0,0.3,-0.4451596736907959
2016-08,train,MCQE.CA,Misr Cement (Qena),Equity,0.8666666746139526,0.46163174510002136,29.0,7.0,0.2,-0.4050349295139313
2016-08,train,MoneyMarket,91-Day T-Bills,MoneyMarket,0.03333333507180214,0.329425573348999,2.0,1.0,0.0,0.2960922382771969
2016-08,train,OIH.CA,Orascom Investment Holding,Equity,0.7111111283302307,0.6145237684249878,23.0,29.0,0.9333333333333333,-0.09658735990524292
2016-08,train,ORAS.CA,Orascom Construction PLC,Equity,0.46666666865348816,0.5021206736564636,15.5,12.0,0.36666666666666664,0.035454005002975464
2016-08,train,ORHD.CA,Orascom Development Egypt,Equity,0.7666666507720947,0.6509697437286377,25.0,31.0,1.0,-0.11569690704345703
2016-08,train,ORWE.CA,Oriental Weavers,Equity,0.8444444537162781,0.611640214920044,28.0,28.0,0.9,-0.23280423879623413
2016-08,train,PHDC.CA,Palm Hills Development Company,Equity,0.5333333611488342,0.5981626510620117,17.0,24.0,0.7666666666666667,0.06482928991317749
2016-08,train,RAYA.CA,Raya Holding For Financial Investments,Equity,0.0,0.5545135736465454,1.0,17.0,0.5333333333333333,0.5545135736465454
2016-08,train,REIT,REIT Index,REIT,0.3444444537162781,0.49650073051452637,10.0,11.0,0.3333333333333333,0.1520562767982483
2016-08,train,TMGH.CA,T M G Holding,Equity,0.6555555462837219,0.5860587954521179,21.5,22.0,0.7,-0.069496750831604
2016-08,train,VLMR.CA,Valmore Holding,Equity,0.3888888955116272,0.5804538726806641,11.0,21.0,0.6666666666666666,0.19156497716903687
2016-09,train,ABUK.CA,Abou Kir Fertilizers,Equity,0.2666666805744171,0.4007636606693268,7.5,3.0,0.06666666666666667,0.13409698009490967
2016-09,train,ADIB.CA,Abu Dhabi Islamic Bank- Egypt,Equity,0.6888889074325562,0.565743088722229,22.0,19.0,0.6,-0.12314581871032715
2016-09,train,AMOC.CA,Alexandria Mineral Oils Company,Equity,0.5777778029441833,0.4618220627307892,17.0,7.0,0.2,-0.11595574021339417
2016-09,train,ARCC.CA,Arabian Cement Company,Equity,0.8888888955116272,0.5638288855552673,29.0,17.0,0.5333333333333333,-0.32506000995635986
2016-09,train,BTFH.CA,Beltone Holding,Equity,0.06111111119389534,0.6361815333366394,3.0,29.0,0.9333333333333333,0.5750704221427441
2016-09,train,Bonds,5-Year Government Bonds,Bonds,0.0055555556900799274,0.34500443935394287,1.0,2.0,0.03333333333333333,0.33944888366386294
2016-09,train,CCAP.CA,QALA For Financial Investments,Equity,0.7555555701255798,0.5702018737792969,26.0,20.0,0.6333333333333333,-0.18535369634628296
2016-09,train,COMI.CA,Commercial International Bank-Egypt (CIB),Equity,0.18888889253139496,0.48636677861213684,5.5,10.0,0.3,0.2974778860807419
2016-09,train,EAST.CA,Eastern Company,Equity,0.9222221970558167,0.4033333957195282,31.0,4.0,0.1,-0.5188888013362885
2016-09,train,EFID.CA,Edita Food Industries S.A.E,Equity,0.7666666507720947,0.6413283944129944,27.0,30.0,0.9666666666666667,-0.12533825635910034
2016-09,train,EGAL.CA,Egypt Aluminum,Equity,0.6333333253860474,0.47354942560195923,19.5,9.0,0.26666666666666666,-0.15978389978408813
2016-09,train,EGCH.CA,Egyptian Chemical Industries (Kima),Equity,0.7444444298744202,0.6048372983932495,25.0,25.0,0.8,-0.13960713148117065
2016-09,train,EGX30,EGX30 Index,EquityIndex,0.18888889253139496,0.4347083568572998,5.5,6.0,0.16666666666666666,0.24581946432590485
2016-09,train,EMFD.CA,Emaar Misr for Development,Equity,0.5,0.6026220917701721,14.0,24.0,0.7666666666666667,0.10262209177017212
2016-09,train,ETEL.CA,Telecom Egypt,Equity,0.6333333253860474,0.5457397103309631,19.5,16.0,0.5,-0.08759361505508423
2016-09,train,GBCO.CA,GB Corp,Equity,0.42222222685813904,0.5840376615524292,13.0,22.0,0.7,0.16181543469429016
2016-09,train,Gold,24K Gold (EGP),Gold,0.10000000149011612,0.4035962224006653,4.0,5.0,0.13333333333333333,0.30359622091054916
2016-09,train,HELI.CA,Heliopolis Housing,Equity,0.5222222208976746,0.6152500510215759,15.0,26.0,0.8333333333333334,0.09302783012390137
2016-09,train,HRHO.CA,EFG Holding,Equity,0.36666667461395264,0.5713014006614685,12.0,21.0,0.6666666666666666,0.20463472604751587
2016-09,train,JUFO.CA,Juhayna Food Industries,Equity,0.9111111164093018,0.511407732963562,30.0,12.0,0.36666666666666664,-0.39970338344573975
2016-09,train,MCQE.CA,Misr Cement (Qena),Equity,0.7222222089767456,0.46395546197891235,23.0,8.0,0.23333333333333334,-0.25826674699783325
2016-09,train,MoneyMarket,91-Day T-Bills,MoneyMarket,0.04444444552063942,0.3289690613746643,2.0,1.0,0.0,0.2845246158540249
2016-09,train,OIH.CA,Orascom Investment Holding,Equity,0.2666666805744171,0.6257866621017456,7.5,27.0,0.8666666666666667,0.3591199815273285
2016-09,train,ORAS.CA,Orascom Construction PLC,Equity,0.30000001192092896,0.5138229727745056,9.5,13.0,0.4,0.21382296085357666
2016-09,train,ORHD.CA,Orascom Development Egypt,Equity,0.7333333492279053,0.6680911183357239,24.0,31.0,1.0,-0.0652422308921814
2016-09,train,ORWE.CA,Oriental Weavers,Equity,0.6000000238418579,0.6335911154747009,18.0,28.0,0.9,0.03359109163284302
2016-09,train,PHDC.CA,Palm Hills Development Company,Equity,0.30000001192092896,0.5656755566596985,9.5,18.0,0.5666666666666667,0.26567554473876953
2016-09,train,RAYA.CA,Raya Holding For Financial Investments,Equity,0.8777777552604675,0.5296117067337036,28.0,15.0,0.4666666666666667,-0.3481660485267639
2016-09,train,REIT,REIT Index,REIT,0.31111112236976624,0.4957919716835022,11.0,11.0,0.3333333333333333,0.18468084931373596
2016-09,train,TMGH.CA,T M G Holding,Equity,0.644444465637207,0.5944358110427856,21.0,23.0,0.7333333333333333,-0.05000865459442139
2016-09,train,VLMR.CA,Valmore Holding,Equity,0.5555555820465088,0.5224295258522034,16.0,14.0,0.43333333333333335,-0.03312605619430542
2016-10,train,ABUK.CA,Abou Kir Fertilizers,Equity,0.8111110925674438,0.4239088296890259,25.5,5.0,0.13333333333333333,-0.38720226287841797
2016-10,train,ADIB.CA,Abu Dhabi Islamic Bank- Egypt,Equity,0.47777777910232544,0.5784600973129272,15.0,24.0,0.7666666666666667,0.1006823182106018
2016-10,train,AMOC.CA,Alexandria Mineral Oils Company,Equity,0.8888888955116272,0.4709593951702118,29.0,10.0,0.3,-0.4179295003414154
2016-10,train,ARCC.CA,Arabian Cement Company,Equity,0.800000011920929,0.5816946029663086,24.0,25.0,0.8,-0.21830540895462036
2016-10,train,BTFH.CA,Beltone Holding,Equity,0.3222222328186035,0.542672336101532,10.0,18.0,0.5666666666666667,0.22045010328292847
2016-10,train,Bonds,5-Year Government Bonds,Bonds,0.0555555559694767,0.3427073359489441,2.0,2.0,0.03333333333333333,0.2871517799794674
2016-10,train,CCAP.CA,QALA For Financial Investments,Equity,0.9555555582046509,0.5399374961853027,31.0,17.0,0.5333333333333333,-0.41561806201934814
2016-10,train,COMI.CA,Commercial International Bank-Egypt (CIB),Equity,0.18888889253139496,0.4503888785839081,6.0,6.0,0.16666666666666666,0.2614999860525131
2016-10,train,EAST.CA,Eastern Company,Equity,0.08888889104127884,0.4703359007835388,3.0,9.0,0.26666666666666666,0.38144700974226
2016-10,train,EFID.CA,Edita Food Industries S.A.E,Equity,0.8999999761581421,0.6009190678596497,30.0,29.0,0.9333333333333333,-0.29908090829849243
2016-10,train,EGAL.CA,Egypt Aluminum,Equity,0.31111112236976624,0.45891550183296204,9.0,8.0,0.23333333333333334,0.1478043794631958
2016-10,train,EGCH.CA,Egyptian Chemical Industries (Kima),Equity,0.6777777671813965,0.5886578559875488,22.0,28.0,0.9,-0.08911991119384766
2016-10,train,EGX30,EGX30 Index,EquityIndex,0.17777778208255768,0.41284608840942383,5.0,4.0,0.1,0.23506830632686615
2016-10,train,EMFD.CA,Emaar Misr for Development,Equity,0.7333333492279053,0.5683193802833557,23.0,22.0,0.7,-0.16501396894454956
2016-10,train,ETEL.CA,Telecom Egypt,Equity,0.5555555820465088,0.4989526867866516,17.0,11.0,0.3333333333333333,-0.05660289525985718
2016-10,train,GBCO.CA,GB Corp,Equity,0.8111110925674438,0.5264388918876648,25.5,15.0,0.4666666666666667,-0.28467220067977905
2016-10,train,Gold,24K Gold (EGP),Gold,0.2222222238779068,0.3743430972099304,7.0,3.0,0.06666666666666667,0.15212087333202362
2016-10,train,HELI.CA,Heliopolis Housing,Equity,0.41111111640930176,0.5730056762695312,14.0,23.0,0.7333333333333333,0.1618945598602295
2016-10,train,HRHO.CA,EFG Holding,Equity,0.2666666805744171,0.5197765827178955,8.0,14.0,0.43333333333333335,0.2531099021434784
2016-10,train,JUFO.CA,Juhayna Food Industries,Equity,0.8222222328186035,0.5552428364753723,27.5,19.0,0.6,-0.2669793963432312
2016-10,train,MCQE.CA,Misr Cement (Qena),Equity,0.5888888835906982,0.5107837319374084,19.0,13.0,0.4,-0.0781051516532898
2016-10,train,MoneyMarket,91-Day T-Bills,MoneyMarket,0.02222222276031971,0.322318434715271,1.0,1.0,0.0,0.3000962119549513
2016-10,train,OIH.CA,Orascom Investment Holding,Equity,0.4000000059604645,0.587358295917511,13.0,26.0,0.8333333333333334,0.1873582899570465
2016-10,train,ORAS.CA,Orascom Construction PLC,Equity,0.15555556118488312,0.5021145939826965,4.0,12.0,0.36666666666666664,0.3465590327978134
2016-10,train,ORHD.CA,Orascom Development Egypt,Equity,0.6111111044883728,0.6161057949066162,20.0,30.0,0.9666666666666667,0.004994690418243408
2016-10,train,ORWE.CA,Oriental Weavers,Equity,0.6222222447395325,0.6331130862236023,21.0,31.0,1.0,0.010890841484069824
2016-10,train,PHDC.CA,Palm Hills Development Company,Equity,0.3777777850627899,0.5389678478240967,12.0,16.0,0.5,0.16119006276130676
2016-10,train,RAYA.CA,Raya Holding For Financial Investments,Equity,0.8222222328186035,0.5634728670120239,27.5,21.0,0.6666666666666666,-0.2587493658065796
2016-10,train,REIT,REIT Index,REIT,0.35555556416511536,0.4578844904899597,11.0,7.0,0.2,0.10232892632484436
2016-10,train,TMGH.CA,T M G Holding,Equity,0.4888888895511627,0.5881210565567017,16.0,27.0,0.8666666666666667,0.09923216700553894
2016-10,train,VLMR.CA,Valmore Holding,Equity,0.5777778029441833,0.5552783012390137,18.0,20.0,0.6333333333333333,-0.022499501705169678
2016-11,train,ABUK.CA,Abou Kir Fertilizers,Equity,0.8777777552604675,0.44882646203041077,29.0,7.0,0.2,-0.42895129323005676
2016-11,train,ADIB.CA,Abu Dhabi Islamic Bank- Egypt,Equity,0.3222222328186035,0.5477291941642761,7.5,17.0,0.5333333333333333,0.2255069613456726
2016-11,train,AMOC.CA,Alexandria Mineral Oils Company,Equity,0.4333333373069763,0.4704529941082001,12.0,10.0,0.3,0.037119656801223755
2016-11,train,ARCC.CA,Arabian Cement Company,Equity,0.6888889074325562,0.6017591953277588,24.0,28.0,0.9,-0.08712971210479736
2016-11,train,BTFH.CA,Beltone Holding,Equity,0.5777778029441833,0.5525016188621521,20.5,18.0,0.5666666666666667,-0.02527618408203125
2016-11,train,Bonds,5-Year Government Bonds,Bonds,0.5888888835906982,0.33177968859672546,22.0,2.0,0.03333333333333333,-0.2571091949939728
2016-11,train,CCAP.CA,QALA For Financial Investments,Equity,0.5222222208976746,0.5667007565498352,19.0,20.0,0.6333333333333333,0.044478535652160645
2016-11,train,COMI.CA,Commercial International Bank-Egypt (CIB),Equity,0.4555555582046509,0.4547049105167389,13.5,8.0,0.23333333333333334,-0.0008506476879119873
2016-11,train,EAST.CA,Eastern Company,Equity,0.5,0.4265575706958771,16.5,5.0,0.13333333333333333,-0.07344242930412292
2016-11,train,EFID.CA,Edita Food Industries S.A.E,Equity,0.35555556416511536,0.6291226148605347,9.0,30.0,0.9666666666666667,0.2735670506954193
2016-11,train,EGAL.CA,Egypt Aluminum,Equity,0.8333333134651184,0.49823811650276184,27.5,13.0,0.4,-0.33509519696235657
2016-11,train,EGCH.CA,Egyptian Chemical Industries (Kima),Equity,0.13333334028720856,0.5859636664390564,2.0,25.0,0.8,0.45263032615184784
2016-11,train,EGX30,EGX30 Index,EquityIndex,0.1666666716337204,0.408682644367218,5.0,4.0,0.1,0.24201597273349762
2016-11,train,EMFD.CA,Emaar Misr for Development,Equity,0.5111111402511597,0.578223466873169,18.0,23.0,0.7333333333333333,0.06711232662200928
2016-11,train,ETEL.CA,Telecom Egypt,Equity,0.5,0.47604501247406006,16.5,11.0,0.3333333333333333,-0.02395498752593994
2016-11,train,GBCO.CA,GB Corp,Equity,0.7888888716697693,0.5743924975395203,26.0,22.0,0.7,-0.21449637413024902
2016-11,train,Gold,24K Gold (EGP),Gold,1.0,0.3514997065067291,31.0,3.0,0.06666666666666667,-0.6485002934932709
2016-11,train,HELI.CA,Heliopolis Housing,Equity,0.14444445073604584,0.5835649371147156,3.0,24.0,0.7666666666666667,0.43912048637866974
2016-11,train,HRHO.CA,EFG Holding,Equity,0.4555555582046509,0.5255113840103149,13.5,16.0,0.5,0.06995582580566406
2016-11,train,JUFO.CA,Juhayna Food Industries,Equity,0.8999999761581421,0.5915806889533997,30.0,26.0,0.8333333333333334,-0.30841928720474243
2016-11,train,MCQE.CA,Misr Cement (Qena),Equity,0.3222222328186035,0.46834897994995117,7.5,9.0,0.26666666666666666,0.14612674713134766
2016-11,train,MoneyMarket,91-Day T-Bills,MoneyMarket,0.0,0.3146377205848694,1.0,1.0,0.0,0.3146377205848694
2016-11,train,OIH.CA,Orascom Investment Holding,Equity,0.6000000238418579,0.5917887687683105,23.0,27.0,0.8666666666666667,-0.008211255073547363
2016-11,train,ORAS.CA,Orascom Construction PLC,Equity,0.5777778029441833,0.47934162616729736,20.5,12.0,0.36666666666666664,-0.09843617677688599
2016-11,train,ORHD.CA,Orascom Development Egypt,Equity,0.7333333492279053,0.6257786750793457,25.0,29.0,0.9333333333333333,-0.10755467414855957
2016-11,train,ORWE.CA,Oriental Weavers,Equity,0.36666667461395264,0.6308489441871643,10.0,31.0,1.0,0.26418226957321167
2016-11,train,PHDC.CA,Palm Hills Development Company,Equity,0.2777777910232544,0.5109676122665405,6.0,15.0,0.4666666666666667,0.23318982124328613
2016-11,train,RAYA.CA,Raya Holding For Financial Investments,Equity,0.8333333134651184,0.5588532090187073,27.5,19.0,0.6,-0.27448010444641113
2016-11,train,REIT,REIT Index,REIT,0.15555556118488312,0.4385351538658142,4.0,6.0,0.16666666666666666,0.2829795926809311
2016-11,train,TMGH.CA,T M G Holding,Equity,0.4000000059604645,0.5676096081733704,11.0,21.0,0.6666666666666666,0.16760960221290588
2016-11,train,VLMR.CA,Valmore Holding,Equity,0.47777777910232544,0.5087243318557739,15.0,14.0,0.43333333333333335,0.030946552753448486
2016-12,train,ABUK.CA,Abou Kir Fertilizers,Equity,0.2666666805744171,0.4597809612751007,9.0,9.0,0.26666666666666666,0.1931142807006836
2016-12,train,ADIB.CA,Abu Dhabi Islamic Bank- Egypt,Equity,0.699999988079071,0.5505391359329224,22.0,20.0,0.6333333333333333,-0.14946085214614868
2016-12,train,AMOC.CA,Alexandria Mineral Oils Company,Equity,0.8888888955116272,0.4687166213989258,28.5,11.0,0.3333333333333333,-0.4201722741127014
2016-12,train,ARCC.CA,Arabian Cement Company,Equity,0.9111111164093018,0.5871883630752563,30.0,29.0,0.9333333333333333,-0.3239227533340454
2016-12,train,BTFH.CA,Beltone Holding,Equity,0.8888888955116272,0.48665735125541687,28.5,15.0,0.4666666666666667,-0.4022315442562103
2016-12,train,Bonds,5-Year Government Bonds,Bonds,0.03333333507180214,0.3472708463668823,2.0,2.0,0.03333333333333333,0.3139375112950802
2016-12,train,CCAP.CA,QALA For Financial Investments,Equity,0.6888889074325562,0.550534188747406,21.0,19.0,0.6,-0.13835471868515015
2016-12,train,COMI.CA,Commercial International Bank-Egypt (CIB),Equity,0.14444445073604584,0.40967345237731934,4.0,4.0,0.1,0.2652290016412735
2016-12,train,EAST.CA,Eastern Company,Equity,0.15555556118488312,0.44670599699020386,5.5,6.0,0.16666666666666666,0.29115043580532074
2016-12,train,EFID.CA,Edita Food Industries S.A.E,Equity,0.7444444298744202,0.5843528509140015,23.0,28.0,0.9,-0.1600915789604187
2016-12,train,EGAL.CA,Egypt Aluminum,Equity,0.4444444477558136,0.48080816864967346,13.5,13.0,0.4,0.03636372089385986
2016-12,train,EGCH.CA,Egyptian Chemical Industries (Kima),Equity,0.800000011920929,0.5524810552597046,26.0,21.0,0.6666666666666666,-0.24751895666122437
2016-12,train,EGX30,EGX30 Index,EquityIndex,0.07777778059244156,0.3982638716697693,3.0,3.0,0.06666666666666667,0.32048609107732773
2016-12,train,EMFD.CA,Emaar Misr for Development,Equity,0.4444444477558136,0.5533499121665955,13.5,22.0,0.7,0.10890546441078186
2016-12,train,ETEL.CA,Telecom Egypt,Equity,0.7555555701255798,0.46838048100471497,24.0,10.0,0.3,-0.28717508912086487
2016-12,train,GBCO.CA,GB Corp,Equity,0.4555555582046509,0.558195173740387,15.5,23.0,0.7333333333333333,0.10263961553573608
2016-12,train,Gold,24K Gold (EGP),Gold,0.42222222685813904,0.47619396448135376,12.0,12.0,0.36666666666666664,0.05397173762321472
2016-12,train,HELI.CA,Heliopolis Housing,Equity,0.644444465637207,0.5599974989891052,20.0,25.0,0.8,-0.0844469666481018
2016-12,train,HRHO.CA,EFG Holding,Equity,0.5333333611488342,0.48641467094421387,17.0,14.0,0.43333333333333335,-0.04691869020462036
2016-12,train,JUFO.CA,Juhayna Food Industries,Equity,0.5888888835906982,0.6057999730110168,19.0,30.0,0.9666666666666667,0.016911089420318604
2016-12,train,MCQE.CA,Misr Cement (Qena),Equity,0.4555555582046509,0.4543256461620331,15.5,8.0,0.23333333333333334,-0.0012299120426177979
2016-12,train,MoneyMarket,91-Day T-Bills,MoneyMarket,0.0,0.3347405791282654,1.0,1.0,0.0,0.3347405791282654
2016-12,train,OIH.CA,Orascom Investment Holding,Equity,0.9222221970558167,0.5588575005531311,31.0,24.0,0.7666666666666667,-0.36336469650268555
2016-12,train,ORAS.CA,Orascom Construction PLC,Equity,0.25555557012557983,0.4484875500202179,7.5,7.0,0.2,0.19293197989463806
2016-12,train,ORHD.CA,Orascom Development Egypt,Equity,0.5777778029441833,0.611784040927887,18.0,31.0,1.0,0.03400623798370361
2016-12,train,ORWE.CA,Oriental Weavers,Equity,0.7777777910232544,0.5819268822669983,25.0,27.0,0.8666666666666667,-0.1958509087562561
2016-12,train,PHDC.CA,Palm Hills Development Company,Equity,0.2888889014720917,0.5039387345314026,10.0,17.0,0.5333333333333333,0.2150498330593109
2016-12,train,RAYA.CA,Raya Holding For Financial Investments,Equity,0.8777777552604675,0.56186443567276,27.0,26.0,0.8333333333333334,-0.3159133195877075
2016-12,train,REIT,REIT Index,REIT,0.15555556118488312,0.4121585190296173,5.5,5.0,0.13333333333333333,0.2566029578447342
2016-12,train,TMGH.CA,T M G Holding,Equity,0.3444444537162781,0.544011116027832,11.0,18.0,0.5666666666666667,0.19956666231155396
2016-12,train,VLMR.CA,Valmore Holding,Equity,0.25555557012557983,0.49618130922317505,7.5,16.0,0.5,0.24062573909759521
2017-01,train,ABUK.CA,Abou Kir Fertilizers,Equity,0.24444444477558136,0.4837341010570526,8.0,10.0,0.3,0.23928965628147125
2017-01,train,ADIB.CA,Abu Dhabi Islamic Bank- Egypt,Equity,0.9777777791023254,0.5503551959991455,31.0,19.0,0.6,-0.42742258310317993
2017-01,train,AMOC.CA,Alexandria Mineral Oils Company,Equity,0.36666667461395264,0.5131717920303345,11.0,16.0,0.5,0.14650511741638184
2017-01,train,ARCC.CA,Arabian Cement Company,Equity,0.9333333373069763,0.598333477973938,30.0,30.0,0.9666666666666667,-0.33499985933303833
2017-01,train,BTFH.CA,Beltone Holding,Equity,0.7111111283302307,0.5530412197113037,24.0,20.0,0.6333333333333333,-0.158069908618927
2017-01,train,Bonds,5-Year Government Bonds,Bonds,0.0555555559694767,0.3576040267944336,2.0,2.0,0.03333333333333333,0.3020484708249569
2017-01,train,CCAP.CA,QALA For Financial Investments,Equity,0.6555555462837219,0.5773975253105164,21.0,24.0,0.7666666666666667,-0.07815802097320557
2017-01,train,COMI.CA,Commercial International Bank-Egypt (CIB),Equity,0.21111111342906952,0.41775253415107727,6.0,5.0,0.13333333333333333,0.20664142072200775
2017-01,train,EAST.CA,Eastern Company,Equity,0.23333333432674408,0.40507882833480835,7.0,4.0,0.1,0.17174549400806427
2017-01,train,EFID.CA,Edita Food Industries S.A.E,Equity,0.15555556118488312,0.5805680751800537,5.0,25.0,0.8,0.4250125139951706
2017-01,train,EGAL.CA,Egypt Aluminum,Equity,0.5111111402511597,0.4932800531387329,15.0,13.0,0.4,-0.017831087112426758
2017-01,train,EGCH.CA,Egyptian Chemical Industries (Kima),Equity,0.7555555701255798,0.5752769708633423,26.0,23.0,0.7333333333333333,-0.18027859926223755
2017-01,train,EGX30,EGX30 Index,EquityIndex,0.25555557012557983,0.39592790603637695,9.0,3.0,0.06666666666666667,0.14037233591079712
2017-01,train,EMFD.CA,Emaar Misr for Development,Equity,0.6777777671813965,0.5342082977294922,22.0,18.0,0.5666666666666667,-0.1435694694519043
2017-01,train,ETEL.CA,Telecom Egypt,Equity,0.5888888835906982,0.4954514801502228,19.0,14.0,0.43333333333333335,-0.09343740344047546
2017-01,train,GBCO.CA,GB Corp,Equity,0.6111111044883728,0.5861294865608215,20.0,26.0,0.8333333333333334,-0.02498161792755127
2017-01,train,Gold,24K Gold (EGP),Gold,0.12222222238779068,0.4914020895957947,3.5,11.0,0.3333333333333333,0.369179867208004
2017-01,train,HELI.CA,Heliopolis Housing,Equity,0.46666666865348816,0.5647546648979187,13.5,21.0,0.6666666666666666,0.09808799624443054
2017-01,train,HRHO.CA,EFG Holding,Equity,0.5666666626930237,0.5022708177566528,17.0,15.0,0.4666666666666667,-0.06439584493637085
2017-01,train,JUFO.CA,Juhayna Food Industries,Equity,0.6888889074325562,0.6124126315116882,23.0,31.0,1.0,-0.07647627592086792
2017-01,train,MCQE.CA,Misr Cement (Qena),Equity,0.12222222238779068,0.43709680438041687,3.5,7.0,0.2,0.3148745819926262
2017-01,train,MoneyMarket,91-Day T-Bills,MoneyMarket,0.011111111380159855,0.3497273623943329,1.0,1.0,0.0,0.33861625101417303
2017-01,train,OIH.CA,Orascom Investment Holding,Equity,0.7333333492279053,0.5720806121826172,25.0,22.0,0.7,-0.16125273704528809
2017-01,train,ORAS.CA,Orascom Construction PLC,Equity,0.3333333432674408,0.4431372582912445,10.0,8.0,0.23333333333333334,0.10980391502380371
2017-01,train,ORHD.CA,Orascom Development Egypt,Equity,0.8777777552604675,0.5971629023551941,28.5,29.0,0.9333333333333333,-0.28061485290527344
2017-01,train,ORWE.CA,Oriental Weavers,Equity,0.3777777850627899,0.587334156036377,12.0,27.0,0.8666666666666667,0.20955637097358704
2017-01,train,PHDC.CA,Palm Hills Development Company,Equity,0.8111110925674438,0.49210846424102783,27.0,12.0,0.36666666666666664,-0.319002628326416
2017-01,train,RAYA.CA,Raya Holding For Financial Investments,Equity,0.8777777552604675,0.5961316227912903,28.5,28.0,0.9,-0.28164613246917725
2017-01,train,REIT,REIT Index,REIT,0.5222222208976746,0.420506089925766,16.0,6.0,0.16666666666666666,-0.10171613097190857
2017-01,train,TMGH.CA,T M G Holding,Equity,0.5777778029441833,0.5145931243896484,18.0,17.0,0.5333333333333333,-0.06318467855453491
2017-01,train,VLMR.CA,Valmore Holding,Equity,0.46666666865348816,0.4752919375896454,13.5,9.0,0.26666666666666666,0.008625268936157227
2017-02,train,ABUK.CA,Abou Kir Fertilizers,Equity,0.6222222447395325,0.5036407709121704,20.0,9.0,0.26666666666666666,-0.11858147382736206
2017-02,train,ADIB.CA,Abu Dhabi Islamic Bank- Egypt,Equity,0.8111110925674438,0.6281881332397461,26.5,28.0,0.9,-0.18292295932769775
2017-02,train,AMOC.CA,Alexandria Mineral Oils Company,Equity,0.9222221970558167,0.5287837982177734,30.0,10.0,0.3,-0.3934383988380432
2017-02,train,ARCC.CA,Arabian Cement Company,Equity,0.8111110925674438,0.6493832468986511,26.5,30.0,0.9666666666666667,-0.16172784566879272
2017-02,train,BTFH.CA,Beltone Holding,Equity,0.6666666865348816,0.5970805287361145,21.0,22.0,0.7,-0.06958615779876709
2017-02,train,Bonds,5-Year Government Bonds,Bonds,0.02222222276031971,0.3746582567691803,2.0,2.0,0.03333333333333333,0.3524360340088606
2017-02,train,CCAP.CA,QALA For Financial Investments,Equity,0.5666666626930237,0.6221799850463867,18.0,26.0,0.8333333333333334,0.05551332235336304
2017-02,train,COMI.CA,Commercial International Bank-Egypt (CIB),Equity,0.25555557012557983,0.4641052782535553,7.0,7.0,0.2,0.20854970812797546
2017-02,train,EAST.CA,Eastern Company,Equity,0.15555556118488312,0.46329641342163086,4.0,6.0,0.16666666666666666,0.30774085223674774
2017-02,train,EFID.CA,Edita Food Industries S.A.E,Equity,0.2888889014720917,0.5575199127197266,8.5,17.0,0.5333333333333333,0.2686310112476349
2017-02,train,EGAL.CA,Egypt Aluminum,Equity,0.9666666388511658,0.5415159463882446,31.0,12.0,0.36666666666666664,-0.42515069246292114
2017-02,train,EGCH.CA,Egyptian Chemical Industries (Kima),Equity,0.8666666746139526,0.5859427452087402,28.0,19.0,0.6,-0.2807239294052124
2017-02,train,EGX30,EGX30 Index,EquityIndex,0.17777778208255768,0.4417250156402588,5.0,4.0,0.1,0.2639472335577011
2017-02,train,EMFD.CA,Emaar Misr for Development,Equity,0.31111112236976624,0.5747016668319702,10.0,18.0,0.5666666666666667,0.263590544462204
2017-02,train,ETEL.CA,Telecom Egypt,Equity,0.6777777671813965,0.5495607256889343,22.0,13.0,0.4,-0.12821704149246216
2017-02,train,GBCO.CA,GB Corp,Equity,0.5333333611488342,0.6125963926315308,16.0,25.0,0.8,0.07926303148269653
2017-02,train,Gold,24K Gold (EGP),Gold,0.3888888955116272,0.5953876376152039,13.0,20.0,0.6333333333333333,0.20649874210357666
2017-02,train,HELI.CA,Heliopolis Housing,Equity,0.3777777850627899,0.6101595759391785,12.0,24.0,0.7666666666666667,0.23238179087638855
2017-02,train,HRHO.CA,EFG Holding,Equity,0.36666667461395264,0.5500369071960449,11.0,14.0,0.43333333333333335,0.18337023258209229
2017-02,train,JUFO.CA,Juhayna Food Industries,Equity,0.7222222089767456,0.6248611211776733,25.0,27.0,0.8666666666666667,-0.09736108779907227
2017-02,train,MCQE.CA,Misr Cement (Qena),Equity,0.9111111164093018,0.434231698513031,29.0,3.0,0.06666666666666667,-0.47687941789627075
2017-02,train,MoneyMarket,91-Day T-Bills,MoneyMarket,0.011111111380159855,0.35746926069259644,1.0,1.0,0.0,0.3463581493124366
2017-02,train,OIH.CA,Orascom Investment Holding,Equity,0.4333333373069763,0.6095942258834839,14.0,23.0,0.7333333333333333,0.17626088857650757
2017-02,train,ORAS.CA,Orascom Construction PLC,Equity,0.5444444417953491,0.4700743854045868,17.0,8.0,0.23333333333333334,-0.07437005639076233
2017-02,train,ORHD.CA,Orascom Development Egypt,Equity,0.5888888835906982,0.6391314268112183,19.0,29.0,0.9333333333333333,0.05024254322052002
2017-02,train,ORWE.CA,Oriental Weavers,Equity,0.699999988079071,0.5958729982376099,24.0,21.0,0.6666666666666666,-0.10412698984146118
2017-02,train,PHDC.CA,Palm Hills Development Company,Equity,0.2888889014720917,0.5515151619911194,8.5,15.0,0.4666666666666667,0.2626262605190277
2017-02,train,RAYA.CA,Raya Holding For Financial Investments,Equity,0.6888889074325562,0.6533684134483337,23.0,31.0,1.0,-0.03552049398422241
2017-02,train,REIT,REIT Index,REIT,0.23333333432674408,0.4546694755554199,6.0,5.0,0.13333333333333333,0.22133614122867584
2017-02,train,TMGH.CA,T M G Holding,Equity,0.5222222208976746,0.5569850206375122,15.0,16.0,0.5,0.034762799739837646
2017-02,train,VLMR.CA,Valmore Holding,Equity,0.06666667014360428,0.528986394405365,3.0,11.0,0.3333333333333333,0.4623197242617607
2017-03,train,ABUK.CA,Abou Kir Fertilizers,Equity,0.5444444417953491,0.5143243074417114,16.5,11.0,0.3333333333333333,-0.030120134353637695
2017-03,train,ADIB.CA,Abu Dhabi Islamic Bank- Egypt,Equity,0.699999988079071,0.6501901149749756,22.0,28.0,0.9,-0.04980987310409546
2017-03,train,AMOC.CA,Alexandria Mineral Oils Company,Equity,0.6555555462837219,0.6379551291465759,21.0,25.0,0.8,-0.017600417137145996
2017-03,train,ARCC.CA,Arabian Cement Company,Equity,0.36666667461395264,0.6705242395401001,11.0,31.0,1.0,0.30385756492614746
2017-03,train,BTFH.CA,Beltone Holding,Equity,0.9222221970558167,0.6135612726211548,30.0,21.0,0.6666666666666666,-0.30866092443466187
2017-03,train,Bonds,5-Year Government Bonds,Bonds,0.0555555559694767,0.38836073875427246,2.0,2.0,0.03333333333333333,0.33280518278479576
2017-03,train,CCAP.CA,QALA For Financial Investments,Equity,0.7111111283302307,0.6356210708618164,23.5,24.0,0.7666666666666667,-0.0754900574684143
2017-03,train,COMI.CA,Commercial International Bank-Egypt (CIB),Equity,0.2666666805744171,0.4457067847251892,6.0,4.0,0.1,0.1790401041507721
2017-03,train,EAST.CA,Eastern Company,Equity,0.2777777910232544,0.4811767339706421,7.0,7.0,0.2,0.2033989429473877
2017-03,train,EFID.CA,Edita Food Industries S.A.E,Equity,0.8222222328186035,0.5571597218513489,28.0,15.0,0.4666666666666667,-0.26506251096725464
2017-03,train,EGAL.CA,Egypt Aluminum,Equity,0.9888888597488403,0.5916372537612915,31.0,17.0,0.5333333333333333,-0.39725160598754883
2017-03,train,EGCH.CA,Egyptian Chemical Industries (Kima),Equity,0.7666666507720947,0.6505149602890015,26.0,29.0,0.9333333333333333,-0.11615169048309326
2017-03,train,EGX30,EGX30 Index,EquityIndex,0.1111111119389534,0.432294636964798,3.0,3.0,0.06666666666666667,0.3211835250258446
2017-03,train,EMFD.CA,Emaar Misr for Development,Equity,0.6333333253860474,0.5493534207344055,20.0,14.0,0.43333333333333335,-0.08397990465164185
2017-03,train,ETEL.CA,Telecom Egypt,Equity,0.3777777850627899,0.6088041663169861,12.5,19.0,0.6,0.23102638125419617
2017-03,train,GBCO.CA,GB Corp,Equity,0.800000011920929,0.6089078187942505,27.0,20.0,0.6333333333333333,-0.19109219312667847
2017-03,train,Gold,24K Gold (EGP),Gold,0.15555556118488312,0.5361635684967041,5.0,13.0,0.4,0.380608007311821
2017-03,train,HELI.CA,Heliopolis Housing,Equity,0.5444444417953491,0.6030844449996948,16.5,18.0,0.5666666666666667,0.0586400032043457
2017-03,train,HRHO.CA,EFG Holding,Equity,0.42222222685813904,0.5345890522003174,15.0,12.0,0.36666666666666664,0.11236682534217834
2017-03,train,JUFO.CA,Juhayna Food Industries,Equity,0.8999999761581421,0.6404758095741272,29.0,26.0,0.8333333333333334,-0.2595241665840149
2017-03,train,MCQE.CA,Misr Cement (Qena),Equity,0.7555555701255798,0.49294230341911316,25.0,8.0,0.23333333333333334,-0.2626132667064667
2017-03,train,MoneyMarket,91-Day T-Bills,MoneyMarket,0.02222222276031971,0.34642449021339417,1.0,1.0,0.0,0.32420226745307446
2017-03,train,OIH.CA,Orascom Investment Holding,Equity,0.35555556416511536,0.6262221336364746,10.0,23.0,0.7333333333333333,0.27066656947135925
2017-03,train,ORAS.CA,Orascom Construction PLC,Equity,0.31111112236976624,0.4780305325984955,8.5,6.0,0.16666666666666666,0.16691941022872925
2017-03,train,ORHD.CA,Orascom Development Egypt,Equity,0.5555555820465088,0.6417982578277588,18.0,27.0,0.8666666666666667,0.08624267578125
2017-03,train,ORWE.CA,Oriental Weavers,Equity,0.7111111283302307,0.619043231010437,23.5,22.0,0.7,-0.0920678973197937
2017-03,train,PHDC.CA,Palm Hills Development Company,Equity,0.5666666626930237,0.5120489597320557,19.0,10.0,0.3,-0.05461770296096802
2017-03,train,RAYA.CA,Raya Holding For Financial Investments,Equity,0.31111112236976624,0.6549710035324097,8.5,30.0,0.9666666666666667,0.34385988116264343
2017-03,train,REIT,REIT Index,REIT,0.12222222238779068,0.45285865664482117,4.0,5.0,0.13333333333333333,0.3306364342570305
2017-03,train,TMGH.CA,T M G Holding,Equity,0.3888888955116272,0.566541850566864,14.0,16.0,0.5,0.17765295505523682
2017-03,train,VLMR.CA,Valmore Holding,Equity,0.3777777850627899,0.5034708380699158,12.5,9.0,0.26666666666666666,0.12569305300712585
2017-04,train,ABUK.CA,Abou Kir Fertilizers,Equity,0.6111111044883728,0.5234386324882507,19.0,11.0,0.3333333333333333,-0.08767247200012207
2017-04,train,ADIB.CA,Abu Dhabi Islamic Bank- Egypt,Equity,0.6777777671813965,0.6708534359931946,22.0,29.0,0.9333333333333333,-0.006924331188201904
2017-04,train,AMOC.CA,Alexandria Mineral Oils Company,Equity,0.8222222328186035,0.5979529023170471,26.5,19.0,0.6,-0.2242693305015564
2017-04,train,ARCC.CA,Arabian Cement Company,Equity,0.7222222089767456,0.6726531982421875,24.0,30.0,0.9666666666666667,-0.049569010734558105
2017-04,train,BTFH.CA,Beltone Holding,Equity,0.8777777552604675,0.6619213223457336,29.0,28.0,0.9,-0.2158564329147339
2017-04,train,Bonds,5-Year Government Bonds,Bonds,0.03333333507180214,0.37383678555488586,2.0,2.0,0.03333333333333333,0.3405034504830837
2017-04,train,CCAP.CA,QALA For Financial Investments,Equity,0.7333333492279053,0.6141270399093628,25.0,23.0,0.7333333333333333,-0.11920630931854248
2017-04,train,COMI.CA,Commercial International Bank-Egypt (CIB),Equity,0.2666666805744171,0.42886924743652344,7.5,3.0,0.06666666666666667,0.16220256686210632
2017-04,train,EAST.CA,Eastern Company,Equity,0.2777777910232544,0.4548896849155426,9.0,6.0,0.16666666666666666,0.1771118938922882
2017-04,train,EFID.CA,Edita Food Industries S.A.E,Equity,0.25555557012557983,0.542622983455658,6.0,15.0,0.4666666666666667,0.2870674133300781
2017-04,train,EGAL.CA,Egypt Aluminum,Equity,0.6777777671813965,0.6299325823783875,22.0,25.0,0.8,-0.04784518480300903
2017-04,train,EGCH.CA,Egyptian Chemical Industries (Kima),Equity,0.8999999761581421,0.631016731262207,30.0,26.0,0.8333333333333334,-0.26898324489593506
2017-04,train,EGX30,EGX30 Index,EquityIndex,0.21111111342906952,0.43219804763793945,4.5,4.0,0.1,0.22108693420886993
2017-04,train,EMFD.CA,Emaar Misr for Development,Equity,0.31111112236976624,0.5328785181045532,10.0,12.0,0.36666666666666664,0.221767395734787
2017-04,train,ETEL.CA,Telecom Egypt,Equity,0.855555534362793,0.5595001578330994,28.0,17.0,0.5333333333333333,-0.2960553765296936
2017-04,train,GBCO.CA,GB Corp,Equity,0.6333333253860474,0.5664674639701843,20.0,18.0,0.5666666666666667,-0.06686586141586304
2017-04,train,Gold,24K Gold (EGP),Gold,0.08888889104127884,0.5129027366638184,3.0,10.0,0.3,0.4240138456225395
2017-04,train,HELI.CA,Heliopolis Housing,Equity,0.6777777671813965,0.6063901782035828,22.0,21.0,0.6666666666666666,-0.07138758897781372
2017-04,train,HRHO.CA,EFG Holding,Equity,0.2666666805744171,0.5381343364715576,7.5,13.0,0.4,0.2714676558971405
2017-04,train,JUFO.CA,Juhayna Food Industries,Equity,0.3333333432674408,0.6460961699485779,11.0,27.0,0.8666666666666667,0.3127628266811371
2017-04,train,MCQE.CA,Misr Cement (Qena),Equity,0.46666666865348816,0.4983469247817993,15.0,9.0,0.26666666666666666,0.03168025612831116
2017-04,train,MoneyMarket,91-Day T-Bills,MoneyMarket,0.0,0.35218632221221924,1.0,1.0,0.0,0.35218632221221924
2017-04,train,OIH.CA,Orascom Investment Holding,Equity,0.5111111402511597,0.6034003496170044,16.0,20.0,0.6333333333333333,0.09228920936584473
2017-04,train,ORAS.CA,Orascom Construction PLC,Equity,0.21111111342906952,0.46010273694992065,4.5,7.0,0.2,0.24899162352085114
2017-04,train,ORHD.CA,Orascom Development Egypt,Equity,0.8222222328186035,0.6263689994812012,26.5,24.0,0.7666666666666667,-0.19585323333740234
2017-04,train,ORWE.CA,Oriental Weavers,Equity,0.5888888835906982,0.6109288930892944,18.0,22.0,0.7,0.02204000949859619
2017-04,train,PHDC.CA,Palm Hills Development Company,Equity,0.3888888955116272,0.5397396683692932,14.0,14.0,0.43333333333333335,0.15085077285766602
2017-04,train,RAYA.CA,Raya Holding For Financial Investments,Equity,1.0,0.6804919242858887,31.0,31.0,1.0,-0.31950807571411133
2017-04,train,REIT,REIT Index,REIT,0.3777777850627899,0.45170342922210693,13.0,5.0,0.13333333333333333,0.07392564415931702
2017-04,train,TMGH.CA,T M G Holding,Equity,0.5333333611488342,0.543619692325592,17.0,16.0,0.5,0.010286331176757812
2017-04,train,VLMR.CA,Valmore Holding,Equity,0.36666667461395264,0.4918147027492523,12.0,8.0,0.23333333333333334,0.12514802813529968
2017-05,train,ABUK.CA,Abou Kir Fertilizers,Equity,0.46666666865348816,0.5312066674232483,14.0,17.0,0.5333333333333333,0.06453999876976013
2017-05,train,ADIB.CA,Abu Dhabi Islamic Bank- Egypt,Equity,0.9111111164093018,0.6446231603622437,29.5,28.0,0.9,-0.2664879560470581
2017-05,train,AMOC.CA,Alexandria Mineral Oils Company,Equity,0.3777777850627899,0.6147974133491516,11.0,24.0,0.7666666666666667,0.2370196282863617
2017-05,train,ARCC.CA,Arabian Cement Company,Equity,0.6333333253860474,0.647526741027832,21.0,29.0,0.9333333333333333,0.014193415641784668
2017-05,train,BTFH.CA,Beltone Holding,Equity,0.644444465637207,0.6202513575553894,22.0,25.0,0.8,-0.024193108081817627
2017-05,train,Bonds,5-Year Government Bonds,Bonds,0.2222222238779068,0.34922105073928833,8.0,2.0,0.03333333333333333,0.12699882686138153
2017-05,train,CCAP.CA,QALA For Financial Investments,Equity,0.9111111164093018,0.5827686190605164,29.5,22.0,0.7,-0.3283424973487854
2017-05,train,COMI.CA,Commercial International Bank-Egypt (CIB),Equity,0.10000000149011612,0.3973829448223114,3.0,4.0,0.1,0.2973829433321953
2017-05,train,EAST.CA,Eastern Company,Equity,0.1111111119389534,0.43104374408721924,4.0,8.0,0.23333333333333334,0.31993263214826584
2017-05,train,EFID.CA,Edita Food Industries S.A.E,Equity,0.2888889014720917,0.4946852922439575,9.0,12.0,0.36666666666666664,0.20579639077186584
2017-05,train,EGAL.CA,Egypt Aluminum,Equity,0.8888888955116272,0.6385201811790466,27.5,27.0,0.8666666666666667,-0.25036871433258057
2017-05,train,EGCH.CA,Egyptian Chemical Industries (Kima),Equity,0.5666666626930237,0.6490458250045776,17.5,30.0,0.9666666666666667,0.08237916231155396
2017-05,train,EGX30,EGX30 Index,EquityIndex,0.15555556118488312,0.38930490612983704,6.0,3.0,0.06666666666666667,0.23374934494495392
2017-05,train,EMFD.CA,Emaar Misr for Development,Equity,0.6222222447395325,0.5040919184684753,20.0,13.0,0.4,-0.11813032627105713
2017-05,train,ETEL.CA,Telecom Egypt,Equity,0.42222222685813904,0.5290261507034302,12.5,16.0,0.5,0.10680392384529114
2017-05,train,GBCO.CA,GB Corp,Equity,0.8333333134651184,0.5444174408912659,26.0,18.0,0.5666666666666667,-0.28891587257385254
2017-05,train,Gold,24K Gold (EGP),Gold,0.12222222238779068,0.41577333211898804,5.0,6.0,0.16666666666666666,0.29355110973119736
2017-05,train,HELI.CA,Heliopolis Housing,Equity,0.5666666626930237,0.5719454884529114,17.5,21.0,0.6666666666666666,0.005278825759887695
2017-05,train,HRHO.CA,EFG Holding,Equity,0.7666666507720947,0.48661091923713684,25.0,11.0,0.3333333333333333,-0.2800557315349579
2017-05,train,JUFO.CA,Juhayna Food Industries,Equity,0.7333333492279053,0.5980533361434937,24.0,23.0,0.7333333333333333,-0.13528001308441162
2017-05,train,MCQE.CA,Misr Cement (Qena),Equity,0.07777778059244156,0.5247605443000793,2.0,15.0,0.4666666666666667,0.4469827637076378
2017-05,train,MoneyMarket,91-Day T-Bills,MoneyMarket,0.0,0.32914820313453674,1.0,1.0,0.0,0.32914820313453674
2017-05,train,OIH.CA,Orascom Investment Holding,Equity,0.5222222208976746,0.5705094933509827,16.0,20.0,0.6333333333333333,0.048287272453308105
2017-05,train,ORAS.CA,Orascom Construction PLC,Equity,0.42222222685813904,0.4673425555229187,12.5,9.0,0.26666666666666666,0.04512032866477966
2017-05,train,ORHD.CA,Orascom Development Egypt,Equity,0.6111111044883728,0.6276871562004089,19.0,26.0,0.8333333333333334,0.016576051712036133
2017-05,train,ORWE.CA,Oriental Weavers,Equity,0.30000001192092896,0.5513991713523865,10.0,19.0,0.6,0.2513991594314575
2017-05,train,PHDC.CA,Palm Hills Development Company,Equity,0.6777777671813965,0.4824220836162567,23.0,10.0,0.3,-0.19535568356513977
2017-05,train,RAYA.CA,Raya Holding For Financial Investments,Equity,0.9777777791023254,0.6595703959465027,31.0,31.0,1.0,-0.31820738315582275
2017-05,train,REIT,REIT Index,REIT,0.4888888895511627,0.40098801255226135,15.0,5.0,0.13333333333333333,-0.08790087699890137
2017-05,train,TMGH.CA,T M G Holding,Equity,0.8888888955116272,0.5066381692886353,27.5,14.0,0.43333333333333335,-0.38225072622299194
2017-05,train,VLMR.CA,Valmore Holding,Equity,0.18888889253139496,0.4205414354801178,7.0,7.0,0.2,0.23165254294872284
2017-06,train,ABUK.CA,Abou Kir Fertilizers,Equity,0.6222222447395325,0.5186132192611694,19.0,17.0,0.5333333333333333,-0.10360902547836304
2017-06,train,ADIB.CA,Abu Dhabi Islamic Bank- Egypt,Equity,0.7555555701255798,0.635101854801178,26.0,29.0,0.9333333333333333,-0.12045371532440186
2017-06,train,AMOC.CA,Alexandria Mineral Oils Company,Equity,0.24444444477558136,0.5331526398658752,7.0,19.0,0.6,0.2887081950902939
2017-06,train,ARCC.CA,Arabian Cement Company,Equity,0.47777777910232544,0.5897853970527649,15.0,25.0,0.8,0.11200761795043945
2017-06,train,BTFH.CA,Beltone Holding,Equity,0.6666666865348816,0.6230112314224243,20.5,27.0,0.8666666666666667,-0.043655455112457275
2017-06,train,Bonds,5-Year Government Bonds,Bonds,0.03333333507180214,0.33194267749786377,2.0,2.0,0.03333333333333333,0.29860934242606163
2017-06,train,CCAP.CA,QALA For Financial Investments,Equity,0.6888889074325562,0.5784533023834229,22.0,22.0,0.7,-0.1104356050491333
2017-06,train,COMI.CA,Commercial International Bank-Egypt (CIB),Equity,0.35555556416511536,0.39417123794555664,10.0,4.0,0.1,0.038615673780441284
2017-06,train,EAST.CA,Eastern Company,Equity,0.8111110925674438,0.40374207496643066,28.0,7.0,0.2,-0.4073690176010132
2017-06,train,EFID.CA,Edita Food Industries S.A.E,Equity,0.21111111342906952,0.46628338098526,5.5,11.0,0.3333333333333333,0.2551722675561905
2017-06,train,EGAL.CA,Egypt Aluminum,Equity,0.5555555820465088,0.6382139921188354,17.0,30.0,0.9666666666666667,0.08265841007232666
2017-06,train,EGCH.CA,Egyptian Chemical Industries (Kima),Equity,0.25555557012557983,0.594298779964447,8.0,26.0,0.8333333333333334,0.3387432098388672
2017-06,train,EGX30,EGX30 Index,EquityIndex,0.08888889104127884,0.37600114941596985,3.0,3.0,0.06666666666666667,0.287112258374691
2017-06,train,EMFD.CA,Emaar Misr for Development,Equity,0.7444444298744202,0.5009527802467346,25.0,15.0,0.4666666666666667,-0.24349164962768555
2017-06,train,ETEL.CA,Telecom Egypt,Equity,0.42222222685813904,0.4719710052013397,14.0,12.0,0.36666666666666664,0.049748778343200684
2017-06,train,GBCO.CA,GB Corp,Equity,0.5,0.5351264476776123,16.0,20.0,0.6333333333333333,0.035126447677612305
2017-06,train,Gold,24K Gold (EGP),Gold,0.3333333432674408,0.39908450841903687,9.0,5.0,0.13333333333333333,0.06575116515159607
2017-06,train,HELI.CA,Heliopolis Housing,Equity,0.4000000059604645,0.5875755548477173,13.0,24.0,0.7666666666666667,0.1875755488872528
2017-06,train,HRHO.CA,EFG Holding,Equity,0.7333333492279053,0.49972525238990784,24.0,14.0,0.43333333333333335,-0.23360809683799744
2017-06,train,JUFO.CA,Juhayna Food Industries,Equity,0.6666666865348816,0.564950168132782,20.5,21.0,0.6666666666666666,-0.10171651840209961
2017-06,train,MCQE.CA,Misr Cement (Qena),Equity,0.8111110925674438,0.46516644954681396,28.0,10.0,0.3,-0.3459446430206299
2017-06,train,MoneyMarket,91-Day T-Bills,MoneyMarket,0.0,0.3157377243041992,1.0,1.0,0.0,0.3157377243041992
2017-06,train,OIH.CA,Orascom Investment Holding,Equity,0.9666666388511658,0.5817998051643372,31.0,23.0,0.7333333333333333,-0.3848668336868286
2017-06,train,ORAS.CA,Orascom Construction PLC,Equity,0.6111111044883728,0.45137450098991394,18.0,9.0,0.26666666666666666,-0.15973660349845886
2017-06,train,ORHD.CA,Orascom Development Egypt,Equity,0.8111110925674438,0.62464439868927,28.0,28.0,0.9,-0.18646669387817383
2017-06,train,ORWE.CA,Oriental Weavers,Equity,0.36666667461395264,0.48109859228134155,11.0,13.0,0.4,0.11443191766738892
2017-06,train,PHDC.CA,Palm Hills Development Company,Equity,0.3777777850627899,0.5133971571922302,12.0,16.0,0.5,0.1356193721294403
2017-06,train,RAYA.CA,Raya Holding For Financial Investments,Equity,0.9333333373069763,0.6506935358047485,30.0,31.0,1.0,-0.2826398015022278
2017-06,train,REIT,REIT Index,REIT,0.21111111342906952,0.3996466100215912,5.5,6.0,0.16666666666666666,0.18853549659252167
2017-06,train,TMGH.CA,T M G Holding,Equity,0.699999988079071,0.5299981832504272,23.0,18.0,0.5666666666666667,-0.1700018048286438
2017-06,train,VLMR.CA,Valmore Holding,Equity,0.14444445073604584,0.40376895666122437,4.0,8.0,0.23333333333333334,0.25932450592517853
2017-07,train,ABUK.CA,Abou Kir Fertilizers,Equity,0.6666666865348816,0.565125048160553,22.5,20.0,0.6333333333333333,-0.10154163837432861
2017-07,train,ADIB.CA,Abu Dhabi Islamic Bank- Egypt,Equity,0.6111111044883728,0.6293425559997559,20.5,27.0,0.8666666666666667,0.018231451511383057
2017-07,train,AMOC.CA,Alexandria Mineral Oils Company,Equity,0.3333333432674408,0.5338577628135681,10.0,16.0,0.5,0.20052441954612732
2017-07,train,ARCC.CA,Arabian Cement Company,Equity,0.5888888835906982,0.5831596851348877,18.0,23.0,0.7333333333333333,-0.005729198455810547
2017-07,train,BTFH.CA,Beltone Holding,Equity,0.855555534362793,0.6580277681350708,28.0,30.0,0.9666666666666667,-0.19752776622772217
2017-07,train,Bonds,5-Year Government Bonds,Bonds,0.07777778059244156,0.3426576256752014,3.0,2.0,0.03333333333333333,0.26487984508275986
2017-07,train,CCAP.CA,QALA For Financial Investments,Equity,0.4444444477558136,0.5767928957939148,12.0,21.0,0.6666666666666666,0.1323484480381012
2017-07,train,COMI.CA,Commercial International Bank-Egypt (CIB),Equity,0.24444444477558136,0.43021732568740845,7.0,7.0,0.2,0.1857728809118271
2017-07,train,EAST.CA,Eastern Company,Equity,0.011111111380159855,0.47890505194664,1.0,9.0,0.26666666666666666,0.46779394056648016
2017-07,train,EFID.CA,Edita Food Industries S.A.E,Equity,0.7555555701255798,0.4607641100883484,26.0,8.0,0.23333333333333334,-0.29479146003723145
2017-07,train,EGAL.CA,Egypt Aluminum,Equity,0.9555555582046509,0.6360477805137634,30.0,28.0,0.9,-0.31950777769088745
2017-07,train,EGCH.CA,Egyptian Chemical Industries (Kima),Equity,0.7222222089767456,0.5886462926864624,25.0,24.0,0.7666666666666667,-0.1335759162902832
2017-07,train,EGX30,EGX30 Index,EquityIndex,0.12222222238779068,0.38804322481155396,4.0,3.0,0.06666666666666667,0.2658210024237633
2017-07,train,EMFD.CA,Emaar Misr for Development,Equity,0.4555555582046509,0.5281550288200378,13.5,15.0,0.4666666666666667,0.07259947061538696
2017-07,train,ETEL.CA,Telecom Egypt,Equity,0.18888889253139496,0.4914070963859558,6.0,13.0,0.4,0.30251820385456085
2017-07,train,GBCO.CA,GB Corp,Equity,0.5222222208976746,0.5580288767814636,16.0,19.0,0.6,0.03580665588378906
2017-07,train,Gold,24K Gold (EGP),Gold,0.1666666716337204,0.41668733954429626,5.0,5.0,0.13333333333333333,0.25002066791057587
2017-07,train,HELI.CA,Heliopolis Housing,Equity,0.6111111044883728,0.6065938472747803,20.5,26.0,0.8333333333333334,-0.004517257213592529
2017-07,train,HRHO.CA,EFG Holding,Equity,0.5666666626930237,0.5060561299324036,17.0,14.0,0.43333333333333335,-0.06061053276062012
2017-07,train,JUFO.CA,Juhayna Food Industries,Equity,0.8888888955116272,0.5527570843696594,29.0,18.0,0.5666666666666667,-0.3361318111419678
2017-07,train,MCQE.CA,Misr Cement (Qena),Equity,0.9888888597488403,0.5823078155517578,31.0,22.0,0.7,-0.4065810441970825
2017-07,train,MoneyMarket,91-Day T-Bills,MoneyMarket,0.02222222276031971,0.3273354768753052,2.0,1.0,0.0,0.30511325411498547
2017-07,train,OIH.CA,Orascom Investment Holding,Equity,0.6000000238418579,0.6031631827354431,19.0,25.0,0.8,0.003163158893585205
2017-07,train,ORAS.CA,Orascom Construction PLC,Equity,0.4555555582046509,0.488404780626297,13.5,12.0,0.36666666666666664,0.03284922242164612
2017-07,train,ORHD.CA,Orascom Development Egypt,Equity,0.8444444537162781,0.6384543776512146,27.0,29.0,0.9333333333333333,-0.20599007606506348
2017-07,train,ORWE.CA,Oriental Weavers,Equity,0.6666666865348816,0.48334425687789917,22.5,10.0,0.3,-0.18332242965698242
2017-07,train,PHDC.CA,Palm Hills Development Company,Equity,0.3333333432674408,0.4840281009674072,10.0,11.0,0.3333333333333333,0.15069475769996643
2017-07,train,RAYA.CA,Raya Holding For Financial Investments,Equity,0.699999988079071,0.6742186546325684,24.0,31.0,1.0,-0.025781333446502686
2017-07,train,REIT,REIT Index,REIT,0.2666666805744171,0.4099360406398773,8.0,4.0,0.1,0.1432693600654602
2017-07,train,TMGH.CA,T M G Holding,Equity,0.3333333432674408,0.5367304682731628,10.0,17.0,0.5333333333333333,0.20339712500572205
2017-07,train,VLMR.CA,Valmore Holding,Equity,0.5,0.4248078763484955,15.0,6.0,0.16666666666666666,-0.07519212365150452
2017-08,train,ABUK.CA,Abou Kir Fertilizers,Equity,0.8777777552604675,0.5464460253715515,27.0,19.0,0.6,-0.331331729888916
2017-08,train,ADIB.CA,Abu Dhabi Islamic Bank- Egypt,Equity,0.5333333611488342,0.6163216829299927,18.0,27.0,0.8666666666666667,0.08298832178115845
2017-08,train,AMOC.CA,Alexandria Mineral Oils Company,Equity,0.23333333432674408,0.4696725904941559,7.0,11.0,0.3333333333333333,0.2363392561674118
2017-08,train,ARCC.CA,Arabian Cement Company,Equity,0.7777777910232544,0.5429644584655762,26.0,18.0,0.5666666666666667,-0.23481333255767822
2017-08,train,BTFH.CA,Beltone Holding,Equity,0.8888888955116272,0.6369431018829346,28.0,29.0,0.9333333333333333,-0.2519457936286926
2017-08,train,Bonds,5-Year Government Bonds,Bonds,0.03333333507180214,0.33604696393013,2.0,2.0,0.03333333333333333,0.30271362885832787
2017-08,train,CCAP.CA,QALA For Financial Investments,Equity,0.6222222447395325,0.602658748626709,20.0,26.0,0.8333333333333334,-0.019563496112823486
2017-08,train,COMI.CA,Commercial International Bank-Egypt (CIB),Equity,0.2777777910232544,0.40344473719596863,9.0,6.0,0.16666666666666666,0.12566694617271423
2017-08,train,EAST.CA,Eastern Company,Equity,0.36666667461395264,0.43693867325782776,11.0,8.0,0.23333333333333334,0.07027199864387512
2017-08,train,EFID.CA,Edita Food Industries S.A.E,Equity,0.6777777671813965,0.5011642575263977,22.0,15.0,0.4666666666666667,-0.17661350965499878
2017-08,train,EGAL.CA,Egypt Aluminum,Equity,0.9222221970558167,0.6426965594291687,29.0,30.0,0.9666666666666667,-0.27952563762664795
2017-08,train,EGCH.CA,Egyptian Chemical Industries (Kima),Equity,0.6888889074325562,0.5826669931411743,23.0,23.0,0.7333333333333333,-0.10622191429138184
2017-08,train,EGX30,EGX30 Index,EquityIndex,0.18888889253139496,0.36368194222450256,5.0,3.0,0.06666666666666667,0.1747930496931076
2017-08,train,EMFD.CA,Emaar Misr for Development,Equity,0.5111111402511597,0.4979001581668854,17.0,14.0,0.43333333333333335,-0.013210982084274292
2017-08,train,ETEL.CA,Telecom Egypt,Equity,0.2222222238779068,0.45619651675224304,6.0,10.0,0.3,0.23397429287433624
2017-08,train,GBCO.CA,GB Corp,Equity,0.3777777850627899,0.5516217350959778,12.0,20.0,0.6333333333333333,0.17384395003318787
2017-08,train,Gold,24K Gold (EGP),Gold,0.06666667014360428,0.40049001574516296,3.0,5.0,0.13333333333333333,0.3338233456015587
2017-08,train,HELI.CA,Heliopolis Housing,Equity,0.7666666507720947,0.5652883648872375,25.0,21.0,0.6666666666666666,-0.20137828588485718
2017-08,train,HRHO.CA,EFG Holding,Equity,0.6333333253860474,0.5087161660194397,21.0,17.0,0.5333333333333333,-0.12461715936660767
2017-08,train,JUFO.CA,Juhayna Food Industries,Equity,0.4444444477558136,0.584679901599884,14.0,25.0,0.8,0.14023545384407043
2017-08,train,MCQE.CA,Misr Cement (Qena),Equity,0.9888888597488403,0.5696861743927002,31.0,22.0,0.7,-0.41920268535614014
2017-08,train,MoneyMarket,91-Day T-Bills,MoneyMarket,0.0,0.3163711130619049,1.0,1.0,0.0,0.3163711130619049
2017-08,train,OIH.CA,Orascom Investment Holding,Equity,0.5444444417953491,0.5833752751350403,19.0,24.0,0.7666666666666667,0.03893083333969116
2017-08,train,ORAS.CA,Orascom Construction PLC,Equity,0.7555555701255798,0.44043439626693726,24.0,9.0,0.26666666666666666,-0.3151211738586426
2017-08,train,ORHD.CA,Orascom Development Egypt,Equity,0.4888888895511627,0.6279799342155457,15.0,28.0,0.9,0.13909104466438293
2017-08,train,ORWE.CA,Oriental Weavers,Equity,0.2666666805744171,0.48508718609809875,8.0,12.0,0.36666666666666664,0.21842050552368164
2017-08,train,PHDC.CA,Palm Hills Development Company,Equity,0.5,0.49134308099746704,16.0,13.0,0.4,-0.008656919002532959
2017-08,train,RAYA.CA,Raya Holding For Financial Investments,Equity,0.9444444179534912,0.66154545545578,30.0,31.0,1.0,-0.2828989624977112
2017-08,train,REIT,REIT Index,REIT,0.4333333373069763,0.3920397460460663,13.0,4.0,0.1,-0.041293591260910034
2017-08,train,TMGH.CA,T M G Holding,Equity,0.30000001192092896,0.5049932599067688,10.0,16.0,0.5,0.20499324798583984
2017-08,train,VLMR.CA,Valmore Holding,Equity,0.1666666716337204,0.4337710440158844,4.0,7.0,0.2,0.267104372382164
2017-09,train,ABUK.CA,Abou Kir Fertilizers,Equity,0.699999988079071,0.5737884044647217,24.0,23.0,0.7333333333333333,-0.12621158361434937
2017-09,train,ADIB.CA,Abu Dhabi Islamic Bank- Egypt,Equity,0.644444465637207,0.6000011563301086,20.0,25.0,0.8,-0.04444330930709839
2017-09,train,AMOC.CA,Alexandria Mineral Oils Company,Equity,0.21111111342906952,0.4555564820766449,5.0,10.0,0.3,0.24444536864757538
2017-09,train,ARCC.CA,Arabian Cement Company,Equity,0.3333333432674408,0.5297483205795288,9.0,19.0,0.6,0.196414977312088
2017-09,train,BTFH.CA,Beltone Holding,Equity,0.6777777671813965,0.6377695798873901,22.0,30.0,0.9666666666666667,-0.04000818729400635
2017-09,train,Bonds,5-Year Government Bonds,Bonds,0.04444444552063942,0.33205896615982056,2.0,2.0,0.03333333333333333,0.28761452063918114
2017-09,train,CCAP.CA,QALA For Financial Investments,Equity,0.9555555582046509,0.6015297174453735,30.0,26.0,0.8333333333333334,-0.35402584075927734
2017-09,train,COMI.CA,Commercial International Bank-Egypt (CIB),Equity,0.46666666865348816,0.40733957290649414,14.5,6.0,0.16666666666666666,-0.05932709574699402
2017-09,train,EAST.CA,Eastern Company,Equity,0.25555557012557983,0.4379877746105194,6.0,8.0,0.23333333333333334,0.18243220448493958
2017-09,train,EFID.CA,Edita Food Industries S.A.E,Equity,0.0555555559694767,0.5135359764099121,3.0,16.0,0.5,0.4579804204404354
2017-09,train,EGAL.CA,Egypt Aluminum,Equity,0.9888888597488403,0.6336383819580078,31.0,29.0,0.9333333333333333,-0.3552504777908325
2017-09,train,EGCH.CA,Egyptian Chemical Industries (Kima),Equity,0.2777777910232544,0.5617309212684631,8.0,21.0,0.6666666666666666,0.28395313024520874
2017-09,train,EGX30,EGX30 Index,EquityIndex,0.1111111119389534,0.36426159739494324,4.0,3.0,0.06666666666666667,0.25315048545598984
2017-09,train,EMFD.CA,Emaar Misr for Development,Equity,0.47777777910232544,0.5180667042732239,16.0,17.0,0.5333333333333333,0.04028892517089844
2017-09,train,ETEL.CA,Telecom Egypt,Equity,0.7222222089767456,0.4654633402824402,25.0,12.0,0.36666666666666664,-0.2567588686943054
2017-09,train,GBCO.CA,GB Corp,Equity,0.5444444417953491,0.5309627056121826,17.0,20.0,0.6333333333333333,-0.013481736183166504
2017-09,train,Gold,24K Gold (EGP),Gold,0.6111111044883728,0.39328593015670776,19.0,5.0,0.13333333333333333,-0.21782517433166504
2017-09,train,HELI.CA,Heliopolis Housing,Equity,0.6666666865348816,0.5692964196205139,21.0,22.0,0.7,-0.09737026691436768
2017-09,train,HRHO.CA,EFG Holding,Equity,0.2666666805744171,0.5078541040420532,7.0,15.0,0.4666666666666667,0.2411874234676361
2017-09,train,JUFO.CA,Juhayna Food Industries,Equity,0.6888889074325562,0.5254648327827454,23.0,18.0,0.5666666666666667,-0.1634240746498108
2017-09,train,MCQE.CA,Misr Cement (Qena),Equity,0.8888888955116272,0.6096550226211548,29.0,28.0,0.9,-0.2792338728904724
2017-09,train,MoneyMarket,91-Day T-Bills,MoneyMarket,0.0,0.3065991699695587,1.0,1.0,0.0,0.3065991699695587
2017-09,train,OIH.CA,Orascom Investment Holding,Equity,0.46666666865348816,0.588850736618042,14.5,24.0,0.7666666666666667,0.12218406796455383
2017-09,train,ORAS.CA,Orascom Construction PLC,Equity,0.5666666626930237,0.4635557234287262,18.0,11.0,0.3333333333333333,-0.10311093926429749
2017-09,train,ORHD.CA,Orascom Development Egypt,Equity,0.8333333134651184,0.6073610782623291,28.0,27.0,0.8666666666666667,-0.2259722352027893
2017-09,train,ORWE.CA,Oriental Weavers,Equity,0.7333333492279053,0.4422864019870758,26.0,9.0,0.26666666666666666,-0.29104694724082947
2017-09,train,PHDC.CA,Palm Hills Development Company,Equity,0.35555556416511536,0.47141459584236145,11.5,13.0,0.4,0.1158590316772461
2017-09,train,RAYA.CA,Raya Holding For Financial Investments,Equity,0.800000011920929,0.6643362045288086,27.0,31.0,1.0,-0.13566380739212036
2017-09,train,REIT,REIT Index,REIT,0.35555556416511536,0.3796513080596924,11.5,4.0,0.1,0.024095743894577026
2017-09,train,TMGH.CA,T M G Holding,Equity,0.3444444537162781,0.4823249876499176,10.0,14.0,0.43333333333333335,0.13788053393363953
2017-09,train,VLMR.CA,Valmore Holding,Equity,0.4555555582046509,0.4349798560142517,13.0,7.0,0.2,-0.02057570219039917
2017-10,train,ABUK.CA,Abou Kir Fertilizers,Equity,0.7111111283302307,0.566902756690979,23.0,21.0,0.6666666666666666,-0.1442083716392517
2017-10,train,ADIB.CA,Abu Dhabi Islamic Bank- Egypt,Equity,0.8999999761581421,0.6047189235687256,29.0,25.0,0.8,-0.2952810525894165
2017-10,train,AMOC.CA,Alexandria Mineral Oils Company,Equity,0.9333333373069763,0.4468177258968353,30.0,8.0,0.23333333333333334,-0.486515611410141
2017-10,train,ARCC.CA,Arabian Cement Company,Equity,0.3333333432674408,0.516495406627655,9.0,16.0,0.5,0.18316206336021423
2017-10,train,BTFH.CA,Beltone Holding,Equity,0.5888888835906982,0.6224895119667053,20.0,26.0,0.8333333333333334,0.03360062837600708
2017-10,train,Bonds,5-Year Government Bonds,Bonds,0.03333333507180214,0.34588780999183655,2.0,2.0,0.03333333333333333,0.3125544749200344
2017-10,train,CCAP.CA,QALA For Financial Investments,Equity,0.644444465637207,0.6246577501296997,22.0,27.0,0.8666666666666667,-0.019786715507507324
2017-10,train,COMI.CA,Commercial International Bank-Egypt (CIB),Equity,0.36666667461395264,0.39006587862968445,10.0,6.0,0.16666666666666666,0.02339920401573181
2017-10,train,EAST.CA,Eastern Company,Equity,0.6222222447395325,0.4076695740222931,21.0,7.0,0.2,-0.21455267071723938
2017-10,train,EFID.CA,Edita Food Industries S.A.E,Equity,0.2222222238779068,0.5318168997764587,7.0,17.0,0.5333333333333333,0.30959467589855194
2017-10,train,EGAL.CA,Egypt Aluminum,Equity,1.0,0.6439906358718872,31.0,31.0,1.0,-0.3560093641281128
2017-10,train,EGCH.CA,Egyptian Chemical Industries (Kima),Equity,0.8888888955116272,0.556161642074585,28.0,19.0,0.6,-0.33272725343704224
2017-10,train,EGX30,EGX30 Index,EquityIndex,0.1111111119389534,0.3538164794445038,4.0,3.0,0.06666666666666667,0.24270536750555038
2017-10,train,EMFD.CA,Emaar Misr for Development,Equity,0.4000000059604645,0.5466651916503906,12.0,18.0,0.5666666666666667,0.14666518568992615
2017-10,train,ETEL.CA,Telecom Egypt,Equity,0.5222222208976746,0.4492247700691223,17.0,10.0,0.3,-0.07299745082855225
2017-10,train,GBCO.CA,GB Corp,Equity,0.5666666626930237,0.5861729383468628,19.0,23.0,0.7333333333333333,0.01950627565383911
2017-10,train,Gold,24K Gold (EGP),Gold,0.06666667014360428,0.38959410786628723,3.0,5.0,0.13333333333333333,0.32292743772268295
2017-10,train,HELI.CA,Heliopolis Housing,Equity,0.3777777850627899,0.5622623562812805,11.0,20.0,0.6333333333333333,0.1844845712184906
2017-10,train,HRHO.CA,EFG Holding,Equity,0.7444444298744202,0.5055772662162781,25.0,15.0,0.4666666666666667,-0.2388671636581421
2017-10,train,JUFO.CA,Juhayna Food Industries,Equity,0.7222222089767456,0.5714912414550781,24.0,22.0,0.7,-0.15073096752166748
2017-10,train,MCQE.CA,Misr Cement (Qena),Equity,0.5111111402511597,0.6290531158447266,16.0,28.0,0.9,0.1179419755935669
2017-10,train,MoneyMarket,91-Day T-Bills,MoneyMarket,0.0,0.31114816665649414,1.0,1.0,0.0,0.31114816665649414
2017-10,train,OIH.CA,Orascom Investment Holding,Equity,0.46666666865348816,0.5982245802879333,15.0,24.0,0.7666666666666667,0.1315579116344452
2017-10,train,ORAS.CA,Orascom Construction PLC,Equity,0.21111111342906952,0.4888073205947876,6.0,13.0,0.4,0.2776962071657181
2017-10,train,ORHD.CA,Orascom Development Egypt,Equity,0.8111110925674438,0.6317708492279053,26.0,29.0,0.9333333333333333,-0.17934024333953857
2017-10,train,ORWE.CA,Oriental Weavers,Equity,0.5444444417953491,0.44800353050231934,18.0,9.0,0.26666666666666666,-0.09644091129302979
2017-10,train,PHDC.CA,Palm Hills Development Company,Equity,0.4444444477558136,0.4880591332912445,13.5,12.0,0.36666666666666664,0.04361468553543091
2017-10,train,RAYA.CA,Raya Holding For Financial Investments,Equity,0.855555534362793,0.6436761617660522,27.0,30.0,0.9666666666666667,-0.21187937259674072
2017-10,train,REIT,REIT Index,REIT,0.18888889253139496,0.38744044303894043,5.0,4.0,0.1,0.19855155050754547
2017-10,train,TMGH.CA,T M G Holding,Equity,0.2666666805744171,0.5016788244247437,8.0,14.0,0.43333333333333335,0.23501214385032654
2017-10,train,VLMR.CA,Valmore Holding,Equity,0.4444444477558136,0.4554128050804138,13.5,11.0,0.3333333333333333,0.01096835732460022
2017-11,train,ABUK.CA,Abou Kir Fertilizers,Equity,0.7555555701255798,0.5632051825523376,25.0,20.0,0.6333333333333333,-0.1923503875732422
2017-11,train,ADIB.CA,Abu Dhabi Islamic Bank- Egypt,Equity,0.6777777671813965,0.6039186120033264,23.0,24.0,0.7666666666666667,-0.07385915517807007
2017-11,train,AMOC.CA,Alexandria Mineral Oils Company,Equity,0.25555557012557983,0.5115255117416382,6.0,13.0,0.4,0.25596994161605835
2017-11,train,ARCC.CA,Arabian Cement Company,Equity,0.3888888955116272,0.5212793946266174,11.5,15.0,0.4666666666666667,0.13239049911499023
2017-11,train,BTFH.CA,Beltone Holding,Equity,0.5666666626930237,0.6319552063941956,19.5,29.0,0.9333333333333333,0.06528854370117188
2017-11,train,Bonds,5-Year Government Bonds,Bonds,0.03333333507180214,0.35638871788978577,2.0,2.0,0.03333333333333333,0.3230553828179836
2017-11,train,CCAP.CA,QALA For Financial Investments,Equity,0.5666666626930237,0.614420473575592,19.5,26.0,0.8333333333333334,0.04775381088256836
2017-11,train,COMI.CA,Commercial International Bank-Egypt (CIB),Equity,0.2777777910232544,0.39554959535598755,7.0,4.0,0.1,0.11777180433273315
2017-11,train,EAST.CA,Eastern Company,Equity,0.30000001192092896,0.43130651116371155,8.0,7.0,0.2,0.1313064992427826
2017-11,train,EFID.CA,Edita Food Industries S.A.E,Equity,0.6555555462837219,0.5139630436897278,22.0,14.0,0.43333333333333335,-0.14159250259399414
2017-11,train,EGAL.CA,Egypt Aluminum,Equity,0.9555555582046509,0.6471607685089111,30.0,31.0,1.0,-0.30839478969573975
2017-11,train,EGCH.CA,Egyptian Chemical Industries (Kima),Equity,0.8999999761581421,0.627899169921875,29.0,27.0,0.8666666666666667,-0.2721008062362671
2017-11,train,EGX30,EGX30 Index,EquityIndex,0.15555556118488312,0.3635822832584381,4.0,3.0,0.06666666666666667,0.208026722073555
2017-11,train,EMFD.CA,Emaar Misr for Development,Equity,0.5666666626930237,0.5507184267044067,19.5,18.0,0.5666666666666667,-0.015948235988616943
2017-11,train,ETEL.CA,Telecom Egypt,Equity,0.5111111402511597,0.44693267345428467,15.0,9.0,0.26666666666666666,-0.064178466796875
2017-11,train,GBCO.CA,GB Corp,Equity,0.800000011920929,0.5657447576522827,28.0,21.0,0.6666666666666666,-0.23425525426864624
2017-11,train,Gold,24K Gold (EGP),Gold,0.06666667014360428,0.39846962690353394,3.0,5.0,0.13333333333333333,0.33180295675992966
2017-11,train,HELI.CA,Heliopolis Housing,Equity,0.5222222208976746,0.5876350998878479,16.5,22.0,0.7,0.06541287899017334
2017-11,train,HRHO.CA,EFG Holding,Equity,0.3444444537162781,0.5333214998245239,10.0,17.0,0.5333333333333333,0.18887704610824585
2017-11,train,JUFO.CA,Juhayna Food Industries,Equity,0.5222222208976746,0.5569173693656921,16.5,19.0,0.6,0.03469514846801758
2017-11,train,MCQE.CA,Misr Cement (Qena),Equity,1.0,0.6091541647911072,31.0,25.0,0.8,-0.3908458352088928
2017-11,train,MoneyMarket,91-Day T-Bills,MoneyMarket,0.0,0.3175801634788513,1.0,1.0,0.0,0.3175801634788513
2017-11,train,OIH.CA,Orascom Investment Holding,Equity,0.699999988079071,0.5959348678588867,24.0,23.0,0.7333333333333333,-0.10406512022018433
2017-11,train,ORAS.CA,Orascom Construction PLC,Equity,0.4888888895511627,0.49933379888534546,14.0,12.0,0.36666666666666664,0.01044490933418274
2017-11,train,ORHD.CA,Orascom Development Egypt,Equity,0.7888888716697693,0.6334596276283264,27.0,30.0,0.9666666666666667,-0.15542924404144287
2017-11,train,ORWE.CA,Oriental Weavers,Equity,0.7666666507720947,0.4373701810836792,26.0,8.0,0.23333333333333334,-0.3292964696884155
2017-11,train,PHDC.CA,Palm Hills Development Company,Equity,0.17777778208255768,0.5309084057807922,5.0,16.0,0.5,0.35313062369823456
2017-11,train,RAYA.CA,Raya Holding For Financial Investments,Equity,0.5666666626930237,0.6294633150100708,19.5,28.0,0.9,0.06279665231704712
2017-11,train,REIT,REIT Index,REIT,0.3333333432674408,0.41031649708747864,9.0,6.0,0.16666666666666666,0.07698315382003784
2017-11,train,TMGH.CA,T M G Holding,Equity,0.46666666865348816,0.4754895865917206,13.0,10.0,0.3,0.008822917938232422
2017-11,train,VLMR.CA,Valmore Holding,Equity,0.3888888955116272,0.4776794910430908,11.5,11.0,0.3333333333333333,0.08879059553146362
2017-12,train,ABUK.CA,Abou Kir Fertilizers,Equity,0.6222222447395325,0.5786064863204956,21.5,22.0,0.7,-0.043615758419036865
2017-12,train,ADIB.CA,Abu Dhabi Islamic Bank- Egypt,Equity,0.6888889074325562,0.5905874371528625,23.0,23.0,0.7333333333333333,-0.0983014702796936
2017-12,train,AMOC.CA,Alexandria Mineral Oils Company,Equity,0.25555557012557983,0.48092928528785706,8.0,11.0,0.3333333333333333,0.22537371516227722
2017-12,train,ARCC.CA,Arabian Cement Company,Equity,0.8444444537162781,0.4991985261440277,28.0,16.0,0.5,-0.34524592757225037
2017-12,train,BTFH.CA,Beltone Holding,Equity,0.6222222447395325,0.596396267414093,21.5,24.0,0.7666666666666667,-0.025825977325439453
2017-12,train,Bonds,5-Year Government Bonds,Bonds,0.03333333507180214,0.3543824255466461,2.0,3.0,0.06666666666666667,0.321049090474844
2017-12,train,CCAP.CA,QALA For Financial Investments,Equity,0.5444444417953491,0.6066482067108154,17.0,25.0,0.8,0.06220376491546631
2017-12,train,COMI.CA,Commercial International Bank-Egypt (CIB),Equity,0.31111112236976624,0.40813350677490234,10.0,6.0,0.16666666666666666,0.09702238440513611
2017-12,train,EAST.CA,Eastern Company,Equity,0.1111111119389534,0.43152764439582825,4.0,7.0,0.2,0.32041653245687485
2017-12,train,EFID.CA,Edita Food Industries S.A.E,Equity,0.7777777910232544,0.5306000113487244,25.5,17.0,0.5333333333333333,-0.24717777967453003
2017-12,train,EGAL.CA,Egypt Aluminum,Equity,0.9333333373069763,0.6462525129318237,29.0,31.0,1.0,-0.2870808243751526
2017-12,train,EGCH.CA,Egyptian Chemical Industries (Kima),Equity,0.5888888835906982,0.6136849522590637,18.5,27.0,0.8666666666666667,0.02479606866836548
2017-12,train,EGX30,EGX30 Index,EquityIndex,0.13333334028720856,0.35321080684661865,5.0,2.0,0.03333333333333333,0.2198774665594101
2017-12,train,EMFD.CA,Emaar Misr for Development,Equity,0.7777777910232544,0.555908203125,25.5,18.0,0.5666666666666667,-0.2218695878982544
2017-12,train,ETEL.CA,Telecom Egypt,Equity,0.5111111402511597,0.45634162425994873,15.0,8.0,0.23333333333333334,-0.05476951599121094
2017-12,train,GBCO.CA,GB Corp,Equity,0.5888888835906982,0.6111900210380554,18.5,26.0,0.8333333333333334,0.022301137447357178
2017-12,train,Gold,24K Gold (EGP),Gold,0.08888889104127884,0.40535444021224976,3.0,4.0,0.1,0.3164655491709709
2017-12,train,HELI.CA,Heliopolis Housing,Equity,0.42222222685813904,0.5687065720558167,12.0,21.0,0.6666666666666666,0.1464843451976776
2017-12,train,HRHO.CA,EFG Holding,Equity,0.30000001192092896,0.48735740780830383,9.0,13.0,0.4,0.18735739588737488
2017-12,train,JUFO.CA,Juhayna Food Industries,Equity,0.8333333134651184,0.5575757026672363,27.0,19.0,0.6,-0.2757576107978821
2017-12,train,MCQE.CA,Misr Cement (Qena),Equity,0.9444444179534912,0.6254990696907043,30.0,29.0,0.9333333333333333,-0.31894534826278687
2017-12,train,MoneyMarket,91-Day T-Bills,MoneyMarket,0.0,0.3165115416049957,1.0,1.0,0.0,0.3165115416049957
2017-12,train,OIH.CA,Orascom Investment Holding,Equity,0.5222222208976746,0.5683276057243347,16.0,20.0,0.6333333333333333,0.046105384826660156
2017-12,train,ORAS.CA,Orascom Construction PLC,Equity,0.4444444477558136,0.49917590618133545,13.0,15.0,0.4666666666666667,0.05473145842552185
2017-12,train,ORHD.CA,Orascom Development Egypt,Equity,0.7111111283302307,0.6347179412841797,24.0,30.0,0.9666666666666667,-0.07639318704605103
2017-12,train,ORWE.CA,Oriental Weavers,Equity,0.6111111044883728,0.46060284972190857,20.0,10.0,0.3,-0.15050825476646423
2017-12,train,PHDC.CA,Palm Hills Development Company,Equity,0.4888888895511627,0.49332424998283386,14.0,14.0,0.43333333333333335,0.004435360431671143
2017-12,train,RAYA.CA,Raya Holding For Financial Investments,Equity,0.9777777791023254,0.6164258718490601,31.0,28.0,0.9,-0.3613519072532654
2017-12,train,REIT,REIT Index,REIT,0.20000000298023224,0.4075421094894409,6.0,5.0,0.13333333333333333,0.20754210650920868
2017-12,train,TMGH.CA,T M G Holding,Equity,0.36666667461395264,0.4838281273841858,11.0,12.0,0.36666666666666664,0.11716145277023315
2017-12,train,VLMR.CA,Valmore Holding,Equity,0.24444444477558136,0.45958200097084045,7.0,9.0,0.26666666666666666,0.2151375561952591
2018-01,train,ABUK.CA,Abou Kir Fertilizers,Equity,0.5888888835906982,0.5668339729309082,17.5,20.0,0.6333333333333333,-0.02205491065979004
2018-01,train,ADIB.CA,Abu Dhabi Islamic Bank- Egypt,Equity,0.5888888835906982,0.594619631767273,17.5,23.0,0.7333333333333333,0.005730748176574707
2018-01,train,AMOC.CA,Alexandria Mineral Oils Company,Equity,0.5666666626930237,0.5173797607421875,16.0,17.0,0.5333333333333333,-0.04928690195083618
2018-01,train,ARCC.CA,Arabian Cement Company,Equity,0.35555556416511536,0.49167701601982117,10.0,14.0,0.43333333333333335,0.1361214518547058
2018-01,train,BTFH.CA,Beltone Holding,Equity,0.7222222089767456,0.6066979169845581,25.0,27.0,0.8666666666666667,-0.1155242919921875
2018-01,train,Bonds,5-Year Government Bonds,Bonds,0.03333333507180214,0.3419058620929718,1.0,2.0,0.03333333333333333,0.30857252702116966
2018-01,train,CCAP.CA,QALA For Financial Investments,Equity,0.3777777850627899,0.5769734382629395,11.0,22.0,0.7,0.19919565320014954
2018-01,train,COMI.CA,Commercial International Bank-Egypt (CIB),Equity,0.4333333373069763,0.4067475199699402,14.0,6.0,0.16666666666666666,-0.026585817337036133
2018-01,train,EAST.CA,Eastern Company,Equity,0.15555556118488312,0.4476305842399597,4.0,8.0,0.23333333333333334,0.2920750230550766
2018-01,train,EFID.CA,Edita Food Industries S.A.E,Equity,0.800000011920929,0.493181437253952,26.0,16.0,0.5,-0.30681857466697693
2018-01,train,EGAL.CA,Egypt Aluminum,Equity,0.8888888955116272,0.6531689167022705,29.5,31.0,1.0,-0.2357199788093567
2018-01,train,EGCH.CA,Egyptian Chemical Industries (Kima),Equity,0.41111111640930176,0.628094494342804,12.0,28.0,0.9,0.2169833779335022
2018-01,train,EGX30,EGX30 Index,EquityIndex,0.17777778208255768,0.3517041504383087,5.0,3.0,0.06666666666666667,0.17392636835575104
2018-01,train,EMFD.CA,Emaar Misr for Development,Equity,0.6333333253860474,0.5242225527763367,21.0,18.0,0.5666666666666667,-0.1091107726097107
2018-01,train,ETEL.CA,Telecom Egypt,Equity,0.20000000298023224,0.4487870931625366,6.5,9.0,0.26666666666666666,0.24878709018230438
2018-01,train,GBCO.CA,GB Corp,Equity,0.9333333373069763,0.6017481684684753,31.0,26.0,0.8333333333333334,-0.331585168838501
2018-01,train,Gold,24K Gold (EGP),Gold,0.10000000149011612,0.3897539973258972,3.0,4.0,0.1,0.2897539958357811
2018-01,train,HELI.CA,Heliopolis Housing,Equity,0.6555555462837219,0.5985530614852905,23.0,25.0,0.8,-0.057002484798431396
2018-01,train,HRHO.CA,EFG Holding,Equity,0.8222222328186035,0.4753418266773224,27.0,13.0,0.4,-0.34688040614128113
2018-01,train,JUFO.CA,Juhayna Food Industries,Equity,0.8777777552604675,0.5701546669006348,28.0,21.0,0.6666666666666666,-0.30762308835983276
2018-01,train,MCQE.CA,Misr Cement (Qena),Equity,0.8888888955116272,0.5984746813774109,29.5,24.0,0.7666666666666667,-0.2904142141342163
2018-01,train,MoneyMarket,91-Day T-Bills,MoneyMarket,0.04444444552063942,0.3147731423377991,2.0,1.0,0.0,0.27032869681715965
2018-01,train,OIH.CA,Orascom Investment Holding,Equity,0.6888889074325562,0.5483959913253784,24.0,19.0,0.6,-0.14049291610717773
2018-01,train,ORAS.CA,Orascom Construction PLC,Equity,0.42222222685813904,0.4601017236709595,13.0,11.0,0.3333333333333333,0.037879496812820435
2018-01,train,ORHD.CA,Orascom Development Egypt,Equity,0.644444465637207,0.637898325920105,22.0,30.0,0.9666666666666667,-0.006546139717102051
2018-01,train,ORWE.CA,Oriental Weavers,Equity,0.6000000238418579,0.4750235378742218,19.0,12.0,0.36666666666666664,-0.12497648596763611
2018-01,train,PHDC.CA,Palm Hills Development Company,Equity,0.47777777910232544,0.4931105375289917,15.0,15.0,0.4666666666666667,0.01533275842666626
2018-01,train,RAYA.CA,Raya Holding For Financial Investments,Equity,0.2666666805744171,0.631772518157959,8.0,29.0,0.9333333333333333,0.36510583758354187
2018-01,train,REIT,REIT Index,REIT,0.3333333432674408,0.39675092697143555,9.0,5.0,0.13333333333333333,0.06341758370399475
2018-01,train,TMGH.CA,T M G Holding,Equity,0.6111111044883728,0.4513348937034607,20.0,10.0,0.3,-0.1597762107849121
2018-01,train,VLMR.CA,Valmore Holding,Equity,0.20000000298023224,0.44605961441993713,6.5,7.0,0.2,0.2460596114397049
2018-02,train,ABUK.CA,Abou Kir Fertilizers,Equity,0.6774193644523621,0.599698543548584,23.0,25.0,0.8,-0.07772082090377808
2018-02,train,ADIB.CA,Abu Dhabi Islamic Bank- Egypt,Equity,0.8064516186714172,0.5900335311889648,28.0,23.0,0.7333333333333333,-0.2164180874824524
2018-02,train,AMOC.CA,Alexandria Mineral Oils Company,Equity,0.37634408473968506,0.499356746673584,11.5,15.0,0.4666666666666667,0.12301266193389893
2018-02,train,ARCC.CA,Arabian Cement Company,Equity,0.19354838132858276,0.4420780539512634,6.0,10.0,0.3,0.24852967262268066
2018-02,train,BTFH.CA,Beltone Holding,Equity,0.7311828136444092,0.5894173383712769,26.0,22.0,0.7,-0.14176547527313232
2018-02,train,Bonds,5-Year Government Bonds,Bonds,0.032258063554763794,0.3516610562801361,2.0,2.0,0.03333333333333333,0.3194029927253723
2018-02,train,CCAP.CA,QALA For Financial Investments,Equity,0.3978494703769684,0.5578470230102539,13.0,17.0,0.5333333333333333,0.15999755263328552
2018-02,train,COMI.CA,Commercial International Bank-Egypt (CIB),Equity,0.4193548262119293,0.42525553703308105,14.0,6.0,0.16666666666666666,0.005900710821151733
2018-02,train,EAST.CA,Eastern Company,Equity,0.34408602118492126,0.43543747067451477,8.0,8.0,0.23333333333333334,0.0913514494895935
2018-02,train,EFID.CA,Edita Food Industries S.A.E,Equity,0.6451612710952759,0.5584846138954163,21.0,18.0,0.5666666666666667,-0.08667665719985962
2018-02,train,EGAL.CA,Egypt Aluminum,Equity,0.7204301357269287,0.6567242741584778,24.0,31.0,1.0,-0.06370586156845093
2018-02,train,EGCH.CA,Egyptian Chemical Industries (Kima),Equity,0.7311828136444092,0.6065163612365723,26.0,26.0,0.8333333333333334,-0.12466645240783691
2018-02,train,EGX30,EGX30 Index,EquityIndex,0.10752688348293304,0.36896389722824097,3.5,3.0,0.06666666666666667,0.2614370137453079
2018-02,train,EMFD.CA,Emaar Misr for Development,Equity,0.4301075339317322,0.5623457431793213,16.0,19.0,0.6,0.1322382092475891
2018-02,train,ETEL.CA,Telecom Egypt,Equity,0.5698924660682678,0.43243128061294556,19.0,7.0,0.2,-0.13746118545532227
2018-02,train,GBCO.CA,GB Corp,Equity,0.9892473220825195,0.6295650005340576,31.0,29.0,0.9333333333333333,-0.3596823215484619
2018-02,train,Gold,24K Gold (EGP),Gold,0.10752688348293304,0.4026734530925751,3.5,5.0,0.13333333333333333,0.29514656960964203
2018-02,train,HELI.CA,Heliopolis Housing,Equity,0.4301075339317322,0.5962609648704529,16.0,24.0,0.7666666666666667,0.1661534309387207
2018-02,train,HRHO.CA,EFG Holding,Equity,0.6129032373428345,0.48929330706596375,20.0,13.0,0.4,-0.12360993027687073
2018-02,train,JUFO.CA,Juhayna Food Industries,Equity,0.17204301059246063,0.5782492160797119,5.0,20.0,0.6333333333333333,0.4062062054872513
2018-02,train,MCQE.CA,Misr Cement (Qena),Equity,0.9569892287254333,0.6130831241607666,30.0,27.0,0.8666666666666667,-0.34390610456466675
2018-02,train,MoneyMarket,91-Day T-Bills,MoneyMarket,0.0,0.3168925940990448,1.0,1.0,0.0,0.3168925940990448
2018-02,train,OIH.CA,Orascom Investment Holding,Equity,0.6559139490127563,0.581499457359314,22.0,21.0,0.6666666666666666,-0.07441449165344238
2018-02,train,ORAS.CA,Orascom Construction PLC,Equity,0.3655914068222046,0.45664113759994507,10.0,11.0,0.3333333333333333,0.09104973077774048
2018-02,train,ORHD.CA,Orascom Development Egypt,Equity,0.7311828136444092,0.6364445090293884,26.0,30.0,0.9666666666666667,-0.09473830461502075
2018-02,train,ORWE.CA,Oriental Weavers,Equity,0.4301075339317322,0.5123934149742126,16.0,16.0,0.5,0.08228588104248047
2018-02,train,PHDC.CA,Palm Hills Development Company,Equity,0.5591397881507874,0.49056750535964966,18.0,14.0,0.43333333333333335,-0.0685722827911377
2018-02,train,RAYA.CA,Raya Holding For Financial Investments,Equity,0.8387096524238586,0.619748592376709,29.0,28.0,0.9,-0.21896106004714966
2018-02,train,REIT,REIT Index,REIT,0.35483869910240173,0.3971054255962372,9.0,4.0,0.1,0.04226672649383545
2018-02,train,TMGH.CA,T M G Holding,Equity,0.37634408473968506,0.46640637516975403,11.5,12.0,0.36666666666666664,0.09006229043006897
2018-02,train,VLMR.CA,Valmore Holding,Equity,0.31182795763015747,0.4392312467098236,7.0,9.0,0.26666666666666666,0.12740328907966614
2018-03,train,ABUK.CA,Abou Kir Fertilizers,Equity,0.7096773982048035,0.5995145440101624,25.5,24.0,0.7666666666666667,-0.11016285419464111
2018-03,train,ADIB.CA,Abu Dhabi Islamic Bank- Egypt,Equity,0.6774193644523621,0.6109726428985596,22.5,27.0,0.8666666666666667,-0.06644672155380249
2018-03,train,AMOC.CA,Alexandria Mineral Oils Company,Equity,0.37634408473968506,0.4561627209186554,11.0,10.0,0.3,0.07981863617897034
2018-03,train,ARCC.CA,Arabian Cement Company,Equity,0.8279569745063782,0.48559123277664185,30.0,13.0,0.4,-0.34236574172973633
2018-03,train,BTFH.CA,Beltone Holding,Equity,0.7096773982048035,0.608924388885498,25.5,25.0,0.8,-0.10075300931930542
2018-03,train,Bonds,5-Year Government Bonds,Bonds,0.032258063554763794,0.34973183274269104,2.0,2.0,0.03333333333333333,0.31747376918792725
2018-03,train,CCAP.CA,QALA For Financial Investments,Equity,0.6236559152603149,0.5351605415344238,18.0,18.0,0.5666666666666667,-0.08849537372589111
2018-03,train,COMI.CA,Commercial International Bank-Egypt (CIB),Equity,0.20430107414722443,0.4119952321052551,5.0,6.0,0.16666666666666666,0.2076941579580307
2018-03,train,EAST.CA,Eastern Company,Equity,0.7634408473968506,0.46311143040657043,27.0,12.0,0.36666666666666664,-0.30032941699028015
2018-03,train,EFID.CA,Edita Food Industries S.A.E,Equity,0.8064516186714172,0.5094960927963257,29.0,15.0,0.4666666666666667,-0.29695552587509155
2018-03,train,EGAL.CA,Egypt Aluminum,Equity,0.6774193644523621,0.6282742619514465,22.5,29.0,0.9333333333333333,-0.04914510250091553
2018-03,train,EGCH.CA,Egyptian Chemical Industries (Kima),Equity,0.4516128897666931,0.5894390344619751,14.0,23.0,0.7333333333333333,0.13782614469528198
2018-03,train,EGX30,EGX30 Index,EquityIndex,0.07526881992816925,0.38269972801208496,3.0,4.0,0.1,0.3074309080839157
2018-03,train,EMFD.CA,Emaar Misr for Development,Equity,0.698924720287323,0.56818026304245,24.0,20.0,0.6333333333333333,-0.13074445724487305
2018-03,train,ETEL.CA,Telecom Egypt,Equity,0.22580644488334656,0.4478802978992462,6.0,9.0,0.26666666666666666,0.22207385301589966
2018-03,train,GBCO.CA,GB Corp,Equity,0.6451612710952759,0.629298746585846,21.0,30.0,0.9666666666666667,-0.01586252450942993
2018-03,train,Gold,24K Gold (EGP),Gold,0.08602150529623032,0.37173736095428467,4.0,3.0,0.06666666666666667,0.28571585565805435
2018-03,train,HELI.CA,Heliopolis Housing,Equity,0.6344085931777954,0.580744743347168,19.5,22.0,0.7,-0.05366384983062744
2018-03,train,HRHO.CA,EFG Holding,Equity,0.34408602118492126,0.5170559883117676,9.0,16.0,0.5,0.1729699671268463
2018-03,train,JUFO.CA,Juhayna Food Industries,Equity,0.6344085931777954,0.5635433793067932,19.5,19.0,0.6,-0.0708652138710022
2018-03,train,MCQE.CA,Misr Cement (Qena),Equity,0.46236559748649597,0.6104285717010498,15.5,26.0,0.8333333333333334,0.14806297421455383
2018-03,train,MoneyMarket,91-Day T-Bills,MoneyMarket,0.0,0.3117661774158478,1.0,1.0,0.0,0.3117661774158478
2018-03,train,OIH.CA,Orascom Investment Holding,Equity,0.37634408473968506,0.5792869329452515,11.0,21.0,0.6666666666666666,0.2029428482055664
2018-03,train,ORAS.CA,Orascom Construction PLC,Equity,0.49462366104125977,0.4462323784828186,17.0,8.0,0.23333333333333334,-0.04839128255844116
2018-03,train,ORHD.CA,Orascom Development Egypt,Equity,0.774193525314331,0.6233888268470764,28.0,28.0,0.9,-0.15080469846725464
2018-03,train,ORWE.CA,Oriental Weavers,Equity,0.46236559748649597,0.5234009027481079,15.5,17.0,0.5333333333333333,0.06103530526161194
2018-03,train,PHDC.CA,Palm Hills Development Company,Equity,0.4301075339317322,0.4985511600971222,13.0,14.0,0.43333333333333335,0.06844362616539001
2018-03,train,RAYA.CA,Raya Holding For Financial Investments,Equity,0.8494623899459839,0.6488186717033386,31.0,31.0,1.0,-0.20064371824264526
2018-03,train,REIT,REIT Index,REIT,0.24731183052062988,0.39773744344711304,7.0,5.0,0.13333333333333333,0.15042561292648315
2018-03,train,TMGH.CA,T M G Holding,Equity,0.32258063554763794,0.4576255679130554,8.0,11.0,0.3333333333333333,0.13504493236541748
2018-03,train,VLMR.CA,Valmore Holding,Equity,0.37634408473968506,0.41292160749435425,11.0,7.0,0.2,0.03657752275466919
2018-04,train,ABUK.CA,Abou Kir Fertilizers,Equity,0.40860214829444885,0.5991191864013672,12.0,25.0,0.8,0.19051703810691833
2018-04,train,ADIB.CA,Abu Dhabi Islamic Bank- Egypt,Equity,0.6774193644523621,0.5592513680458069,22.0,18.0,0.5666666666666667,-0.11816799640655518
2018-04,train,AMOC.CA,Alexandria Mineral Oils Company,Equity,0.6559139490127563,0.4590444266796112,21.0,9.0,0.26666666666666666,-0.19686952233314514
2018-04,train,ARCC.CA,Arabian Cement Company,Equity,0.8924731016159058,0.5367240905761719,28.0,15.0,0.4666666666666667,-0.3557490110397339
2018-04,train,BTFH.CA,Beltone Holding,Equity,0.5483871102333069,0.6135196685791016,16.0,27.0,0.8666666666666667,0.06513255834579468
2018-04,train,Bonds,5-Year Government Bonds,Bonds,0.04301075264811516,0.3640025556087494,2.0,2.0,0.03333333333333333,0.32099180296063423
2018-04,train,CCAP.CA,QALA For Financial Investments,Equity,0.9247311949729919,0.5807529091835022,29.5,22.0,0.7,-0.34397828578948975
2018-04,train,COMI.CA,Commercial International Bank-Egypt (CIB),Equity,0.17204301059246063,0.4342687427997589,6.0,8.0,0.23333333333333334,0.2622257322072983
2018-04,train,EAST.CA,Eastern Company,Equity,0.2150537669658661,0.4832037389278412,8.0,11.0,0.3333333333333333,0.2681499719619751
2018-04,train,EFID.CA,Edita Food Industries S.A.E,Equity,0.5698924660682678,0.5987204909324646,18.0,24.0,0.7666666666666667,0.028828024864196777
2018-04,train,EGAL.CA,Egypt Aluminum,Equity,0.1827957034111023,0.6258493661880493,7.0,29.0,0.9333333333333333,0.443053662776947
2018-04,train,EGCH.CA,Egyptian Chemical Industries (Kima),Equity,0.9247311949729919,0.545708954334259,29.5,17.0,0.5333333333333333,-0.3790222406387329
2018-04,train,EGX30,EGX30 Index,EquityIndex,0.09677419066429138,0.3982098400592804,3.0,3.0,0.06666666666666667,0.301435649394989
2018-04,train,EMFD.CA,Emaar Misr for Development,Equity,0.698924720287323,0.5955074429512024,24.5,23.0,0.7333333333333333,-0.1034172773361206
2018-04,train,ETEL.CA,Telecom Egypt,Equity,0.3655914068222046,0.42108213901519775,10.0,5.0,0.13333333333333333,0.055490732192993164
2018-04,train,GBCO.CA,GB Corp,Equity,0.6129032373428345,0.6296426653862,19.0,30.0,0.9666666666666667,0.01673942804336548
2018-04,train,Gold,24K Gold (EGP),Gold,0.12903225421905518,0.40039193630218506,5.0,4.0,0.1,0.2713596820831299
2018-04,train,HELI.CA,Heliopolis Housing,Equity,0.6881720423698425,0.5764905214309692,23.0,20.0,0.6333333333333333,-0.11168152093887329
2018-04,train,HRHO.CA,EFG Holding,Equity,0.4193548262119293,0.5320702791213989,13.0,14.0,0.43333333333333335,0.1127154529094696
2018-04,train,JUFO.CA,Juhayna Food Industries,Equity,0.11827956885099411,0.5597153306007385,4.0,19.0,0.6,0.4414357617497444
2018-04,train,MCQE.CA,Misr Cement (Qena),Equity,0.4516128897666931,0.5787119269371033,14.0,21.0,0.6666666666666666,0.12709903717041016
2018-04,train,MoneyMarket,91-Day T-Bills,MoneyMarket,0.0,0.32704275846481323,1.0,1.0,0.0,0.32704275846481323
2018-04,train,OIH.CA,Orascom Investment Holding,Equity,0.9569892287254333,0.6000238060951233,31.0,26.0,0.8333333333333334,-0.35696542263031006
2018-04,train,ORAS.CA,Orascom Construction PLC,Equity,0.29032257199287415,0.4622153639793396,9.0,10.0,0.3,0.17189279198646545
2018-04,train,ORHD.CA,Orascom Development Egypt,Equity,0.5591397881507874,0.6368301510810852,17.0,31.0,1.0,0.07769036293029785
2018-04,train,ORWE.CA,Oriental Weavers,Equity,0.7849462628364563,0.509488582611084,26.0,12.0,0.36666666666666664,-0.2754576802253723
2018-04,train,PHDC.CA,Palm Hills Development Company,Equity,0.698924720287323,0.5452514886856079,24.5,16.0,0.5,-0.1536732316017151
2018-04,train,RAYA.CA,Raya Holding For Financial Investments,Equity,0.6344085931777954,0.6234338283538818,20.0,28.0,0.9,-0.010974764823913574
2018-04,train,REIT,REIT Index,REIT,0.37634408473968506,0.4284685552120209,11.0,7.0,0.2,0.052124470472335815
2018-04,train,TMGH.CA,T M G Holding,Equity,0.8494623899459839,0.511454164981842,27.0,13.0,0.4,-0.33800822496414185
2018-04,train,VLMR.CA,Valmore Holding,Equity,0.46236559748649597,0.4226576089859009,15.0,6.0,0.16666666666666666,-0.03970798850059509
2018-05,train,ABUK.CA,Abou Kir Fertilizers,Equity,0.602150559425354,0.556091845035553,21.0,18.0,0.5483870967741935,-0.046058714389801025
2018-05,train,ADIB.CA,Abu Dhabi Islamic Bank- Egypt,Equity,0.23655913770198822,0.5620801448822021,6.5,20.0,0.6129032258064516,0.32552100718021393
2018-05,train,AMOC.CA,Alexandria Mineral Oils Company,Equity,0.16129031777381897,0.4568580985069275,5.0,11.0,0.3225806451612903,0.2955677807331085
2018-05,train,ARCC.CA,Arabian Cement Company,Equity,0.40860214829444885,0.5586931109428406,11.5,19.0,0.5806451612903226,0.15009096264839172
2018-05,train,BTFH.CA,Beltone Holding,Equity,0.8064516186714172,0.59747314453125,27.0,27.0,0.8387096774193549,-0.20897847414016724
2018-05,train,Bonds,5-Year Government Bonds,Bonds,0.05376344174146652,0.3447675406932831,3.0,2.0,0.03225806451612903,0.29100409895181656
2018-05,train,CCAP.CA,QALA For Financial Investments,Equity,0.6236559152603149,0.598507285118103,22.0,28.0,0.8709677419354839,-0.025148630142211914
2018-05,train,COMI.CA,Commercial International Bank-Egypt (CIB),Equity,0.40860214829444885,0.4177863597869873,11.5,6.0,0.16129032258064516,0.009184211492538452
2018-05,train,EAST.CA,Eastern Company,Equity,0.8172042965888977,0.4332829415798187,28.0,7.0,0.1935483870967742,-0.383921355009079
2018-05,train,EFID.CA,Edita Food Industries S.A.E,Equity,0.4838709533214569,0.574165940284729,18.0,24.0,0.7419354838709677,0.0902949869632721
2018-05,train,EGAL.CA,Egypt Aluminum,Equity,0.9677419066429138,0.5638561248779297,32.0,22.0,0.6774193548387096,-0.40388578176498413
2018-05,train,EGCH.CA,Egyptian Chemical Industries (Kima),Equity,0.5698924660682678,0.582692563533783,20.0,25.0,0.7741935483870968,0.012800097465515137
2018-05,train,EGX30,EGX30 Index,EquityIndex,0.23655913770198822,0.3888328969478607,6.5,4.0,0.0967741935483871,0.1522737592458725
2018-05,train,EMFD.CA,Emaar Misr for Development,Equity,0.8387096524238586,0.5634495615959167,29.0,21.0,0.6451612903225806,-0.2752600908279419
2018-05,train,ETEL.CA,Telecom Egypt,Equity,0.774193525314331,0.453691691160202,25.0,10.0,0.2903225806451613,-0.32050183415412903
2018-05,train,GBCO.CA,GB Corp,Equity,0.9354838728904724,0.6296026706695557,31.0,32.0,1.0,-0.30588120222091675
2018-05,train,Gold,24K Gold (EGP),Gold,0.04301075264811516,0.3700912296772003,2.0,3.0,0.06451612903225806,0.32708047702908516
2018-05,train,HELI.CA,Heliopolis Housing,Equity,0.6881720423698425,0.5410550832748413,23.0,16.0,0.4838709677419355,-0.14711695909500122
2018-05,train,HRHO.CA,EFG Holding,Equity,0.44086021184921265,0.5193350911140442,14.5,14.0,0.41935483870967744,0.07847487926483154
2018-05,train,ISPH.CA,Ibnsina Pharma,Equity,0.4301075339317322,0.6178665161132812,13.0,30.0,0.9354838709677419,0.18775898218154907
2018-05,train,JUFO.CA,Juhayna Food Industries,Equity,0.32258063554763794,0.4862622320652008,9.0,12.0,0.3548387096774194,0.16368159651756287
2018-05,train,MCQE.CA,Misr Cement (Qena),Equity,0.31182795763015747,0.5645854473114014,8.0,23.0,0.7096774193548387,0.2527574896812439
2018-05,train,MoneyMarket,91-Day T-Bills,MoneyMarket,0.0,0.3210596442222595,1.0,1.0,0.0,0.3210596442222595
2018-05,train,OIH.CA,Orascom Investment Holding,Equity,0.4516128897666931,0.6128226518630981,16.0,29.0,0.9032258064516129,0.16120976209640503
2018-05,train,ORAS.CA,Orascom Construction PLC,Equity,0.3655914068222046,0.4414163827896118,10.0,9.0,0.25806451612903225,0.07582497596740723
2018-05,train,ORHD.CA,Orascom Development Egypt,Equity,0.9247311949729919,0.5937161445617676,30.0,26.0,0.8064516129032258,-0.33101505041122437
2018-05,train,ORWE.CA,Oriental Weavers,Equity,0.44086021184921265,0.48647406697273254,14.5,13.0,0.3870967741935484,0.0456138551235199
2018-05,train,PHDC.CA,Palm Hills Development Company,Equity,0.7204301357269287,0.55140221118927,24.0,17.0,0.5161290322580645,-0.1690279245376587
2018-05,train,RAYA.CA,Raya Holding For Financial Investments,Equity,0.46236559748649597,0.6228033304214478,17.0,31.0,0.967741935483871,0.16043773293495178
2018-05,train,REIT,REIT Index,REIT,0.5591397881507874,0.4150547683238983,19.0,5.0,0.12903225806451613,-0.14408501982688904
2018-05,train,TMGH.CA,T M G Holding,Equity,0.7956989407539368,0.526644229888916,26.0,15.0,0.45161290322580644,-0.26905471086502075
2018-05,train,VLMR.CA,Valmore Holding,Equity,0.11827956885099411,0.4334835410118103,4.0,8.0,0.22580645161290322,0.3152039721608162
2018-06,train,ABUK.CA,Abou Kir Fertilizers,Equity,0.3978494703769684,0.5601298213005066,11.0,20.0,0.6129032258064516,0.1622803509235382
2018-06,train,ADIB.CA,Abu Dhabi Islamic Bank- Egypt,Equity,0.5483871102333069,0.5329644083976746,17.5,16.0,0.4838709677419355,-0.015422701835632324
2018-06,train,AMOC.CA,Alexandria Mineral Oils Company,Equity,0.5483871102333069,0.4643525183200836,17.5,9.0,0.25806451612903225,-0.08403459191322327
2018-06,train,ARCC.CA,Arabian Cement Company,Equity,0.5053763389587402,0.5509951710700989,14.0,19.0,0.5806451612903226,0.04561883211135864
2018-06,train,BTFH.CA,Beltone Holding,Equity,0.7096773982048035,0.621171236038208,25.0,29.0,0.9032258064516129,-0.08850616216659546
2018-06,train,Bonds,5-Year Government Bonds,Bonds,0.07526881992816925,0.3422571122646332,3.0,2.0,0.03225806451612903,0.26698829233646393
2018-06,train,CCAP.CA,QALA For Financial Investments,Equity,0.5591397881507874,0.6287487745285034,19.0,32.0,1.0,0.06960898637771606
2018-06,train,COMI.CA,Commercial International Bank-Egypt (CIB),Equity,0.19354838132858276,0.4385558068752289,6.5,6.0,0.16129032258064516,0.24500742554664612
2018-06,train,EAST.CA,Eastern Company,Equity,0.7526881694793701,0.4958497881889343,27.0,12.0,0.3548387096774194,-0.2568383812904358
2018-06,train,EFID.CA,Edita Food Industries S.A.E,Equity,0.31182795763015747,0.5335038900375366,8.0,17.0,0.5161290322580645,0.22167593240737915
2018-06,train,EGAL.CA,Egypt Aluminum,Equity,0.9032257795333862,0.5832685232162476,30.0,23.0,0.7096774193548387,-0.31995725631713867
2018-06,train,EGCH.CA,Egyptian Chemical Industries (Kima),Equity,0.9139785170555115,0.5486933588981628,31.0,18.0,0.5483870967741935,-0.36528515815734863
2018-06,train,EGX30,EGX30 Index,EquityIndex,0.19354838132858276,0.388391375541687,6.5,4.0,0.0967741935483871,0.19484299421310425
2018-06,train,EMFD.CA,Emaar Misr for Development,Equity,0.6236559152603149,0.5879806876182556,23.0,25.0,0.7741935483870968,-0.035675227642059326
2018-06,train,ETEL.CA,Telecom Egypt,Equity,0.7311828136444092,0.4963485300540924,26.0,13.0,0.3870967741935484,-0.23483428359031677
2018-06,train,GBCO.CA,GB Corp,Equity,0.32258063554763794,0.6278027892112732,9.5,31.0,0.967741935483871,0.30522215366363525
2018-06,train,Gold,24K Gold (EGP),Gold,0.06451612710952759,0.3722878396511078,2.0,3.0,0.06451612903225806,0.3077717125415802
2018-06,train,HELI.CA,Heliopolis Housing,Equity,0.5806451439857483,0.569004237651825,21.0,21.0,0.6451612903225806,-0.01164090633392334
2018-06,train,HRHO.CA,EFG Holding,Equity,0.5268816947937012,0.5265982747077942,16.0,15.0,0.45161290322580644,-0.0002834200859069824
2018-06,train,ISPH.CA,Ibnsina Pharma,Equity,0.4301075339317322,0.6191706657409668,12.0,28.0,0.8709677419354839,0.18906313180923462
2018-06,train,JUFO.CA,Juhayna Food Industries,Equity,0.16129031777381897,0.46744635701179504,5.0,10.0,0.2903225806451613,0.3061560392379761
2018-06,train,MCQE.CA,Misr Cement (Qena),Equity,0.9247311949729919,0.5114774107933044,32.0,14.0,0.41935483870967744,-0.4132537841796875
2018-06,train,MoneyMarket,91-Day T-Bills,MoneyMarket,0.0,0.32046955823898315,1.0,1.0,0.0,0.32046955823898315
2018-06,train,OIH.CA,Orascom Investment Holding,Equity,0.6129032373428345,0.5878298878669739,22.0,24.0,0.7419354838709677,-0.025073349475860596
2018-06,train,ORAS.CA,Orascom Construction PLC,Equity,0.32258063554763794,0.4625716805458069,9.5,8.0,0.22580645161290322,0.13999104499816895
2018-06,train,ORHD.CA,Orascom Development Egypt,Equity,0.5053763389587402,0.6276361346244812,14.0,30.0,0.9354838709677419,0.12225979566574097
2018-06,train,ORWE.CA,Oriental Weavers,Equity,0.8709677457809448,0.49097809195518494,28.0,11.0,0.3225806451612903,-0.3799896538257599
2018-06,train,PHDC.CA,Palm Hills Development Company,Equity,0.5698924660682678,0.5929077863693237,20.0,26.0,0.8064516129032258,0.023015320301055908
2018-06,train,RAYA.CA,Raya Holding For Financial Investments,Equity,0.5053763389587402,0.6123476028442383,14.0,27.0,0.8387096774193549,0.10697126388549805
2018-06,train,REIT,REIT Index,REIT,0.6451612710952759,0.4519960284233093,24.0,7.0,0.1935483870967742,-0.19316524267196655
2018-06,train,TMGH.CA,T M G Holding,Equity,0.8817204236984253,0.575496256351471,29.0,22.0,0.6774193548387096,-0.30622416734695435
2018-06,train,VLMR.CA,Valmore Holding,Equity,0.10752688348293304,0.42251908779144287,4.0,5.0,0.12903225806451613,0.3149922043085098
2018-07,train,ABUK.CA,Abou Kir Fertilizers,Equity,0.17204301059246063,0.520176887512207,6.0,15.0,0.45161290322580644,0.3481338769197464
2018-07,train,ADIB.CA,Abu Dhabi Islamic Bank- Egypt,Equity,0.5268816947937012,0.5313548445701599,16.0,16.0,0.4838709677419355,0.00447314977645874
2018-07,train,AMOC.CA,Alexandria Mineral Oils Company,Equity,0.3333333432674408,0.463815301656723,11.0,9.0,0.25806451612903225,0.13048195838928223
2018-07,train,ARCC.CA,Arabian Cement Company,Equity,0.5268816947937012,0.5722931027412415,16.0,19.0,0.5806451612903226,0.04541140794754028
2018-07,train,BTFH.CA,Beltone Holding,Equity,0.6881720423698425,0.6171593070030212,23.5,30.0,0.9354838709677419,-0.07101273536682129
2018-07,train,Bonds,5-Year Government Bonds,Bonds,0.05376344174146652,0.33511680364608765,2.0,2.0,0.03225806451612903,0.2813533619046211
2018-07,train,CCAP.CA,QALA For Financial Investments,Equity,0.9247311949729919,0.6410220861434937,31.0,32.0,1.0,-0.2837091088294983
2018-07,train,COMI.CA,Commercial International Bank-Egypt (CIB),Equity,0.2795698940753937,0.40714168548583984,9.0,7.0,0.1935483870967742,0.12757179141044617
2018-07,train,EAST.CA,Eastern Company,Equity,0.5591397881507874,0.46504920721054077,20.5,10.0,0.2903225806451613,-0.09409058094024658
2018-07,train,EFID.CA,Edita Food Industries S.A.E,Equity,0.06451612710952759,0.47017401456832886,3.0,12.0,0.3548387096774194,0.40565788745880127
2018-07,train,EGAL.CA,Egypt Aluminum,Equity,0.9139785170555115,0.5736122727394104,30.0,20.0,0.6129032258064516,-0.3403662443161011
2018-07,train,EGCH.CA,Egyptian Chemical Industries (Kima),Equity,0.9892473220825195,0.6153579354286194,32.0,29.0,0.9032258064516129,-0.37388938665390015
2018-07,train,EGX30,EGX30 Index,EquityIndex,0.25806450843811035,0.3873405158519745,8.0,4.0,0.0967741935483871,0.12927600741386414
2018-07,train,EMFD.CA,Emaar Misr for Development,Equity,0.5268816947937012,0.5827271342277527,16.0,21.0,0.6451612903225806,0.055845439434051514
2018-07,train,ETEL.CA,Telecom Egypt,Equity,0.32258063554763794,0.5173149108886719,10.0,13.0,0.3870967741935484,0.19473427534103394
2018-07,train,GBCO.CA,GB Corp,Equity,0.5591397881507874,0.6023263931274414,20.5,27.0,0.8387096774193549,0.04318660497665405
2018-07,train,Gold,24K Gold (EGP),Gold,0.10752688348293304,0.353570818901062,4.5,3.0,0.06451612903225806,0.24604393541812897
2018-07,train,HELI.CA,Heliopolis Housing,Equity,0.8709677457809448,0.5883371233940125,28.5,25.0,0.7741935483870968,-0.2826306223869324
2018-07,train,HRHO.CA,EFG Holding,Equity,0.6881720423698425,0.5191471576690674,23.5,14.0,0.41935483870967744,-0.16902488470077515
2018-07,train,ISPH.CA,Ibnsina Pharma,Equity,0.7526881694793701,0.5881235003471375,25.5,23.0,0.7096774193548387,-0.16456466913223267
2018-07,train,JUFO.CA,Juhayna Food Industries,Equity,0.46236559748649597,0.39771008491516113,12.5,5.0,0.12903225806451613,-0.06465551257133484
2018-07,train,MCQE.CA,Misr Cement (Qena),Equity,0.6559139490127563,0.5460895895957947,22.0,18.0,0.5483870967741935,-0.10982435941696167
2018-07,train,MoneyMarket,91-Day T-Bills,MoneyMarket,0.0,0.31692132353782654,1.0,1.0,0.0,0.31692132353782654
2018-07,train,OIH.CA,Orascom Investment Holding,Equity,0.46236559748649597,0.5882884860038757,12.5,24.0,0.7419354838709677,0.12592288851737976
2018-07,train,ORAS.CA,Orascom Construction PLC,Equity,0.1827957034111023,0.4285314679145813,7.0,8.0,0.22580645161290322,0.245735764503479
2018-07,train,ORHD.CA,Orascom Development Egypt,Equity,0.8709677457809448,0.6174555420875549,28.5,31.0,0.967741935483871,-0.2535122036933899
2018-07,train,ORWE.CA,Oriental Weavers,Equity,0.5376344323158264,0.5344406962394714,18.5,17.0,0.5161290322580645,-0.0031937360763549805
2018-07,train,PHDC.CA,Palm Hills Development Company,Equity,0.7956989407539368,0.5974894165992737,27.0,26.0,0.8064516129032258,-0.19820952415466309
2018-07,train,RAYA.CA,Raya Holding For Financial Investments,Equity,0.5376344323158264,0.5869268774986267,18.5,22.0,0.6774193548387096,0.04929244518280029
2018-07,train,REIT,REIT Index,REIT,0.5161290168762207,0.4689140021800995,14.0,11.0,0.3225806451612903,-0.047215014696121216
2018-07,train,TMGH.CA,T M G Holding,Equity,0.7526881694793701,0.6033332347869873,25.5,28.0,0.8709677419354839,-0.1493549346923828
2018-07,train,VLMR.CA,Valmore Holding,Equity,0.10752688348293304,0.4054153859615326,4.5,6.0,0.16129032258064516,0.29788850247859955
2018-08,train,ABUK.CA,Abou Kir Fertilizers,Equity,0.5268816947937012,0.4785085916519165,15.5,11.0,0.3225806451612903,-0.04837310314178467
2018-08,train,ADIB.CA,Abu Dhabi Islamic Bank- Egypt,Equity,0.5161290168762207,0.5060244202613831,14.0,13.0,0.3870967741935484,-0.010104596614837646
2018-08,train,AMOC.CA,Alexandria Mineral Oils Company,Equity,0.2688172161579132,0.44173479080200195,9.0,10.0,0.2903225806451613,0.17291757464408875
2018-08,train,ARCC.CA,Arabian Cement Company,Equity,0.7419354915618896,0.5227214097976685,25.0,16.0,0.4838709677419355,-0.2192140817642212
2018-08,train,BTFH.CA,Beltone Holding,Equity,0.9569892287254333,0.6355370283126831,31.0,29.0,0.9032258064516129,-0.32145220041275024
2018-08,train,Bonds,5-Year Government Bonds,Bonds,0.06451612710952759,0.3345080018043518,3.0,2.0,0.03225806451612903,0.2699918746948242
2018-08,train,CCAP.CA,QALA For Financial Investments,Equity,0.6666666865348816,0.6386723518371582,24.0,31.0,0.967741935483871,-0.02799433469772339
2018-08,train,COMI.CA,Commercial International Bank-Egypt (CIB),Equity,0.301075279712677,0.425248920917511,11.0,7.0,0.1935483870967742,0.12417364120483398
2018-08,train,EAST.CA,Eastern Company,Equity,0.6129032373428345,0.5222363471984863,21.0,15.0,0.45161290322580644,-0.09066689014434814
2018-08,train,EFID.CA,Edita Food Industries S.A.E,Equity,0.032258063554763794,0.4280114769935608,2.0,9.0,0.25806451612903225,0.395753413438797
2018-08,train,EGAL.CA,Egypt Aluminum,Equity,0.8709677457809448,0.6079701781272888,29.0,25.0,0.7741935483870968,-0.262997567653656
2018-08,train,EGCH.CA,Egyptian Chemical Industries (Kima),Equity,0.6236559152603149,0.6132320761680603,22.0,27.0,0.8387096774193549,-0.010423839092254639
2018-08,train,EGX30,EGX30 Index,EquityIndex,0.19354838132858276,0.3980955481529236,6.5,5.0,0.12903225806451613,0.20454716682434082
2018-08,train,EMFD.CA,Emaar Misr for Development,Equity,0.5268816947937012,0.5958771109580994,15.5,23.0,0.7096774193548387,0.0689954161643982
2018-08,train,ETEL.CA,Telecom Egypt,Equity,0.19354838132858276,0.5515471696853638,6.5,19.0,0.5806451612903226,0.357998788356781
2018-08,train,GBCO.CA,GB Corp,Equity,0.46236559748649597,0.6121059060096741,13.0,26.0,0.8064516129032258,0.1497403085231781
2018-08,train,Gold,24K Gold (EGP),Gold,0.16129031777381897,0.35584500432014465,5.0,3.0,0.06451612903225806,0.19455468654632568
2018-08,train,HELI.CA,Heliopolis Housing,Equity,0.6344085931777954,0.6445586681365967,23.0,32.0,1.0,0.01015007495880127
2018-08,train,HRHO.CA,EFG Holding,Equity,0.5913978219032288,0.5506598353385925,19.0,18.0,0.5483870967741935,-0.04073798656463623
2018-08,train,ISPH.CA,Ibnsina Pharma,Equity,0.4193548262119293,0.5994919538497925,12.0,24.0,0.7419354838709677,0.18013712763786316
2018-08,train,JUFO.CA,Juhayna Food Industries,Equity,0.29032257199287415,0.4227064549922943,10.0,6.0,0.16129032258064516,0.13238388299942017
2018-08,train,MCQE.CA,Misr Cement (Qena),Equity,0.7634408473968506,0.5232381820678711,26.0,17.0,0.5161290322580645,-0.2402026653289795
2018-08,train,MoneyMarket,91-Day T-Bills,MoneyMarket,0.0,0.32582059502601624,1.0,1.0,0.0,0.32582059502601624
2018-08,train,OIH.CA,Orascom Investment Holding,Equity,0.5806451439857483,0.5704476833343506,17.0,20.0,0.6129032258064516,-0.010197460651397705
2018-08,train,ORAS.CA,Orascom Construction PLC,Equity,0.25806450843811035,0.4270937442779541,8.0,8.0,0.22580645161290322,0.16902923583984375
2018-08,train,ORHD.CA,Orascom Development Egypt,Equity,0.5913978219032288,0.637408435344696,19.0,30.0,0.9354838709677419,0.046010613441467285
2018-08,train,ORWE.CA,Oriental Weavers,Equity,0.5913978219032288,0.5160384774208069,19.0,14.0,0.41935483870967744,-0.07535934448242188
2018-08,train,PHDC.CA,Palm Hills Development Company,Equity,1.0,0.6159188747406006,32.0,28.0,0.8709677419354839,-0.3840811252593994
2018-08,train,RAYA.CA,Raya Holding For Financial Investments,Equity,0.774193525314331,0.580350935459137,27.0,21.0,0.6451612903225806,-0.1938425898551941
2018-08,train,REIT,REIT Index,REIT,0.7956989407539368,0.49025774002075195,28.0,12.0,0.3548387096774194,-0.3054412007331848
2018-08,train,TMGH.CA,T M G Holding,Equity,0.8924731016159058,0.5930774211883545,30.0,22.0,0.6774193548387096,-0.29939568042755127
2018-08,train,VLMR.CA,Valmore Holding,Equity,0.09677419066429138,0.39080938696861267,4.0,4.0,0.0967741935483871,0.2940351963043213
2018-09,train,ABUK.CA,Abou Kir Fertilizers,Equity,0.32258063554763794,0.47267860174179077,10.0,11.0,0.3225806451612903,0.15009796619415283
2018-09,train,ADIB.CA,Abu Dhabi Islamic Bank- Egypt,Equity,0.4193548262119293,0.5037347674369812,14.5,13.0,0.3870967741935484,0.08437994122505188
2018-09,train,AMOC.CA,Alexandria Mineral Oils Company,Equity,0.17204301059246063,0.44393405318260193,6.0,9.0,0.25806451612903225,0.2718910425901413
2018-09,train,ARCC.CA,Arabian Cement Company,Equity,0.698924720287323,0.5388511419296265,22.5,18.0,0.5483870967741935,-0.16007357835769653
2018-09,train,BTFH.CA,Beltone Holding,Equity,0.698924720287323,0.6338110566139221,22.5,31.0,0.967741935483871,-0.06511366367340088
2018-09,train,Bonds,5-Year Government Bonds,Bonds,0.032258063554763794,0.3384448289871216,2.0,2.0,0.03225806451612903,0.3061867654323578
2018-09,train,CCAP.CA,QALA For Financial Investments,Equity,0.8387096524238586,0.6171011924743652,27.0,28.0,0.8709677419354839,-0.2216084599494934
2018-09,train,COMI.CA,Commercial International Bank-Egypt (CIB),Equity,0.10752688348293304,0.41518259048461914,4.0,7.0,0.1935483870967742,0.3076557070016861
2018-09,train,EAST.CA,Eastern Company,Equity,0.5591397881507874,0.5012631416320801,17.5,12.0,0.3548387096774194,-0.057876646518707275
2018-09,train,EFID.CA,Edita Food Industries S.A.E,Equity,0.3333333432674408,0.43584132194519043,11.0,8.0,0.22580645161290322,0.10250797867774963
2018-09,train,EGAL.CA,Egypt Aluminum,Equity,0.6451612710952759,0.6212522387504578,21.0,29.0,0.9032258064516129,-0.023909032344818115
2018-09,train,EGCH.CA,Egyptian Chemical Industries (Kima),Equity,0.9032257795333862,0.6400445699691772,30.5,32.0,1.0,-0.263181209564209
2018-09,train,EGX30,EGX30 Index,EquityIndex,0.20430107414722443,0.3995018005371094,7.0,5.0,0.12903225806451613,0.19520072638988495
2018-09,train,EMFD.CA,Emaar Misr for Development,Equity,0.774193525314331,0.5589166879653931,24.0,20.0,0.6129032258064516,-0.215276837348938
2018-09,train,ETEL.CA,Telecom Egypt,Equity,0.5698924660682678,0.5135096311569214,19.0,15.0,0.45161290322580644,-0.056382834911346436
2018-09,train,GBCO.CA,GB Corp,Equity,0.4193548262119293,0.5589852929115295,14.5,21.0,0.6451612903225806,0.13963046669960022
2018-09,train,Gold,24K Gold (EGP),Gold,0.06451612710952759,0.37390202283859253,3.0,3.0,0.06451612903225806,0.30938589572906494
2018-09,train,HELI.CA,Heliopolis Housing,Equity,0.8924731016159058,0.6138781309127808,29.0,27.0,0.8387096774193549,-0.278594970703125
2018-09,train,HRHO.CA,EFG Holding,Equity,0.5806451439857483,0.5445202589035034,20.0,19.0,0.5806451612903226,-0.03612488508224487
2018-09,train,ISPH.CA,Ibnsina Pharma,Equity,0.7956989407539368,0.5275194048881531,25.0,17.0,0.5161290322580645,-0.2681795358657837
2018-09,train,JUFO.CA,Juhayna Food Industries,Equity,0.29032257199287415,0.45348989963531494,8.0,10.0,0.2903225806451613,0.1631673276424408
2018-09,train,MCQE.CA,Misr Cement (Qena),Equity,0.5591397881507874,0.5627613067626953,17.5,22.0,0.6774193548387096,0.003621518611907959
2018-09,train,MoneyMarket,91-Day T-Bills,MoneyMarket,0.0,0.32016006112098694,1.0,1.0,0.0,0.32016006112098694
2018-09,train,OIH.CA,Orascom Investment Holding,Equity,0.9247311949729919,0.5818377733230591,32.0,24.0,0.7419354838709677,-0.34289342164993286
2018-09,train,ORAS.CA,Orascom Construction PLC,Equity,0.301075279712677,0.41216233372688293,9.0,6.0,0.16129032258064516,0.11108705401420593
2018-09,train,ORHD.CA,Orascom Development Egypt,Equity,0.9032257795333862,0.633330762386322,30.5,30.0,0.9354838709677419,-0.2698950171470642
2018-09,train,ORWE.CA,Oriental Weavers,Equity,0.37634408473968506,0.5181910991668701,13.0,16.0,0.4838709677419355,0.14184701442718506
2018-09,train,PHDC.CA,Palm Hills Development Company,Equity,0.8064516186714172,0.6079594492912292,26.0,26.0,0.8064516129032258,-0.198492169380188
2018-09,train,RAYA.CA,Raya Holding For Financial Investments,Equity,0.8494623899459839,0.5698308944702148,28.0,23.0,0.7096774193548387,-0.27963149547576904
2018-09,train,REIT,REIT Index,REIT,0.47311827540397644,0.5045377016067505,16.0,14.0,0.41935483870967744,0.03141942620277405
2018-09,train,TMGH.CA,T M G Holding,Equity,0.34408602118492126,0.6047861576080322,12.0,25.0,0.7741935483870968,0.26070013642311096
2018-09,train,VLMR.CA,Valmore Holding,Equity,0.13978494703769684,0.3985464572906494,5.0,4.0,0.0967741935483871,0.2587615102529526
2018-10,train,ABUK.CA,Abou Kir Fertilizers,Equity,0.5913978219032288,0.4525587856769562,19.0,9.0,0.25806451612903225,-0.13883903622627258
2018-10,train,ADIB.CA,Abu Dhabi Islamic Bank- Egypt,Equity,0.7526881694793701,0.5192960500717163,25.0,15.0,0.45161290322580644,-0.2333921194076538
2018-10,train,AMOC.CA,Alexandria Mineral Oils Company,Equity,0.9677419066429138,0.4108444154262543,32.0,7.0,0.1935483870967742,-0.5568974912166595
2018-10,train,ARCC.CA,Arabian Cement Company,Equity,0.3655914068222046,0.5298547148704529,11.5,17.0,0.5161290322580645,0.1642633080482483
2018-10,train,BTFH.CA,Beltone Holding,Equity,0.9139785170555115,0.6266695857048035,29.0,27.0,0.8387096774193549,-0.287308931350708
2018-10,train,Bonds,5-Year Government Bonds,Bonds,0.032258063554763794,0.3347460925579071,2.0,1.0,0.0,0.3024880290031433
2018-10,train,CCAP.CA,QALA For Financial Investments,Equity,0.34408602118492126,0.64615797996521,10.0,31.0,0.967741935483871,0.3020719587802887
2018-10,train,COMI.CA,Commercial International Bank-Egypt (CIB),Equity,0.11827956885099411,0.4269503653049469,5.0,8.0,0.22580645161290322,0.3086707964539528
2018-10,train,EAST.CA,Eastern Company,Equity,0.3655914068222046,0.5199568271636963,11.5,16.0,0.4838709677419355,0.1543654203414917
2018-10,train,EFID.CA,Edita Food Industries S.A.E,Equity,0.8387096524238586,0.45516979694366455,28.0,10.0,0.2903225806451613,-0.3835398554801941
2018-10,train,EGAL.CA,Egypt Aluminum,Equity,0.3333333432674408,0.6215320229530334,9.0,26.0,0.8064516129032258,0.28819867968559265
2018-10,train,EGCH.CA,Egyptian Chemical Industries (Kima),Equity,0.2795698940753937,0.6632001996040344,8.0,32.0,1.0,0.38363030552864075
2018-10,train,EGX30,EGX30 Index,EquityIndex,0.20430107414722443,0.4054601788520813,6.0,5.0,0.12903225806451613,0.20115910470485687
2018-10,train,EMFD.CA,Emaar Misr for Development,Equity,0.7956989407539368,0.5671284198760986,27.0,21.0,0.6451612903225806,-0.22857052087783813
2018-10,train,ETEL.CA,Telecom Egypt,Equity,0.40860214829444885,0.5000983476638794,13.0,14.0,0.41935483870967744,0.09149619936943054
2018-10,train,GBCO.CA,GB Corp,Equity,0.6451612710952759,0.5737130641937256,21.5,23.0,0.7096774193548387,-0.07144820690155029
2018-10,train,Gold,24K Gold (EGP),Gold,0.06451612710952759,0.38707414269447327,3.0,3.0,0.06451612903225806,0.3225580155849457
2018-10,train,HELI.CA,Heliopolis Housing,Equity,0.602150559425354,0.6406151652336121,20.0,30.0,0.9354838709677419,0.03846460580825806
2018-10,train,HRHO.CA,EFG Holding,Equity,0.5053763389587402,0.5420024991035461,16.5,18.0,0.5483870967741935,0.03662616014480591
2018-10,train,ISPH.CA,Ibnsina Pharma,Equity,0.7096773982048035,0.5533300638198853,24.0,19.0,0.5806451612903226,-0.1563473343849182
2018-10,train,JUFO.CA,Juhayna Food Industries,Equity,0.6666666865348816,0.4628715515136719,23.0,11.0,0.3225806451612903,-0.20379513502120972
2018-10,train,MCQE.CA,Misr Cement (Qena),Equity,0.6451612710952759,0.5727773308753967,21.5,22.0,0.6774193548387096,-0.07238394021987915
2018-10,train,MoneyMarket,91-Day T-Bills,MoneyMarket,0.0,0.33943021297454834,1.0,2.0,0.03225806451612903,0.33943021297454834
2018-10,train,OIH.CA,Orascom Investment Holding,Equity,0.24731183052062988,0.6001880168914795,7.0,24.0,0.7419354838709677,0.3528761863708496
2018-10,train,ORAS.CA,Orascom Construction PLC,Equity,0.4193548262119293,0.4067206382751465,14.0,6.0,0.16129032258064516,-0.012634187936782837
2018-10,train,ORHD.CA,Orascom Development Egypt,Equity,0.9247311949729919,0.6283692717552185,30.5,29.0,0.9032258064516129,-0.29636192321777344
2018-10,train,ORWE.CA,Oriental Weavers,Equity,0.5268816947937012,0.4929456412792206,18.0,12.0,0.3548387096774194,-0.03393605351448059
2018-10,train,PHDC.CA,Palm Hills Development Company,Equity,0.7634408473968506,0.6266806721687317,26.0,28.0,0.8709677419354839,-0.1367601752281189
2018-10,train,RAYA.CA,Raya Holding For Financial Investments,Equity,0.9247311949729919,0.6025452613830566,30.5,25.0,0.7741935483870968,-0.3221859335899353
2018-10,train,REIT,REIT Index,REIT,0.4301075339317322,0.49816757440567017,15.0,13.0,0.3870967741935484,0.06806004047393799
2018-10,train,TMGH.CA,T M G Holding,Equity,0.5053763389587402,0.5648788809776306,16.5,20.0,0.6129032258064516,0.05950254201889038
2018-10,train,VLMR.CA,Valmore Holding,Equity,0.10752688348293304,0.387429416179657,4.0,4.0,0.0967741935483871,0.27990253269672394
2018-11,train,ABUK.CA,Abou Kir Fertilizers,Equity,0.602150559425354,0.4185304343700409,18.0,8.0,0.22580645161290322,-0.1836201250553131
2018-11,train,ADIB.CA,Abu Dhabi Islamic Bank- Egypt,Equity,0.9677419066429138,0.5179091691970825,32.0,17.0,0.5161290322580645,-0.4498327374458313
2018-11,train,AMOC.CA,Alexandria Mineral Oils Company,Equity,0.5698924660682678,0.5051596164703369,15.0,14.0,0.41935483870967744,-0.06473284959793091
2018-11,train,ARCC.CA,Arabian Cement Company,Equity,0.5806451439857483,0.5367085933685303,16.5,19.0,0.5806451612903226,-0.04393655061721802
2018-11,train,BTFH.CA,Beltone Holding,Equity,0.9247311949729919,0.6298839449882507,31.0,31.0,0.967741935483871,-0.2948472499847412
2018-11,train,Bonds,5-Year Government Bonds,Bonds,0.05376344174146652,0.33684930205345154,3.0,2.0,0.03225806451612903,0.283085860311985
2018-11,train,CCAP.CA,QALA For Financial Investments,Equity,0.6451612710952759,0.5926814079284668,22.0,25.0,0.7741935483870968,-0.05247986316680908
2018-11,train,COMI.CA,Commercial International Bank-Egypt (CIB),Equity,0.7526881694793701,0.40957561135292053,29.0,6.0,0.16129032258064516,-0.3431125581264496
2018-11,train,EAST.CA,Eastern Company,Equity,0.6344085931777954,0.4800523817539215,20.0,11.0,0.3225806451612903,-0.1543562114238739
2018-11,train,EFID.CA,Edita Food Industries S.A.E,Equity,0.04301075264811516,0.49874502420425415,2.0,13.0,0.3870967741935484,0.455734271556139
2018-11,train,EGAL.CA,Egypt Aluminum,Equity,0.7311828136444092,0.6050535440444946,27.0,26.0,0.8064516129032258,-0.12612926959991455
2018-11,train,EGCH.CA,Egyptian Chemical Industries (Kima),Equity,0.3870967626571655,0.616430401802063,12.0,28.0,0.8709677419354839,0.22933363914489746
2018-11,train,EGX30,EGX30 Index,EquityIndex,0.3333333432674408,0.36897042393684387,10.0,3.0,0.06451612903225806,0.035637080669403076
2018-11,train,EMFD.CA,Emaar Misr for Development,Equity,0.7311828136444092,0.5663398504257202,27.0,23.0,0.7096774193548387,-0.16484296321868896
2018-11,train,ETEL.CA,Telecom Egypt,Equity,0.4838709533214569,0.4519954025745392,14.0,9.0,0.25806451612903225,-0.031875550746917725
2018-11,train,GBCO.CA,GB Corp,Equity,0.6559139490127563,0.5376407504081726,24.0,20.0,0.6129032258064516,-0.11827319860458374
2018-11,train,Gold,24K Gold (EGP),Gold,0.11827956885099411,0.4122161567211151,4.0,7.0,0.1935483870967742,0.293936587870121
2018-11,train,HELI.CA,Heliopolis Housing,Equity,0.7311828136444092,0.6218999624252319,27.0,29.0,0.9032258064516129,-0.10928285121917725
2018-11,train,HRHO.CA,EFG Holding,Equity,0.4193548262119293,0.5073384642601013,13.0,15.0,0.45161290322580644,0.087983638048172
2018-11,train,ISPH.CA,Ibnsina Pharma,Equity,0.301075279712677,0.5656202435493469,8.0,22.0,0.6774193548387096,0.2645449638366699
2018-11,train,JUFO.CA,Juhayna Food Industries,Equity,0.20430107414722443,0.4902050197124481,6.0,12.0,0.3548387096774194,0.2859039455652237
2018-11,train,MCQE.CA,Misr Cement (Qena),Equity,0.35483869910240173,0.5857410430908203,11.0,24.0,0.7419354838709677,0.23090234398841858
2018-11,train,MoneyMarket,91-Day T-Bills,MoneyMarket,0.0,0.33062127232551575,1.0,1.0,0.0,0.33062127232551575
2018-11,train,OIH.CA,Orascom Investment Holding,Equity,0.6129032373428345,0.5570839643478394,19.0,21.0,0.6451612903225806,-0.05581927299499512
2018-11,train,ORAS.CA,Orascom Construction PLC,Equity,0.2688172161579132,0.38821136951446533,7.0,5.0,0.12903225806451613,0.11939415335655212
2018-11,train,ORHD.CA,Orascom Development Egypt,Equity,0.698924720287323,0.6335673332214355,25.0,32.0,1.0,-0.06535738706588745
2018-11,train,ORWE.CA,Oriental Weavers,Equity,0.5806451439857483,0.5076125264167786,16.5,16.0,0.4838709677419355,-0.07303261756896973
2018-11,train,PHDC.CA,Palm Hills Development Company,Equity,0.6451612710952759,0.6080722808837891,22.0,27.0,0.8387096774193549,-0.037088990211486816
2018-11,train,RAYA.CA,Raya Holding For Financial Investments,Equity,0.8602150678634644,0.625320553779602,30.0,30.0,0.9354838709677419,-0.2348945140838623
2018-11,train,REIT,REIT Index,REIT,0.32258063554763794,0.4774183928966522,9.0,10.0,0.2903225806451613,0.15483775734901428
2018-11,train,TMGH.CA,T M G Holding,Equity,0.6451612710952759,0.5351338386535645,22.0,18.0,0.5483870967741935,-0.11002743244171143
2018-11,train,VLMR.CA,Valmore Holding,Equity,0.13978494703769684,0.37518978118896484,5.0,4.0,0.0967741935483871,0.235404834151268
2018-12,train,ABUK.CA,Abou Kir Fertilizers,Equity,0.698924720287323,0.4412809908390045,23.0,8.0,0.22580645161290322,-0.2576437294483185
2018-12,train,ADIB.CA,Abu Dhabi Islamic Bank- Egypt,Equity,0.6451612710952759,0.5797087550163269,21.0,21.0,0.6451612903225806,-0.06545251607894897
2018-12,train,AMOC.CA,Alexandria Mineral Oils Company,Equity,0.6666666865348816,0.4721090793609619,22.0,11.0,0.3225806451612903,-0.19455760717391968
2018-12,train,ARCC.CA,Arabian Cement Company,Equity,0.8494623899459839,0.576170802116394,29.5,20.0,0.6129032258064516,-0.27329158782958984
2018-12,train,BTFH.CA,Beltone Holding,Equity,0.9247311949729919,0.6376644372940063,31.0,29.0,0.9032258064516129,-0.2870667576789856
2018-12,train,Bonds,5-Year Government Bonds,Bonds,0.08602150529623032,0.34375205636024475,4.0,2.0,0.03225806451612903,0.25773055106401443
2018-12,train,CCAP.CA,QALA For Financial Investments,Equity,0.8494623899459839,0.6185550093650818,29.5,26.0,0.8064516129032258,-0.2309073805809021
2018-12,train,COMI.CA,Commercial International Bank-Egypt (CIB),Equity,0.5376344323158264,0.4051573872566223,17.0,5.0,0.12903225806451613,-0.1324770450592041
2018-12,train,EAST.CA,Eastern Company,Equity,0.8387096524238586,0.5243313312530518,28.0,16.0,0.4838709677419355,-0.3143783211708069
2018-12,train,EFID.CA,Edita Food Industries S.A.E,Equity,0.032258063554763794,0.4691278338432312,2.0,10.0,0.2903225806451613,0.4368697702884674
2018-12,train,EGAL.CA,Egypt Aluminum,Equity,0.25806450843811035,0.5720258951187134,8.0,19.0,0.5806451612903226,0.313961386680603
2018-12,train,EGCH.CA,Egyptian Chemical Industries (Kima),Equity,0.9462365508079529,0.6432263851165771,32.0,30.0,0.9354838709677419,-0.30301016569137573
2018-12,train,EGX30,EGX30 Index,EquityIndex,0.3655914068222046,0.37797465920448303,12.0,4.0,0.0967741935483871,0.012383252382278442
2018-12,train,EMFD.CA,Emaar Misr for Development,Equity,0.3333333432674408,0.5934607982635498,10.0,24.0,0.7419354838709677,0.260127454996109
2018-12,train,ETEL.CA,Telecom Egypt,Equity,0.5376344323158264,0.4816943109035492,17.0,12.0,0.3548387096774194,-0.05594012141227722
2018-12,train,GBCO.CA,GB Corp,Equity,0.3978494703769684,0.5479702353477478,13.0,18.0,0.5483870967741935,0.15012076497077942
2018-12,train,Gold,24K Gold (EGP),Gold,0.12903225421905518,0.40751340985298157,5.0,7.0,0.1935483870967742,0.2784811556339264
2018-12,train,HELI.CA,Heliopolis Housing,Equity,0.8064516186714172,0.620733380317688,27.0,27.0,0.8387096774193549,-0.18571823835372925
2018-12,train,HRHO.CA,EFG Holding,Equity,0.47311827540397644,0.5064520239830017,14.0,14.0,0.41935483870967744,0.03333374857902527
2018-12,train,ISPH.CA,Ibnsina Pharma,Equity,0.35483869910240173,0.5914645195007324,11.0,23.0,0.7096774193548387,0.2366258203983307
2018-12,train,JUFO.CA,Juhayna Food Industries,Equity,0.07526881992816925,0.49959418177604675,3.0,13.0,0.3870967741935484,0.4243253618478775
2018-12,train,MCQE.CA,Misr Cement (Qena),Equity,0.7956989407539368,0.5841030478477478,26.0,22.0,0.6774193548387096,-0.21159589290618896
2018-12,train,MoneyMarket,91-Day T-Bills,MoneyMarket,0.0,0.3307551443576813,1.0,1.0,0.0,0.3307551443576813
2018-12,train,OIH.CA,Orascom Investment Holding,Equity,0.5053763389587402,0.5959994196891785,15.0,25.0,0.7741935483870968,0.09062308073043823
2018-12,train,ORAS.CA,Orascom Construction PLC,Equity,0.5376344323158264,0.4064963459968567,17.0,6.0,0.16129032258064516,-0.13113808631896973
2018-12,train,ORHD.CA,Orascom Development Egypt,Equity,0.7311828136444092,0.662932276725769,24.0,32.0,1.0,-0.06825053691864014
2018-12,train,ORWE.CA,Oriental Weavers,Equity,0.2150537669658661,0.5262405872344971,7.0,17.0,0.5161290322580645,0.311186820268631
2018-12,train,PHDC.CA,Palm Hills Development Company,Equity,0.7634408473968506,0.6287179589271545,25.0,28.0,0.8709677419354839,-0.13472288846969604
2018-12,train,RAYA.CA,Raya Holding For Financial Investments,Equity,0.602150559425354,0.655703604221344,20.0,31.0,0.967741935483871,0.05355304479598999
2018-12,train,REIT,REIT Index,REIT,0.5698924660682678,0.4667005240917206,19.0,9.0,0.25806451612903225,-0.10319194197654724
2018-12,train,TMGH.CA,T M G Holding,Equity,0.31182795763015747,0.5236940383911133,9.0,15.0,0.45161290322580644,0.2118660807609558
2018-12,train,VLMR.CA,Valmore Holding,Equity,0.16129031777381897,0.3666034936904907,6.0,3.0,0.06451612903225806,0.20531317591667175
2019-01,train,ABUK.CA,Abou Kir Fertilizers,Equity,0.5591397881507874,0.4837542772293091,17.0,12.0,0.3548387096774194,-0.07538551092147827
2019-01,train,ADIB.CA,Abu Dhabi Islamic Bank- Egypt,Equity,0.9247311949729919,0.5821162462234497,31.0,24.0,0.7419354838709677,-0.34261494874954224
2019-01,train,AMOC.CA,Alexandria Mineral Oils Company,Equity,0.9569892287254333,0.5380408763885498,32.0,19.0,0.5806451612903226,-0.41894835233688354
2019-01,train,ARCC.CA,Arabian Cement Company,Equity,0.3333333432674408,0.5266168117523193,9.5,17.0,0.5161290322580645,0.19328346848487854
2019-01,train,BTFH.CA,Beltone Holding,Equity,0.7634408473968506,0.6484058499336243,27.0,31.0,0.967741935483871,-0.11503499746322632
2019-01,train,Bonds,5-Year Government Bonds,Bonds,0.05376344174146652,0.3557192087173462,3.0,3.0,0.06451612903225806,0.30195576697587967
2019-01,train,CCAP.CA,QALA For Financial Investments,Equity,0.5698924660682678,0.5861381888389587,18.0,25.0,0.7741935483870968,0.016245722770690918
2019-01,train,COMI.CA,Commercial International Bank-Egypt (CIB),Equity,0.32258063554763794,0.4065365791320801,8.0,7.0,0.1935483870967742,0.08395594358444214
2019-01,train,EAST.CA,Eastern Company,Equity,0.6559139490127563,0.5136014819145203,22.0,15.0,0.45161290322580644,-0.14231246709823608
2019-01,train,EFID.CA,Edita Food Industries S.A.E,Equity,0.02150537632405758,0.47737917304039,1.5,10.0,0.2903225806451613,0.45587379671633244
2019-01,train,EGAL.CA,Egypt Aluminum,Equity,0.9139785170555115,0.5182880759239197,30.0,16.0,0.4838709677419355,-0.3956904411315918
2019-01,train,EGCH.CA,Egyptian Chemical Industries (Kima),Equity,0.6451612710952759,0.6096004247665405,21.0,28.0,0.8709677419354839,-0.03556084632873535
2019-01,train,EGX30,EGX30 Index,EquityIndex,0.13978494703769684,0.36851975321769714,5.0,4.0,0.0967741935483871,0.2287348061800003
2019-01,train,EMFD.CA,Emaar Misr for Development,Equity,0.6774193644523621,0.6006022095680237,23.5,27.0,0.8387096774193549,-0.07681715488433838
2019-01,train,ETEL.CA,Telecom Egypt,Equity,0.44086021184921265,0.482376366853714,14.0,11.0,0.3225806451612903,0.04151615500450134
2019-01,train,GBCO.CA,GB Corp,Equity,0.6774193644523621,0.5663405060768127,23.5,22.0,0.6774193548387096,-0.11107885837554932
2019-01,train,Gold,24K Gold (EGP),Gold,0.09677419066429138,0.38634541630744934,4.0,5.0,0.12903225806451613,0.28957122564315796
2019-01,train,HELI.CA,Heliopolis Housing,Equity,0.8279569745063782,0.6482585072517395,29.0,30.0,0.9354838709677419,-0.17969846725463867
2019-01,train,HRHO.CA,EFG Holding,Equity,0.4838709533214569,0.5383209586143494,15.5,20.0,0.6129032258064516,0.054450005292892456
2019-01,train,ISPH.CA,Ibnsina Pharma,Equity,0.2150537669658661,0.5724784731864929,7.0,23.0,0.7096774193548387,0.35742470622062683
2019-01,train,JUFO.CA,Juhayna Food Industries,Equity,0.16129031777381897,0.4455346167087555,6.0,8.0,0.22580645161290322,0.2842442989349365
2019-01,train,MCQE.CA,Misr Cement (Qena),Equity,0.7419354915618896,0.5562421083450317,25.0,21.0,0.6451612903225806,-0.1856933832168579
2019-01,train,MoneyMarket,91-Day T-Bills,MoneyMarket,0.02150537632405758,0.3117857575416565,1.5,1.0,0.0,0.2902803812175989
2019-01,train,OIH.CA,Orascom Investment Holding,Equity,0.3870967626571655,0.5331193804740906,11.0,18.0,0.5483870967741935,0.14602261781692505
2019-01,train,ORAS.CA,Orascom Construction PLC,Equity,0.7956989407539368,0.39898690581321716,28.0,6.0,0.16129032258064516,-0.3967120349407196
2019-01,train,ORHD.CA,Orascom Development Egypt,Equity,0.40860214829444885,0.6533694863319397,13.0,32.0,1.0,0.24476733803749084
2019-01,train,ORWE.CA,Oriental Weavers,Equity,0.6236559152603149,0.493569940328598,20.0,13.0,0.3870967741935484,-0.13008597493171692
2019-01,train,PHDC.CA,Palm Hills Development Company,Equity,0.3978494703769684,0.5925778746604919,12.0,26.0,0.8064516129032258,0.19472840428352356
2019-01,train,RAYA.CA,Raya Holding For Financial Investments,Equity,0.7526881694793701,0.6473539471626282,26.0,29.0,0.9032258064516129,-0.10533422231674194
2019-01,train,REIT,REIT Index,REIT,0.3333333432674408,0.461804062128067,9.5,9.0,0.25806451612903225,0.12847071886062622
2019-01,train,TMGH.CA,T M G Holding,Equity,0.4838709533214569,0.5092211961746216,15.5,14.0,0.41935483870967744,0.025350242853164673
2019-01,train,VLMR.CA,Valmore Holding,Equity,0.6129032373428345,0.3525744676589966,19.0,2.0,0.03225806451612903,-0.2603287696838379
2019-02,train,ABUK.CA,Abou Kir Fertilizers,Equity,0.6344085931777954,0.4886128008365631,23.0,11.0,0.3225806451612903,-0.1457957923412323
2019-02,train,ADIB.CA,Abu Dhabi Islamic Bank- Egypt,Equity,0.4516128897666931,0.609551727771759,14.0,28.0,0.8709677419354839,0.15793883800506592
2019-02,train,AMOC.CA,Alexandria Mineral Oils Company,Equity,0.2150537669658661,0.5409895181655884,5.0,19.0,0.5806451612903226,0.3259357511997223
2019-02,train,ARCC.CA,Arabian Cement Company,Equity,0.5376344323158264,0.5327993631362915,18.0,17.0,0.5161290322580645,-0.004835069179534912
2019-02,train,BTFH.CA,Beltone Holding,Equity,0.9139785170555115,0.6540371179580688,30.0,32.0,1.0,-0.2599413990974426
2019-02,train,Bonds,5-Year Government Bonds,Bonds,0.032258063554763794,0.36321863532066345,2.0,2.0,0.03225806451612903,0.33096057176589966
2019-02,train,CCAP.CA,QALA For Financial Investments,Equity,0.34408602118492126,0.5777565836906433,10.5,23.0,0.7096774193548387,0.23367056250572205
2019-02,train,COMI.CA,Commercial International Bank-Egypt (CIB),Equity,0.46236559748649597,0.4577738642692566,15.0,9.0,0.25806451612903225,-0.00459173321723938
2019-02,train,EAST.CA,Eastern Company,Equity,0.47311827540397644,0.5055015087127686,16.0,13.0,0.3870967741935484,0.032383233308792114
2019-02,train,EFID.CA,Edita Food Industries S.A.E,Equity,0.8387096524238586,0.4560754597187042,28.0,8.0,0.22580645161290322,-0.3826341927051544
2019-02,train,EGAL.CA,Egypt Aluminum,Equity,0.602150559425354,0.5849266052246094,21.0,25.0,0.7741935483870968,-0.01722395420074463
2019-02,train,EGCH.CA,Egyptian Chemical Industries (Kima),Equity,0.35483869910240173,0.6252201795578003,12.0,29.0,0.9032258064516129,0.27038148045539856
2019-02,train,EGX30,EGX30 Index,EquityIndex,0.17204301059246063,0.38712114095687866,4.0,4.0,0.0967741935483871,0.21507813036441803
2019-02,train,EMFD.CA,Emaar Misr for Development,Equity,0.6666666865348816,0.5810285210609436,24.0,24.0,0.7419354838709677,-0.08563816547393799
2019-02,train,ETEL.CA,Telecom Egypt,Equity,0.7956989407539368,0.5020240545272827,27.0,12.0,0.3548387096774194,-0.29367488622665405
2019-02,train,GBCO.CA,GB Corp,Equity,0.8709677457809448,0.5601244568824768,29.0,20.0,0.6129032258064516,-0.310843288898468
2019-02,train,Gold,24K Gold (EGP),Gold,0.13978494703769684,0.3830621838569641,3.0,3.0,0.06451612903225806,0.24327723681926727
2019-02,train,HELI.CA,Heliopolis Housing,Equity,0.5913978219032288,0.6309401392936707,19.5,30.0,0.9354838709677419,0.039542317390441895
2019-02,train,HRHO.CA,EFG Holding,Equity,0.29032257199287415,0.5222614407539368,8.5,16.0,0.4838709677419355,0.23193886876106262
2019-02,train,ISPH.CA,Ibnsina Pharma,Equity,0.9247311949729919,0.5641063451766968,31.0,21.0,0.6451612903225806,-0.36062484979629517
2019-02,train,JUFO.CA,Juhayna Food Industries,Equity,0.23655913770198822,0.4308266341686249,6.0,7.0,0.1935483870967742,0.19426749646663666
2019-02,train,MCQE.CA,Misr Cement (Qena),Equity,0.7419354915618896,0.5707395076751709,26.0,22.0,0.6774193548387096,-0.17119598388671875
2019-02,train,MoneyMarket,91-Day T-Bills,MoneyMarket,0.0,0.3304719030857086,1.0,1.0,0.0,0.3304719030857086
2019-02,train,OIH.CA,Orascom Investment Holding,Equity,0.9677419066429138,0.5349444150924683,32.0,18.0,0.5483870967741935,-0.43279749155044556
2019-02,train,ORAS.CA,Orascom Construction PLC,Equity,0.6129032373428345,0.4291631281375885,22.0,6.0,0.16129032258064516,-0.18374010920524597
2019-02,train,ORHD.CA,Orascom Development Egypt,Equity,0.7096773982048035,0.6355094909667969,25.0,31.0,0.967741935483871,-0.07416790723800659
2019-02,train,ORWE.CA,Oriental Weavers,Equity,0.29032257199287415,0.5221701860427856,8.5,15.0,0.45161290322580644,0.2318476140499115
2019-02,train,PHDC.CA,Palm Hills Development Company,Equity,0.40860214829444885,0.5876394510269165,13.0,26.0,0.8064516129032258,0.17903730273246765
2019-02,train,RAYA.CA,Raya Holding For Financial Investments,Equity,0.5913978219032288,0.5994645953178406,19.5,27.0,0.8387096774193549,0.008066773414611816
2019-02,train,REIT,REIT Index,REIT,0.25806450843811035,0.47176089882850647,7.0,10.0,0.2903225806451613,0.21369639039039612
2019-02,train,TMGH.CA,T M G Holding,Equity,0.5268816947937012,0.519291877746582,17.0,14.0,0.41935483870967744,-0.007589817047119141
2019-02,train,VLMR.CA,Valmore Holding,Equity,0.34408602118492126,0.40535855293273926,10.5,5.0,0.12903225806451613,0.06127253174781799
2019-03,train,ABUK.CA,Abou Kir Fertilizers,Equity,0.7849462628364563,0.5317569375038147,25.0,15.0,0.45161290322580644,-0.2531893253326416
2019-03,train,ADIB.CA,Abu Dhabi Islamic Bank- Egypt,Equity,0.9462365508079529,0.6361356973648071,32.0,30.0,0.9354838709677419,-0.31010085344314575
2019-03,train,AMOC.CA,Alexandria Mineral Oils Company,Equity,0.5483871102333069,0.5375617742538452,19.0,16.0,0.4838709677419355,-0.01082533597946167
2019-03,train,ARCC.CA,Arabian Cement Company,Equity,0.4516128897666931,0.5505666732788086,17.0,19.0,0.5806451612903226,0.09895378351211548
2019-03,train,BTFH.CA,Beltone Holding,Equity,0.4516128897666931,0.6664981245994568,17.0,32.0,1.0,0.21488523483276367
2019-03,train,Bonds,5-Year Government Bonds,Bonds,0.05376344174146652,0.3855173885822296,3.0,2.0,0.03225806451612903,0.3317539468407631
2019-03,train,CCAP.CA,QALA For Financial Investments,Equity,0.5591397881507874,0.5767213702201843,20.0,22.0,0.6774193548387096,0.017581582069396973
2019-03,train,COMI.CA,Commercial International Bank-Egypt (CIB),Equity,0.4301075339317322,0.47619515657424927,13.0,8.0,0.22580645161290322,0.04608762264251709
2019-03,train,EAST.CA,Eastern Company,Equity,0.25806450843811035,0.5276392102241516,7.5,14.0,0.41935483870967744,0.26957470178604126
2019-03,train,EFID.CA,Edita Food Industries S.A.E,Equity,0.8602150678634644,0.504783034324646,29.0,10.0,0.2903225806451613,-0.35543203353881836
2019-03,train,EGAL.CA,Egypt Aluminum,Equity,0.7526881694793701,0.5250342488288879,23.5,13.0,0.3870967741935484,-0.22765392065048218
2019-03,train,EGCH.CA,Egyptian Chemical Industries (Kima),Equity,0.8279569745063782,0.5867752432823181,28.0,23.0,0.7096774193548387,-0.24118173122406006
2019-03,train,EGX30,EGX30 Index,EquityIndex,0.17204301059246063,0.40260443091392517,5.0,4.0,0.0967741935483871,0.23056142032146454
2019-03,train,EMFD.CA,Emaar Misr for Development,Equity,0.7096773982048035,0.5725494623184204,21.0,20.0,0.6129032258064516,-0.13712793588638306
2019-03,train,ETEL.CA,Telecom Egypt,Equity,0.25806450843811035,0.5405694246292114,7.5,18.0,0.5483870967741935,0.2825049161911011
2019-03,train,GBCO.CA,GB Corp,Equity,0.7204301357269287,0.6113520264625549,22.0,27.0,0.8387096774193549,-0.10907810926437378
2019-03,train,Gold,24K Gold (EGP),Gold,0.13978494703769684,0.3873998820781708,4.0,3.0,0.06451612903225806,0.24761493504047394
2019-03,train,HELI.CA,Heliopolis Housing,Equity,0.8172042965888977,0.6553608179092407,27.0,31.0,0.967741935483871,-0.16184347867965698
2019-03,train,HRHO.CA,EFG Holding,Equity,0.4516128897666931,0.5241129398345947,17.0,12.0,0.3548387096774194,0.07250005006790161
2019-03,train,ISPH.CA,Ibnsina Pharma,Equity,0.44086021184921265,0.5766407251358032,14.5,21.0,0.6451612903225806,0.13578051328659058
2019-03,train,JUFO.CA,Juhayna Food Industries,Equity,0.1827957034111023,0.4516632556915283,6.0,6.0,0.16129032258064516,0.268867552280426
2019-03,train,MCQE.CA,Misr Cement (Qena),Equity,0.7526881694793701,0.613487720489502,23.5,28.0,0.8709677419354839,-0.13920044898986816
2019-03,train,MoneyMarket,91-Day T-Bills,MoneyMarket,0.02150537632405758,0.33860141038894653,1.0,1.0,0.0,0.31709603406488895
2019-03,train,OIH.CA,Orascom Investment Holding,Equity,0.8924731016159058,0.5979986190795898,31.0,25.0,0.7741935483870968,-0.2944744825363159
2019-03,train,ORAS.CA,Orascom Construction PLC,Equity,0.29032257199287415,0.49117863178253174,9.0,9.0,0.25806451612903225,0.2008560597896576
2019-03,train,ORHD.CA,Orascom Development Egypt,Equity,0.44086021184921265,0.6180212497711182,14.5,29.0,0.9032258064516129,0.17716103792190552
2019-03,train,ORWE.CA,Oriental Weavers,Equity,0.8817204236984253,0.5103858709335327,30.0,11.0,0.3225806451612903,-0.3713345527648926
2019-03,train,PHDC.CA,Palm Hills Development Company,Equity,0.7956989407539368,0.6093183159828186,26.0,26.0,0.8064516129032258,-0.18638062477111816
2019-03,train,RAYA.CA,Raya Holding For Financial Investments,Equity,0.04301075264811516,0.5978912711143494,2.0,24.0,0.7419354838709677,0.5548805184662342
2019-03,train,REIT,REIT Index,REIT,0.35483869910240173,0.4725445508956909,11.0,7.0,0.1935483870967742,0.11770585179328918
2019-03,train,TMGH.CA,T M G Holding,Equity,0.34408602118492126,0.5395002365112305,10.0,17.0,0.5161290322580645,0.1954142153263092
2019-03,train,VLMR.CA,Valmore Holding,Equity,0.3655914068222046,0.4300532639026642,12.0,5.0,0.12903225806451613,0.0644618570804596
2019-04,train,ABUK.CA,Abou Kir Fertilizers,Equity,0.44086021184921265,0.5400524735450745,15.0,17.0,0.5161290322580645,0.09919226169586182
2019-04,train,ADIB.CA,Abu Dhabi Islamic Bank- Egypt,Equity,0.7311828136444092,0.6374354362487793,25.0,31.0,0.967741935483871,-0.09374737739562988
2019-04,train,AMOC.CA,Alexandria Mineral Oils Company,Equity,0.6344085931777954,0.5313652157783508,20.0,16.0,0.4838709677419355,-0.10304337739944458
2019-04,train,ARCC.CA,Arabian Cement Company,Equity,0.5376344323158264,0.511954128742218,16.0,14.0,0.41935483870967744,-0.0256803035736084
2019-04,train,BTFH.CA,Beltone Holding,Equity,0.9032257795333862,0.6222532391548157,30.0,30.0,0.9354838709677419,-0.28097254037857056
2019-04,train,Bonds,5-Year Government Bonds,Bonds,0.06451612710952759,0.37414687871932983,3.0,3.0,0.06451612903225806,0.30963075160980225
2019-04,train,CCAP.CA,QALA For Financial Investments,Equity,0.5913978219032288,0.5638338923454285,18.0,21.0,0.6451612903225806,-0.027563929557800293
2019-04,train,COMI.CA,Commercial International Bank-Egypt (CIB),Equity,0.24731183052062988,0.49650683999061584,7.0,11.0,0.3225806451612903,0.24919500946998596
2019-04,train,EAST.CA,Eastern Company,Equity,0.2795698940753937,0.48497113585472107,9.5,10.0,0.2903225806451613,0.2054012417793274
2019-04,train,EFID.CA,Edita Food Industries S.A.E,Equity,0.7419354915618896,0.4978415369987488,26.0,12.0,0.3548387096774194,-0.24409395456314087
2019-04,train,EGAL.CA,Egypt Aluminum,Equity,0.8064516186714172,0.5991864800453186,28.0,26.0,0.8064516129032258,-0.20726513862609863
2019-04,train,EGCH.CA,Egyptian Chemical Industries (Kima),Equity,0.602150559425354,0.6003813147544861,19.0,28.0,0.8709677419354839,-0.00176924467086792
2019-04,train,EGX30,EGX30 Index,EquityIndex,0.1827957034111023,0.39505788683891296,5.5,4.0,0.0967741935483871,0.21226218342781067
2019-04,train,EMFD.CA,Emaar Misr for Development,Equity,0.5698924660682678,0.5523928999900818,17.0,19.0,0.5806451612903226,-0.017499566078186035
2019-04,train,ETEL.CA,Telecom Egypt,Equity,0.4193548262119293,0.5072537660598755,14.0,13.0,0.3870967741935484,0.08789893984794617
2019-04,train,GBCO.CA,GB Corp,Equity,0.6774193644523621,0.5829917192459106,23.0,24.0,0.7419354838709677,-0.09442764520645142
2019-04,train,Gold,24K Gold (EGP),Gold,0.1505376398563385,0.3709728717803955,4.0,2.0,0.03225806451612903,0.220435231924057
2019-04,train,HELI.CA,Heliopolis Housing,Equity,0.6559139490127563,0.6550091505050659,21.5,32.0,1.0,-0.0009047985076904297
2019-04,train,HRHO.CA,EFG Holding,Equity,0.3978494703769684,0.4829958379268646,13.0,9.0,0.25806451612903225,0.08514636754989624
2019-04,train,ISPH.CA,Ibnsina Pharma,Equity,0.2795698940753937,0.5638076663017273,9.5,20.0,0.6129032258064516,0.2842377722263336
2019-04,train,JUFO.CA,Juhayna Food Industries,Equity,0.1827957034111023,0.4405115246772766,5.5,6.0,0.16129032258064516,0.2577158212661743
2019-04,train,MCQE.CA,Misr Cement (Qena),Equity,0.7526881694793701,0.5956204533576965,27.0,25.0,0.7741935483870968,-0.15706771612167358
2019-04,train,MoneyMarket,91-Day T-Bills,MoneyMarket,0.032258063554763794,0.32902708649635315,2.0,1.0,0.0,0.29676902294158936
2019-04,train,OIH.CA,Orascom Investment Holding,Equity,0.9677419066429138,0.600221574306488,31.0,27.0,0.8387096774193549,-0.3675203323364258
2019-04,train,ORAS.CA,Orascom Construction PLC,Equity,0.3870967626571655,0.468513160943985,12.0,8.0,0.22580645161290322,0.08141639828681946
2019-04,train,ORHD.CA,Orascom Development Egypt,Equity,0.698924720287323,0.5820947885513306,24.0,23.0,0.7096774193548387,-0.11682993173599243
2019-04,train,ORWE.CA,Oriental Weavers,Equity,1.0,0.5511986613273621,32.0,18.0,0.5483870967741935,-0.44880133867263794
2019-04,train,PHDC.CA,Palm Hills Development Company,Equity,0.6559139490127563,0.6005883812904358,21.5,29.0,0.9032258064516129,-0.05532556772232056
2019-04,train,RAYA.CA,Raya Holding For Financial Investments,Equity,0.0,0.5716843008995056,1.0,22.0,0.6774193548387096,0.5716843008995056
2019-04,train,REIT,REIT Index,REIT,0.2688172161579132,0.4279784858226776,8.0,5.0,0.12903225806451613,0.1591612696647644
2019-04,train,TMGH.CA,T M G Holding,Equity,0.29032257199287415,0.5138627886772156,11.0,15.0,0.45161290322580644,0.22354021668434143
2019-04,train,VLMR.CA,Valmore Holding,Equity,0.8494623899459839,0.4406658113002777,29.0,7.0,0.1935483870967742,-0.4087965786457062
2019-05,train,ABUK.CA,Abou Kir Fertilizers,Equity,0.5268816947937012,0.5210152268409729,17.5,18.0,0.5483870967741935,-0.0058664679527282715
2019-05,train,ADIB.CA,Abu Dhabi Islamic Bank- Egypt,Equity,0.301075279712677,0.6095971465110779,10.5,29.0,0.9032258064516129,0.3085218667984009
2019-05,train,AMOC.CA,Alexandria Mineral Oils Company,Equity,0.9784946441650391,0.48028600215911865,31.0,12.0,0.3548387096774194,-0.4982086420059204
2019-05,train,ARCC.CA,Arabian Cement Company,Equity,0.6881720423698425,0.5231696963310242,23.0,19.0,0.5806451612903226,-0.16500234603881836
2019-05,train,BTFH.CA,Beltone Holding,Equity,0.8279569745063782,0.6382337808609009,27.0,31.0,0.967741935483871,-0.1897231936454773
2019-05,train,Bonds,5-Year Government Bonds,Bonds,0.06451612710952759,0.36027535796165466,3.0,2.0,0.03225806451612903,0.2957592308521271
2019-05,train,CCAP.CA,QALA For Financial Investments,Equity,0.6666666865348816,0.5467391014099121,21.5,22.0,0.6774193548387096,-0.11992758512496948
2019-05,train,COMI.CA,Commercial International Bank-Egypt (CIB),Equity,0.301075279712677,0.4658178985118866,10.5,10.0,0.2903225806451613,0.1647426187992096
2019-05,train,EAST.CA,Eastern Company,Equity,0.6666666865348816,0.4587884843349457,21.5,8.0,0.22580645161290322,-0.2078782021999359
2019-05,train,EFID.CA,Edita Food Industries S.A.E,Equity,0.032258063554763794,0.5179047584533691,2.0,15.0,0.45161290322580644,0.48564669489860535
2019-05,train,EGAL.CA,Egypt Aluminum,Equity,0.9892473220825195,0.5705515146255493,32.0,24.0,0.7419354838709677,-0.4186958074569702
2019-05,train,EGCH.CA,Egyptian Chemical Industries (Kima),Equity,0.8494623899459839,0.5550380945205688,28.0,23.0,0.7096774193548387,-0.29442429542541504
2019-05,train,EGX30,EGX30 Index,EquityIndex,0.32258063554763794,0.3934726119041443,12.0,4.0,0.0967741935483871,0.07089197635650635
2019-05,train,EMFD.CA,Emaar Misr for Development,Equity,0.6451612710952759,0.5331464409828186,20.0,20.0,0.6129032258064516,-0.11201483011245728
2019-05,train,ETEL.CA,Telecom Egypt,Equity,0.47311827540397644,0.4887876510620117,14.0,14.0,0.41935483870967744,0.01566937565803528
2019-05,train,GBCO.CA,GB Corp,Equity,0.698924720287323,0.583583652973175,24.0,26.0,0.8064516129032258,-0.11534106731414795
2019-05,train,Gold,24K Gold (EGP),Gold,0.10752688348293304,0.36550459265708923,4.0,3.0,0.06451612903225806,0.2579777091741562
2019-05,train,HELI.CA,Heliopolis Housing,Equity,0.8709677457809448,0.6467898488044739,29.0,32.0,1.0,-0.22417789697647095
2019-05,train,HRHO.CA,EFG Holding,Equity,0.11827956885099411,0.46157750487327576,5.0,9.0,0.25806451612903225,0.34329793602228165
2019-05,train,ISPH.CA,Ibnsina Pharma,Equity,0.34408602118492126,0.5201469659805298,13.0,16.0,0.4838709677419355,0.17606094479560852
2019-05,train,JUFO.CA,Juhayna Food Industries,Equity,0.7096773982048035,0.42010852694511414,25.0,6.0,0.16129032258064516,-0.28956887125968933
2019-05,train,MCQE.CA,Misr Cement (Qena),Equity,0.9247311949729919,0.5800493359565735,30.0,25.0,0.7741935483870968,-0.34468185901641846
2019-05,train,MoneyMarket,91-Day T-Bills,MoneyMarket,0.0,0.30806809663772583,1.0,1.0,0.0,0.30806809663772583
2019-05,train,OIH.CA,Orascom Investment Holding,Equity,0.5268816947937012,0.6161622405052185,17.5,30.0,0.9354838709677419,0.08928054571151733
2019-05,train,ORAS.CA,Orascom Construction PLC,Equity,0.2150537669658661,0.45803335309028625,7.0,7.0,0.1935483870967742,0.24297958612442017
2019-05,train,ORHD.CA,Orascom Development Egypt,Equity,0.6344085931777954,0.5836670994758606,19.0,27.0,0.8387096774193549,-0.050741493701934814
2019-05,train,ORWE.CA,Oriental Weavers,Equity,0.22580644488334656,0.540916919708252,8.0,21.0,0.6451612903225806,0.3151104748249054
2019-05,train,PHDC.CA,Palm Hills Development Company,Equity,0.2795698940753937,0.5918185114860535,9.0,28.0,0.8709677419354839,0.3122486174106598
2019-05,train,RAYA.CA,Raya Holding For Financial Investments,Equity,0.8172042965888977,0.5202651023864746,26.0,17.0,0.5161290322580645,-0.2969391942024231
2019-05,train,REIT,REIT Index,REIT,0.4838709533214569,0.4055629074573517,15.0,5.0,0.12903225806451613,-0.07830804586410522
2019-05,train,TMGH.CA,T M G Holding,Equity,0.5053763389587402,0.48795726895332336,16.0,13.0,0.3870967741935484,-0.01741907000541687
2019-05,train,VLMR.CA,Valmore Holding,Equity,0.20430107414722443,0.46805453300476074,6.0,11.0,0.3225806451612903,0.2637534588575363
2019-06,train,ABUK.CA,Abou Kir Fertilizers,Equity,0.5268816947937012,0.5284559726715088,19.0,17.0,0.5161290322580645,0.0015742778778076172
2019-06,train,ADIB.CA,Abu Dhabi Islamic Bank- Egypt,Equity,0.37634408473968506,0.5944949388504028,10.0,26.0,0.8064516129032258,0.21815085411071777
2019-06,train,AMOC.CA,Alexandria Mineral Oils Company,Equity,0.7204301357269287,0.5728669762611389,26.0,23.0,0.7096774193548387,-0.1475631594657898
2019-06,train,ARCC.CA,Arabian Cement Company,Equity,0.9354838728904724,0.5177961587905884,30.5,16.0,0.4838709677419355,-0.41768771409988403
2019-06,train,BTFH.CA,Beltone Holding,Equity,0.9569892287254333,0.6238172650337219,32.0,31.0,0.967741935483871,-0.3331719636917114
2019-06,train,Bonds,5-Year Government Bonds,Bonds,0.04301075264811516,0.3613828420639038,2.0,3.0,0.06451612903225806,0.31837208941578865
2019-06,train,CCAP.CA,QALA For Financial Investments,Equity,0.6774193644523621,0.5579349398612976,24.0,21.0,0.6451612903225806,-0.11948442459106445
2019-06,train,COMI.CA,Commercial International Bank-Egypt (CIB),Equity,0.09677419066429138,0.45904672145843506,3.0,9.0,0.25806451612903225,0.3622725307941437
2019-06,train,EAST.CA,Eastern Company,Equity,0.4838709533214569,0.4642650783061981,16.5,10.0,0.2903225806451613,-0.01960587501525879
2019-06,train,EFID.CA,Edita Food Industries S.A.E,Equity,0.5161290168762207,0.5049064755439758,18.0,15.0,0.45161290322580644,-0.011222541332244873
2019-06,train,EGAL.CA,Egypt Aluminum,Equity,0.9354838728904724,0.6227405071258545,30.5,30.0,0.9354838709677419,-0.3127433657646179
2019-06,train,EGCH.CA,Egyptian Chemical Industries (Kima),Equity,0.4838709533214569,0.5992771983146667,16.5,27.0,0.8387096774193549,0.11540624499320984
2019-06,train,EGX30,EGX30 Index,EquityIndex,0.1505376398563385,0.37787696719169617,5.0,4.0,0.0967741935483871,0.22733932733535767
2019-06,train,EMFD.CA,Emaar Misr for Development,Equity,0.5483871102333069,0.5612063407897949,20.5,22.0,0.6774193548387096,0.012819230556488037
2019-06,train,ETEL.CA,Telecom Egypt,Equity,0.3870967626571655,0.47330787777900696,11.0,11.0,0.3225806451612903,0.08621111512184143
2019-06,train,GBCO.CA,GB Corp,Equity,0.7311828136444092,0.5864534378051758,27.0,24.0,0.7419354838709677,-0.1447293758392334
2019-06,train,Gold,24K Gold (EGP),Gold,0.12903225421905518,0.3611179292201996,4.0,2.0,0.03225806451612903,0.2320856750011444
2019-06,train,HELI.CA,Heliopolis Housing,Equity,0.8709677457809448,0.6453828811645508,28.0,32.0,1.0,-0.22558486461639404
2019-06,train,HRHO.CA,EFG Holding,Equity,0.20430107414722443,0.44791707396507263,6.0,8.0,0.22580645161290322,0.2436159998178482
2019-06,train,ISPH.CA,Ibnsina Pharma,Equity,0.32258063554763794,0.5018144249916077,7.0,14.0,0.41935483870967744,0.17923378944396973
2019-06,train,JUFO.CA,Juhayna Food Industries,Equity,0.47311827540397644,0.48021847009658813,15.0,13.0,0.3870967741935484,0.007100194692611694
2019-06,train,MCQE.CA,Misr Cement (Qena),Equity,0.8924731016159058,0.6044588088989258,29.0,29.0,0.9032258064516129,-0.28801429271698
2019-06,train,MoneyMarket,91-Day T-Bills,MoneyMarket,0.01075268816202879,0.31129252910614014,1.0,1.0,0.0,0.30053984094411135
2019-06,train,OIH.CA,Orascom Investment Holding,Equity,0.5483871102333069,0.6026190519332886,20.5,28.0,0.8709677419354839,0.05423194169998169
2019-06,train,ORAS.CA,Orascom Construction PLC,Equity,0.34408602118492126,0.43129977583885193,8.0,6.0,0.16129032258064516,0.08721375465393066
2019-06,train,ORHD.CA,Orascom Development Egypt,Equity,0.6666666865348816,0.5904626846313477,23.0,25.0,0.7741935483870968,-0.07620400190353394
2019-06,train,ORWE.CA,Oriental Weavers,Equity,0.44086021184921265,0.5441179275512695,12.5,19.0,0.5806451612903226,0.10325771570205688
2019-06,train,PHDC.CA,Palm Hills Development Company,Equity,0.698924720287323,0.5524222254753113,25.0,20.0,0.6129032258064516,-0.14650249481201172
2019-06,train,RAYA.CA,Raya Holding For Financial Investments,Equity,0.44086021184921265,0.5302785038948059,12.5,18.0,0.5483870967741935,0.08941829204559326
2019-06,train,REIT,REIT Index,REIT,0.46236559748649597,0.3944028913974762,14.0,5.0,0.12903225806451613,-0.06796270608901978
2019-06,train,TMGH.CA,T M G Holding,Equity,0.5591397881507874,0.4746294319629669,22.0,12.0,0.3548387096774194,-0.08451035618782043
2019-06,train,VLMR.CA,Valmore Holding,Equity,0.3655914068222046,0.4384986460208893,9.0,7.0,0.1935483870967742,0.07290723919868469
2019-07,train,ABUK.CA,Abou Kir Fertilizers,Equity,0.5806451439857483,0.5368602871894836,18.0,16.0,0.4838709677419355,-0.04378485679626465
2019-07,train,ADIB.CA,Abu Dhabi Islamic Bank- Egypt,Equity,0.37634408473968506,0.5718367099761963,13.0,20.0,0.6129032258064516,0.19549262523651123
2019-07,train,AMOC.CA,Alexandria Mineral Oils Company,Equity,0.7849462628364563,0.577231764793396,27.0,22.0,0.6774193548387096,-0.2077144980430603
2019-07,train,ARCC.CA,Arabian Cement Company,Equity,0.8709677457809448,0.5724121332168579,30.0,21.0,0.6451612903225806,-0.2985556125640869
2019-07,train,BTFH.CA,Beltone Holding,Equity,0.7634408473968506,0.6645785570144653,26.0,32.0,1.0,-0.09886229038238525
2019-07,train,Bonds,5-Year Government Bonds,Bonds,0.032258063554763794,0.3756895959377289,2.0,2.0,0.03225806451612903,0.3434315323829651
2019-07,train,CCAP.CA,QALA For Financial Investments,Equity,1.0,0.5819608569145203,32.0,23.0,0.7096774193548387,-0.41803914308547974
2019-07,train,COMI.CA,Commercial International Bank-Egypt (CIB),Equity,0.19354838132858276,0.4396408796310425,6.0,7.0,0.1935483870967742,0.24609249830245972
2019-07,train,EAST.CA,Eastern Company,Equity,0.2150537669658661,0.45507195591926575,8.0,8.0,0.22580645161290322,0.24001818895339966
2019-07,train,EFID.CA,Edita Food Industries S.A.E,Equity,0.16129031777381897,0.4635429084300995,5.0,9.0,0.25806451612903225,0.3022525906562805
2019-07,train,EGAL.CA,Egypt Aluminum,Equity,0.9139785170555115,0.6466559171676636,31.0,30.0,0.9354838709677419,-0.2673225998878479
2019-07,train,EGCH.CA,Egyptian Chemical Industries (Kima),Equity,0.7419354915618896,0.5970547795295715,25.0,24.0,0.7419354838709677,-0.14488071203231812
2019-07,train,EGX30,EGX30 Index,EquityIndex,0.13978494703769684,0.38098302483558655,4.0,3.0,0.06451612903225806,0.2411980777978897
2019-07,train,EMFD.CA,Emaar Misr for Development,Equity,0.47311827540397644,0.5568245649337769,17.0,17.0,0.5161290322580645,0.08370628952980042
2019-07,train,ETEL.CA,Telecom Egypt,Equity,0.35483869910240173,0.48831823468208313,11.0,14.0,0.41935483870967744,0.1334795355796814
2019-07,train,GBCO.CA,GB Corp,Equity,0.7096773982048035,0.626192569732666,23.0,29.0,0.9032258064516129,-0.08348482847213745
2019-07,train,Gold,24K Gold (EGP),Gold,0.20430107414722443,0.4174187481403351,7.0,4.0,0.0967741935483871,0.21311767399311066
2019-07,train,HELI.CA,Heliopolis Housing,Equity,0.698924720287323,0.6610385179519653,21.0,31.0,0.967741935483871,-0.037886202335357666
2019-07,train,HRHO.CA,EFG Holding,Equity,0.44086021184921265,0.47718098759651184,15.0,12.0,0.3548387096774194,0.036320775747299194
2019-07,train,ISPH.CA,Ibnsina Pharma,Equity,0.8494623899459839,0.4817156493663788,29.0,13.0,0.3870967741935484,-0.3677467405796051
2019-07,train,JUFO.CA,Juhayna Food Industries,Equity,0.301075279712677,0.4674087464809418,9.0,11.0,0.3225806451612903,0.16633346676826477
2019-07,train,MCQE.CA,Misr Cement (Qena),Equity,0.698924720287323,0.6142774820327759,21.0,27.0,0.8387096774193549,-0.08464723825454712
2019-07,train,MoneyMarket,91-Day T-Bills,MoneyMarket,0.0,0.3212026357650757,1.0,1.0,0.0,0.3212026357650757
2019-07,train,OIH.CA,Orascom Investment Holding,Equity,0.8172042965888977,0.6068081259727478,28.0,26.0,0.8064516129032258,-0.2103961706161499
2019-07,train,ORAS.CA,Orascom Construction PLC,Equity,0.7311828136444092,0.4290389120578766,24.0,6.0,0.16129032258064516,-0.3021439015865326
2019-07,train,ORHD.CA,Orascom Development Egypt,Equity,0.602150559425354,0.6258625388145447,19.0,28.0,0.8709677419354839,0.023711979389190674
2019-07,train,ORWE.CA,Oriental Weavers,Equity,0.09677419066429138,0.6013572216033936,3.0,25.0,0.7741935483870968,0.5045830309391022
2019-07,train,PHDC.CA,Palm Hills Development Company,Equity,0.698924720287323,0.5699177384376526,21.0,19.0,0.5806451612903226,-0.1290069818496704
2019-07,train,RAYA.CA,Raya Holding For Financial Investments,Equity,0.40860214829444885,0.566960334777832,14.0,18.0,0.5483870967741935,0.15835818648338318
2019-07,train,REIT,REIT Index,REIT,0.31182795763015747,0.42070472240448,10.0,5.0,0.12903225806451613,0.10887676477432251
2019-07,train,TMGH.CA,T M G Holding,Equity,0.3655914068222046,0.5091235041618347,12.0,15.0,0.45161290322580644,0.14353209733963013
2019-07,train,VLMR.CA,Valmore Holding,Equity,0.46236559748649597,0.4640616178512573,16.0,10.0,0.2903225806451613,0.0016960203647613525
2019-08,train,ABUK.CA,Abou Kir Fertilizers,Equity,0.34408602118492126,0.5312004089355469,11.0,18.0,0.5483870967741935,0.1871143877506256
2019-08,train,ADIB.CA,Abu Dhabi Islamic Bank- Egypt,Equity,0.8064516186714172,0.5212656855583191,28.0,16.0,0.4838709677419355,-0.28518593311309814
2019-08,train,AMOC.CA,Alexandria Mineral Oils Company,Equity,0.6236559152603149,0.6170430779457092,19.0,29.0,0.9032258064516129,-0.006612837314605713
2019-08,train,ARCC.CA,Arabian Cement Company,Equity,0.6344085931777954,0.5836374163627625,20.0,21.0,0.6451612903225806,-0.05077117681503296
2019-08,train,BTFH.CA,Beltone Holding,Equity,0.8924731016159058,0.6548721194267273,29.0,32.0,1.0,-0.23760098218917847
2019-08,train,Bonds,5-Year Government Bonds,Bonds,0.032258063554763794,0.3737165629863739,2.0,2.0,0.03225806451612903,0.3414584994316101
2019-08,train,CCAP.CA,QALA For Financial Investments,Equity,1.0,0.5935892462730408,32.0,22.0,0.6774193548387096,-0.40641075372695923
2019-08,train,COMI.CA,Commercial International Bank-Egypt (CIB),Equity,0.1505376398563385,0.4166392385959625,6.0,6.0,0.16129032258064516,0.266101598739624
2019-08,train,EAST.CA,Eastern Company,Equity,0.6774193644523621,0.46589866280555725,23.5,13.0,0.3870967741935484,-0.2115207016468048
2019-08,train,EFID.CA,Edita Food Industries S.A.E,Equity,0.9354838728904724,0.3775074779987335,31.0,4.0,0.0967741935483871,-0.5579763948917389
2019-08,train,EGAL.CA,Egypt Aluminum,Equity,0.5376344323158264,0.6501774191856384,17.0,31.0,0.967741935483871,0.11254298686981201
2019-08,train,EGCH.CA,Egyptian Chemical Industries (Kima),Equity,0.32258063554763794,0.6080841422080994,10.0,26.0,0.8064516129032258,0.2855035066604614
2019-08,train,EGX30,EGX30 Index,EquityIndex,0.11827956885099411,0.3766220808029175,4.0,3.0,0.06451612903225806,0.25834251195192337
2019-08,train,EMFD.CA,Emaar Misr for Development,Equity,0.7311828136444092,0.5560726523399353,25.5,20.0,0.6129032258064516,-0.17511016130447388
2019-08,train,ETEL.CA,Telecom Egypt,Equity,0.6559139490127563,0.4656985402107239,21.5,12.0,0.3548387096774194,-0.19021540880203247
2019-08,train,GBCO.CA,GB Corp,Equity,0.7634408473968506,0.6130238771438599,27.0,28.0,0.8709677419354839,-0.15041697025299072
2019-08,train,Gold,24K Gold (EGP),Gold,0.13978494703769684,0.40791556239128113,5.0,5.0,0.12903225806451613,0.2681306153535843
2019-08,train,HELI.CA,Heliopolis Housing,Equity,0.37634408473968506,0.649263322353363,12.0,30.0,0.9354838709677419,0.272919237613678
2019-08,train,HRHO.CA,EFG Holding,Equity,0.301075279712677,0.4392056465148926,9.0,9.0,0.25806451612903225,0.13813036680221558
2019-08,train,ISPH.CA,Ibnsina Pharma,Equity,0.44086021184921265,0.46069595217704773,14.0,11.0,0.3225806451612903,0.019835740327835083
2019-08,train,JUFO.CA,Juhayna Food Industries,Equity,0.08602150529623032,0.48592787981033325,3.0,14.0,0.41935483870967744,0.39990637451410294
2019-08,train,MCQE.CA,Misr Cement (Qena),Equity,0.6559139490127563,0.6108377575874329,21.5,27.0,0.8387096774193549,-0.045076191425323486
2019-08,train,MoneyMarket,91-Day T-Bills,MoneyMarket,0.0,0.31735312938690186,1.0,1.0,0.0,0.31735312938690186
2019-08,train,OIH.CA,Orascom Investment Holding,Equity,0.46236559748649597,0.6004288196563721,15.0,24.0,0.7419354838709677,0.1380632221698761
2019-08,train,ORAS.CA,Orascom Construction PLC,Equity,0.7311828136444092,0.44781067967414856,25.5,10.0,0.2903225806451613,-0.2833721339702606
2019-08,train,ORHD.CA,Orascom Development Egypt,Equity,0.6774193644523621,0.5999455451965332,23.5,23.0,0.7096774193548387,-0.07747381925582886
2019-08,train,ORWE.CA,Oriental Weavers,Equity,0.29032257199287415,0.5288100838661194,8.0,17.0,0.5161290322580645,0.23848751187324524
2019-08,train,PHDC.CA,Palm Hills Development Company,Equity,0.6129032373428345,0.5442511439323425,18.0,19.0,0.5806451612903226,-0.06865209341049194
2019-08,train,RAYA.CA,Raya Holding For Financial Investments,Equity,0.9139785170555115,0.6080572009086609,30.0,25.0,0.7741935483870968,-0.3059213161468506
2019-08,train,REIT,REIT Index,REIT,0.17204301059246063,0.4202214777469635,7.0,7.0,0.1935483870967742,0.24817846715450287
2019-08,train,TMGH.CA,T M G Holding,Equity,0.4838709533214569,0.49095624685287476,16.0,15.0,0.45161290322580644,0.007085293531417847
2019-08,train,VLMR.CA,Valmore Holding,Equity,0.4301075339317322,0.4222188889980316,13.0,8.0,0.22580645161290322,-0.007888644933700562
2019-09,train,ABUK.CA,Abou Kir Fertilizers,Equity,0.4838709533214569,0.49013686180114746,16.5,15.0,0.45161290322580644,0.006265908479690552
2019-09,train,ADIB.CA,Abu Dhabi Islamic Bank- Egypt,Equity,0.5591397881507874,0.5552439093589783,19.0,19.0,0.5806451612903226,-0.003895878791809082
2019-09,train,AMOC.CA,Alexandria Mineral Oils Company,Equity,0.6236559152603149,0.6081271767616272,20.0,28.0,0.8709677419354839,-0.015528738498687744
2019-09,train,ARCC.CA,Arabian Cement Company,Equity,0.7311828136444092,0.595491349697113,23.0,23.0,0.7096774193548387,-0.13569146394729614
2019-09,train,BTFH.CA,Beltone Holding,Equity,0.9139785170555115,0.6489790081977844,31.0,32.0,1.0,-0.26499950885772705
2019-09,train,Bonds,5-Year Government Bonds,Bonds,0.032258063554763794,0.36226874589920044,2.0,2.0,0.03225806451612903,0.33001068234443665
2019-09,train,CCAP.CA,QALA For Financial Investments,Equity,0.9569892287254333,0.596662163734436,32.0,24.0,0.7419354838709677,-0.3603270649909973
2019-09,train,COMI.CA,Commercial International Bank-Egypt (CIB),Equity,0.20430107414722443,0.38815417885780334,5.5,4.0,0.0967741935483871,0.18385310471057892
2019-09,train,EAST.CA,Eastern Company,Equity,0.32258063554763794,0.45447447896003723,12.0,12.0,0.3548387096774194,0.1318938434123993
2019-09,train,EFID.CA,Edita Food Industries S.A.E,Equity,0.49462366104125977,0.4174383878707886,18.0,6.0,0.16129032258064516,-0.07718527317047119
2019-09,train,EGAL.CA,Egypt Aluminum,Equity,0.8602150678634644,0.6414737701416016,28.0,31.0,0.967741935483871,-0.2187412977218628
2019-09,train,EGCH.CA,Egyptian Chemical Industries (Kima),Equity,0.8064516186714172,0.5802502036094666,26.0,21.0,0.6451612903225806,-0.22620141506195068
2019-09,train,EGX30,EGX30 Index,EquityIndex,0.20430107414722443,0.3834422826766968,5.5,3.0,0.06451612903225806,0.17914120852947235
2019-09,train,EMFD.CA,Emaar Misr for Development,Equity,0.25806450843811035,0.5399309396743774,7.5,18.0,0.5483870967741935,0.2818664312362671
2019-09,train,ETEL.CA,Telecom Egypt,Equity,0.25806450843811035,0.44060397148132324,7.5,10.0,0.2903225806451613,0.1825394630432129
2019-09,train,GBCO.CA,GB Corp,Equity,0.8709677457809448,0.6192266941070557,29.0,29.0,0.9032258064516129,-0.25174105167388916
2019-09,train,Gold,24K Gold (EGP),Gold,0.06451612710952759,0.4164048135280609,3.0,5.0,0.12903225806451613,0.3518886864185333
2019-09,train,HELI.CA,Heliopolis Housing,Equity,0.6344085931777954,0.6207517385482788,21.0,30.0,0.9354838709677419,-0.013656854629516602
2019-09,train,HRHO.CA,EFG Holding,Equity,0.40860214829444885,0.45625045895576477,14.0,13.0,0.3870967741935484,0.04764831066131592
2019-09,train,ISPH.CA,Ibnsina Pharma,Equity,0.16129031777381897,0.4469034671783447,4.0,11.0,0.3225806451612903,0.28561314940452576
2019-09,train,JUFO.CA,Juhayna Food Industries,Equity,0.7634408473968506,0.4269256293773651,24.0,7.0,0.1935483870967742,-0.3365152180194855
2019-09,train,MCQE.CA,Misr Cement (Qena),Equity,0.7956989407539368,0.6037824749946594,25.0,27.0,0.8387096774193549,-0.19191646575927734
2019-09,train,MoneyMarket,91-Day T-Bills,MoneyMarket,0.0,0.3313196003437042,1.0,1.0,0.0,0.3313196003437042
2019-09,train,OIH.CA,Orascom Investment Holding,Equity,0.8817204236984253,0.6013088822364807,30.0,26.0,0.8064516129032258,-0.2804115414619446
2019-09,train,ORAS.CA,Orascom Construction PLC,Equity,0.32258063554763794,0.46271252632141113,12.0,14.0,0.41935483870967744,0.1401318907737732
2019-09,train,ORHD.CA,Orascom Development Egypt,Equity,0.6881720423698425,0.5886889696121216,22.0,22.0,0.6774193548387096,-0.09948307275772095
2019-09,train,ORWE.CA,Oriental Weavers,Equity,0.2688172161579132,0.5225376486778259,9.0,17.0,0.5161290322580645,0.2537204325199127
2019-09,train,PHDC.CA,Palm Hills Development Company,Equity,0.8494623899459839,0.5588752627372742,27.0,20.0,0.6129032258064516,-0.2905871272087097
2019-09,train,RAYA.CA,Raya Holding For Financial Investments,Equity,0.32258063554763794,0.5988337397575378,12.0,25.0,0.7741935483870968,0.2762531042098999
2019-09,train,REIT,REIT Index,REIT,0.4838709533214569,0.4291737675666809,16.5,8.0,0.22580645161290322,-0.054697185754776
2019-09,train,TMGH.CA,T M G Holding,Equity,0.46236559748649597,0.5166995525360107,15.0,16.0,0.4838709677419355,0.05433395504951477
2019-09,train,VLMR.CA,Valmore Holding,Equity,0.31182795763015747,0.4362238049507141,10.0,9.0,0.25806451612903225,0.12439584732055664
2019-10,train,ABUK.CA,Abou Kir Fertilizers,Equity,0.8020833134651184,0.4972061812877655,28.0,15.0,0.45161290322580644,-0.3048771321773529
2019-10,train,ADIB.CA,Abu Dhabi Islamic Bank- Egypt,Equity,0.46875,0.5694999694824219,13.5,19.0,0.5806451612903226,0.10074996948242188
2019-10,train,AMOC.CA,Alexandria Mineral Oils Company,Equity,0.875,0.5985375642776489,29.0,22.0,0.6774193548387096,-0.2764624357223511
2019-10,train,ARCC.CA,Arabian Cement Company,Equity,0.7604166865348816,0.6308625936508179,26.5,28.0,0.8709677419354839,-0.12955409288406372
2019-10,train,BTFH.CA,Beltone Holding,Equity,0.6145833134651184,0.6430144309997559,20.5,31.0,0.967741935483871,0.02843111753463745
2019-10,train,Bonds,5-Year Government Bonds,Bonds,0.03125,0.3757036030292511,2.0,2.0,0.03225806451612903,0.3444536030292511
2019-10,train,CCAP.CA,QALA For Financial Investments,Equity,0.6145833134651184,0.6240964531898499,20.5,27.0,0.8387096774193549,0.009513139724731445
2019-10,train,COMI.CA,Commercial International Bank-Egypt (CIB),Equity,0.1041666641831398,0.39411890506744385,4.0,4.0,0.0967741935483871,0.28995224088430405
2019-10,train,EAST.CA,Eastern Company,Equity,0.53125,0.452545702457428,16.0,9.0,0.25806451612903225,-0.07870429754257202
2019-10,train,EFID.CA,Edita Food Industries S.A.E,Equity,0.9583333134651184,0.4841305911540985,31.0,13.0,0.3870967741935484,-0.4742027223110199
2019-10,train,EGAL.CA,Egypt Aluminum,Equity,0.9270833134651184,0.6534999012947083,30.0,32.0,1.0,-0.27358341217041016
2019-10,train,EGCH.CA,Egyptian Chemical Industries (Kima),Equity,0.4583333432674408,0.5968939661979675,12.0,21.0,0.6451612903225806,0.13856062293052673
2019-10,train,EGX30,EGX30 Index,EquityIndex,0.1145833358168602,0.3785022795200348,5.0,3.0,0.06451612903225806,0.2639189437031746
2019-10,train,EMFD.CA,Emaar Misr for Development,Equity,0.4895833432674408,0.5093313455581665,15.0,17.0,0.5161290322580645,0.019748002290725708
2019-10,train,ETEL.CA,Telecom Egypt,Equity,0.3958333432674408,0.4255041182041168,11.0,7.0,0.1935483870967742,0.029670774936676025
2019-10,train,GBCO.CA,GB Corp,Equity,0.96875,0.6334312558174133,32.0,29.0,0.9032258064516129,-0.33531874418258667
2019-10,train,Gold,24K Gold (EGP),Gold,0.0729166641831398,0.40138155221939087,3.0,5.0,0.12903225806451613,0.32846488803625107
2019-10,train,HELI.CA,Heliopolis Housing,Equity,0.3125,0.6153749823570251,10.0,26.0,0.8064516129032258,0.30287498235702515
2019-10,train,HRHO.CA,EFG Holding,Equity,0.5416666865348816,0.4739219546318054,17.0,12.0,0.3548387096774194,-0.06774473190307617
2019-10,train,ISPH.CA,Ibnsina Pharma,Equity,0.25,0.4656637907028198,7.0,11.0,0.3225806451612903,0.21566379070281982
2019-10,train,JUFO.CA,Juhayna Food Industries,Equity,0.5729166865348816,0.4962514042854309,18.0,14.0,0.41935483870967744,-0.07666528224945068
2019-10,train,MCQE.CA,Misr Cement (Qena),Equity,0.7604166865348816,0.6379400491714478,26.5,30.0,0.9354838709677419,-0.12247663736343384
2019-10,train,MoneyMarket,91-Day T-Bills,MoneyMarket,0.0,0.3497702479362488,1.0,1.0,0.0,0.3497702479362488
2019-10,train,OIH.CA,Orascom Investment Holding,Equity,0.6041666865348816,0.6066896319389343,19.0,25.0,0.7741935483870968,0.0025229454040527344
2019-10,train,ORAS.CA,Orascom Construction PLC,Equity,0.46875,0.5020255446434021,13.5,16.0,0.4838709677419355,0.0332755446434021
2019-10,train,ORHD.CA,Orascom Development Egypt,Equity,0.6354166865348816,0.5988972187042236,23.0,23.0,0.7096774193548387,-0.03651946783065796
2019-10,train,ORWE.CA,Oriental Weavers,Equity,0.2604166567325592,0.46136897802352905,8.0,10.0,0.2903225806451613,0.20095232129096985
2019-10,train,PHDC.CA,Palm Hills Development Company,Equity,0.625,0.5920376181602478,22.0,20.0,0.6129032258064516,-0.0329623818397522
2019-10,train,RAYA.CA,Raya Holding For Financial Investments,Equity,0.6458333134651184,0.6040056943893433,24.0,24.0,0.7419354838709677,-0.041827619075775146
2019-10,train,REIT,REIT Index,REIT,0.28125,0.4489498436450958,9.0,8.0,0.22580645161290322,0.16769984364509583
2019-10,train,TMGH.CA,T M G Holding,Equity,0.6979166865348816,0.5154335498809814,25.0,18.0,0.5483870967741935,-0.18248313665390015
2019-10,train,VLMR.CA,Valmore Holding,Equity,0.1875,0.4227154552936554,6.0,6.0,0.16129032258064516,0.2352154552936554
2019-11,train,ABUK.CA,Abou Kir Fertilizers,Equity,0.6875,0.5025321245193481,23.5,17.0,0.5161290322580645,-0.18496787548065186
2019-11,train,ADIB.CA,Abu Dhabi Islamic Bank- Egypt,Equity,0.4791666567325592,0.5554511547088623,14.5,19.0,0.5806451612903226,0.0762844979763031
2019-11,train,AMOC.CA,Alexandria Mineral Oils Company,Equity,0.96875,0.5884290337562561,31.0,24.0,0.7419354838709677,-0.3803209662437439
2019-11,train,ARCC.CA,Arabian Cement Company,Equity,0.3645833432674408,0.6133778691291809,10.0,28.0,0.8709677419354839,0.2487945258617401
2019-11,train,BTFH.CA,Beltone Holding,Equity,0.9791666865348816,0.6414219737052917,32.0,31.0,0.967741935483871,-0.33774471282958984
2019-11,train,Bonds,5-Year Government Bonds,Bonds,0.03125,0.36531758308410645,2.0,3.0,0.06451612903225806,0.33406758308410645
2019-11,train,CCAP.CA,QALA For Financial Investments,Equity,0.5833333134651184,0.6095352172851562,21.0,27.0,0.8387096774193549,0.026201903820037842
2019-11,train,COMI.CA,Commercial International Bank-Egypt (CIB),Equity,0.3229166567325592,0.37129300832748413,7.5,4.0,0.0967741935483871,0.04837635159492493
2019-11,train,EAST.CA,Eastern Company,Equity,0.5729166865348816,0.434330016374588,19.5,9.0,0.25806451612903225,-0.13858667016029358
2019-11,train,EFID.CA,Edita Food Industries S.A.E,Equity,0.8333333134651184,0.545513391494751,29.0,18.0,0.5483870967741935,-0.28781992197036743
2019-11,train,EGAL.CA,Egypt Aluminum,Equity,0.875,0.6519450545310974,30.0,32.0,1.0,-0.2230549454689026
2019-11,train,EGCH.CA,Egyptian Chemical Industries (Kima),Equity,0.71875,0.5626877546310425,26.0,20.0,0.6129032258064516,-0.15606224536895752
2019-11,train,EGX30,EGX30 Index,EquityIndex,0.15625,0.3511521816253662,4.0,1.0,0.0,0.1949021816253662
2019-11,train,EMFD.CA,Emaar Misr for Development,Equity,0.5416666865348816,0.49189671874046326,17.0,15.0,0.45161290322580644,-0.049769967794418335
2019-11,train,ETEL.CA,Telecom Egypt,Equity,0.5729166865348816,0.42069491744041443,19.5,7.0,0.1935483870967742,-0.15222176909446716
2019-11,train,GBCO.CA,GB Corp,Equity,0.6979166865348816,0.6307173371315002,25.0,29.0,0.9032258064516129,-0.06719934940338135
2019-11,train,Gold,24K Gold (EGP),Gold,0.0729166641831398,0.40278422832489014,3.0,6.0,0.16129032258064516,0.32986756414175034
2019-11,train,HELI.CA,Heliopolis Housing,Equity,0.5625,0.581697940826416,18.0,22.0,0.6774193548387096,0.019197940826416016
2019-11,train,HRHO.CA,EFG Holding,Equity,0.59375,0.4659061133861542,22.0,13.0,0.3870967741935484,-0.12784388661384583
2019-11,train,ISPH.CA,Ibnsina Pharma,Equity,0.4166666567325592,0.4389919340610504,12.0,11.0,0.3225806451612903,0.02232527732849121
2019-11,train,JUFO.CA,Juhayna Food Industries,Equity,0.4583333432674408,0.4578096866607666,13.0,12.0,0.3548387096774194,-0.0005236566066741943
2019-11,train,MCQE.CA,Misr Cement (Qena),Equity,0.7916666865348816,0.5871439576148987,27.5,23.0,0.7096774193548387,-0.2045227289199829
2019-11,train,MoneyMarket,91-Day T-Bills,MoneyMarket,0.0,0.3536818027496338,1.0,2.0,0.03225806451612903,0.3536818027496338
2019-11,train,OIH.CA,Orascom Investment Holding,Equity,0.3645833432674408,0.5933632850646973,10.0,25.0,0.7741935483870968,0.22877994179725647
2019-11,train,ORAS.CA,Orascom Construction PLC,Equity,0.4791666567325592,0.4883370101451874,14.5,14.0,0.41935483870967744,0.009170353412628174
2019-11,train,ORHD.CA,Orascom Development Egypt,Equity,0.3645833432674408,0.5965380072593689,10.0,26.0,0.8064516129032258,0.2319546639919281
2019-11,train,ORWE.CA,Oriental Weavers,Equity,0.1770833283662796,0.4386551082134247,5.0,10.0,0.2903225806451613,0.2615717798471451
2019-11,train,PHDC.CA,Palm Hills Development Company,Equity,0.3125,0.5737444162368774,6.0,21.0,0.6451612903225806,0.26124441623687744
2019-11,train,RAYA.CA,Raya Holding For Financial Investments,Equity,0.7916666865348816,0.6368642449378967,27.5,30.0,0.9354838709677419,-0.15480244159698486
2019-11,train,REIT,REIT Index,REIT,0.3229166567325592,0.420718252658844,7.5,8.0,0.22580645161290322,0.09780159592628479
2019-11,train,TMGH.CA,T M G Holding,Equity,0.6875,0.4972897171974182,23.5,16.0,0.4838709677419355,-0.1902102828025818
2019-11,train,VLMR.CA,Valmore Holding,Equity,0.53125,0.402723103761673,16.0,5.0,0.12903225806451613,-0.12852689623832703
2019-12,train,ABUK.CA,Abou Kir Fertilizers,Equity,0.5416666865348816,0.5363403558731079,17.0,16.0,0.4838709677419355,-0.005326330661773682
2019-12,train,ADIB.CA,Abu Dhabi Islamic Bank- Egypt,Equity,0.3958333432674408,0.5682823061943054,14.5,18.0,0.5483870967741935,0.17244896292686462
2019-12,train,AMOC.CA,Alexandria Mineral Oils Company,Equity,0.6770833134651184,0.6070780158042908,23.0,25.0,0.7741935483870968,-0.07000529766082764
2019-12,train,ARCC.CA,Arabian Cement Company,Equity,0.9583333134651184,0.6095433831214905,31.0,26.0,0.8064516129032258,-0.34878993034362793
2019-12,train,BTFH.CA,Beltone Holding,Equity,1.0,0.6342703104019165,32.0,30.0,0.9354838709677419,-0.3657296895980835
2019-12,train,Bonds,5-Year Government Bonds,Bonds,0.03125,0.3738003671169281,2.0,3.0,0.06451612903225806,0.3425503671169281
2019-12,train,CCAP.CA,QALA For Financial Investments,Equity,0.7291666865348816,0.5982598662376404,25.0,23.0,0.7096774193548387,-0.1309068202972412
2019-12,train,COMI.CA,Commercial International Bank-Egypt (CIB),Equity,0.125,0.3896138370037079,4.0,5.0,0.12903225806451613,0.2646138370037079
2019-12,train,EAST.CA,Eastern Company,Equity,0.2708333432674408,0.41132205724716187,7.0,7.0,0.1935483870967742,0.14048871397972107
2019-12,train,EFID.CA,Edita Food Industries S.A.E,Equity,0.78125,0.5719985961914062,28.0,20.0,0.6129032258064516,-0.20925140380859375
2019-12,train,EGAL.CA,Egypt Aluminum,Equity,0.7604166865348816,0.6420840620994568,26.5,31.0,0.967741935483871,-0.1183326244354248
2019-12,train,EGCH.CA,Egyptian Chemical Industries (Kima),Equity,0.65625,0.5995670557022095,22.0,24.0,0.7419354838709677,-0.05668294429779053
2019-12,train,EGX30,EGX30 Index,EquityIndex,0.1354166716337204,0.3557921350002289,5.0,1.0,0.0,0.22037546336650848
2019-12,train,EMFD.CA,Emaar Misr for Development,Equity,0.4895833432674408,0.49762776494026184,16.0,13.0,0.3870967741935484,0.008044421672821045
2019-12,train,ETEL.CA,Telecom Egypt,Equity,0.3229166567325592,0.4449813961982727,12.0,11.0,0.3225806451612903,0.1220647394657135
2019-12,train,GBCO.CA,GB Corp,Equity,0.375,0.6594814658164978,13.0,32.0,1.0,0.2844814658164978
2019-12,train,Gold,24K Gold (EGP),Gold,0.0625,0.3791588544845581,3.0,4.0,0.0967741935483871,0.3166588544845581
2019-12,train,HELI.CA,Heliopolis Housing,Equity,0.3958333432674408,0.5903298258781433,14.5,22.0,0.6774193548387096,0.19449648261070251
2019-12,train,HRHO.CA,EFG Holding,Equity,0.6145833134651184,0.4381164014339447,19.5,10.0,0.2903225806451613,-0.1764669120311737
2019-12,train,ISPH.CA,Ibnsina Pharma,Equity,0.8958333134651184,0.43159544467926025,30.0,9.0,0.25806451612903225,-0.46423786878585815
2019-12,train,JUFO.CA,Juhayna Food Industries,Equity,0.6458333134651184,0.5492594838142395,21.0,17.0,0.5161290322580645,-0.0965738296508789
2019-12,train,MCQE.CA,Misr Cement (Qena),Equity,0.6145833134651184,0.6133535504341125,19.5,27.0,0.8387096774193549,-0.0012297630310058594
2019-12,train,MoneyMarket,91-Day T-Bills,MoneyMarket,0.0,0.35934171080589294,1.0,2.0,0.03225806451612903,0.35934171080589294
2019-12,train,OIH.CA,Orascom Investment Holding,Equity,0.3125,0.569056510925293,11.0,19.0,0.5806451612903226,0.25655651092529297
2019-12,train,ORAS.CA,Orascom Construction PLC,Equity,0.15625,0.5054871439933777,6.0,14.0,0.41935483870967744,0.3492371439933777
2019-12,train,ORHD.CA,Orascom Development Egypt,Equity,0.6979166865348816,0.6171317100524902,24.0,29.0,0.9032258064516129,-0.08078497648239136
2019-12,train,ORWE.CA,Oriental Weavers,Equity,0.3020833432674408,0.4593031108379364,10.0,12.0,0.3548387096774194,0.1572197675704956
2019-12,train,PHDC.CA,Palm Hills Development Company,Equity,0.7604166865348816,0.5735704302787781,26.5,21.0,0.6451612903225806,-0.18684625625610352
2019-12,train,RAYA.CA,Raya Holding For Financial Investments,Equity,0.8541666865348816,0.6134655475616455,29.0,28.0,0.8709677419354839,-0.24070113897323608
2019-12,train,REIT,REIT Index,REIT,0.2916666567325592,0.429472416639328,9.0,8.0,0.22580645161290322,0.1378057599067688
2019-12,train,TMGH.CA,T M G Holding,Equity,0.5833333134651184,0.5156923532485962,18.0,15.0,0.45161290322580644,-0.06764096021652222
2019-12,train,VLMR.CA,Valmore Holding,Equity,0.28125,0.3997229337692261,8.0,6.0,0.16129032258064516,0.11847293376922607
2020-01,train,ABUK.CA,Abou Kir Fertilizers,Equity,0.5252525210380554,0.5240524411201477,18.0,16.0,0.46875,-0.0012000799179077148
2020-01,train,ADIB.CA,Abu Dhabi Islamic Bank- Egypt,Equity,0.6666666865348816,0.5420582890510559,21.5,17.0,0.5,-0.12460839748382568
2020-01,train,AMOC.CA,Alexandria Mineral Oils Company,Equity,0.8282828330993652,0.592403769493103,28.0,24.0,0.71875,-0.2358790636062622
2020-01,train,ARCC.CA,Arabian Cement Company,Equity,0.8383838534355164,0.5939531922340393,29.0,25.0,0.75,-0.24443066120147705
2020-01,train,BTFH.CA,Beltone Holding,Equity,0.6767676472663879,0.6481136083602905,23.0,33.0,1.0,-0.028654038906097412
2020-01,train,Bonds,5-Year Government Bonds,Bonds,0.03030303120613098,0.35429269075393677,2.0,1.0,0.0,0.3239896595478058
2020-01,train,CCAP.CA,QALA For Financial Investments,Equity,0.7676767706871033,0.6378657221794128,26.0,31.0,0.9375,-0.12981104850769043
2020-01,train,COMI.CA,Commercial International Bank-Egypt (CIB),Equity,0.10101009905338287,0.4101829528808594,4.0,6.0,0.15625,0.3091728538274765
2020-01,train,EAST.CA,Eastern Company,Equity,0.17171716690063477,0.4349040687084198,5.0,8.0,0.21875,0.26318690180778503
2020-01,train,EFID.CA,Edita Food Industries S.A.E,Equity,0.2222222238779068,0.6154942512512207,8.0,27.0,0.8125,0.3932720273733139
2020-01,train,EGAL.CA,Egypt Aluminum,Equity,0.939393937587738,0.6422449350357056,32.0,32.0,0.96875,-0.29714900255203247
2020-01,train,EGCH.CA,Egyptian Chemical Industries (Kima),Equity,0.6666666865348816,0.5854691863059998,21.5,22.0,0.65625,-0.08119750022888184
2020-01,train,EGX30,EGX30 Index,EquityIndex,0.19191919267177582,0.3886675536632538,6.0,4.0,0.09375,0.19674836099147797
2020-01,train,EMFD.CA,Emaar Misr for Development,Equity,0.5757575631141663,0.5011641383171082,20.0,13.0,0.375,-0.0745934247970581
2020-01,train,ETEL.CA,Telecom Egypt,Equity,0.7777777910232544,0.44874638319015503,27.0,9.0,0.25,-0.32903140783309937
2020-01,train,FWRY.CA,Fawry For Banking Technology And Electronic Payment,Equity,0.31313130259513855,0.558394730091095,10.5,19.0,0.5625,0.24526342749595642
2020-01,train,GBCO.CA,GB Corp,Equity,0.7575757503509521,0.6280138492584229,25.0,29.0,0.875,-0.1295619010925293
2020-01,train,Gold,24K Gold (EGP),Gold,0.07070706784725189,0.38509154319763184,3.0,3.0,0.0625,0.31438447535037994
2020-01,train,HELI.CA,Heliopolis Housing,Equity,0.747474730014801,0.5914625525474548,24.0,23.0,0.6875,-0.1560121774673462
2020-01,train,HRHO.CA,EFG Holding,Equity,0.4545454680919647,0.4730072617530823,16.0,12.0,0.34375,0.018461793661117554
2020-01,train,ISPH.CA,Ibnsina Pharma,Equity,0.4343434274196625,0.5042059421539307,15.0,14.0,0.40625,0.06986251473426819
2020-01,train,JUFO.CA,Juhayna Food Industries,Equity,0.31313130259513855,0.5442838072776794,10.5,18.0,0.53125,0.2311525046825409
2020-01,train,MCQE.CA,Misr Cement (Qena),Equity,0.42424243688583374,0.6104093790054321,14.0,26.0,0.78125,0.1861669421195984
2020-01,train,MoneyMarket,91-Day T-Bills,MoneyMarket,0.0,0.3566642105579376,1.0,2.0,0.03125,0.3566642105579376
2020-01,train,OIH.CA,Orascom Investment Holding,Equity,0.39393940567970276,0.5587180852890015,13.0,20.0,0.59375,0.1647786796092987
2020-01,train,ORAS.CA,Orascom Construction PLC,Equity,0.34343433380126953,0.45871052145957947,12.0,10.0,0.28125,0.11527618765830994
2020-01,train,ORHD.CA,Orascom Development Egypt,Equity,0.868686854839325,0.6231445670127869,30.0,28.0,0.84375,-0.24554228782653809
2020-01,train,ORWE.CA,Oriental Weavers,Equity,0.20202019810676575,0.4610319435596466,7.0,11.0,0.3125,0.25901174545288086
2020-01,train,PHDC.CA,Palm Hills Development Company,Equity,0.8888888955116272,0.5677431225776672,31.0,21.0,0.625,-0.32114577293395996
2020-01,train,RAYA.CA,Raya Holding For Financial Investments,Equity,0.2929292917251587,0.6282752752304077,9.0,30.0,0.90625,0.335345983505249
2020-01,train,REIT,REIT Index,REIT,1.0,0.4257870614528656,33.0,7.0,0.1875,-0.5742129385471344
2020-01,train,TMGH.CA,T M G Holding,Equity,0.4848484992980957,0.5159975290298462,17.0,15.0,0.4375,0.03114902973175049
2020-01,train,VLMR.CA,Valmore Holding,Equity,0.5656565427780151,0.39342427253723145,19.0,5.0,0.125,-0.1722322702407837
2020-02,train,ABUK.CA,Abou Kir Fertilizers,Equity,0.6868686676025391,0.5082545280456543,24.0,14.0,0.40625,-0.17861413955688477
2020-02,train,ADIB.CA,Abu Dhabi Islamic Bank- Egypt,Equity,0.2626262605190277,0.5397077798843384,8.0,19.0,0.5625,0.27708151936531067
2020-02,train,AMOC.CA,Alexandria Mineral Oils Company,Equity,0.7878788113594055,0.6021549701690674,27.0,25.0,0.75,-0.18572384119033813
2020-02,train,ARCC.CA,Arabian Cement Company,Equity,0.3636363744735718,0.5915808081626892,11.0,23.0,0.6875,0.22794443368911743
2020-02,train,BTFH.CA,Beltone Holding,Equity,0.8383838534355164,0.64715576171875,28.0,32.0,0.96875,-0.19122809171676636
2020-02,train,Bonds,5-Year Government Bonds,Bonds,0.03030303120613098,0.3495372235774994,2.0,2.0,0.03125,0.3192341923713684
2020-02,train,CCAP.CA,QALA For Financial Investments,Equity,0.7777777910232544,0.6197770237922668,26.0,29.0,0.875,-0.15800076723098755
2020-02,train,COMI.CA,Commercial International Bank-Egypt (CIB),Equity,0.1515151560306549,0.4047037661075592,5.0,7.0,0.1875,0.2531886100769043
2020-02,train,EAST.CA,Eastern Company,Equity,0.4141414165496826,0.39718660712242126,14.0,6.0,0.15625,-0.016954809427261353
2020-02,train,EFID.CA,Edita Food Industries S.A.E,Equity,0.06060606241226196,0.5595312714576721,3.0,21.0,0.625,0.49892520904541016
2020-02,train,EGAL.CA,Egypt Aluminum,Equity,0.8888888955116272,0.6532877683639526,30.0,33.0,1.0,-0.23560112714767456
2020-02,train,EGCH.CA,Egyptian Chemical Industries (Kima),Equity,0.5858585834503174,0.6247707009315491,20.0,30.0,0.90625,0.03891211748123169
2020-02,train,EGX30,EGX30 Index,EquityIndex,0.21212121844291687,0.3875238597393036,7.0,4.0,0.09375,0.17540264129638672
2020-02,train,EMFD.CA,Emaar Misr for Development,Equity,0.5656565427780151,0.4833528399467468,18.0,12.0,0.34375,-0.08230370283126831
2020-02,train,ETEL.CA,Telecom Egypt,Equity,0.868686854839325,0.4990300238132477,29.0,13.0,0.375,-0.36965683102607727
2020-02,train,FWRY.CA,Fawry For Banking Technology And Electronic Payment,Equity,0.3636363744735718,0.5114738345146179,11.0,15.0,0.4375,0.14783746004104614
2020-02,train,GBCO.CA,GB Corp,Equity,0.9696969985961914,0.6190584897994995,33.0,28.0,0.84375,-0.3506385087966919
2020-02,train,Gold,24K Gold (EGP),Gold,0.1111111119389534,0.3826090395450592,4.0,3.0,0.0625,0.2714979276061058
2020-02,train,HELI.CA,Heliopolis Housing,Equity,0.9494949579238892,0.6147523522377014,32.0,27.0,0.8125,-0.33474260568618774
2020-02,train,HRHO.CA,EFG Holding,Equity,0.6767676472663879,0.45407506823539734,23.0,11.0,0.3125,-0.2226925790309906
2020-02,train,ISPH.CA,Ibnsina Pharma,Equity,0.4040403962135315,0.44294455647468567,13.0,9.0,0.25,0.038904160261154175
2020-02,train,JUFO.CA,Juhayna Food Industries,Equity,0.5555555820465088,0.5284233689308167,17.0,17.0,0.5,-0.02713221311569214
2020-02,train,MCQE.CA,Misr Cement (Qena),Equity,0.6565656661987305,0.6105836033821106,22.0,26.0,0.78125,-0.04598206281661987
2020-02,train,MoneyMarket,91-Day T-Bills,MoneyMarket,0.0,0.33129429817199707,1.0,1.0,0.0,0.33129429817199707
2020-02,train,OIH.CA,Orascom Investment Holding,Equity,0.6060606241226196,0.5404171347618103,21.0,20.0,0.59375,-0.06564348936080933
2020-02,train,ORAS.CA,Orascom Construction PLC,Equity,0.4747474789619446,0.4339824318885803,16.0,8.0,0.21875,-0.04076504707336426
2020-02,train,ORHD.CA,Orascom Development Egypt,Equity,0.9191918969154358,0.5981068015098572,31.0,24.0,0.71875,-0.3210850954055786
2020-02,train,ORWE.CA,Oriental Weavers,Equity,0.19191919267177582,0.4443477392196655,6.0,10.0,0.28125,0.2524285465478897
2020-02,train,PHDC.CA,Palm Hills Development Company,Equity,0.5757575631141663,0.5817697048187256,19.0,22.0,0.65625,0.006012141704559326
2020-02,train,RAYA.CA,Raya Holding For Financial Investments,Equity,0.747474730014801,0.6438174843788147,25.0,31.0,0.9375,-0.10365724563598633
2020-02,train,REIT,REIT Index,REIT,0.4444444477558136,0.5305132269859314,15.0,18.0,0.53125,0.0860687792301178
2020-02,train,TMGH.CA,T M G Holding,Equity,0.3636363744735718,0.5182866454124451,11.0,16.0,0.46875,0.1546502709388733
2020-02,train,VLMR.CA,Valmore Holding,Equity,0.35353535413742065,0.3912503719329834,9.0,5.0,0.125,0.037715017795562744
2020-03,train,ABUK.CA,Abou Kir Fertilizers,Equity,0.4848484992980957,0.5209646224975586,16.0,17.0,0.5,0.03611612319946289
2020-03,train,ADIB.CA,Abu Dhabi Islamic Bank- Egypt,Equity,0.4343434274196625,0.5084231495857239,14.0,13.0,0.375,0.0740797221660614
2020-03,train,AMOC.CA,Alexandria Mineral Oils Company,Equity,0.8585858345031738,0.5932558178901672,28.5,23.0,0.6875,-0.2653300166130066
2020-03,train,ARCC.CA,Arabian Cement Company,Equity,0.8282828330993652,0.5948178172111511,26.0,24.0,0.71875,-0.2334650158882141
2020-03,train,BTFH.CA,Beltone Holding,Equity,0.9090909361839294,0.646087646484375,31.0,33.0,1.0,-0.26300328969955444
2020-03,train,Bonds,5-Year Government Bonds,Bonds,0.03030303120613098,0.36560797691345215,2.0,2.0,0.03125,0.33530494570732117
2020-03,train,CCAP.CA,QALA For Financial Investments,Equity,0.9595959782600403,0.6235250234603882,33.0,30.0,0.90625,-0.3360709547996521
2020-03,train,COMI.CA,Commercial International Bank-Egypt (CIB),Equity,0.34343433380126953,0.4105285704135895,11.5,6.0,0.15625,0.06709423661231995
2020-03,train,EAST.CA,Eastern Company,Equity,0.4040403962135315,0.4117603003978729,13.0,7.0,0.1875,0.007719904184341431
2020-03,train,EFID.CA,Edita Food Industries S.A.E,Equity,0.4747474789619446,0.5603051781654358,15.0,20.0,0.59375,0.08555769920349121
2020-03,train,EGAL.CA,Egypt Aluminum,Equity,0.7171717286109924,0.6318038702011108,23.5,31.0,0.9375,-0.08536785840988159
2020-03,train,EGCH.CA,Egyptian Chemical Industries (Kima),Equity,0.8585858345031738,0.6022458076477051,28.5,25.0,0.75,-0.25634002685546875
2020-03,train,EGX30,EGX30 Index,EquityIndex,0.34343433380126953,0.3815891444683075,11.5,3.0,0.0625,0.038154810667037964
2020-03,train,EMFD.CA,Emaar Misr for Development,Equity,0.20202019810676575,0.5132810473442078,7.0,15.0,0.4375,0.311260849237442
2020-03,train,ETEL.CA,Telecom Egypt,Equity,0.5252525210380554,0.5646917819976807,17.0,22.0,0.65625,0.039439260959625244
2020-03,train,FWRY.CA,Fawry For Banking Technology And Electronic Payment,Equity,0.13131313025951385,0.5115127563476562,4.0,14.0,0.40625,0.3801996260881424
2020-03,train,GBCO.CA,GB Corp,Equity,0.5959596037864685,0.6077682375907898,20.5,27.0,0.8125,0.011808633804321289
2020-03,train,Gold,24K Gold (EGP),Gold,0.07070706784725189,0.40483948588371277,3.0,5.0,0.125,0.3341324180364609
2020-03,train,HELI.CA,Heliopolis Housing,Equity,0.8484848737716675,0.609488308429718,27.0,28.0,0.84375,-0.23899656534194946
2020-03,train,HRHO.CA,EFG Holding,Equity,0.868686854839325,0.5056940317153931,30.0,12.0,0.34375,-0.3629928231239319
2020-03,train,ISPH.CA,Ibnsina Pharma,Equity,0.1515151560306549,0.5036495327949524,5.0,11.0,0.3125,0.3521343767642975
2020-03,train,JUFO.CA,Juhayna Food Industries,Equity,0.28282827138900757,0.5266451835632324,8.0,18.0,0.53125,0.24381691217422485
2020-03,train,MCQE.CA,Misr Cement (Qena),Equity,0.7676767706871033,0.6023755073547363,25.0,26.0,0.78125,-0.16530126333236694
2020-03,train,MoneyMarket,91-Day T-Bills,MoneyMarket,0.0,0.34202295541763306,1.0,1.0,0.0,0.34202295541763306
2020-03,train,OIH.CA,Orascom Investment Holding,Equity,0.5959596037864685,0.5363826751708984,20.5,19.0,0.5625,-0.05957692861557007
2020-03,train,ORAS.CA,Orascom Construction PLC,Equity,0.5353535413742065,0.42989256978034973,18.0,8.0,0.21875,-0.10546097159385681
2020-03,train,ORHD.CA,Orascom Development Egypt,Equity,0.9292929172515869,0.6108197569847107,32.0,29.0,0.875,-0.3184731602668762
2020-03,train,ORWE.CA,Oriental Weavers,Equity,0.31313130259513855,0.4428030550479889,10.0,9.0,0.25,0.12967175245285034
2020-03,train,PHDC.CA,Palm Hills Development Company,Equity,0.7171717286109924,0.5604743957519531,23.5,21.0,0.625,-0.1566973328590393
2020-03,train,RAYA.CA,Raya Holding For Financial Investments,Equity,0.16161616146564484,0.6324508786201477,6.0,32.0,0.96875,0.47083471715450287
2020-03,train,REIT,REIT Index,REIT,0.5555555820465088,0.48950523138046265,19.0,10.0,0.28125,-0.06605035066604614
2020-03,train,TMGH.CA,T M G Holding,Equity,0.6464646458625793,0.5179444551467896,22.0,16.0,0.46875,-0.1285201907157898
2020-03,train,VLMR.CA,Valmore Holding,Equity,0.2929292917251587,0.38943588733673096,9.0,4.0,0.09375,0.09650659561157227
2020-04,train,ABUK.CA,Abou Kir Fertilizers,Equity,0.6161616444587708,0.5011271834373474,23.0,14.0,0.3939393939393939,-0.11503446102142334
2020-04,train,ADIB.CA,Abu Dhabi Islamic Bank- Egypt,Equity,0.19191919267177582,0.5181238651275635,6.0,16.0,0.45454545454545453,0.32620467245578766
2020-04,train,AMOC.CA,Alexandria Mineral Oils Company,Equity,0.747474730014801,0.6013994812965393,29.0,29.0,0.8484848484848485,-0.14607524871826172
2020-04,train,ARCC.CA,Arabian Cement Company,Equity,0.5555555820465088,0.5858309864997864,21.0,25.0,0.7272727272727273,0.030275404453277588
2020-04,train,BTFH.CA,Beltone Holding,Equity,0.9191918969154358,0.6495639085769653,34.0,34.0,1.0,-0.26962798833847046
2020-04,train,Bonds,5-Year Government Bonds,Bonds,0.03030303120613098,0.3488650619983673,2.0,2.0,0.030303030303030304,0.31856203079223633
2020-04,train,CCAP.CA,QALA For Financial Investments,Equity,0.21212121844291687,0.6301311254501343,7.0,33.0,0.9696969696969697,0.4180099070072174
2020-04,train,COMI.CA,Commercial International Bank-Egypt (CIB),Equity,0.7373737096786499,0.41545796394348145,28.0,5.0,0.12121212121212122,-0.32191574573516846
2020-04,train,EAST.CA,Eastern Company,Equity,0.35353535413742065,0.42162418365478516,8.0,6.0,0.15151515151515152,0.0680888295173645
2020-04,train,EFID.CA,Edita Food Industries S.A.E,Equity,0.6565656661987305,0.5121368765830994,25.0,15.0,0.42424242424242425,-0.1444287896156311
2020-04,train,EGAL.CA,Egypt Aluminum,Equity,0.6060606241226196,0.6091326475143433,22.0,30.0,0.8787878787878788,0.003072023391723633
2020-04,train,EGCH.CA,Egyptian Chemical Industries (Kima),Equity,0.8282828330993652,0.5970309972763062,30.5,27.0,0.7878787878787878,-0.23125183582305908
2020-04,train,EGX30,EGX30 Index,EquityIndex,0.4040403962135315,0.38074570894241333,11.0,4.0,0.09090909090909091,-0.023294687271118164
2020-04,train,EMFD.CA,Emaar Misr for Development,Equity,0.4848484992980957,0.4896096885204315,16.0,13.0,0.36363636363636365,0.004761189222335815
2020-04,train,ETEL.CA,Telecom Egypt,Equity,0.8787878751754761,0.5356561541557312,33.0,18.0,0.5151515151515151,-0.3431317210197449
2020-04,train,FWRY.CA,Fawry For Banking Technology And Electronic Payment,Equity,0.12121212482452393,0.45034417510032654,3.5,9.0,0.24242424242424243,0.3291320502758026
2020-04,train,GBCO.CA,GB Corp,Equity,0.7272727489471436,0.6007606983184814,27.0,28.0,0.8181818181818182,-0.1265120506286621
2020-04,train,Gold,24K Gold (EGP),Gold,0.12121212482452393,0.379116028547287,3.5,3.0,0.06060606060606061,0.25790390372276306
2020-04,train,HELI.CA,Heliopolis Housing,Equity,0.5353535413742065,0.6252239346504211,18.0,32.0,0.9393939393939394,0.0898703932762146
2020-04,train,HRHO.CA,EFG Holding,Equity,0.5454545617103577,0.5368043184280396,19.5,20.0,0.5757575757575758,-0.008650243282318115
2020-04,train,ISPH.CA,Ibnsina Pharma,Equity,0.4444444477558136,0.472423255443573,13.5,10.0,0.2727272727272727,0.0279788076877594
2020-04,train,JUFO.CA,Juhayna Food Industries,Equity,0.8585858345031738,0.4808100759983063,32.0,11.0,0.30303030303030304,-0.37777575850486755
2020-04,train,MCQE.CA,Misr Cement (Qena),Equity,0.6262626051902771,0.5892175436019897,24.0,26.0,0.7575757575757576,-0.037045061588287354
2020-04,train,MoneyMarket,91-Day T-Bills,MoneyMarket,0.0,0.33925682306289673,1.0,1.0,0.0,0.33925682306289673
2020-04,train,OIH.CA,Orascom Investment Holding,Equity,0.39393940567970276,0.5284972190856934,10.0,17.0,0.48484848484848486,0.1345578134059906
2020-04,train,ORAS.CA,Orascom Construction PLC,Equity,0.5151515007019043,0.4837918281555176,17.0,12.0,0.3333333333333333,-0.03135967254638672
2020-04,train,ORHD.CA,Orascom Development Egypt,Equity,0.4444444477558136,0.6183343529701233,13.5,31.0,0.9090909090909091,0.1738899052143097
2020-04,train,ORWE.CA,Oriental Weavers,Equity,0.3636363744735718,0.42458564043045044,9.0,8.0,0.21212121212121213,0.06094926595687866
2020-04,train,PHDC.CA,Palm Hills Development Company,Equity,0.4343434274196625,0.5762702822685242,12.0,24.0,0.696969696969697,0.1419268548488617
2020-04,train,RAYA.CA,Raya Holding For Financial Investments,Equity,0.8282828330993652,0.5509230494499207,30.5,22.0,0.6363636363636364,-0.2773597836494446
2020-04,train,REIT,REIT Index,REIT,0.14141413569450378,0.5410093665122986,5.0,21.0,0.6060606060606061,0.3995952308177948
2020-04,train,RMDA.CA,Tenth Of Ramadan Pharmaceutical Industries&Diagnostic-Rameda,Equity,0.5454545617103577,0.5579859614372253,19.5,23.0,0.6666666666666666,0.012531399726867676
2020-04,train,TMGH.CA,T M G Holding,Equity,0.46464645862579346,0.5363478064537048,15.0,19.0,0.5454545454545454,0.07170134782791138
2020-04,train,VLMR.CA,Valmore Holding,Equity,0.6666666865348816,0.4223482310771942,26.0,7.0,0.18181818181818182,-0.24431845545768738
2020-05,train,ABUK.CA,Abou Kir Fertilizers,Equity,0.9090909361839294,0.53762286901474,32.0,17.0,0.48484848484848486,-0.37146806716918945
2020-05,train,ADIB.CA,Abu Dhabi Islamic Bank- Egypt,Equity,0.747474730014801,0.47083452343940735,26.5,11.0,0.30303030303030304,-0.2766402065753937
2020-05,train,AMOC.CA,Alexandria Mineral Oils Company,Equity,0.8282828330993652,0.6223037838935852,28.0,29.0,0.8484848484848485,-0.20597904920578003
2020-05,train,ARCC.CA,Arabian Cement Company,Equity,0.5656565427780151,0.594027042388916,21.0,25.0,0.7272727272727273,0.02837049961090088
2020-05,train,BTFH.CA,Beltone Holding,Equity,0.9191918969154358,0.6727463006973267,33.0,34.0,1.0,-0.24644559621810913
2020-05,train,Bonds,5-Year Government Bonds,Bonds,0.03030303120613098,0.3668593764305115,2.0,2.0,0.030303030303030304,0.3365563452243805
2020-05,train,CCAP.CA,QALA For Financial Investments,Equity,0.747474730014801,0.6245745420455933,26.5,30.0,0.8787878787878788,-0.12290018796920776
2020-05,train,COMI.CA,Commercial International Bank-Egypt (CIB),Equity,0.17171716690063477,0.40896904468536377,5.0,5.0,0.12121212121212122,0.237251877784729
2020-05,train,EAST.CA,Eastern Company,Equity,0.4848484992980957,0.4182579517364502,16.0,6.0,0.15151515151515152,-0.06659054756164551
2020-05,train,EFID.CA,Edita Food Industries S.A.E,Equity,0.42424243688583374,0.4691272974014282,14.0,10.0,0.2727272727272727,0.04488486051559448
2020-05,train,EGAL.CA,Egypt Aluminum,Equity,0.8989899158477783,0.6196126937866211,31.0,28.0,0.8181818181818182,-0.2793772220611572
2020-05,train,EGCH.CA,Egyptian Chemical Industries (Kima),Equity,0.868686854839325,0.6160335540771484,30.0,27.0,0.7878787878787878,-0.2526533007621765
2020-05,train,EGX30,EGX30 Index,EquityIndex,0.16161616146564484,0.380795419216156,4.0,3.0,0.06060606060606061,0.21917925775051117
2020-05,train,EMFD.CA,Emaar Misr for Development,Equity,0.5858585834503174,0.4987891614437103,22.0,15.0,0.42424242424242425,-0.08706942200660706
2020-05,train,ETEL.CA,Telecom Egypt,Equity,0.2222222238779068,0.5849269032478333,7.5,24.0,0.696969696969697,0.36270467936992645
2020-05,train,FWRY.CA,Fawry For Banking Technology And Electronic Payment,Equity,0.28282827138900757,0.45374712347984314,11.0,9.0,0.24242424242424243,0.17091885209083557
2020-05,train,GBCO.CA,GB Corp,Equity,0.8383838534355164,0.6394473314285278,29.0,31.0,0.9090909090909091,-0.19893652200698853
2020-05,train,Gold,24K Gold (EGP),Gold,0.06060606241226196,0.38654467463493347,3.0,4.0,0.09090909090909091,0.3259386122226715
2020-05,train,HELI.CA,Heliopolis Housing,Equity,0.5959596037864685,0.645070493221283,23.0,32.0,0.9393939393939394,0.04911088943481445
2020-05,train,HRHO.CA,EFG Holding,Equity,0.5555555820465088,0.5659763813018799,20.0,22.0,0.6363636363636364,0.010420799255371094
2020-05,train,ISPH.CA,Ibnsina Pharma,Equity,0.3232323229312897,0.4871566891670227,12.0,13.0,0.36363636363636365,0.16392436623573303
2020-05,train,JUFO.CA,Juhayna Food Industries,Equity,0.2222222238779068,0.5570428967475891,7.5,20.0,0.5757575757575758,0.3348206728696823
2020-05,train,MCQE.CA,Misr Cement (Qena),Equity,1.0,0.5984365940093994,34.0,26.0,0.7575757575757576,-0.4015634059906006
2020-05,train,MoneyMarket,91-Day T-Bills,MoneyMarket,0.0,0.35512763261795044,1.0,1.0,0.0,0.35512763261795044
2020-05,train,OIH.CA,Orascom Investment Holding,Equity,0.6969696879386902,0.545645534992218,24.0,19.0,0.5454545454545454,-0.15132415294647217
2020-05,train,ORAS.CA,Orascom Construction PLC,Equity,0.27272728085517883,0.49269863963127136,9.5,14.0,0.3939393939393939,0.21997135877609253
2020-05,train,ORHD.CA,Orascom Development Egypt,Equity,0.49494948983192444,0.6483970284461975,17.0,33.0,0.9696969696969697,0.15344753861427307
2020-05,train,ORWE.CA,Oriental Weavers,Equity,0.27272728085517883,0.4357091784477234,9.5,8.0,0.21212121212121213,0.16298189759254456
2020-05,train,PHDC.CA,Palm Hills Development Company,Equity,0.7070707082748413,0.5752949118614197,25.0,23.0,0.6666666666666666,-0.13177579641342163
2020-05,train,RAYA.CA,Raya Holding For Financial Investments,Equity,0.3737373650074005,0.560833215713501,13.0,21.0,0.6060606060606061,0.18709585070610046
2020-05,train,REIT,REIT Index,REIT,0.46464645862579346,0.48590368032455444,15.0,12.0,0.3333333333333333,0.021257221698760986
2020-05,train,RMDA.CA,Tenth Of Ramadan Pharmaceutical Industries&Diagnostic-Rameda,Equity,0.5353535413742065,0.5419188141822815,19.0,18.0,0.5151515151515151,0.006565272808074951
2020-05,train,TMGH.CA,T M G Holding,Equity,0.5252525210380554,0.5182866454124451,18.0,16.0,0.45454545454545453,-0.0069658756256103516
2020-05,train,VLMR.CA,Valmore Holding,Equity,0.21212121844291687,0.4237784147262573,6.0,7.0,0.18181818181818182,0.21165719628334045
2020-06,train,ABUK.CA,Abou Kir Fertilizers,Equity,0.34343433380126953,0.5545562505722046,11.0,21.0,0.6060606060606061,0.21112191677093506
2020-06,train,ADIB.CA,Abu Dhabi Islamic Bank- Egypt,Equity,0.35353535413742065,0.4704277813434601,12.0,12.0,0.3333333333333333,0.11689242720603943
2020-06,train,AMOC.CA,Alexandria Mineral Oils Company,Equity,0.8383838534355164,0.6301631927490234,30.0,31.0,0.9090909090909091,-0.20822066068649292
2020-06,train,ARCC.CA,Arabian Cement Company,Equity,0.5252525210380554,0.5775987505912781,19.0,24.0,0.696969696969697,0.052346229553222656
2020-06,train,BTFH.CA,Beltone Holding,Equity,0.8383838534355164,0.6638360023498535,30.0,34.0,1.0,-0.17454785108566284
2020-06,train,Bonds,5-Year Government Bonds,Bonds,0.03030303120613098,0.33624759316444397,2.0,2.0,0.030303030303030304,0.305944561958313
2020-06,train,CCAP.CA,QALA For Financial Investments,Equity,0.7373737096786499,0.624662458896637,26.0,29.0,0.8484848484848485,-0.11271125078201294
2020-06,train,COMI.CA,Commercial International Bank-Egypt (CIB),Equity,0.49494948983192444,0.42827609181404114,17.0,7.0,0.18181818181818182,-0.0666733980178833
2020-06,train,EAST.CA,Eastern Company,Equity,0.6363636255264282,0.4178193211555481,23.5,6.0,0.15151515151515152,-0.21854430437088013
2020-06,train,EFID.CA,Edita Food Industries S.A.E,Equity,0.747474730014801,0.480328232049942,27.0,15.0,0.42424242424242425,-0.267146497964859
2020-06,train,EGAL.CA,Egypt Aluminum,Equity,0.8181818127632141,0.6009253263473511,28.0,26.0,0.7575757575757576,-0.21725648641586304
2020-06,train,EGCH.CA,Egyptian Chemical Industries (Kima),Equity,0.3232323229312897,0.6320652961730957,8.5,32.0,0.9393939393939394,0.30883297324180603
2020-06,train,EGX30,EGX30 Index,EquityIndex,0.23232322931289673,0.40389761328697205,7.0,4.0,0.09090909090909091,0.17157438397407532
2020-06,train,EMFD.CA,Emaar Misr for Development,Equity,0.7272727489471436,0.4747622311115265,25.0,14.0,0.3939393939393939,-0.25251051783561707
2020-06,train,ETEL.CA,Telecom Egypt,Equity,0.3333333432674408,0.5386598706245422,10.0,20.0,0.5757575757575758,0.20532652735710144
2020-06,train,FWRY.CA,Fawry For Banking Technology And Electronic Payment,Equity,0.5555555820465088,0.4463610053062439,21.0,9.0,0.24242424242424243,-0.10919457674026489
2020-06,train,GBCO.CA,GB Corp,Equity,0.6363636255264282,0.6278748512268066,23.5,30.0,0.8787878787878788,-0.008488774299621582
2020-06,train,Gold,24K Gold (EGP),Gold,0.06060606241226196,0.38438522815704346,3.0,3.0,0.06060606060606061,0.3237791657447815
2020-06,train,HELI.CA,Heliopolis Housing,Equity,0.4141414165496826,0.6447155475616455,14.0,33.0,0.9696969696969697,0.2305741310119629
2020-06,train,HRHO.CA,EFG Holding,Equity,0.5858585834503174,0.5798966288566589,22.0,25.0,0.7272727272727273,-0.005961954593658447
2020-06,train,ISPH.CA,Ibnsina Pharma,Equity,0.2222222238779068,0.46500164270401,6.0,11.0,0.30303030303030304,0.2427794188261032
2020-06,train,JUFO.CA,Juhayna Food Industries,Equity,0.4545454680919647,0.5109192728996277,15.5,17.0,0.48484848484848486,0.056373804807662964
2020-06,train,MCQE.CA,Misr Cement (Qena),Equity,0.9494949579238892,0.601235568523407,34.0,27.0,0.7878787878787878,-0.3482593894004822
2020-06,train,MoneyMarket,91-Day T-Bills,MoneyMarket,0.0,0.3312276005744934,1.0,1.0,0.0,0.3312276005744934
2020-06,train,OIH.CA,Orascom Investment Holding,Equity,0.3232323229312897,0.5616653561592102,8.5,23.0,0.6666666666666666,0.23843303322792053
2020-06,train,ORAS.CA,Orascom Construction PLC,Equity,0.5151515007019043,0.4712161123752594,18.0,13.0,0.36363636363636365,-0.0439353883266449
2020-06,train,ORHD.CA,Orascom Development Egypt,Equity,0.868686854839325,0.6220576763153076,32.0,28.0,0.8181818181818182,-0.24662917852401733
2020-06,train,ORWE.CA,Oriental Weavers,Equity,0.14141413569450378,0.4455576241016388,4.0,8.0,0.21212121212121213,0.304143488407135
2020-06,train,PHDC.CA,Palm Hills Development Company,Equity,0.4545454680919647,0.5557107329368591,15.5,22.0,0.6363636363636364,0.10116526484489441
2020-06,train,RAYA.CA,Raya Holding For Financial Investments,Equity,0.8383838534355164,0.5217550992965698,30.0,18.0,0.5151515151515151,-0.31662875413894653
2020-06,train,REIT,REIT Index,REIT,0.17171716690063477,0.4561004042625427,5.0,10.0,0.2727272727272727,0.28438323736190796
2020-06,train,RMDA.CA,Tenth Of Ramadan Pharmaceutical Industries&Diagnostic-Rameda,Equity,0.8989899158477783,0.4909392297267914,33.0,16.0,0.45454545454545453,-0.40805068612098694
2020-06,train,TMGH.CA,T M G Holding,Equity,0.39393940567970276,0.5356689691543579,13.0,19.0,0.5454545454545454,0.14172956347465515
2020-06,train,VLMR.CA,Valmore Holding,Equity,0.5353535413742065,0.4129529893398285,20.0,5.0,0.12121212121212122,-0.12240055203437805
2020-07,train,ABUK.CA,Abou Kir Fertilizers,Equity,0.49494948983192444,0.5633312463760376,18.0,20.0,0.5757575757575758,0.06838175654411316
2020-07,train,ADIB.CA,Abu Dhabi Islamic Bank- Egypt,Equity,0.3333333432674408,0.47183293104171753,11.0,11.0,0.30303030303030304,0.13849958777427673
2020-07,train,AMOC.CA,Alexandria Mineral Oils Company,Equity,0.747474730014801,0.611659586429596,26.0,28.0,0.8181818181818182,-0.13581514358520508
2020-07,train,ARCC.CA,Arabian Cement Company,Equity,0.8888888955116272,0.5808129906654358,32.0,23.0,0.6666666666666666,-0.3080759048461914
2020-07,train,BTFH.CA,Beltone Holding,Equity,0.9797979593276978,0.671882688999176,33.0,34.0,1.0,-0.30791527032852173
2020-07,train,Bonds,5-Year Government Bonds,Bonds,0.05050504952669144,0.3727698028087616,3.0,2.0,0.030303030303030304,0.32226475328207016
2020-07,train,CCAP.CA,QALA For Financial Investments,Equity,0.35353535413742065,0.6095094680786133,12.0,27.0,0.7878787878787878,0.2559741139411926
2020-07,train,COMI.CA,Commercial International Bank-Egypt (CIB),Equity,0.24242424964904785,0.44424936175346375,8.0,9.0,0.24242424242424243,0.2018251121044159
2020-07,train,EAST.CA,Eastern Company,Equity,0.1515151560306549,0.45148706436157227,5.0,10.0,0.2727272727272727,0.29997190833091736
2020-07,train,EFID.CA,Edita Food Industries S.A.E,Equity,0.6767676472663879,0.5227221250534058,23.5,15.0,0.42424242424242425,-0.15404552221298218
2020-07,train,EGAL.CA,Egypt Aluminum,Equity,0.9898989796638489,0.6425947546958923,34.0,30.0,0.8787878787878788,-0.34730422496795654
2020-07,train,EGCH.CA,Egyptian Chemical Industries (Kima),Equity,0.6969696879386902,0.6051016449928284,25.0,26.0,0.7575757575757576,-0.09186804294586182
2020-07,train,EGX30,EGX30 Index,EquityIndex,0.13131313025951385,0.4224489629268646,4.0,4.0,0.09090909090909091,0.29113583266735077
2020-07,train,EMFD.CA,Emaar Misr for Development,Equity,0.4040403962135315,0.5136571526527405,14.5,14.0,0.3939393939393939,0.10961675643920898
2020-07,train,ETEL.CA,Telecom Egypt,Equity,0.2929292917251587,0.5385689735412598,9.0,17.0,0.48484848484848486,0.24563968181610107
2020-07,train,FWRY.CA,Fawry For Banking Technology And Electronic Payment,Equity,0.8787878751754761,0.4736041724681854,31.0,12.0,0.3333333333333333,-0.40518370270729065
2020-07,train,GBCO.CA,GB Corp,Equity,0.4545454680919647,0.6494890451431274,17.0,32.0,0.9393939393939394,0.19494357705116272
2020-07,train,Gold,24K Gold (EGP),Gold,0.04040404036641121,0.38680776953697205,2.0,3.0,0.06060606060606061,0.34640372917056084
2020-07,train,HELI.CA,Heliopolis Housing,Equity,0.4343434274196625,0.6601943969726562,16.0,33.0,0.9696969696969697,0.22585096955299377
2020-07,train,HRHO.CA,EFG Holding,Equity,0.5757575631141663,0.5990884304046631,20.0,25.0,0.7272727272727273,0.023330867290496826
2020-07,train,ISPH.CA,Ibnsina Pharma,Equity,0.6161616444587708,0.4302276372909546,21.0,6.0,0.15151515151515152,-0.18593400716781616
2020-07,train,JUFO.CA,Juhayna Food Industries,Equity,0.39393940567970276,0.5266632437705994,13.0,16.0,0.45454545454545453,0.1327238380908966
2020-07,train,MCQE.CA,Misr Cement (Qena),Equity,0.7878788113594055,0.6431422233581543,28.0,31.0,0.9090909090909091,-0.14473658800125122
2020-07,train,MoneyMarket,91-Day T-Bills,MoneyMarket,0.0,0.34079739451408386,1.0,1.0,0.0,0.34079739451408386
2020-07,train,OIH.CA,Orascom Investment Holding,Equity,0.7777777910232544,0.5518693923950195,27.0,18.0,0.5151515151515151,-0.22590839862823486
2020-07,train,ORAS.CA,Orascom Construction PLC,Equity,0.19191919267177582,0.474258691072464,6.0,13.0,0.36363636363636365,0.28233949840068817
2020-07,train,ORHD.CA,Orascom Development Egypt,Equity,0.5353535413742065,0.6240581274032593,19.0,29.0,0.8484848484848485,0.08870458602905273
2020-07,train,ORWE.CA,Oriental Weavers,Equity,0.7979797720909119,0.4368918240070343,29.0,8.0,0.21212121212121213,-0.36108794808387756
2020-07,train,PHDC.CA,Palm Hills Development Company,Equity,0.6767676472663879,0.563065767288208,23.5,19.0,0.5454545454545454,-0.11370187997817993
2020-07,train,RAYA.CA,Raya Holding For Financial Investments,Equity,0.4040403962135315,0.5879896879196167,14.5,24.0,0.696969696969697,0.1839492917060852
2020-07,train,REIT,REIT Index,REIT,0.3232323229312897,0.42947426438331604,10.0,5.0,0.12121212121212122,0.10624194145202637
2020-07,train,RMDA.CA,Tenth Of Ramadan Pharmaceutical Industries&Diagnostic-Rameda,Equity,0.8282828330993652,0.5682317018508911,30.0,22.0,0.6363636363636364,-0.2600511312484741
2020-07,train,TMGH.CA,T M G Holding,Equity,0.6262626051902771,0.5659014582633972,22.0,21.0,0.6060606060606061,-0.06036114692687988
2020-07,train,VLMR.CA,Valmore Holding,Equity,0.2222222238779068,0.43593814969062805,7.0,7.0,0.18181818181818182,0.21371592581272125
2020-08,train,ABUK.CA,Abou Kir Fertilizers,Equity,0.8989899158477783,0.5433871150016785,34.0,17.0,0.48484848484848486,-0.35560280084609985
2020-08,train,ADIB.CA,Abu Dhabi Islamic Bank- Egypt,Equity,0.31313130259513855,0.4838011562824249,9.0,13.0,0.36363636363636365,0.17066985368728638
2020-08,train,AMOC.CA,Alexandria Mineral Oils Company,Equity,0.4848484992980957,0.606410801410675,13.0,27.0,0.7878787878787878,0.12156230211257935
2020-08,train,ARCC.CA,Arabian Cement Company,Equity,0.8383838534355164,0.5930280089378357,31.0,23.0,0.6666666666666666,-0.24535584449768066
2020-08,train,BTFH.CA,Beltone Holding,Equity,0.7878788113594055,0.6728905439376831,29.0,34.0,1.0,-0.11498826742172241
2020-08,train,Bonds,5-Year Government Bonds,Bonds,0.05050504952669144,0.35836508870124817,3.0,2.0,0.030303030303030304,0.30786003917455673
2020-08,train,CCAP.CA,QALA For Financial Investments,Equity,0.49494948983192444,0.5977052450180054,14.5,25.0,0.7272727272727273,0.10275575518608093
2020-08,train,COMI.CA,Commercial International Bank-Egypt (CIB),Equity,0.20202019810676575,0.439726322889328,7.0,8.0,0.21212121212121213,0.23770612478256226
2020-08,train,EAST.CA,Eastern Company,Equity,0.5050504803657532,0.4502722918987274,16.5,10.0,0.2727272727272727,-0.05477818846702576
2020-08,train,EFID.CA,Edita Food Industries S.A.E,Equity,0.5555555820465088,0.5152997374534607,19.5,16.0,0.45454545454545453,-0.040255844593048096
2020-08,train,EGAL.CA,Egypt Aluminum,Equity,0.5656565427780151,0.6507061719894409,22.0,32.0,0.9393939393939394,0.08504962921142578
2020-08,train,EGCH.CA,Egyptian Chemical Industries (Kima),Equity,0.5050504803657532,0.6210290193557739,16.5,28.0,0.8181818181818182,0.11597853899002075
2020-08,train,EGX30,EGX30 Index,EquityIndex,0.04040404036641121,0.42119911313056946,2.0,4.0,0.09090909090909091,0.38079507276415825
2020-08,train,EMFD.CA,Emaar Misr for Development,Equity,0.5555555820465088,0.4897732436656952,19.5,14.0,0.3939393939393939,-0.0657823383808136
2020-08,train,ETEL.CA,Telecom Egypt,Equity,0.10101009905338287,0.4804322123527527,4.0,12.0,0.3333333333333333,0.3794221132993698
2020-08,train,FWRY.CA,Fawry For Banking Technology And Electronic Payment,Equity,0.868686854839325,0.5592662692070007,32.5,18.0,0.5151515151515151,-0.3094205856323242
2020-08,train,GBCO.CA,GB Corp,Equity,0.6565656661987305,0.6406384110450745,24.0,31.0,0.9090909090909091,-0.015927255153656006
2020-08,train,Gold,24K Gold (EGP),Gold,0.8282828330993652,0.40071967244148254,30.0,3.0,0.06060606060606061,-0.4275631606578827
2020-08,train,HELI.CA,Heliopolis Housing,Equity,0.3636363744735718,0.6273613572120667,10.0,29.0,0.8484848484848485,0.2637249827384949
2020-08,train,HRHO.CA,EFG Holding,Equity,0.49494948983192444,0.5955091118812561,14.5,24.0,0.696969696969697,0.10055962204933167
2020-08,train,ISPH.CA,Ibnsina Pharma,Equity,0.5858585834503174,0.43813446164131165,23.0,6.0,0.15151515151515152,-0.14772412180900574
2020-08,train,JUFO.CA,Juhayna Food Industries,Equity,0.868686854839325,0.4987247884273529,32.5,15.0,0.42424242424242425,-0.36996206641197205
2020-08,train,MCQE.CA,Misr Cement (Qena),Equity,0.7171717286109924,0.658058226108551,26.0,33.0,0.9696969696969697,-0.059113502502441406
2020-08,train,MoneyMarket,91-Day T-Bills,MoneyMarket,0.0,0.3324310779571533,1.0,1.0,0.0,0.3324310779571533
2020-08,train,OIH.CA,Orascom Investment Holding,Equity,0.4747474789619446,0.5864579081535339,12.0,21.0,0.6060606060606061,0.11171042919158936
2020-08,train,ORAS.CA,Orascom Construction PLC,Equity,0.7373737096786499,0.4391891360282898,27.0,7.0,0.18181818181818182,-0.2981845736503601
2020-08,train,ORHD.CA,Orascom Development Egypt,Equity,0.7777777910232544,0.6380819082260132,28.0,30.0,0.8787878787878788,-0.1396958827972412
2020-08,train,ORWE.CA,Oriental Weavers,Equity,0.6969696879386902,0.4777625799179077,25.0,11.0,0.30303030303030304,-0.21920710802078247
2020-08,train,PHDC.CA,Palm Hills Development Company,Equity,0.39393940567970276,0.5871248245239258,11.0,22.0,0.6363636363636364,0.19318541884422302
2020-08,train,RAYA.CA,Raya Holding For Financial Investments,Equity,0.5555555820465088,0.5710969567298889,19.5,20.0,0.5757575757575758,0.015541374683380127
2020-08,train,REIT,REIT Index,REIT,0.19191919267177582,0.44918254017829895,6.0,9.0,0.24242424242424243,0.25726334750652313
2020-08,train,RMDA.CA,Tenth Of Ramadan Pharmaceutical Industries&Diagnostic-Rameda,Equity,0.5555555820465088,0.6023634672164917,19.5,26.0,0.7575757575757576,0.04680788516998291
2020-08,train,TMGH.CA,T M G Holding,Equity,0.2222222238779068,0.5674004554748535,8.0,19.0,0.5454545454545454,0.3451782315969467
2020-08,train,VLMR.CA,Valmore Holding,Equity,0.1111111119389534,0.43313631415367126,5.0,5.0,0.12121212121212122,0.32202520221471786
2020-09,train,ABUK.CA,Abou Kir Fertilizers,Equity,0.4141414165496826,0.545537531375885,14.0,18.0,0.5151515151515151,0.1313961148262024
2020-09,train,ADIB.CA,Abu Dhabi Islamic Bank- Egypt,Equity,0.46464645862579346,0.49846169352531433,15.5,13.0,0.36363636363636365,0.033815234899520874
2020-09,train,AMOC.CA,Alexandria Mineral Oils Company,Equity,0.8282828330993652,0.5939453840255737,29.5,27.0,0.7878787878787878,-0.2343374490737915
2020-09,train,ARCC.CA,Arabian Cement Company,Equity,0.8888888955116272,0.5844578146934509,32.0,24.0,0.696969696969697,-0.30443108081817627
2020-09,train,BTFH.CA,Beltone Holding,Equity,0.868686854839325,0.6709854602813721,31.0,34.0,1.0,-0.19770139455795288
2020-09,train,Bonds,5-Year Government Bonds,Bonds,0.03030303120613098,0.3468487560749054,2.0,2.0,0.030303030303030304,0.3165457248687744
2020-09,train,CCAP.CA,QALA For Financial Investments,Equity,0.7171717286109924,0.5826640725135803,25.0,23.0,0.6666666666666666,-0.1345076560974121
2020-09,train,COMI.CA,Commercial International Bank-Egypt (CIB),Equity,0.06060606241226196,0.4214368462562561,3.0,6.0,0.15151515151515152,0.36083078384399414
2020-09,train,EAST.CA,Eastern Company,Equity,0.2525252401828766,0.4444664418697357,10.0,11.0,0.30303030303030304,0.19194120168685913
2020-09,train,EFID.CA,Edita Food Industries S.A.E,Equity,0.7171717286109924,0.5346249341964722,25.0,15.0,0.42424242424242425,-0.18254679441452026
2020-09,train,EGAL.CA,Egypt Aluminum,Equity,0.8282828330993652,0.6281597018241882,29.5,31.0,0.9090909090909091,-0.200123131275177
2020-09,train,EGCH.CA,Egyptian Chemical Industries (Kima),Equity,0.6060606241226196,0.5783941745758057,22.0,22.0,0.6363636363636364,-0.027666449546813965
2020-09,train,EGX30,EGX30 Index,EquityIndex,0.09090909361839294,0.390308141708374,4.0,4.0,0.09090909090909091,0.2993990480899811
2020-09,train,EMFD.CA,Emaar Misr for Development,Equity,0.4040403962135315,0.5350956320762634,13.0,16.0,0.45454545454545453,0.13105523586273193
2020-09,train,ETEL.CA,Telecom Egypt,Equity,0.9292929172515869,0.43975093960762024,33.0,10.0,0.2727272727272727,-0.4895419776439667
2020-09,train,FWRY.CA,Fawry For Banking Technology And Electronic Payment,Equity,0.6969696879386902,0.6039104461669922,23.0,28.0,0.8181818181818182,-0.093059241771698
2020-09,train,GBCO.CA,GB Corp,Equity,0.7676767706871033,0.6249753832817078,27.0,30.0,0.8787878787878788,-0.1427013874053955
2020-09,train,Gold,24K Gold (EGP),Gold,0.16161616146564484,0.38291135430336,5.0,3.0,0.06060606060606061,0.22129519283771515
2020-09,train,HELI.CA,Heliopolis Housing,Equity,0.5353535413742065,0.5770596861839294,18.0,21.0,0.6060606060606061,0.0417061448097229
2020-09,train,HRHO.CA,EFG Holding,Equity,0.31313130259513855,0.5634656548500061,11.0,19.0,0.5454545454545454,0.25033435225486755
2020-09,train,ISPH.CA,Ibnsina Pharma,Equity,0.35353535413742065,0.43695178627967834,12.0,9.0,0.24242424242424243,0.08341643214225769
2020-09,train,JUFO.CA,Juhayna Food Industries,Equity,0.5959596037864685,0.5192016363143921,20.5,14.0,0.3939393939393939,-0.07675796747207642
2020-09,train,MCQE.CA,Misr Cement (Qena),Equity,0.7171717286109924,0.6430867910385132,25.0,33.0,0.9696969696969697,-0.07408493757247925
2020-09,train,MoneyMarket,91-Day T-Bills,MoneyMarket,0.0,0.3311973214149475,1.0,1.0,0.0,0.3311973214149475
2020-09,train,OIH.CA,Orascom Investment Holding,Equity,0.4848484992980957,0.5853921175003052,17.0,25.0,0.7272727272727273,0.10054361820220947
2020-09,train,ORAS.CA,Orascom Construction PLC,Equity,0.24242424964904785,0.43415528535842896,9.0,8.0,0.21212121212121213,0.1917310357093811
2020-09,train,ORHD.CA,Orascom Development Egypt,Equity,0.7777777910232544,0.6148441433906555,28.0,29.0,0.8484848484848485,-0.16293364763259888
2020-09,train,ORWE.CA,Oriental Weavers,Equity,0.19191919267177582,0.46071457862854004,6.5,12.0,0.3333333333333333,0.2687953859567642
2020-09,train,PHDC.CA,Palm Hills Development Company,Equity,0.46464645862579346,0.566755473613739,15.5,20.0,0.5757575757575758,0.10210901498794556
2020-09,train,RAYA.CA,Raya Holding For Financial Investments,Equity,1.0,0.6427125930786133,34.0,32.0,0.9393939393939394,-0.3572874069213867
2020-09,train,REIT,REIT Index,REIT,0.23232322931289673,0.4232448637485504,8.0,7.0,0.18181818181818182,0.1909216344356537
2020-09,train,RMDA.CA,Tenth Of Ramadan Pharmaceutical Industries&Diagnostic-Rameda,Equity,0.5757575631141663,0.5886151790618896,19.0,26.0,0.7575757575757576,0.012857615947723389
2020-09,train,TMGH.CA,T M G Holding,Equity,0.5959596037864685,0.5364458560943604,20.5,17.0,0.48484848484848486,-0.059513747692108154
2020-09,train,VLMR.CA,Valmore Holding,Equity,0.19191919267177582,0.41868120431900024,6.5,5.0,0.12121212121212122,0.22676201164722443
2020-10,train,ABUK.CA,Abou Kir Fertilizers,Equity,0.7070707082748413,0.5528350472450256,26.0,21.0,0.6060606060606061,-0.15423566102981567
2020-10,train,ADIB.CA,Abu Dhabi Islamic Bank- Egypt,Equity,0.6565656661987305,0.48588892817497253,24.0,13.0,0.36363636363636365,-0.17067673802375793
2020-10,train,AMOC.CA,Alexandria Mineral Oils Company,Equity,0.6262626051902771,0.5786473751068115,23.0,23.0,0.6666666666666666,-0.047615230083465576
2020-10,train,ARCC.CA,Arabian Cement Company,Equity,0.9191918969154358,0.5983200073242188,32.0,28.0,0.8181818181818182,-0.32087188959121704
2020-10,train,BTFH.CA,Beltone Holding,Equity,0.9696969985961914,0.6539638638496399,34.0,34.0,1.0,-0.3157331347465515
2020-10,train,Bonds,5-Year Government Bonds,Bonds,0.03030303120613098,0.3334847688674927,2.0,2.0,0.030303030303030304,0.3031817376613617
2020-10,train,CCAP.CA,QALA For Financial Investments,Equity,0.7676767706871033,0.5791193842887878,28.5,24.0,0.696969696969697,-0.18855738639831543
2020-10,train,COMI.CA,Commercial International Bank-Egypt (CIB),Equity,0.6868686676025391,0.3856455981731415,25.0,7.0,0.18181818181818182,-0.3012230694293976
2020-10,train,EAST.CA,Eastern Company,Equity,0.13131313025951385,0.4197601079940796,5.0,8.0,0.21212121212121213,0.28844697773456573
2020-10,train,EFID.CA,Edita Food Industries S.A.E,Equity,0.3737373650074005,0.5153236389160156,11.0,16.0,0.45454545454545453,0.1415862739086151
2020-10,train,EGAL.CA,Egypt Aluminum,Equity,0.939393937587738,0.6364149451255798,33.0,32.0,0.9393939393939394,-0.3029789924621582
2020-10,train,EGCH.CA,Egyptian Chemical Industries (Kima),Equity,0.8888888955116272,0.5791836977005005,31.0,25.0,0.7272727272727273,-0.3097051978111267
2020-10,train,EGX30,EGX30 Index,EquityIndex,0.2525252401828766,0.3569238483905792,8.0,3.0,0.06060606060606061,0.10439860820770264
2020-10,train,EMFD.CA,Emaar Misr for Development,Equity,0.5858585834503174,0.5179212689399719,22.0,17.0,0.48484848484848486,-0.06793731451034546
2020-10,train,ETEL.CA,Telecom Egypt,Equity,0.24242424964904785,0.4754789471626282,7.0,12.0,0.3333333333333333,0.23305469751358032
2020-10,train,FWRY.CA,Fawry For Banking Technology And Electronic Payment,Equity,0.5151515007019043,0.616919755935669,18.5,31.0,0.9090909090909091,0.10176825523376465
2020-10,train,GBCO.CA,GB Corp,Equity,0.8383838534355164,0.6129289865493774,30.0,29.0,0.8484848484848485,-0.22545486688613892
2020-10,train,Gold,24K Gold (EGP),Gold,0.1111111119389534,0.37303319573402405,4.0,4.0,0.09090909090909091,0.26192208379507065
2020-10,train,HELI.CA,Heliopolis Housing,Equity,0.7171717286109924,0.5520028471946716,27.0,20.0,0.5757575757575758,-0.1651688814163208
2020-10,train,HRHO.CA,EFG Holding,Equity,0.5151515007019043,0.4990677237510681,18.5,15.0,0.42424242424242425,-0.01608377695083618
2020-10,train,ISPH.CA,Ibnsina Pharma,Equity,0.35353535413742065,0.4646187424659729,10.0,11.0,0.30303030303030304,0.11108338832855225
2020-10,train,JUFO.CA,Juhayna Food Industries,Equity,0.1515151560306549,0.4872731566429138,6.0,14.0,0.3939393939393939,0.3357580006122589
2020-10,train,MCQE.CA,Misr Cement (Qena),Equity,0.5050504803657532,0.6406829357147217,17.0,33.0,0.9696969696969697,0.1356324553489685
2020-10,train,MoneyMarket,91-Day T-Bills,MoneyMarket,0.0,0.3199300765991211,1.0,1.0,0.0,0.3199300765991211
2020-10,train,OIH.CA,Orascom Investment Holding,Equity,0.5353535413742065,0.567645788192749,20.5,22.0,0.6363636363636364,0.03229224681854248
2020-10,train,ORAS.CA,Orascom Construction PLC,Equity,0.5353535413742065,0.3814261555671692,20.5,5.0,0.12121212121212122,-0.15392738580703735
2020-10,train,ORHD.CA,Orascom Development Egypt,Equity,0.7676767706871033,0.5943132638931274,28.5,27.0,0.7878787878787878,-0.17336350679397583
2020-10,train,ORWE.CA,Oriental Weavers,Equity,0.4141414165496826,0.4565703868865967,12.0,10.0,0.2727272727272727,0.04242897033691406
2020-10,train,PHDC.CA,Palm Hills Development Company,Equity,0.4343434274196625,0.5270171165466309,14.0,19.0,0.5454545454545454,0.09267368912696838
2020-10,train,RAYA.CA,Raya Holding For Financial Investments,Equity,0.3232323229312897,0.6143653392791748,9.0,30.0,0.8787878787878788,0.29113301634788513
2020-10,train,REIT,REIT Index,REIT,0.49494948983192444,0.4239164888858795,15.5,9.0,0.24242424242424243,-0.07103300094604492
2020-10,train,RMDA.CA,Tenth Of Ramadan Pharmaceutical Industries&Diagnostic-Rameda,Equity,0.49494948983192444,0.5835245847702026,15.5,26.0,0.7575757575757576,0.0885750949382782
2020-10,train,TMGH.CA,T M G Holding,Equity,0.42424243688583374,0.5230371356010437,13.0,18.0,0.5151515151515151,0.09879469871520996
2020-10,train,VLMR.CA,Valmore Holding,Equity,0.09090909361839294,0.38382840156555176,3.0,6.0,0.15151515151515152,0.2929193079471588
2020-11,train,ABUK.CA,Abou Kir Fertilizers,Equity,0.39393940567970276,0.5550652742385864,15.0,20.0,0.5757575757575758,0.16112586855888367
2020-11,train,ADIB.CA,Abu Dhabi Islamic Bank- Egypt,Equity,0.3737373650074005,0.5001829862594604,14.0,14.0,0.3939393939393939,0.12644562125205994
2020-11,train,AMOC.CA,Alexandria Mineral Oils Company,Equity,0.4848484992980957,0.5759986639022827,18.5,23.0,0.6666666666666666,0.09115016460418701
2020-11,train,ARCC.CA,Arabian Cement Company,Equity,0.5959596037864685,0.6176629662513733,21.5,30.0,0.8787878787878788,0.021703362464904785
2020-11,train,BTFH.CA,Beltone Holding,Equity,0.8484848737716675,0.6676652431488037,31.0,34.0,1.0,-0.18081963062286377
2020-11,train,Bonds,5-Year Government Bonds,Bonds,0.03030303120613098,0.32487916946411133,2.0,2.0,0.030303030303030304,0.29457613825798035
2020-11,train,CCAP.CA,QALA For Financial Investments,Equity,0.46464645862579346,0.5677868723869324,17.0,22.0,0.6363636363636364,0.10314041376113892
2020-11,train,COMI.CA,Commercial International Bank-Egypt (CIB),Equity,0.3030303120613098,0.38829371333122253,8.5,5.0,0.12121212121212122,0.08526340126991272
2020-11,train,EAST.CA,Eastern Company,Equity,0.9797979593276978,0.4160528779029846,34.0,8.0,0.21212121212121213,-0.5637450814247131
2020-11,train,EFID.CA,Edita Food Industries S.A.E,Equity,0.08080808073282242,0.5144250392913818,3.0,18.0,0.5151515151515151,0.4336169585585594
2020-11,train,EGAL.CA,Egypt Aluminum,Equity,0.34343433380126953,0.6125028729438782,11.0,29.0,0.8484848484848485,0.26906853914260864
2020-11,train,EGCH.CA,Egyptian Chemical Industries (Kima),Equity,0.8282828330993652,0.5835666060447693,28.5,24.0,0.696969696969697,-0.24471622705459595
2020-11,train,EGX30,EGX30 Index,EquityIndex,0.1111111119389534,0.3431437909603119,4.0,3.0,0.06060606060606061,0.2320326790213585
2020-11,train,EMFD.CA,Emaar Misr for Development,Equity,0.24242424964904785,0.5070337653160095,6.0,16.0,0.45454545454545453,0.26460951566696167
2020-11,train,ETEL.CA,Telecom Egypt,Equity,0.3030303120613098,0.45000162720680237,8.5,10.0,0.2727272727272727,0.14697131514549255
2020-11,train,FWRY.CA,Fawry For Banking Technology And Electronic Payment,Equity,0.868686854839325,0.6090816855430603,32.0,28.0,0.8181818181818182,-0.25960516929626465
2020-11,train,GBCO.CA,GB Corp,Equity,0.7575757503509521,0.630235493183136,26.0,32.0,0.9393939393939394,-0.12734025716781616
2020-11,train,Gold,24K Gold (EGP),Gold,0.6464646458625793,0.390628457069397,24.0,6.0,0.15151515151515152,-0.2558361887931824
2020-11,train,HELI.CA,Heliopolis Housing,Equity,0.747474730014801,0.5890972018241882,25.0,26.0,0.7575757575757576,-0.1583775281906128
2020-11,train,HRHO.CA,EFG Holding,Equity,0.4545454680919647,0.471810907125473,16.0,12.0,0.3333333333333333,0.0172654390335083
2020-11,train,ISPH.CA,Ibnsina Pharma,Equity,0.8383838534355164,0.45840710401535034,30.0,11.0,0.30303030303030304,-0.379976749420166
2020-11,train,JUFO.CA,Juhayna Food Industries,Equity,0.35353535413742065,0.5151383876800537,12.0,19.0,0.5454545454545454,0.16160303354263306
2020-11,train,MCQE.CA,Misr Cement (Qena),Equity,0.5353535413742065,0.6218277812004089,20.0,31.0,0.9090909090909091,0.08647423982620239
2020-11,train,MoneyMarket,91-Day T-Bills,MoneyMarket,0.0,0.3107457160949707,1.0,1.0,0.0,0.3107457160949707
2020-11,train,OIH.CA,Orascom Investment Holding,Equity,0.7777777910232544,0.5576450824737549,27.0,21.0,0.6060606060606061,-0.2201327085494995
2020-11,train,ORAS.CA,Orascom Construction PLC,Equity,0.2222222238779068,0.39731475710868835,5.0,7.0,0.18181818181818182,0.17509253323078156
2020-11,train,ORHD.CA,Orascom Development Egypt,Equity,0.8282828330993652,0.60450679063797,28.5,27.0,0.7878787878787878,-0.22377604246139526
2020-11,train,ORWE.CA,Oriental Weavers,Equity,0.5959596037864685,0.48774033784866333,21.5,13.0,0.36363636363636365,-0.10821926593780518
2020-11,train,PHDC.CA,Palm Hills Development Company,Equity,0.4848484992980957,0.5044193267822266,18.5,15.0,0.42424242424242425,0.01957082748413086
2020-11,train,RAYA.CA,Raya Holding For Financial Investments,Equity,0.939393937587738,0.6511908769607544,33.0,33.0,0.9696969696969697,-0.28820306062698364
2020-11,train,REIT,REIT Index,REIT,0.31313130259513855,0.42919838428497314,10.0,9.0,0.24242424242424243,0.1160670816898346
2020-11,train,RMDA.CA,Tenth Of Ramadan Pharmaceutical Industries&Diagnostic-Rameda,Equity,0.6161616444587708,0.5881827473640442,23.0,25.0,0.7272727272727273,-0.027978897094726562
2020-11,train,TMGH.CA,T M G Holding,Equity,0.3636363744735718,0.5089454650878906,13.0,17.0,0.48484848484848486,0.14530909061431885
2020-11,train,VLMR.CA,Valmore Holding,Equity,0.27272728085517883,0.36561062932014465,7.0,4.0,0.09090909090909091,0.09288334846496582
2020-12,train,ABUK.CA,Abou Kir Fertilizers,Equity,0.4040403962135315,0.535582959651947,13.5,19.0,0.5454545454545454,0.13154256343841553
2020-12,train,ADIB.CA,Abu Dhabi Islamic Bank- Egypt,Equity,0.4545454680919647,0.4912587106227875,17.0,13.0,0.36363636363636365,0.036713242530822754
2020-12,train,AMOC.CA,Alexandria Mineral Oils Company,Equity,0.8181818127632141,0.5744183659553528,28.0,23.0,0.6666666666666666,-0.24376344680786133
2020-12,train,ARCC.CA,Arabian Cement Company,Equity,0.6666666865348816,0.6188833117485046,22.5,30.0,0.8787878787878788,-0.04778337478637695
2020-12,train,BTFH.CA,Beltone Holding,Equity,0.9494949579238892,0.6591227650642395,33.0,34.0,1.0,-0.29037219285964966
2020-12,train,Bonds,5-Year Government Bonds,Bonds,0.03030303120613098,0.3338322043418884,2.0,2.0,0.030303030303030304,0.30352917313575745
2020-12,train,CCAP.CA,QALA For Financial Investments,Equity,0.5252525210380554,0.5664221048355103,19.0,22.0,0.6363636363636364,0.041169583797454834
2020-12,train,COMI.CA,Commercial International Bank-Egypt (CIB),Equity,0.14141413569450378,0.368184894323349,5.0,4.0,0.09090909090909091,0.22677075862884521
2020-12,train,EAST.CA,Eastern Company,Equity,0.2626262605190277,0.4657975137233734,10.0,9.0,0.24242424242424243,0.2031712532043457
2020-12,train,EFID.CA,Edita Food Industries S.A.E,Equity,0.5050504803657532,0.5127454400062561,18.0,17.0,0.48484848484848486,0.00769495964050293
2020-12,train,EGAL.CA,Egypt Aluminum,Equity,0.7373737096786499,0.5994094014167786,26.0,26.0,0.7575757575757576,-0.13796430826187134
2020-12,train,EGCH.CA,Egyptian Chemical Industries (Kima),Equity,0.8282828330993652,0.5962224006652832,29.5,25.0,0.7272727272727273,-0.23206043243408203
2020-12,train,EGX30,EGX30 Index,EquityIndex,0.14141413569450378,0.35732948780059814,5.0,3.0,0.06060606060606061,0.21591535210609436
2020-12,train,EMFD.CA,Emaar Misr for Development,Equity,0.6868686676025391,0.498533695936203,24.5,14.0,0.3939393939393939,-0.18833497166633606
2020-12,train,ETEL.CA,Telecom Egypt,Equity,0.3737373650074005,0.5005378723144531,11.0,15.0,0.42424242424242425,0.1268005073070526
2020-12,train,FWRY.CA,Fawry For Banking Technology And Electronic Payment,Equity,0.21212121844291687,0.6129887700080872,7.0,28.0,0.8181818181818182,0.4008675515651703
2020-12,train,GBCO.CA,GB Corp,Equity,0.6666666865348816,0.645116925239563,22.5,32.0,0.9393939393939394,-0.021549761295318604
2020-12,train,Gold,24K Gold (EGP),Gold,0.07070706784725189,0.4001985490322113,3.0,6.0,0.15151515151515152,0.3294914811849594
2020-12,train,HELI.CA,Heliopolis Housing,Equity,0.6868686676025391,0.600622832775116,24.5,27.0,0.7878787878787878,-0.0862458348274231
2020-12,train,HRHO.CA,EFG Holding,Equity,0.23232322931289673,0.468468576669693,8.0,10.0,0.2727272727272727,0.23614534735679626
2020-12,train,ISPH.CA,Ibnsina Pharma,Equity,0.4444444477558136,0.48486965894699097,15.5,12.0,0.3333333333333333,0.04042521119117737
2020-12,train,JUFO.CA,Juhayna Food Industries,Equity,0.9292929172515869,0.48010963201522827,32.0,11.0,0.30303030303030304,-0.44918328523635864
2020-12,train,MCQE.CA,Misr Cement (Qena),Equity,0.8484848737716675,0.6149629950523376,31.0,29.0,0.8484848484848485,-0.23352187871932983
2020-12,train,MoneyMarket,91-Day T-Bills,MoneyMarket,0.0,0.3234955072402954,1.0,1.0,0.0,0.3234955072402954
2020-12,train,OIH.CA,Orascom Investment Holding,Equity,0.8282828330993652,0.5635547637939453,29.5,21.0,0.6060606060606061,-0.2647280693054199
2020-12,train,ORAS.CA,Orascom Construction PLC,Equity,0.2525252401828766,0.45143118500709534,9.0,7.0,0.18181818181818182,0.19890594482421875
2020-12,train,ORHD.CA,Orascom Development Egypt,Equity,0.808080792427063,0.643610417842865,27.0,31.0,0.9090909090909091,-0.164470374584198
2020-12,train,ORWE.CA,Oriental Weavers,Equity,0.5555555820465088,0.5219822525978088,20.0,18.0,0.5151515151515151,-0.03357332944869995
2020-12,train,PHDC.CA,Palm Hills Development Company,Equity,0.4444444477558136,0.5038520097732544,15.5,16.0,0.45454545454545453,0.059407562017440796
2020-12,train,RAYA.CA,Raya Holding For Financial Investments,Equity,0.9797979593276978,0.6510905027389526,34.0,33.0,0.9696969696969697,-0.3287074565887451
2020-12,train,REIT,REIT Index,REIT,0.38383838534355164,0.45351892709732056,12.0,8.0,0.21212121212121213,0.06968054175376892
2020-12,train,RMDA.CA,Tenth Of Ramadan Pharmaceutical Industries&Diagnostic-Rameda,Equity,0.5858585834503174,0.5922536849975586,21.0,24.0,0.696969696969697,0.006395101547241211
2020-12,train,TMGH.CA,T M G Holding,Equity,0.4040403962135315,0.5409936308860779,13.5,20.0,0.5757575757575758,0.1369532346725464
2020-12,train,VLMR.CA,Valmore Holding,Equity,0.14141413569450378,0.3730314373970032,5.0,5.0,0.12121212121212122,0.2316173017024994
2021-01,train,ABUK.CA,Abou Kir Fertilizers,Equity,0.6262626051902771,0.5447604656219482,20.5,20.0,0.5757575757575758,-0.08150213956832886
2021-01,train,ADIB.CA,Abu Dhabi Islamic Bank- Egypt,Equity,0.5959596037864685,0.5077574849128723,19.0,16.0,0.45454545454545453,-0.08820211887359619
2021-01,train,AMOC.CA,Alexandria Mineral Oils Company,Equity,0.808080792427063,0.613348662853241,30.0,28.0,0.8181818181818182,-0.19473212957382202
2021-01,train,ARCC.CA,Arabian Cement Company,Equity,0.7676767706871033,0.6148694753646851,29.0,29.0,0.8484848484848485,-0.1528072953224182
2021-01,train,BTFH.CA,Beltone Holding,Equity,0.6666666865348816,0.669779896736145,24.0,33.0,0.9696969696969697,0.0031132102012634277
2021-01,train,Bonds,5-Year Government Bonds,Bonds,0.06060606241226196,0.3258088529109955,3.0,2.0,0.030303030303030304,0.2652027904987335
2021-01,train,CCAP.CA,QALA For Financial Investments,Equity,0.6868686676025391,0.570053219795227,26.0,23.0,0.6666666666666666,-0.11681544780731201
2021-01,train,COMI.CA,Commercial International Bank-Egypt (CIB),Equity,0.21212121844291687,0.38016676902770996,5.0,5.0,0.12121212121212122,0.1680455505847931
2021-01,train,EAST.CA,Eastern Company,Equity,0.4040403962135315,0.43265777826309204,14.0,8.0,0.21212121212121213,0.028617382049560547
2021-01,train,EFID.CA,Edita Food Industries S.A.E,Equity,0.4848484992980957,0.49146392941474915,17.0,13.0,0.36363636363636365,0.006615430116653442
2021-01,train,EGAL.CA,Egypt Aluminum,Equity,0.747474730014801,0.6044984459877014,27.0,25.0,0.7272727272727273,-0.1429762840270996
2021-01,train,EGCH.CA,Egyptian Chemical Industries (Kima),Equity,0.6767676472663879,0.6197841763496399,25.0,30.0,0.8787878787878788,-0.05698347091674805
2021-01,train,EGX30,EGX30 Index,EquityIndex,0.05050504952669144,0.35946303606033325,2.0,3.0,0.06060606060606061,0.3089579865336418
2021-01,train,EMFD.CA,Emaar Misr for Development,Equity,0.4141414165496826,0.5098708868026733,15.0,17.0,0.48484848484848486,0.09572947025299072
2021-01,train,ETEL.CA,Telecom Egypt,Equity,0.2626262605190277,0.44896140694618225,8.0,9.0,0.24242424242424243,0.18633514642715454
2021-01,train,FWRY.CA,Fawry For Banking Technology And Electronic Payment,Equity,0.9292929172515869,0.5482701659202576,33.0,21.0,0.6060606060606061,-0.38102275133132935
2021-01,train,GBCO.CA,GB Corp,Equity,0.5252525210380554,0.633055567741394,18.0,31.0,0.9090909090909091,0.10780304670333862
2021-01,train,Gold,24K Gold (EGP),Gold,0.6565656661987305,0.38753679394721985,22.5,6.0,0.15151515151515152,-0.2690288722515106
2021-01,train,HELI.CA,Heliopolis Housing,Equity,0.31313130259513855,0.6082974672317505,11.0,26.0,0.7575757575757576,0.29516616463661194
2021-01,train,HRHO.CA,EFG Holding,Equity,0.23232322931289673,0.48946186900138855,6.0,12.0,0.3333333333333333,0.2571386396884918
2021-01,train,ISPH.CA,Ibnsina Pharma,Equity,0.4343434274196625,0.4878118634223938,16.0,11.0,0.30303030303030304,0.05346843600273132
2021-01,train,JUFO.CA,Juhayna Food Industries,Equity,0.868686854839325,0.5412229299545288,32.0,19.0,0.5454545454545454,-0.32746392488479614
2021-01,train,MCQE.CA,Misr Cement (Qena),Equity,0.6262626051902771,0.6006425023078918,20.5,24.0,0.696969696969697,-0.025620102882385254
2021-01,train,MoneyMarket,91-Day T-Bills,MoneyMarket,0.0,0.3187462091445923,1.0,1.0,0.0,0.3187462091445923
2021-01,train,OIH.CA,Orascom Investment Holding,Equity,0.3636363744735718,0.5674353837966919,12.0,22.0,0.6363636363636364,0.20379900932312012
2021-01,train,ORAS.CA,Orascom Construction PLC,Equity,0.38383838534355164,0.4257561266422272,13.0,7.0,0.18181818181818182,0.04191774129867554
2021-01,train,ORHD.CA,Orascom Development Egypt,Equity,0.8484848737716675,0.6496379375457764,31.0,32.0,0.9393939393939394,-0.1988469362258911
2021-01,train,ORWE.CA,Oriental Weavers,Equity,0.3030303120613098,0.5107593536376953,9.5,18.0,0.5151515151515151,0.2077290415763855
2021-01,train,PHDC.CA,Palm Hills Development Company,Equity,0.3030303120613098,0.5020149350166321,9.5,15.0,0.42424242424242425,0.19898462295532227
2021-01,train,RAYA.CA,Raya Holding For Financial Investments,Equity,1.0,0.6734119653701782,34.0,34.0,1.0,-0.3265880346298218
2021-01,train,REIT,REIT Index,REIT,0.09090909361839294,0.45927590131759644,4.0,10.0,0.2727272727272727,0.3683668076992035
2021-01,train,RMDA.CA,Tenth Of Ramadan Pharmaceutical Industries&Diagnostic-Rameda,Equity,0.7575757503509521,0.60943204164505,28.0,27.0,0.7878787878787878,-0.1481437087059021
2021-01,train,TMGH.CA,T M G Holding,Equity,0.24242424964904785,0.4924822747707367,7.0,14.0,0.3939393939393939,0.25005802512168884
2021-01,train,VLMR.CA,Valmore Holding,Equity,0.6565656661987305,0.36105719208717346,22.5,4.0,0.09090909090909091,-0.295508474111557
2021-02,train,ABUK.CA,Abou Kir Fertilizers,Equity,0.6161616444587708,0.5227580666542053,19.0,19.0,0.5454545454545454,-0.09340357780456543
2021-02,train,ADIB.CA,Abu Dhabi Islamic Bank- Egypt,Equity,0.46464645862579346,0.4679303467273712,16.0,11.0,0.30303030303030304,0.003283888101577759
2021-02,train,AMOC.CA,Alexandria Mineral Oils Company,Equity,0.6767676472663879,0.600097119808197,23.0,25.0,0.7272727272727273,-0.07667052745819092
2021-02,train,ARCC.CA,Arabian Cement Company,Equity,0.7272727489471436,0.6051424145698547,27.0,28.0,0.8181818181818182,-0.12213033437728882
2021-02,train,BTFH.CA,Beltone Holding,Equity,0.8989899158477783,0.6624041199684143,32.0,34.0,1.0,-0.236585795879364
2021-02,train,Bonds,5-Year Government Bonds,Bonds,0.03030303120613098,0.3281446695327759,2.0,2.0,0.030303030303030304,0.2978416383266449
2021-02,train,CCAP.CA,QALA For Financial Investments,Equity,0.49494948983192444,0.5549455285072327,17.0,22.0,0.6363636363636364,0.05999603867530823
2021-02,train,COMI.CA,Commercial International Bank-Egypt (CIB),Equity,0.27272728085517883,0.3846212327480316,10.0,5.0,0.12121212121212122,0.11189395189285278
2021-02,train,EAST.CA,Eastern Company,Equity,0.4040403962135315,0.5044102072715759,13.0,14.0,0.3939393939393939,0.10036981105804443
2021-02,train,EFID.CA,Edita Food Industries S.A.E,Equity,0.07070706784725189,0.4716152846813202,3.0,12.0,0.3333333333333333,0.4009082168340683
2021-02,train,EGAL.CA,Egypt Aluminum,Equity,0.7171717286109924,0.6179770827293396,25.5,31.0,0.9090909090909091,-0.09919464588165283
2021-02,train,EGCH.CA,Egyptian Chemical Industries (Kima),Equity,0.6868686676025391,0.603270411491394,24.0,27.0,0.7878787878787878,-0.08359825611114502
2021-02,train,EGX30,EGX30 Index,EquityIndex,0.10101009905338287,0.3695254623889923,4.0,3.0,0.06060606060606061,0.26851536333560944
2021-02,train,EMFD.CA,Emaar Misr for Development,Equity,0.7373737096786499,0.5084420442581177,28.0,15.0,0.42424242424242425,-0.22893166542053223
2021-02,train,ETEL.CA,Telecom Egypt,Equity,0.17171716690063477,0.45115968585014343,5.0,8.0,0.21212121212121213,0.27944251894950867
2021-02,train,FWRY.CA,Fawry For Banking Technology And Electronic Payment,Equity,0.8181818127632141,0.5899235010147095,30.0,24.0,0.696969696969697,-0.22825831174850464
2021-02,train,GBCO.CA,GB Corp,Equity,0.6262626051902771,0.6112549304962158,20.0,29.0,0.8484848484848485,-0.01500767469406128
2021-02,train,Gold,24K Gold (EGP),Gold,0.31313130259513855,0.39636144042015076,11.0,6.0,0.15151515151515152,0.08323013782501221
2021-02,train,HELI.CA,Heliopolis Housing,Equity,0.5050504803657532,0.5826802253723145,18.0,23.0,0.6666666666666666,0.07762974500656128
2021-02,train,HRHO.CA,EFG Holding,Equity,0.20202019810676575,0.45343083143234253,6.5,9.0,0.24242424242424243,0.2514106333255768
2021-02,train,ISPH.CA,Ibnsina Pharma,Equity,0.42424243688583374,0.5110769867897034,14.0,17.0,0.48484848484848486,0.08683454990386963
2021-02,train,JUFO.CA,Juhayna Food Industries,Equity,0.939393937587738,0.5413557291030884,33.0,20.0,0.5757575757575758,-0.39803820848464966
2021-02,train,MCQE.CA,Misr Cement (Qena),Equity,0.808080792427063,0.6166077256202698,29.0,30.0,0.8787878787878788,-0.1914730668067932
2021-02,train,MoneyMarket,91-Day T-Bills,MoneyMarket,0.0,0.32044023275375366,1.0,1.0,0.0,0.32044023275375366
2021-02,train,OIH.CA,Orascom Investment Holding,Equity,0.8484848737716675,0.5430169105529785,31.0,21.0,0.6060606060606061,-0.30546796321868896
2021-02,train,ORAS.CA,Orascom Construction PLC,Equity,0.4545454680919647,0.4666987657546997,15.0,10.0,0.2727272727272727,0.012153297662734985
2021-02,train,ORHD.CA,Orascom Development Egypt,Equity,0.7171717286109924,0.6417276263237,25.5,32.0,0.9393939393939394,-0.07544410228729248
2021-02,train,ORWE.CA,Oriental Weavers,Equity,0.2525252401828766,0.5104653835296631,9.0,16.0,0.45454545454545453,0.2579401433467865
2021-02,train,PHDC.CA,Palm Hills Development Company,Equity,0.6464646458625793,0.485439270734787,22.0,13.0,0.36363636363636365,-0.16102537512779236
2021-02,train,RAYA.CA,Raya Holding For Financial Investments,Equity,1.0,0.6597905158996582,34.0,33.0,0.9696969696969697,-0.3402094841003418
2021-02,train,REIT,REIT Index,REIT,0.21212121844291687,0.4428059458732605,8.0,7.0,0.18181818181818182,0.23068472743034363
2021-02,train,RMDA.CA,Tenth Of Ramadan Pharmaceutical Industries&Diagnostic-Rameda,Equity,0.6363636255264282,0.6002673506736755,21.0,26.0,0.7575757575757576,-0.036096274852752686
2021-02,train,TMGH.CA,T M G Holding,Equity,0.3232323229312897,0.51225745677948,12.0,18.0,0.5151515151515151,0.1890251338481903
2021-02,train,VLMR.CA,Valmore Holding,Equity,0.20202019810676575,0.37579187750816345,6.5,4.0,0.09090909090909091,0.1737716794013977
2021-03,train,ABUK.CA,Abou Kir Fertilizers,Equity,0.5454545617103577,0.5080581903457642,18.0,16.0,0.45454545454545453,-0.037396371364593506
2021-03,train,ADIB.CA,Abu Dhabi Islamic Bank- Egypt,Equity,0.46464645862579346,0.4977055490016937,17.0,14.0,0.3939393939393939,0.03305909037590027
2021-03,train,AMOC.CA,Alexandria Mineral Oils Company,Equity,0.7979797720909119,0.5966601967811584,28.0,26.0,0.7575757575757576,-0.20131957530975342
2021-03,train,ARCC.CA,Arabian Cement Company,Equity,0.7171717286109924,0.5933464765548706,25.0,25.0,0.7272727272727273,-0.12382525205612183
2021-03,train,BTFH.CA,Beltone Holding,Equity,0.9797979593276978,0.6577247381210327,34.0,33.0,0.9696969696969697,-0.32207322120666504
2021-03,train,Bonds,5-Year Government Bonds,Bonds,0.03030303120613098,0.3228115141391754,2.0,2.0,0.030303030303030304,0.29250848293304443
2021-03,train,CCAP.CA,QALA For Financial Investments,Equity,0.747474730014801,0.5440551042556763,26.5,19.0,0.5454545454545454,-0.20341962575912476
2021-03,train,COMI.CA,Commercial International Bank-Egypt (CIB),Equity,0.24242424964904785,0.3784208595752716,7.5,5.0,0.12121212121212122,0.13599660992622375
2021-03,train,EAST.CA,Eastern Company,Equity,0.939393937587738,0.46075692772865295,32.0,12.0,0.3333333333333333,-0.4786370098590851
2021-03,train,EFID.CA,Edita Food Industries S.A.E,Equity,0.34343433380126953,0.4422493278980255,12.0,10.0,0.2727272727272727,0.09881499409675598
2021-03,train,EGAL.CA,Egypt Aluminum,Equity,0.808080792427063,0.6304181218147278,29.0,31.0,0.9090909090909091,-0.1776626706123352
2021-03,train,EGCH.CA,Egyptian Chemical Industries (Kima),Equity,0.9191918969154358,0.6045376658439636,31.0,27.0,0.7878787878787878,-0.31465423107147217
2021-03,train,EGX30,EGX30 Index,EquityIndex,0.24242424964904785,0.35364457964897156,7.5,3.0,0.06060606060606061,0.1112203299999237
2021-03,train,EMFD.CA,Emaar Misr for Development,Equity,0.3333333432674408,0.5512492060661316,11.0,20.0,0.5757575757575758,0.2179158627986908
2021-03,train,ETEL.CA,Telecom Egypt,Equity,0.42424243688583374,0.3982384502887726,16.0,7.0,0.18181818181818182,-0.026003986597061157
2021-03,train,FWRY.CA,Fawry For Banking Technology And Electronic Payment,Equity,0.747474730014801,0.5773009657859802,26.5,22.0,0.6363636363636364,-0.1701737642288208
2021-03,train,GBCO.CA,GB Corp,Equity,0.5757575631141663,0.6129107475280762,19.0,29.0,0.8484848484848485,0.03715318441390991
2021-03,train,Gold,24K Gold (EGP),Gold,0.09090909361839294,0.36257821321487427,4.0,4.0,0.09090909090909091,0.2716691195964813
2021-03,train,HELI.CA,Heliopolis Housing,Equity,0.6464646458625793,0.5787439942359924,22.0,23.0,0.6666666666666666,-0.06772065162658691
2021-03,train,HRHO.CA,EFG Holding,Equity,0.2222222238779068,0.44693508744239807,6.0,11.0,0.30303030303030304,0.22471286356449127
2021-03,train,ISPH.CA,Ibnsina Pharma,Equity,0.7070707082748413,0.5052556395530701,24.0,15.0,0.42424242424242425,-0.20181506872177124
2021-03,train,JUFO.CA,Juhayna Food Industries,Equity,0.35353535413742065,0.5838531255722046,13.0,24.0,0.696969696969697,0.23031777143478394
2021-03,train,MCQE.CA,Misr Cement (Qena),Equity,0.8282828330993652,0.6125630736351013,30.0,28.0,0.8181818181818182,-0.21571975946426392
2021-03,train,MoneyMarket,91-Day T-Bills,MoneyMarket,0.0,0.3132869303226471,1.0,1.0,0.0,0.3132869303226471
2021-03,train,OIH.CA,Orascom Investment Holding,Equity,0.5959596037864685,0.6131295561790466,20.0,30.0,0.8787878787878788,0.017169952392578125
2021-03,train,ORAS.CA,Orascom Construction PLC,Equity,0.08080808073282242,0.43467947840690613,3.0,9.0,0.24242424242424243,0.3538713976740837
2021-03,train,ORHD.CA,Orascom Development Egypt,Equity,0.6363636255264282,0.6415948867797852,21.0,32.0,0.9393939393939394,0.005231261253356934
2021-03,train,ORWE.CA,Oriental Weavers,Equity,0.2525252401828766,0.5227928161621094,9.0,17.0,0.48484848484848486,0.2702675759792328
2021-03,train,PHDC.CA,Palm Hills Development Company,Equity,0.3636363744735718,0.5318845510482788,14.0,18.0,0.5151515151515151,0.16824817657470703
2021-03,train,RAYA.CA,Raya Holding For Financial Investments,Equity,0.9595959782600403,0.6697354316711426,33.0,34.0,1.0,-0.2898605465888977
2021-03,train,REIT,REIT Index,REIT,0.38383838534355164,0.4287118911743164,15.0,8.0,0.21212121212121213,0.04487350583076477
2021-03,train,RMDA.CA,Tenth Of Ramadan Pharmaceutical Industries&Diagnostic-Rameda,Equity,0.6565656661987305,0.5547469854354858,23.0,21.0,0.6060606060606061,-0.10181868076324463
2021-03,train,TMGH.CA,T M G Holding,Equity,0.2626262605190277,0.4653538465499878,10.0,13.0,0.36363636363636365,0.20272758603096008
2021-03,train,VLMR.CA,Valmore Holding,Equity,0.10101009905338287,0.38507530093193054,5.0,6.0,0.15151515151515152,0.28406520187854767
2021-04,train,ABUK.CA,Abou Kir Fertilizers,Equity,0.46464645862579346,0.5012869834899902,16.0,15.0,0.42424242424242425,0.03664052486419678
2021-04,train,ADIB.CA,Abu Dhabi Islamic Bank- Egypt,Equity,0.3232323229312897,0.47049543261528015,10.0,13.0,0.36363636363636365,0.14726310968399048
2021-04,train,AMOC.CA,Alexandria Mineral Oils Company,Equity,0.8484848737716675,0.5981770157814026,30.0,26.0,0.7575757575757576,-0.2503078579902649
2021-04,train,ARCC.CA,Arabian Cement Company,Equity,0.6262626051902771,0.5812063813209534,22.0,23.0,0.6666666666666666,-0.04505622386932373
2021-04,train,BTFH.CA,Beltone Holding,Equity,0.8989899158477783,0.646388828754425,32.0,33.0,0.9696969696969697,-0.25260108709335327
2021-04,train,Bonds,5-Year Government Bonds,Bonds,0.03030303120613098,0.32451459765434265,2.0,2.0,0.030303030303030304,0.29421156644821167
2021-04,train,CCAP.CA,QALA For Financial Investments,Equity,0.747474730014801,0.5373950004577637,26.0,20.0,0.5757575757575758,-0.21007972955703735
2021-04,train,COMI.CA,Commercial International Bank-Egypt (CIB),Equity,0.3636363744735718,0.38493895530700684,12.0,4.0,0.09090909090909091,0.02130258083343506
2021-04,train,EAST.CA,Eastern Company,Equity,0.24242424964904785,0.5350688099861145,8.0,19.0,0.5454545454545454,0.29264456033706665
2021-04,train,EFID.CA,Edita Food Industries S.A.E,Equity,0.5656565427780151,0.45715460181236267,20.0,11.0,0.30303030303030304,-0.10850194096565247
2021-04,train,EGAL.CA,Egypt Aluminum,Equity,0.6767676472663879,0.6113502979278564,24.0,29.0,0.8484848484848485,-0.0654173493385315
2021-04,train,EGCH.CA,Egyptian Chemical Industries (Kima),Equity,0.7171717286109924,0.608405351638794,25.0,28.0,0.8181818181818182,-0.10876637697219849
2021-04,train,EGX30,EGX30 Index,EquityIndex,0.12121212482452393,0.35302814841270447,4.0,3.0,0.06060606060606061,0.23181602358818054
2021-04,train,EMFD.CA,Emaar Misr for Development,Equity,0.3737373650074005,0.5203707218170166,13.0,17.0,0.48484848484848486,0.1466333568096161
2021-04,train,ETEL.CA,Telecom Egypt,Equity,0.5454545617103577,0.4067344665527344,19.0,7.0,0.18181818181818182,-0.1387200951576233
2021-04,train,FWRY.CA,Fawry For Banking Technology And Electronic Payment,Equity,0.4040403962135315,0.6259267330169678,14.0,32.0,0.9393939393939394,0.22188633680343628
2021-04,train,GBCO.CA,GB Corp,Equity,0.8484848737716675,0.5746322870254517,30.0,22.0,0.6363636363636364,-0.2738525867462158
2021-04,train,Gold,24K Gold (EGP),Gold,0.06060606241226196,0.39963024854660034,3.0,6.0,0.15151515151515152,0.3390241861343384
2021-04,train,HELI.CA,Heliopolis Housing,Equity,0.7575757503509521,0.5819859504699707,27.0,24.0,0.696969696969697,-0.17558979988098145
2021-04,train,HRHO.CA,EFG Holding,Equity,0.17171716690063477,0.42618101835250854,7.0,10.0,0.2727272727272727,0.2544638514518738
2021-04,train,ISPH.CA,Ibnsina Pharma,Equity,0.7777777910232544,0.5222178101539612,28.0,18.0,0.5151515151515151,-0.2555599808692932
2021-04,train,JUFO.CA,Juhayna Food Industries,Equity,0.14141413569450378,0.5832571983337402,5.0,25.0,0.7272727272727273,0.44184306263923645
2021-04,train,MCQE.CA,Misr Cement (Qena),Equity,0.8484848737716675,0.6212020516395569,30.0,31.0,0.9090909090909091,-0.2272828221321106
2021-04,train,MoneyMarket,91-Day T-Bills,MoneyMarket,0.0,0.3136313855648041,1.0,1.0,0.0,0.3136313855648041
2021-04,train,OIH.CA,Orascom Investment Holding,Equity,0.6666666865348816,0.5997835993766785,23.0,27.0,0.7878787878787878,-0.06688308715820312
2021-04,train,ORAS.CA,Orascom Construction PLC,Equity,0.1515151560306549,0.4138525724411011,6.0,8.0,0.21212121212121213,0.26233741641044617
2021-04,train,ORHD.CA,Orascom Development Egypt,Equity,0.2929292917251587,0.6147737503051758,9.0,30.0,0.8787878787878788,0.3218444585800171
2021-04,train,ORWE.CA,Oriental Weavers,Equity,0.9595959782600403,0.47244688868522644,33.5,14.0,0.3939393939393939,-0.48714908957481384
2021-04,train,PHDC.CA,Palm Hills Development Company,Equity,0.34343433380126953,0.5063894987106323,11.0,16.0,0.45454545454545453,0.1629551649093628
2021-04,train,RAYA.CA,Raya Holding For Financial Investments,Equity,0.9595959782600403,0.6727227568626404,33.5,34.0,1.0,-0.2868732213973999
2021-04,train,REIT,REIT Index,REIT,0.4545454680919647,0.42030274868011475,15.0,9.0,0.24242424242424243,-0.034242719411849976
2021-04,train,RMDA.CA,Tenth Of Ramadan Pharmaceutical Industries&Diagnostic-Rameda,Equity,0.5858585834503174,0.5598070621490479,21.0,21.0,0.6060606060606061,-0.02605152130126953
2021-04,train,TMGH.CA,T M G Holding,Equity,0.5050504803657532,0.46393805742263794,17.0,12.0,0.3333333333333333,-0.041112422943115234
2021-04,train,VLMR.CA,Valmore Holding,Equity,0.5252525210380554,0.3941202461719513,18.0,5.0,0.12121212121212122,-0.13113227486610413
2021-05,train,ABUK.CA,Abou Kir Fertilizers,Equity,0.4848484992980957,0.5018004179000854,16.0,15.0,0.42424242424242425,0.016951918601989746
2021-05,train,ADIB.CA,Abu Dhabi Islamic Bank- Egypt,Equity,0.3737373650074005,0.48524078726768494,13.5,13.0,0.36363636363636365,0.11150342226028442
2021-05,train,AMOC.CA,Alexandria Mineral Oils Company,Equity,0.7373737096786499,0.6192004680633545,26.0,30.0,0.8787878787878788,-0.11817324161529541
2021-05,train,ARCC.CA,Arabian Cement Company,Equity,0.8181818127632141,0.6096237897872925,31.0,26.0,0.7575757575757576,-0.20855802297592163
2021-05,train,BTFH.CA,Beltone Holding,Equity,0.7979797720909119,0.6605536937713623,29.0,33.0,0.9696969696969697,-0.13742607831954956
2021-05,train,Bonds,5-Year Government Bonds,Bonds,0.06060606241226196,0.3380300998687744,3.0,1.0,0.0,0.27742403745651245
2021-05,train,CCAP.CA,QALA For Financial Investments,Equity,0.6262626051902771,0.5703364014625549,21.0,22.0,0.6363636363636364,-0.05592620372772217
2021-05,train,COMI.CA,Commercial International Bank-Egypt (CIB),Equity,0.808080792427063,0.4257732331752777,30.0,9.0,0.24242424242424243,-0.3823075592517853
2021-05,train,EAST.CA,Eastern Company,Equity,0.17171716690063477,0.486101895570755,4.0,14.0,0.3939393939393939,0.31438472867012024
2021-05,train,EFID.CA,Edita Food Industries S.A.E,Equity,0.7676767706871033,0.4797138273715973,27.0,12.0,0.3333333333333333,-0.287962943315506
2021-05,train,EGAL.CA,Egypt Aluminum,Equity,0.868686854839325,0.6091189980506897,32.0,25.0,0.7272727272727273,-0.25956785678863525
2021-05,train,EGCH.CA,Egyptian Chemical Industries (Kima),Equity,0.6060606241226196,0.6191831827163696,20.0,29.0,0.8484848484848485,0.01312255859375
2021-05,train,EGX30,EGX30 Index,EquityIndex,0.2626262605190277,0.3890163004398346,9.0,3.0,0.06060606060606061,0.12639003992080688
2021-05,train,EMFD.CA,Emaar Misr for Development,Equity,0.5050504803657532,0.5553309321403503,17.0,20.0,0.5757575757575758,0.05028045177459717
2021-05,train,ETEL.CA,Telecom Egypt,Equity,0.2525252401828766,0.42254531383514404,7.5,7.0,0.18181818181818182,0.17002007365226746
2021-05,train,FWRY.CA,Fawry For Banking Technology And Electronic Payment,Equity,0.7777777910232544,0.6201055645942688,28.0,31.0,0.9090909090909091,-0.1576722264289856
2021-05,train,GBCO.CA,GB Corp,Equity,0.5353535413742065,0.6105193495750427,19.0,27.0,0.7878787878787878,0.07516580820083618
2021-05,train,Gold,24K Gold (EGP),Gold,0.05050504952669144,0.3965792655944824,2.0,4.0,0.09090909090909091,0.346074216067791
2021-05,train,HELI.CA,Heliopolis Housing,Equity,0.3030303120613098,0.5961191058158875,10.5,24.0,0.696969696969697,0.29308879375457764
2021-05,train,HRHO.CA,EFG Holding,Equity,0.35353535413742065,0.41034066677093506,12.0,6.0,0.15151515151515152,0.056805312633514404
2021-05,train,ISPH.CA,Ibnsina Pharma,Equity,0.6767676472663879,0.5144200325012207,23.5,16.0,0.45454545454545453,-0.16234761476516724
2021-05,train,JUFO.CA,Juhayna Food Industries,Equity,0.8888888955116272,0.5659165978431702,33.0,21.0,0.6060606060606061,-0.32297229766845703
2021-05,train,MCQE.CA,Misr Cement (Qena),Equity,0.6363636255264282,0.6364638209342957,22.0,32.0,0.9393939393939394,0.00010019540786743164
2021-05,train,MoneyMarket,91-Day T-Bills,MoneyMarket,0.0,0.3424733281135559,1.0,2.0,0.030303030303030304,0.3424733281135559
2021-05,train,OIH.CA,Orascom Investment Holding,Equity,0.2525252401828766,0.6119704246520996,7.5,28.0,0.8181818181818182,0.359445184469223
2021-05,train,ORAS.CA,Orascom Construction PLC,Equity,0.20202019810676575,0.42493936419487,5.0,8.0,0.21212121212121213,0.22291916608810425
2021-05,train,ORHD.CA,Orascom Development Egypt,Equity,0.6767676472663879,0.5945246815681458,23.5,23.0,0.6666666666666666,-0.08224296569824219
2021-05,train,ORWE.CA,Oriental Weavers,Equity,0.5252525210380554,0.5186793208122253,18.0,17.0,0.48484848484848486,-0.006573200225830078
2021-05,train,PHDC.CA,Palm Hills Development Company,Equity,0.23232322931289673,0.5345407724380493,6.0,18.0,0.5151515151515151,0.3022175431251526
2021-05,train,RAYA.CA,Raya Holding For Financial Investments,Equity,0.9797979593276978,0.6851962804794312,34.0,34.0,1.0,-0.2946016788482666
2021-05,train,REIT,REIT Index,REIT,0.3030303120613098,0.4494425654411316,10.5,10.0,0.2727272727272727,0.14641225337982178
2021-05,train,RMDA.CA,Tenth Of Ramadan Pharmaceutical Industries&Diagnostic-Rameda,Equity,0.7070707082748413,0.5509502291679382,25.0,19.0,0.5454545454545454,-0.15612047910690308
2021-05,train,TMGH.CA,T M G Holding,Equity,0.3737373650074005,0.47188568115234375,13.5,11.0,0.30303030303030304,0.09814831614494324
2021-05,train,VLMR.CA,Valmore Holding,Equity,0.38383838534355164,0.40152987837791443,15.0,5.0,0.12121212121212122,0.017691493034362793
2021-06,train,ABUK.CA,Abou Kir Fertilizers,Equity,0.19191919267177582,0.49141499400138855,6.0,13.0,0.36363636363636365,0.29949580132961273
2021-06,train,ADIB.CA,Abu Dhabi Islamic Bank- Egypt,Equity,0.5959596037864685,0.49846065044403076,22.5,15.0,0.42424242424242425,-0.09749895334243774
2021-06,train,AMOC.CA,Alexandria Mineral Oils Company,Equity,0.5959596037864685,0.6184210181236267,22.5,27.0,0.7878787878787878,0.022461414337158203
2021-06,train,ARCC.CA,Arabian Cement Company,Equity,0.868686854839325,0.6360783576965332,32.0,31.0,0.9090909090909091,-0.23260849714279175
2021-06,train,BTFH.CA,Beltone Holding,Equity,1.0,0.6764822006225586,34.0,33.0,0.9696969696969697,-0.3235177993774414
2021-06,train,Bonds,5-Year Government Bonds,Bonds,0.03030303120613098,0.3335317075252533,2.0,1.0,0.0,0.3032286763191223
2021-06,train,CCAP.CA,QALA For Financial Investments,Equity,0.7676767706871033,0.5647969841957092,28.5,22.0,0.6363636363636364,-0.20287978649139404
2021-06,train,COMI.CA,Commercial International Bank-Egypt (CIB),Equity,0.49494948983192444,0.44368085265159607,18.0,9.0,0.24242424242424243,-0.05126863718032837
2021-06,train,EAST.CA,Eastern Company,Equity,0.2222222238779068,0.5282866954803467,7.0,18.0,0.5151515151515151,0.3060644716024399
2021-06,train,EFID.CA,Edita Food Industries S.A.E,Equity,0.35353535413742065,0.4910266399383545,9.0,12.0,0.3333333333333333,0.13749128580093384
2021-06,train,EGAL.CA,Egypt Aluminum,Equity,0.5858585834503174,0.6335758566856384,21.0,29.0,0.8484848484848485,0.047717273235321045
2021-06,train,EGCH.CA,Egyptian Chemical Industries (Kima),Equity,0.9595959782600403,0.6268280744552612,33.0,28.0,0.8181818181818182,-0.33276790380477905
2021-06,train,EGX30,EGX30 Index,EquityIndex,0.13131313025951385,0.38472408056259155,4.0,4.0,0.09090909090909091,0.2534109503030777
2021-06,train,EMFD.CA,Emaar Misr for Development,Equity,0.31313130259513855,0.49968215823173523,8.0,16.0,0.45454545454545453,0.18655085563659668
2021-06,train,ETEL.CA,Telecom Egypt,Equity,0.4848484992980957,0.42477381229400635,16.0,8.0,0.21212121212121213,-0.060074687004089355
2021-06,train,FWRY.CA,Fawry For Banking Technology And Electronic Payment,Equity,0.7171717286109924,0.6442427039146423,26.0,32.0,0.9393939393939394,-0.0729290246963501
2021-06,train,GBCO.CA,GB Corp,Equity,0.49494948983192444,0.5949726700782776,18.0,25.0,0.7272727272727273,0.10002318024635315
2021-06,train,Gold,24K Gold (EGP),Gold,0.3737373650074005,0.4123401343822479,12.0,7.0,0.18181818181818182,0.03860276937484741
2021-06,train,HELI.CA,Heliopolis Housing,Equity,0.49494948983192444,0.5972666144371033,18.0,26.0,0.7575757575757576,0.10231712460517883
2021-06,train,HRHO.CA,EFG Holding,Equity,0.3737373650074005,0.38347089290618896,12.0,3.0,0.06060606060606061,0.009733527898788452
2021-06,train,ISPH.CA,Ibnsina Pharma,Equity,0.7676767706871033,0.5496585369110107,28.5,20.0,0.5757575757575758,-0.21801823377609253
2021-06,train,JUFO.CA,Juhayna Food Industries,Equity,0.8282828330993652,0.5551518201828003,31.0,21.0,0.6060606060606061,-0.27313101291656494
2021-06,train,MCQE.CA,Misr Cement (Qena),Equity,0.5555555820465088,0.6345540881156921,20.0,30.0,0.8787878787878788,0.07899850606918335
2021-06,train,MoneyMarket,91-Day T-Bills,MoneyMarket,0.0,0.33904004096984863,1.0,2.0,0.030303030303030304,0.33904004096984863
2021-06,train,OIH.CA,Orascom Investment Holding,Equity,0.7676767706871033,0.5868498086929321,28.5,24.0,0.696969696969697,-0.18082696199417114
2021-06,train,ORAS.CA,Orascom Construction PLC,Equity,0.3737373650074005,0.4063814580440521,12.0,6.0,0.15151515151515152,0.03264409303665161
2021-06,train,ORHD.CA,Orascom Development Egypt,Equity,0.3636363744735718,0.5766136050224304,10.0,23.0,0.6666666666666666,0.21297723054885864
2021-06,train,ORWE.CA,Oriental Weavers,Equity,0.4040403962135315,0.5093837976455688,14.0,17.0,0.48484848484848486,0.10534340143203735
2021-06,train,PHDC.CA,Palm Hills Development Company,Equity,0.4747474789619446,0.4970407783985138,15.0,14.0,0.3939393939393939,0.022293299436569214
2021-06,train,RAYA.CA,Raya Holding For Financial Investments,Equity,0.7676767706871033,0.6789518594741821,28.5,34.0,1.0,-0.08872491121292114
2021-06,train,REIT,REIT Index,REIT,0.1515151560306549,0.4455518126487732,5.0,10.0,0.2727272727272727,0.2940366566181183
2021-06,train,RMDA.CA,Tenth Of Ramadan Pharmaceutical Industries&Diagnostic-Rameda,Equity,0.7070707082748413,0.5382978916168213,25.0,19.0,0.5454545454545454,-0.16877281665802002
2021-06,train,TMGH.CA,T M G Holding,Equity,0.6767676472663879,0.4552166163921356,24.0,11.0,0.30303030303030304,-0.22155103087425232
2021-06,train,VLMR.CA,Valmore Holding,Equity,0.1111111119389534,0.39015474915504456,3.0,5.0,0.12121212121212122,0.27904363721609116
2021-07,train,ABUK.CA,Abou Kir Fertilizers,Equity,0.5757575631141663,0.4804609417915344,21.0,13.0,0.36363636363636365,-0.09529662132263184
2021-07,train,ADIB.CA,Abu Dhabi Islamic Bank- Egypt,Equity,0.4141414165496826,0.502558708190918,13.0,16.0,0.45454545454545453,0.08841729164123535
2021-07,train,AMOC.CA,Alexandria Mineral Oils Company,Equity,0.6969696879386902,0.6196164488792419,26.0,29.0,0.8484848484848485,-0.07735323905944824
2021-07,train,ARCC.CA,Arabian Cement Company,Equity,0.8383838534355164,0.6349896192550659,29.0,32.0,0.9393939393939394,-0.20339423418045044
2021-07,train,BTFH.CA,Beltone Holding,Equity,0.9494949579238892,0.6654955744743347,32.5,34.0,1.0,-0.28399938344955444
2021-07,train,Bonds,5-Year Government Bonds,Bonds,0.06060606241226196,0.3244132697582245,2.0,2.0,0.030303030303030304,0.2638072073459625
2021-07,train,CCAP.CA,QALA For Financial Investments,Equity,0.6161616444587708,0.5684520602226257,24.0,21.0,0.6060606060606061,-0.04770958423614502
2021-07,train,COMI.CA,Commercial International Bank-Egypt (CIB),Equity,0.07070706784725189,0.4220464825630188,3.0,8.0,0.21212121212121213,0.3513394147157669
2021-07,train,EAST.CA,Eastern Company,Equity,0.3232323229312897,0.44614550471305847,9.5,10.0,0.2727272727272727,0.1229131817817688
2021-07,train,EFID.CA,Edita Food Industries S.A.E,Equity,0.49494948983192444,0.5070937275886536,16.0,17.0,0.48484848484848486,0.012144237756729126
2021-07,train,EGAL.CA,Egypt Aluminum,Equity,0.8989899158477783,0.6110256314277649,30.0,27.0,0.7878787878787878,-0.2879642844200134
2021-07,train,EGCH.CA,Egyptian Chemical Industries (Kima),Equity,0.7676767706871033,0.6261648535728455,27.0,31.0,0.9090909090909091,-0.1415119171142578
2021-07,train,EGX30,EGX30 Index,EquityIndex,0.1111111119389534,0.37700411677360535,5.0,5.0,0.12121212121212122,0.26589300483465195
2021-07,train,EMFD.CA,Emaar Misr for Development,Equity,0.49494948983192444,0.4939503073692322,16.0,14.0,0.3939393939393939,-0.0009991824626922607
2021-07,train,ETEL.CA,Telecom Egypt,Equity,0.3232323229312897,0.46550899744033813,9.5,11.0,0.30303030303030304,0.14227667450904846
2021-07,train,FWRY.CA,Fawry For Banking Technology And Electronic Payment,Equity,0.9292929172515869,0.6151893138885498,31.0,28.0,0.8181818181818182,-0.3141036033630371
2021-07,train,GBCO.CA,GB Corp,Equity,0.5555555820465088,0.5952405333518982,19.5,26.0,0.7575757575757576,0.039684951305389404
2021-07,train,Gold,24K Gold (EGP),Gold,0.08080808073282242,0.36884376406669617,4.0,3.0,0.06060606060606061,0.28803568333387375
2021-07,train,HELI.CA,Heliopolis Housing,Equity,0.6666666865348816,0.5757845044136047,25.0,24.0,0.696969696969697,-0.09088218212127686
2021-07,train,HRHO.CA,EFG Holding,Equity,0.3737373650074005,0.3935924768447876,12.0,6.0,0.15151515151515152,0.019855111837387085
2021-07,train,ISPH.CA,Ibnsina Pharma,Equity,0.49494948983192444,0.5673288106918335,16.0,20.0,0.5757575757575758,0.07237932085990906
2021-07,train,JUFO.CA,Juhayna Food Industries,Equity,0.5555555820465088,0.5698337554931641,19.5,22.0,0.6363636363636364,0.014278173446655273
2021-07,train,MCQE.CA,Misr Cement (Qena),Equity,0.9595959782600403,0.6239215135574341,34.0,30.0,0.8787878787878788,-0.3356744647026062
2021-07,train,MoneyMarket,91-Day T-Bills,MoneyMarket,0.0,0.32309526205062866,1.0,1.0,0.0,0.32309526205062866
2021-07,train,OIH.CA,Orascom Investment Holding,Equity,0.5858585834503174,0.5808274149894714,22.0,25.0,0.7272727272727273,-0.005031168460845947
2021-07,train,ORAS.CA,Orascom Construction PLC,Equity,0.17171716690063477,0.40423640608787537,7.0,7.0,0.18181818181818182,0.2325192391872406
2021-07,train,ORHD.CA,Orascom Development Egypt,Equity,0.46464645862579346,0.5248573422431946,14.0,18.0,0.5151515151515151,0.06021088361740112
2021-07,train,ORWE.CA,Oriental Weavers,Equity,0.7777777910232544,0.5522485375404358,28.0,19.0,0.5454545454545454,-0.2255292534828186
2021-07,train,PHDC.CA,Palm Hills Development Company,Equity,0.3333333432674408,0.47181928157806396,11.0,12.0,0.3333333333333333,0.13848593831062317
2021-07,train,RAYA.CA,Raya Holding For Financial Investments,Equity,0.9494949579238892,0.6600857973098755,32.5,33.0,0.9696969696969697,-0.28940916061401367
2021-07,train,REIT,REIT Index,REIT,0.20202019810676575,0.4379507303237915,8.0,9.0,0.24242424242424243,0.23593053221702576
2021-07,train,RMDA.CA,Tenth Of Ramadan Pharmaceutical Industries&Diagnostic-Rameda,Equity,0.5151515007019043,0.5729814171791077,18.0,23.0,0.6666666666666666,0.05782991647720337
2021-07,train,TMGH.CA,T M G Holding,Equity,0.5959596037864685,0.4967786371707916,23.0,15.0,0.42424242424242425,-0.09918096661567688
2021-07,train,VLMR.CA,Valmore Holding,Equity,0.1515151560306549,0.3702942728996277,6.0,4.0,0.09090909090909091,0.21877911686897278
2021-08,train,ABUK.CA,Abou Kir Fertilizers,Equity,0.3636363744735718,0.5149407982826233,13.0,15.0,0.42424242424242425,0.1513044238090515
2021-08,train,ADIB.CA,Abu Dhabi Islamic Bank- Egypt,Equity,0.9494949579238892,0.5018270015716553,33.5,14.0,0.3939393939393939,-0.4476679563522339
2021-08,train,AMOC.CA,Alexandria Mineral Oils Company,Equity,0.7878788113594055,0.6254913210868835,27.0,27.0,0.7878787878787878,-0.16238749027252197
2021-08,train,ARCC.CA,Arabian Cement Company,Equity,0.9191918969154358,0.6494606733322144,31.0,32.0,0.9393939393939394,-0.26973122358322144
2021-08,train,BTFH.CA,Beltone Holding,Equity,0.808080792427063,0.6512418389320374,28.0,33.0,0.9696969696969697,-0.15683895349502563
2021-08,train,Bonds,5-Year Government Bonds,Bonds,0.03030303120613098,0.333420068025589,2.0,2.0,0.030303030303030304,0.303117036819458
2021-08,train,CCAP.CA,QALA For Financial Investments,Equity,0.5858585834503174,0.5724369287490845,20.0,24.0,0.696969696969697,-0.01342165470123291
2021-08,train,COMI.CA,Commercial International Bank-Egypt (CIB),Equity,0.28282827138900757,0.4507177770137787,10.0,9.0,0.24242424242424243,0.16788950562477112
2021-08,train,EAST.CA,Eastern Company,Equity,0.23232322931289673,0.45751646161079407,6.5,10.0,0.2727272727272727,0.22519323229789734
2021-08,train,EFID.CA,Edita Food Industries S.A.E,Equity,0.2626262605190277,0.5181217193603516,9.0,16.0,0.45454545454545453,0.25549545884132385
2021-08,train,EGAL.CA,Egypt Aluminum,Equity,0.939393937587738,0.6459441184997559,32.0,31.0,0.9090909090909091,-0.2934498190879822
2021-08,train,EGCH.CA,Egyptian Chemical Industries (Kima),Equity,0.7272727489471436,0.6359245777130127,25.0,29.0,0.8484848484848485,-0.09134817123413086
2021-08,train,EGX30,EGX30 Index,EquityIndex,0.1111111119389534,0.38563072681427,4.0,5.0,0.12121212121212122,0.2745196148753166
2021-08,train,EMFD.CA,Emaar Misr for Development,Equity,0.3030303120613098,0.485374391078949,12.0,12.0,0.3333333333333333,0.18234407901763916
2021-08,train,ETEL.CA,Telecom Egypt,Equity,0.2929292917251587,0.46834301948547363,11.0,11.0,0.30303030303030304,0.17541372776031494
2021-08,train,FWRY.CA,Fawry For Banking Technology And Electronic Payment,Equity,0.8484848737716675,0.6290549039840698,30.0,28.0,0.8181818181818182,-0.21942996978759766
2021-08,train,GBCO.CA,GB Corp,Equity,0.4040403962135315,0.6105820536613464,14.5,26.0,0.7575757575757576,0.20654165744781494
2021-08,train,Gold,24K Gold (EGP),Gold,0.4141414165496826,0.38085877895355225,16.0,4.0,0.09090909090909091,-0.03328263759613037
2021-08,train,HELI.CA,Heliopolis Housing,Equity,0.6060606241226196,0.584557831287384,21.0,25.0,0.7272727272727273,-0.021502792835235596
2021-08,train,HRHO.CA,EFG Holding,Equity,0.19191919267177582,0.426739364862442,5.0,7.0,0.18181818181818182,0.2348201721906662
2021-08,train,ISPH.CA,Ibnsina Pharma,Equity,0.4747474789619446,0.5722860097885132,17.0,23.0,0.6666666666666666,0.0975385308265686
2021-08,train,JUFO.CA,Juhayna Food Industries,Equity,0.6161616444587708,0.5591728091239929,22.5,19.0,0.5454545454545454,-0.05698883533477783
2021-08,train,MCQE.CA,Misr Cement (Qena),Equity,0.9494949579238892,0.6428430676460266,33.5,30.0,0.8787878787878788,-0.30665189027786255
2021-08,train,MoneyMarket,91-Day T-Bills,MoneyMarket,0.0,0.32415348291397095,1.0,1.0,0.0,0.32415348291397095
2021-08,train,OIH.CA,Orascom Investment Holding,Equity,0.5656565427780151,0.5659699440002441,19.0,21.0,0.6060606060606061,0.0003134012222290039
2021-08,train,ORAS.CA,Orascom Construction PLC,Equity,0.6363636255264282,0.41970014572143555,24.0,6.0,0.15151515151515152,-0.21666347980499268
2021-08,train,ORHD.CA,Orascom Development Egypt,Equity,0.8383838534355164,0.5485849976539612,29.0,18.0,0.5151515151515151,-0.2897988557815552
2021-08,train,ORWE.CA,Oriental Weavers,Equity,0.08080808073282242,0.5679718852043152,3.0,22.0,0.6363636363636364,0.48716380447149277
2021-08,train,PHDC.CA,Palm Hills Development Company,Equity,0.5252525210380554,0.4859033226966858,18.0,13.0,0.36363636363636365,-0.03934919834136963
2021-08,train,RAYA.CA,Raya Holding For Financial Investments,Equity,0.747474730014801,0.6519705057144165,26.0,34.0,1.0,-0.09550422430038452
2021-08,train,REIT,REIT Index,REIT,0.23232322931289673,0.45018360018730164,6.5,8.0,0.21212121212121213,0.2178603708744049
2021-08,train,RMDA.CA,Tenth Of Ramadan Pharmaceutical Industries&Diagnostic-Rameda,Equity,0.6161616444587708,0.5642538666725159,22.5,20.0,0.5757575757575758,-0.05190777778625488
2021-08,train,TMGH.CA,T M G Holding,Equity,0.4040403962135315,0.5227735042572021,14.5,17.0,0.48484848484848486,0.11873310804367065
2021-08,train,VLMR.CA,Valmore Holding,Equity,0.2525252401828766,0.37456801533699036,8.0,3.0,0.06060606060606061,0.12204277515411377
2021-09,train,ABUK.CA,Abou Kir Fertilizers,Equity,0.1111111119389534,0.4582992196083069,3.0,11.0,0.30303030303030304,0.3471881076693535
2021-09,train,ADIB.CA,Abu Dhabi Islamic Bank- Egypt,Equity,0.9494949579238892,0.5794434547424316,34.0,25.0,0.7272727272727273,-0.3700515031814575
2021-09,train,AMOC.CA,Alexandria Mineral Oils Company,Equity,0.7575757503509521,0.6125291585922241,26.0,28.0,0.8181818181818182,-0.14504659175872803
2021-09,train,ARCC.CA,Arabian Cement Company,Equity,0.8787878751754761,0.6278761029243469,31.0,29.0,0.8484848484848485,-0.25091177225112915
2021-09,train,BTFH.CA,Beltone Holding,Equity,0.7777777910232544,0.6391732096672058,27.0,33.0,0.9696969696969697,-0.13860458135604858
2021-09,train,Bonds,5-Year Government Bonds,Bonds,0.03030303120613098,0.3255256414413452,2.0,2.0,0.030303030303030304,0.29522261023521423
2021-09,train,CCAP.CA,QALA For Financial Investments,Equity,0.46464645862579346,0.556571900844574,17.0,20.0,0.5757575757575758,0.09192544221878052
2021-09,train,COMI.CA,Commercial International Bank-Egypt (CIB),Equity,0.28282827138900757,0.4352675676345825,9.0,7.0,0.18181818181818182,0.15243929624557495
2021-09,train,EAST.CA,Eastern Company,Equity,0.3636363744735718,0.38576194643974304,13.0,4.0,0.09090909090909091,0.022125571966171265
2021-09,train,EFID.CA,Edita Food Industries S.A.E,Equity,0.1818181872367859,0.47915714979171753,6.0,15.0,0.42424242424242425,0.29733896255493164
2021-09,train,EGAL.CA,Egypt Aluminum,Equity,0.868686854839325,0.6342108845710754,30.0,31.0,0.9090909090909091,-0.2344759702682495
2021-09,train,EGCH.CA,Egyptian Chemical Industries (Kima),Equity,0.8282828330993652,0.6349947452545166,28.0,32.0,0.9393939393939394,-0.19328808784484863
2021-09,train,EGX30,EGX30 Index,EquityIndex,0.23232322931289673,0.37745121121406555,7.0,3.0,0.06060606060606061,0.14512798190116882
2021-09,train,EMFD.CA,Emaar Misr for Development,Equity,0.6565656661987305,0.468930721282959,22.5,12.0,0.3333333333333333,-0.18763494491577148
2021-09,train,ETEL.CA,Telecom Egypt,Equity,0.2525252401828766,0.47048714756965637,8.0,13.0,0.36363636363636365,0.21796190738677979
2021-09,train,FWRY.CA,Fawry For Banking Technology And Electronic Payment,Equity,0.8383838534355164,0.6052563786506653,29.0,27.0,0.7878787878787878,-0.23312747478485107
2021-09,train,GBCO.CA,GB Corp,Equity,0.4343434274196625,0.5768778324127197,15.5,24.0,0.696969696969697,0.14253440499305725
2021-09,train,Gold,24K Gold (EGP),Gold,0.12121212482452393,0.38889047503471375,4.0,5.0,0.12121212121212122,0.2676783502101898
2021-09,train,HELI.CA,Heliopolis Housing,Equity,0.6969696879386902,0.600845456123352,24.0,26.0,0.7575757575757576,-0.09612423181533813
2021-09,train,HRHO.CA,EFG Holding,Equity,0.31313130259513855,0.43568602204322815,11.5,8.0,0.21212121212121213,0.1225547194480896
2021-09,train,ISPH.CA,Ibnsina Pharma,Equity,0.7070707082748413,0.565001904964447,25.0,22.0,0.6363636363636364,-0.1420688033103943
2021-09,train,JUFO.CA,Juhayna Food Industries,Equity,0.31313130259513855,0.5626127123832703,11.5,21.0,0.6060606060606061,0.2494814097881317
2021-09,train,MCQE.CA,Misr Cement (Qena),Equity,0.9292929172515869,0.6431459784507751,33.0,34.0,1.0,-0.28614693880081177
2021-09,train,MoneyMarket,91-Day T-Bills,MoneyMarket,0.0,0.31947392225265503,1.0,1.0,0.0,0.31947392225265503
2021-09,train,OIH.CA,Orascom Investment Holding,Equity,0.6565656661987305,0.5760945081710815,22.5,23.0,0.6666666666666666,-0.08047115802764893
2021-09,train,ORAS.CA,Orascom Construction PLC,Equity,0.5555555820465088,0.4384358823299408,20.0,9.0,0.24242424242424243,-0.117119699716568
2021-09,train,ORHD.CA,Orascom Development Egypt,Equity,0.6161616444587708,0.5546148419380188,21.0,19.0,0.5454545454545454,-0.06154680252075195
2021-09,train,ORWE.CA,Oriental Weavers,Equity,0.2929292917251587,0.5396702885627747,10.0,18.0,0.5151515151515151,0.24674099683761597
2021-09,train,PHDC.CA,Palm Hills Development Company,Equity,0.5050504803657532,0.4784873127937317,18.5,14.0,0.3939393939393939,-0.026563167572021484
2021-09,train,RAYA.CA,Raya Holding For Financial Investments,Equity,0.9090909361839294,0.6301037669181824,32.0,30.0,0.8787878787878788,-0.27898716926574707
2021-09,train,REIT,REIT Index,REIT,0.4343434274196625,0.44094905257225037,15.5,10.0,0.2727272727272727,0.006605625152587891
2021-09,train,RMDA.CA,Tenth Of Ramadan Pharmaceutical Industries&Diagnostic-Rameda,Equity,0.4040403962135315,0.5336346626281738,14.0,17.0,0.48484848484848486,0.12959426641464233
2021-09,train,TMGH.CA,T M G Holding,Equity,0.5050504803657532,0.5292462706565857,18.5,16.0,0.45454545454545453,0.02419579029083252
2021-09,train,VLMR.CA,Valmore Holding,Equity,0.13131313025951385,0.39438214898109436,5.0,6.0,0.15151515151515152,0.2630690187215805
2021-10,train,ABUK.CA,Abou Kir Fertilizers,Equity,0.7272727489471436,0.4256245493888855,24.5,11.0,0.30303030303030304,-0.30164819955825806
2021-10,train,ADIB.CA,Abu Dhabi Islamic Bank- Egypt,Equity,0.7777777910232544,0.5949117541313171,27.0,28.0,0.8181818181818182,-0.18286603689193726
2021-10,train,AMOC.CA,Alexandria Mineral Oils Company,Equity,0.5050504803657532,0.5884454846382141,19.0,26.0,0.7575757575757576,0.08339500427246094
2021-10,train,ARCC.CA,Arabian Cement Company,Equity,0.9595959782600403,0.6116099953651428,33.0,31.0,0.9090909090909091,-0.34798598289489746
2021-10,train,BTFH.CA,Beltone Holding,Equity,0.7979797720909119,0.6104265451431274,28.5,30.0,0.8787878787878788,-0.18755322694778442
2021-10,train,Bonds,5-Year Government Bonds,Bonds,0.03030303120613098,0.31733959913253784,2.0,2.0,0.030303030303030304,0.28703656792640686
2021-10,train,CCAP.CA,QALA For Financial Investments,Equity,0.4545454680919647,0.5037122368812561,17.0,18.0,0.5151515151515151,0.04916676878929138
2021-10,train,COMI.CA,Commercial International Bank-Egypt (CIB),Equity,0.2222222238779068,0.40970370173454285,7.0,6.0,0.15151515151515152,0.18748147785663605
2021-10,train,EAST.CA,Eastern Company,Equity,0.4444444477558136,0.41138526797294617,16.0,7.0,0.18181818181818182,-0.03305917978286743
2021-10,train,EFID.CA,Edita Food Industries S.A.E,Equity,0.1515151560306549,0.44878488779067993,5.0,13.0,0.36363636363636365,0.297269731760025
2021-10,train,EGAL.CA,Egypt Aluminum,Equity,0.939393937587738,0.6321213841438293,32.0,32.0,0.9393939393939394,-0.3072725534439087
2021-10,train,EGCH.CA,Egyptian Chemical Industries (Kima),Equity,0.7676767706871033,0.592288076877594,26.0,27.0,0.7878787878787878,-0.17538869380950928
2021-10,train,EGX30,EGX30 Index,EquityIndex,0.09090909361839294,0.35718104243278503,3.5,4.0,0.09090909090909091,0.2662719488143921
2021-10,train,EMFD.CA,Emaar Misr for Development,Equity,0.42424243688583374,0.4814188480377197,14.0,14.0,0.3939393939393939,0.057176411151885986
2021-10,train,ETEL.CA,Telecom Egypt,Equity,0.4343434274196625,0.41832226514816284,15.0,8.0,0.21212121212121213,-0.016021162271499634
2021-10,train,FWRY.CA,Fawry For Banking Technology And Electronic Payment,Equity,0.8888888955116272,0.599087655544281,31.0,29.0,0.8484848484848485,-0.2898012399673462
2021-10,train,GBCO.CA,GB Corp,Equity,0.6060606241226196,0.5500282049179077,22.0,23.0,0.6666666666666666,-0.056032419204711914
2021-10,train,Gold,24K Gold (EGP),Gold,0.09090909361839294,0.35069039463996887,3.5,3.0,0.06060606060606061,0.2597813010215759
2021-10,train,HELI.CA,Heliopolis Housing,Equity,0.5858585834503174,0.5753787755966187,21.0,24.0,0.696969696969697,-0.01047980785369873
2021-10,train,HRHO.CA,EFG Holding,Equity,0.1818181872367859,0.42357081174850464,6.0,10.0,0.2727272727272727,0.24175262451171875
2021-10,train,ISPH.CA,Ibnsina Pharma,Equity,0.6868686676025391,0.5310279130935669,23.0,21.0,0.6060606060606061,-0.15584075450897217
2021-10,train,JUFO.CA,Juhayna Food Industries,Equity,0.3737373650074005,0.5258634090423584,13.0,20.0,0.5757575757575758,0.15212604403495789
2021-10,train,MCQE.CA,Misr Cement (Qena),Equity,0.9696969985961914,0.6449713110923767,34.0,34.0,1.0,-0.3247256875038147
2021-10,train,MoneyMarket,91-Day T-Bills,MoneyMarket,0.0,0.30597710609436035,1.0,1.0,0.0,0.30597710609436035
2021-10,train,OIH.CA,Orascom Investment Holding,Equity,0.7979797720909119,0.5820937752723694,28.5,25.0,0.7272727272727273,-0.21588599681854248
2021-10,train,ORAS.CA,Orascom Construction PLC,Equity,0.34343433380126953,0.42033708095550537,12.0,9.0,0.24242424242424243,0.07690274715423584
2021-10,train,ORHD.CA,Orascom Development Egypt,Equity,0.5656565427780151,0.5374810099601746,20.0,22.0,0.6363636363636364,-0.028175532817840576
2021-10,train,ORWE.CA,Oriental Weavers,Equity,0.3333333432674408,0.4823952913284302,11.0,15.0,0.42424242424242425,0.14906194806098938
2021-10,train,PHDC.CA,Palm Hills Development Company,Equity,0.3030303120613098,0.49067261815071106,10.0,17.0,0.48484848484848486,0.18764230608940125
2021-10,train,RAYA.CA,Raya Holding For Financial Investments,Equity,0.8484848737716675,0.6331682205200195,30.0,33.0,0.9696969696969697,-0.21531665325164795
2021-10,train,REIT,REIT Index,REIT,0.4747474789619446,0.4369405210018158,18.0,12.0,0.3333333333333333,-0.037806957960128784
2021-10,train,RMDA.CA,Tenth Of Ramadan Pharmaceutical Industries&Diagnostic-Rameda,Equity,0.7272727489471436,0.48866066336631775,24.5,16.0,0.45454545454545453,-0.2386120855808258
2021-10,train,TMGH.CA,T M G Holding,Equity,0.24242424964904785,0.5092847943305969,8.0,19.0,0.5454545454545454,0.2668605446815491
2021-10,train,VLMR.CA,Valmore Holding,Equity,0.2525252401828766,0.37668082118034363,9.0,5.0,0.12121212121212122,0.12415558099746704
2021-11,train,ABUK.CA,Abou Kir Fertilizers,Equity,0.4313725531101227,0.4543099105358124,15.0,14.0,0.3939393939393939,0.022937357425689697
2021-11,train,ADIB.CA,Abu Dhabi Islamic Bank- Egypt,Equity,0.45098039507865906,0.6450667977333069,16.0,34.0,1.0,0.19408640265464783
2021-11,train,AMOC.CA,Alexandria Mineral Oils Company,Equity,0.9019607901573181,0.5925947427749634,32.0,26.0,0.7575757575757576,-0.30936604738235474
2021-11,train,ARCC.CA,Arabian Cement Company,Equity,0.656862735748291,0.6275234818458557,21.0,30.0,0.8787878787878788,-0.029339253902435303
2021-11,train,BTFH.CA,Beltone Holding,Equity,0.813725471496582,0.6206985712051392,29.0,29.0,0.8484848484848485,-0.19302690029144287
2021-11,train,Bonds,5-Year Government Bonds,Bonds,0.009803921915590763,0.31591424345970154,1.0,2.0,0.030303030303030304,0.3061103215441108
2021-11,train,CCAP.CA,QALA For Financial Investments,Equity,0.6666666865348816,0.5147309303283691,22.5,19.0,0.5454545454545454,-0.15193575620651245
2021-11,train,COMI.CA,Commercial International Bank-Egypt (CIB),Equity,0.2450980395078659,0.4373329281806946,9.0,10.0,0.2727272727272727,0.19223488867282867
2021-11,train,EAST.CA,Eastern Company,Equity,0.7450980544090271,0.4341191351413727,25.0,9.0,0.24242424242424243,-0.3109789192676544
2021-11,train,EFID.CA,Edita Food Industries S.A.E,Equity,0.22549019753932953,0.4522165060043335,8.0,13.0,0.36363636363636365,0.22672630846500397
2021-11,train,EGAL.CA,Egypt Aluminum,Equity,0.9901960492134094,0.6395937204360962,34.0,33.0,0.9696969696969697,-0.35060232877731323
2021-11,train,EGCH.CA,Egyptian Chemical Industries (Kima),Equity,0.6078431606292725,0.6035031676292419,20.0,27.0,0.7878787878787878,-0.004339993000030518
2021-11,train,EGX30,EGX30 Index,EquityIndex,0.10784313827753067,0.3811676502227783,3.0,4.0,0.09090909090909091,0.27332451194524765
2021-11,train,EMFD.CA,Emaar Misr for Development,Equity,0.5882353186607361,0.4758380651473999,19.0,16.0,0.45454545454545453,-0.11239725351333618
2021-11,train,ETEL.CA,Telecom Egypt,Equity,0.14705882966518402,0.43042412400245667,5.0,8.0,0.21212121212121213,0.28336529433727264
2021-11,train,FWRY.CA,Fawry For Banking Technology And Electronic Payment,Equity,0.8921568393707275,0.611986517906189,31.0,28.0,0.8181818181818182,-0.2801703214645386
2021-11,train,GBCO.CA,GB Corp,Equity,0.8333333134651184,0.5487704873085022,30.0,22.0,0.6363636363636364,-0.2845628261566162
2021-11,train,Gold,24K Gold (EGP),Gold,0.1666666716337204,0.36620640754699707,6.0,3.0,0.06060606060606061,0.19953973591327667
2021-11,train,HELI.CA,Heliopolis Housing,Equity,0.7352941036224365,0.5758599042892456,24.0,24.0,0.696969696969697,-0.15943419933319092
2021-11,train,HRHO.CA,EFG Holding,Equity,0.2647058963775635,0.4195515811443329,10.0,6.0,0.15151515151515152,0.1548456847667694
2021-11,train,ISPH.CA,Ibnsina Pharma,Equity,0.28431373834609985,0.5466780066490173,11.0,21.0,0.6060606060606061,0.2623642683029175
2021-11,train,JUFO.CA,Juhayna Food Industries,Equity,0.30392158031463623,0.5020847916603088,12.0,18.0,0.5151515151515151,0.1981632113456726
2021-11,train,MCQE.CA,Misr Cement (Qena),Equity,0.7843137383460999,0.6347646713256836,28.0,31.0,0.9090909090909091,-0.14954906702041626
2021-11,train,MoneyMarket,91-Day T-Bills,MoneyMarket,0.019607843831181526,0.30791768431663513,2.0,1.0,0.0,0.2883098404854536
2021-11,train,OIH.CA,Orascom Investment Holding,Equity,0.9411764740943909,0.5924599766731262,33.0,25.0,0.7272727272727273,-0.34871649742126465
2021-11,train,ORAS.CA,Orascom Construction PLC,Equity,0.21568627655506134,0.4259219765663147,7.0,7.0,0.18181818181818182,0.21023570001125336
2021-11,train,ORHD.CA,Orascom Development Egypt,Equity,0.5,0.5684069395065308,17.0,23.0,0.6666666666666666,0.06840693950653076
2021-11,train,ORWE.CA,Oriental Weavers,Equity,0.11764705926179886,0.4511018991470337,4.0,12.0,0.3333333333333333,0.33345483988523483
2021-11,train,PHDC.CA,Palm Hills Development Company,Equity,0.5686274766921997,0.47315487265586853,18.0,15.0,0.42424242424242425,-0.09547260403633118
2021-11,train,RAYA.CA,Raya Holding For Financial Investments,Equity,0.7549019455909729,0.6385766863822937,26.0,32.0,0.9393939393939394,-0.1163252592086792
2021-11,train,REIT,REIT Index,REIT,0.6666666865348816,0.4394688606262207,22.5,11.0,0.30303030303030304,-0.2271978259086609
2021-11,train,RMDA.CA,Tenth Of Ramadan Pharmaceutical Industries&Diagnostic-Rameda,Equity,0.7647058963775635,0.528328001499176,27.0,20.0,0.5757575757575758,-0.23637789487838745
2021-11,train,TMGH.CA,T M G Holding,Equity,0.36274510622024536,0.49345099925994873,14.0,17.0,0.48484848484848486,0.13070589303970337
2021-11,train,VLMR.CA,Valmore Holding,Equity,0.3333333432674408,0.39332154393196106,13.0,5.0,0.12121212121212122,0.059988200664520264
2021-12,train,ABUK.CA,Abou Kir Fertilizers,Equity,0.9142857193946838,0.4284025728702545,31.0,7.0,0.18181818181818182,-0.4858831465244293
2021-12,train,ADIB.CA,Abu Dhabi Islamic Bank- Egypt,Equity,0.6380952596664429,0.6181672811508179,24.0,30.0,0.8787878787878788,-0.019927978515625
2021-12,train,AMOC.CA,Alexandria Mineral Oils Company,Equity,0.7809523940086365,0.5899674296379089,28.0,24.0,0.696969696969697,-0.19098496437072754
2021-12,train,ARCC.CA,Arabian Cement Company,Equity,0.6285714507102966,0.6359597444534302,23.0,32.0,0.9393939393939394,0.007388293743133545
2021-12,train,BTFH.CA,Beltone Holding,Equity,0.6000000238418579,0.6087130308151245,20.0,25.0,0.7272727272727273,0.008713006973266602
2021-12,train,Bonds,5-Year Government Bonds,Bonds,0.009523809887468815,0.3189079761505127,1.0,2.0,0.030303030303030304,0.3093841662630439
2021-12,train,CCAP.CA,QALA For Financial Investments,Equity,0.5142857432365417,0.4995627701282501,18.0,16.0,0.45454545454545453,-0.014722973108291626
2021-12,train,COMI.CA,Commercial International Bank-Egypt (CIB),Equity,0.2857142984867096,0.43350061774253845,10.0,8.0,0.21212121212121213,0.14778631925582886
2021-12,train,EAST.CA,Eastern Company,Equity,0.6952381134033203,0.4438171684741974,25.5,11.0,0.30303030303030304,-0.2514209449291229
2021-12,train,EFID.CA,Edita Food Industries S.A.E,Equity,0.21904762089252472,0.46288466453552246,8.5,13.0,0.36363636363636365,0.24383704364299774
2021-12,train,EGAL.CA,Egypt Aluminum,Equity,0.8666666746139526,0.6417236924171448,29.5,34.0,1.0,-0.22494298219680786
2021-12,train,EGCH.CA,Egyptian Chemical Industries (Kima),Equity,0.46666666865348816,0.6104775071144104,17.0,26.0,0.7575757575757576,0.14381083846092224
2021-12,train,EGX30,EGX30 Index,EquityIndex,0.08571428805589676,0.3913852274417877,4.0,4.0,0.09090909090909091,0.30567093938589096
2021-12,train,EMFD.CA,Emaar Misr for Development,Equity,0.21904762089252472,0.5242133736610413,8.5,19.0,0.5454545454545454,0.30516575276851654
2021-12,train,ETEL.CA,Telecom Egypt,Equity,0.18095238506793976,0.4337083399295807,6.0,9.0,0.24242424242424243,0.25275595486164093
2021-12,train,FWRY.CA,Fawry For Banking Technology And Electronic Payment,Equity,0.9333333373069763,0.613048791885376,32.0,28.0,0.8181818181818182,-0.32028454542160034
2021-12,train,GBCO.CA,GB Corp,Equity,0.723809540271759,0.571929931640625,27.0,23.0,0.6666666666666666,-0.15187960863113403
2021-12,train,Gold,24K Gold (EGP),Gold,0.05714285746216774,0.3517642021179199,3.0,3.0,0.06060606060606061,0.2946213446557522
2021-12,train,HELI.CA,Heliopolis Housing,Equity,0.9714285731315613,0.6136822700500488,33.5,29.0,0.8484848484848485,-0.35774630308151245
2021-12,train,HRHO.CA,EFG Holding,Equity,0.20000000298023224,0.4422524869441986,7.0,10.0,0.2727272727272727,0.24225248396396637
2021-12,train,ISPH.CA,Ibnsina Pharma,Equity,0.3523809611797333,0.5473004579544067,12.5,20.0,0.5757575757575758,0.19491949677467346
2021-12,train,JUFO.CA,Juhayna Food Industries,Equity,0.15238095819950104,0.48738232254981995,5.0,15.0,0.42424242424242425,0.3350013643503189
2021-12,train,MCQE.CA,Misr Cement (Qena),Equity,0.6190476417541504,0.6347048282623291,22.0,31.0,0.9090909090909091,0.01565718650817871
2021-12,train,MoneyMarket,91-Day T-Bills,MoneyMarket,0.01904761977493763,0.3139737546443939,2.0,1.0,0.0,0.2949261348694563
2021-12,train,OIH.CA,Orascom Investment Holding,Equity,0.43809524178504944,0.6107087731361389,16.0,27.0,0.7878787878787878,0.17261353135108948
2021-12,train,ORAS.CA,Orascom Construction PLC,Equity,0.380952388048172,0.40602633357048035,15.0,6.0,0.15151515151515152,0.02507394552230835
2021-12,train,ORHD.CA,Orascom Development Egypt,Equity,0.8666666746139526,0.5700716376304626,29.5,22.0,0.6363636363636364,-0.29659503698349
2021-12,train,ORWE.CA,Oriental Weavers,Equity,0.3619047701358795,0.4447181820869446,14.0,12.0,0.3333333333333333,0.08281341195106506
2021-12,train,PHDC.CA,Palm Hills Development Company,Equity,0.6952381134033203,0.5153717398643494,25.5,18.0,0.5151515151515151,-0.17986637353897095
2021-12,train,RAYA.CA,Raya Holding For Financial Investments,Equity,0.6095238327980042,0.6381991505622864,21.0,33.0,0.9696969696969697,0.028675317764282227
2021-12,train,REIT,REIT Index,REIT,0.523809552192688,0.4749937355518341,19.0,14.0,0.3939393939393939,-0.04881581664085388
2021-12,train,RMDA.CA,Tenth Of Ramadan Pharmaceutical Industries&Diagnostic-Rameda,Equity,0.9714285731315613,0.5547070503234863,33.5,21.0,0.6060606060606061,-0.41672152280807495
2021-12,train,TMGH.CA,T M G Holding,Equity,0.32380953431129456,0.5085747838020325,11.0,17.0,0.48484848484848486,0.18476524949073792
2021-12,train,VLMR.CA,Valmore Holding,Equity,0.3523809611797333,0.3972302973270416,12.5,5.0,0.12121212121212122,0.04484933614730835
2022-01,inner_validation,ABUK.CA,Abou Kir Fertilizers,Equity,0.3142857253551483,0.5262678861618042,11.0,19.0,0.5454545454545454,0.21198216080665588
2022-01,inner_validation,ADIB.CA,Abu Dhabi Islamic Bank- Egypt,Equity,1.0,0.5883949398994446,34.0,25.0,0.7272727272727273,-0.4116050601005554
2022-01,inner_validation,AMOC.CA,Alexandria Mineral Oils Company,Equity,0.8190476298332214,0.5784303545951843,30.0,22.0,0.6363636363636364,-0.2406172752380371
2022-01,inner_validation,ARCC.CA,Arabian Cement Company,Equity,0.5714285969734192,0.6328466534614563,18.0,33.0,0.9696969696969697,0.06141805648803711
2022-01,inner_validation,BTFH.CA,Beltone Holding,Equity,0.6571428775787354,0.5912824273109436,23.0,27.0,0.7878787878787878,-0.06586045026779175
2022-01,inner_validation,Bonds,5-Year Government Bonds,Bonds,0.02857142873108387,0.319856196641922,2.0,2.0,0.030303030303030304,0.2912847679108381
2022-01,inner_validation,CCAP.CA,QALA For Financial Investments,Equity,0.5809524059295654,0.501646101474762,19.0,16.0,0.45454545454545453,-0.07930630445480347
2022-01,inner_validation,COMI.CA,Commercial International Bank-Egypt (CIB),Equity,0.190476194024086,0.4204311668872833,7.0,6.0,0.15151515151515152,0.22995497286319733
2022-01,inner_validation,EAST.CA,Eastern Company,Equity,0.2666666805744171,0.44048482179641724,10.0,9.0,0.24242424242424243,0.17381814122200012
2022-01,inner_validation,EFID.CA,Edita Food Industries S.A.E,Equity,0.2380952388048172,0.45488056540489197,8.0,12.0,0.3333333333333333,0.21678532660007477
2022-01,inner_validation,EGAL.CA,Egypt Aluminum,Equity,0.46666666865348816,0.6365256309509277,16.0,34.0,1.0,0.16985896229743958
2022-01,inner_validation,EGCH.CA,Egyptian Chemical Industries (Kima),Equity,0.41904762387275696,0.5995422601699829,14.5,28.0,0.8181818181818182,0.18049463629722595
2022-01,inner_validation,EGX30,EGX30 Index,EquityIndex,0.15238095819950104,0.3946768343448639,4.5,5.0,0.12121212121212122,0.24229587614536285
2022-01,inner_validation,EMFD.CA,Emaar Misr for Development,Equity,0.5333333611488342,0.5203439593315125,17.0,18.0,0.5151515151515151,-0.012989401817321777
2022-01,inner_validation,ETEL.CA,Telecom Egypt,Equity,0.34285715222358704,0.45010143518447876,12.0,10.0,0.2727272727272727,0.10724428296089172
2022-01,inner_validation,FWRY.CA,Fawry For Banking Technology And Electronic Payment,Equity,0.8761904835700989,0.6121732592582703,31.0,31.0,0.9090909090909091,-0.2640172243118286
2022-01,inner_validation,GBCO.CA,GB Corp,Equity,0.6095238327980042,0.5882547497749329,21.5,24.0,0.696969696969697,-0.02126908302307129
2022-01,inner_validation,Gold,24K Gold (EGP),Gold,0.08571428805589676,0.36481085419654846,3.0,3.0,0.06060606060606061,0.2790965661406517
2022-01,inner_validation,HELI.CA,Heliopolis Housing,Equity,0.723809540271759,0.6316902041435242,27.0,32.0,0.9393939393939394,-0.09211933612823486
2022-01,inner_validation,HRHO.CA,EFG Holding,Equity,0.2571428716182709,0.45197349786758423,9.0,11.0,0.30303030303030304,0.19483062624931335
2022-01,inner_validation,ISPH.CA,Ibnsina Pharma,Equity,0.39047619700431824,0.5510507225990295,13.0,20.0,0.5757575757575758,0.1605745255947113
2022-01,inner_validation,JUFO.CA,Juhayna Food Industries,Equity,0.6761904954910278,0.48562756180763245,24.0,14.0,0.3939393939393939,-0.19056293368339539
2022-01,inner_validation,MCQE.CA,Misr Cement (Qena),Equity,0.7809523940086365,0.612099289894104,29.0,30.0,0.8787878787878788,-0.16885310411453247
2022-01,inner_validation,MoneyMarket,91-Day T-Bills,MoneyMarket,0.0,0.31760746240615845,1.0,1.0,0.0,0.31760746240615845
2022-01,inner_validation,OIH.CA,Orascom Investment Holding,Equity,0.7047619223594666,0.5861992835998535,25.5,23.0,0.6666666666666666,-0.11856263875961304
2022-01,inner_validation,ORAS.CA,Orascom Construction PLC,Equity,0.5904762148857117,0.4299744963645935,20.0,8.0,0.21212121212121213,-0.16050171852111816
2022-01,inner_validation,ORHD.CA,Orascom Development Egypt,Equity,0.7047619223594666,0.5900840759277344,25.5,26.0,0.7575757575757576,-0.11467784643173218
2022-01,inner_validation,ORWE.CA,Oriental Weavers,Equity,0.15238095819950104,0.4222051203250885,4.5,7.0,0.18181818181818182,0.26982416212558746
2022-01,inner_validation,PHDC.CA,Palm Hills Development Company,Equity,0.7333333492279053,0.4934275150299072,28.0,15.0,0.42424242424242425,-0.23990583419799805
2022-01,inner_validation,RAYA.CA,Raya Holding For Financial Investments,Equity,0.9428571462631226,0.6079053282737732,33.0,29.0,0.8484848484848485,-0.33495181798934937
2022-01,inner_validation,REIT,REIT Index,REIT,0.41904762387275696,0.4645901918411255,14.5,13.0,0.36363636363636365,0.04554256796836853
2022-01,inner_validation,RMDA.CA,Tenth Of Ramadan Pharmaceutical Industries&Diagnostic-Rameda,Equity,0.8952381014823914,0.5711545944213867,32.0,21.0,0.6060606060606061,-0.32408350706100464
2022-01,inner_validation,TMGH.CA,T M G Holding,Equity,0.6095238327980042,0.5178861618041992,21.5,17.0,0.48484848484848486,-0.09163767099380493
2022-01,inner_validation,VLMR.CA,Valmore Holding,Equity,0.16190476715564728,0.3930230140686035,6.0,4.0,0.09090909090909091,0.23111824691295624
2022-02,inner_validation,ABUK.CA,Abou Kir Fertilizers,Equity,0.22857142984867096,0.49738553166389465,8.5,15.0,0.4117647058823529,0.2688141018152237
2022-02,inner_validation,ADIB.CA,Abu Dhabi Islamic Bank- Egypt,Equity,0.37142857909202576,0.5880139470100403,14.0,26.0,0.7352941176470589,0.21658536791801453
2022-02,inner_validation,AMOC.CA,Alexandria Mineral Oils Company,Equity,0.48571428656578064,0.6066895723342896,17.0,30.0,0.8529411764705882,0.12097528576850891
2022-02,inner_validation,ARCC.CA,Arabian Cement Company,Equity,0.3619047701358795,0.603850781917572,12.5,28.0,0.7941176470588235,0.2419460117816925
2022-02,inner_validation,BTFH.CA,Beltone Holding,Equity,0.9904761910438538,0.5815030336380005,35.0,24.0,0.6764705882352942,-0.40897315740585327
2022-02,inner_validation,Bonds,5-Year Government Bonds,Bonds,0.0,0.316921591758728,1.0,2.0,0.029411764705882353,0.316921591758728
2022-02,inner_validation,CCAP.CA,QALA For Financial Investments,Equity,0.7904762029647827,0.5250681638717651,28.5,18.0,0.5,-0.2654080390930176
2022-02,inner_validation,COMI.CA,Commercial International Bank-Egypt (CIB),Equity,0.4952380955219269,0.40560832619667053,18.0,7.0,0.17647058823529413,-0.08962976932525635
2022-02,inner_validation,EAST.CA,Eastern Company,Equity,0.12380952388048172,0.45456671714782715,5.0,11.0,0.29411764705882354,0.33075719326734543
2022-02,inner_validation,EFID.CA,Edita Food Industries S.A.E,Equity,0.34285715222358704,0.4393157660961151,10.5,9.0,0.23529411764705882,0.09645861387252808
2022-02,inner_validation,EGAL.CA,Egypt Aluminum,Equity,0.761904776096344,0.6536555290222168,26.5,34.0,0.9705882352941176,-0.1082492470741272
2022-02,inner_validation,EGCH.CA,Egyptian Chemical Industries (Kima),Equity,0.5904762148857117,0.5803399085998535,19.0,23.0,0.6470588235294118,-0.010136306285858154
2022-02,inner_validation,EGX30,EGX30 Index,EquityIndex,0.34285715222358704,0.38239118456840515,10.5,4.0,0.08823529411764706,0.039534032344818115
2022-02,inner_validation,EMFD.CA,Emaar Misr for Development,Equity,0.6571428775787354,0.540950357913971,22.5,21.0,0.5882352941176471,-0.1161925196647644
2022-02,inner_validation,ETEL.CA,Telecom Egypt,Equity,0.16190476715564728,0.46125224232673645,7.0,12.0,0.3235294117647059,0.2993474751710892
2022-02,inner_validation,FWRY.CA,Fawry For Banking Technology And Electronic Payment,Equity,0.7904762029647827,0.624101459980011,28.5,32.0,0.9117647058823529,-0.16637474298477173
2022-02,inner_validation,GBCO.CA,GB Corp,Equity,0.6380952596664429,0.6045925617218018,21.0,29.0,0.8235294117647058,-0.03350269794464111
2022-02,inner_validation,Gold,24K Gold (EGP),Gold,0.07619047909975052,0.3635950982570648,3.0,3.0,0.058823529411764705,0.2874046191573143
2022-02,inner_validation,HELI.CA,Heliopolis Housing,Equity,0.9428571462631226,0.6337987184524536,34.0,33.0,0.9411764705882353,-0.30905842781066895
2022-02,inner_validation,HRHO.CA,EFG Holding,Equity,0.3619047701358795,0.4536687731742859,12.5,10.0,0.2647058823529412,0.09176400303840637
2022-02,inner_validation,ISPH.CA,Ibnsina Pharma,Equity,0.7142857313156128,0.526902437210083,25.0,19.0,0.5294117647058824,-0.18738329410552979
2022-02,inner_validation,JUFO.CA,Juhayna Food Industries,Equity,0.6571428775787354,0.4864683747291565,22.5,14.0,0.38235294117647056,-0.17067450284957886
2022-02,inner_validation,MCQE.CA,Misr Cement (Qena),Equity,0.761904776096344,0.6236424446105957,26.5,31.0,0.8823529411764706,-0.1382623314857483
2022-02,inner_validation,MoneyMarket,91-Day T-Bills,MoneyMarket,0.02857142873108387,0.31462034583091736,2.0,1.0,0.0,0.2860489170998335
2022-02,inner_validation,OIH.CA,Orascom Investment Holding,Equity,0.8190476298332214,0.5829084515571594,31.0,25.0,0.7058823529411765,-0.236139178276062
2022-02,inner_validation,ORAS.CA,Orascom Construction PLC,Equity,0.1428571492433548,0.43706730008125305,6.0,8.0,0.20588235294117646,0.29421015083789825
2022-02,inner_validation,ORHD.CA,Orascom Development Egypt,Equity,0.8857142925262451,0.5710435509681702,32.0,22.0,0.6176470588235294,-0.31467074155807495
2022-02,inner_validation,ORWE.CA,Oriental Weavers,Equity,0.380952388048172,0.3942228853702545,15.0,5.0,0.11764705882352941,0.01327049732208252
2022-02,inner_validation,PHDC.CA,Palm Hills Development Company,Equity,0.8095238208770752,0.5269954204559326,30.0,20.0,0.5588235294117647,-0.2825284004211426
2022-02,inner_validation,RAYA.CA,Raya Holding For Financial Investments,Equity,0.9142857193946838,0.6550209522247314,33.0,35.0,1.0,-0.2592647671699524
2022-02,inner_validation,REIT,REIT Index,REIT,0.6095238327980042,0.4668903648853302,20.0,13.0,0.35294117647058826,-0.14263346791267395
2022-02,inner_validation,RMDA.CA,Tenth Of Ramadan Pharmaceutical Industries&Diagnostic-Rameda,Equity,0.6761904954910278,0.5928831100463867,24.0,27.0,0.7647058823529411,-0.08330738544464111
2022-02,inner_validation,TMGH.CA,T M G Holding,Equity,0.41904762387275696,0.505752682685852,16.0,16.0,0.4411764705882353,0.08670505881309509
2022-02,inner_validation,VLMR.CA,Valmore Holding,Equity,0.095238097012043,0.40443694591522217,4.0,6.0,0.14705882352941177,0.30919884890317917
2022-02,inner_validation,VLMRA.CA,Valmore Holding-EGP,Equity,0.22857142984867096,0.5165454745292664,8.5,17.0,0.47058823529411764,0.2879740446805954
2022-03,inner_validation,ABUK.CA,Abou Kir Fertilizers,Equity,0.17142857611179352,0.5237672924995422,7.0,17.0,0.45714285714285713,0.3523387163877487
2022-03,inner_validation,ADIB.CA,Abu Dhabi Islamic Bank- Egypt,Equity,0.11428571492433548,0.5358552932739258,4.0,19.0,0.5142857142857142,0.4215695783495903
2022-03,inner_validation,AMOC.CA,Alexandria Mineral Oils Company,Equity,0.7333333492279053,0.5758010149002075,27.5,24.0,0.6571428571428571,-0.15753233432769775
2022-03,inner_validation,ARCC.CA,Arabian Cement Company,Equity,0.10476190596818924,0.5422825217247009,3.0,20.0,0.5428571428571428,0.4375206157565117
2022-03,inner_validation,BTFH.CA,Beltone Holding,Equity,0.46666666865348816,0.6112943887710571,18.0,31.0,0.8571428571428571,0.14462772011756897
2022-03,inner_validation,Bonds,5-Year Government Bonds,Bonds,0.03809523954987526,0.32065126299858093,2.0,1.0,0.0,0.2825560234487057
2022-03,inner_validation,CCAP.CA,QALA For Financial Investments,Equity,0.7333333492279053,0.5847294330596924,27.5,26.0,0.7142857142857143,-0.1486039161682129
2022-03,inner_validation,COMI.CA,Commercial International Bank-Egypt (CIB),Equity,0.7714285850524902,0.41501790285110474,29.0,7.0,0.17142857142857143,-0.3564106822013855
2022-03,inner_validation,EAST.CA,Eastern Company,Equity,0.3523809611797333,0.4405527114868164,10.0,9.0,0.22857142857142856,0.08817175030708313
2022-03,inner_validation,EFID.CA,Edita Food Industries S.A.E,Equity,0.6000000238418579,0.45383116602897644,23.0,11.0,0.2857142857142857,-0.14616885781288147
2022-03,inner_validation,EFIH.CA,E-finance For Digital and Financial Investments,Equity,0.380952388048172,0.5915430784225464,11.0,27.0,0.7428571428571429,0.2105906903743744
2022-03,inner_validation,EGAL.CA,Egypt Aluminum,Equity,0.8761904835700989,0.6339710354804993,33.0,34.0,0.9428571428571428,-0.2422194480895996
2022-03,inner_validation,EGCH.CA,Egyptian Chemical Industries (Kima),Equity,0.9047619104385376,0.551729142665863,34.0,22.0,0.6,-0.35303276777267456
2022-03,inner_validation,EGX30,EGX30 Index,EquityIndex,0.2857142984867096,0.38187721371650696,9.0,3.0,0.05714285714285714,0.09616291522979736
2022-03,inner_validation,EMFD.CA,Emaar Misr for Development,Equity,0.48571428656578064,0.5451430678367615,19.0,21.0,0.5714285714285714,0.059428781270980835
2022-03,inner_validation,ETEL.CA,Telecom Egypt,Equity,0.5428571701049805,0.4477598965167999,21.5,10.0,0.2571428571428571,-0.09509727358818054
2022-03,inner_validation,FWRY.CA,Fawry For Banking Technology And Electronic Payment,Equity,0.6190476417541504,0.6359557509422302,24.5,35.0,0.9714285714285714,0.016908109188079834
2022-03,inner_validation,GBCO.CA,GB Corp,Equity,1.0,0.6269925832748413,36.0,32.0,0.8857142857142857,-0.3730074167251587
2022-03,inner_validation,Gold,24K Gold (EGP),Gold,0.39047619700431824,0.397499680519104,13.0,5.0,0.11428571428571428,0.007023483514785767
2022-03,inner_validation,HELI.CA,Heliopolis Housing,Equity,0.8190476298332214,0.6572819352149963,30.0,36.0,1.0,-0.1617656946182251
2022-03,inner_validation,HRHO.CA,EFG Holding,Equity,0.12380952388048172,0.4745042622089386,5.0,14.0,0.37142857142857144,0.3506947383284569
2022-03,inner_validation,ISPH.CA,Ibnsina Pharma,Equity,0.6761904954910278,0.5252679586410522,26.0,18.0,0.4857142857142857,-0.15092253684997559
2022-03,inner_validation,JUFO.CA,Juhayna Food Industries,Equity,0.4000000059604645,0.496957927942276,15.0,15.0,0.4,0.09695792198181152
2022-03,inner_validation,MCQE.CA,Misr Cement (Qena),Equity,0.523809552192688,0.6018187403678894,20.0,28.0,0.7714285714285715,0.07800918817520142
2022-03,inner_validation,MoneyMarket,91-Day T-Bills,MoneyMarket,0.0,0.3235832750797272,1.0,2.0,0.02857142857142857,0.3235832750797272
2022-03,inner_validation,OIH.CA,Orascom Investment Holding,Equity,0.4571428596973419,0.5793128609657288,17.0,25.0,0.6857142857142857,0.12217000126838684
2022-03,inner_validation,ORAS.CA,Orascom Construction PLC,Equity,0.4285714328289032,0.41591259837150574,16.0,8.0,0.2,-0.012658834457397461
2022-03,inner_validation,ORHD.CA,Orascom Development Egypt,Equity,0.8476190567016602,0.605548083782196,31.0,30.0,0.8285714285714286,-0.2420709729194641
2022-03,inner_validation,ORWE.CA,Oriental Weavers,Equity,0.16190476715564728,0.3984356224536896,6.0,6.0,0.14285714285714285,0.2365308552980423
2022-03,inner_validation,PHDC.CA,Palm Hills Development Company,Equity,0.39047619700431824,0.5704512596130371,13.0,23.0,0.6285714285714286,0.17997506260871887
2022-03,inner_validation,RAYA.CA,Raya Holding For Financial Investments,Equity,0.6190476417541504,0.6287161111831665,24.5,33.0,0.9142857142857143,0.009668469429016113
2022-03,inner_validation,REIT,REIT Index,REIT,0.5428571701049805,0.47407203912734985,21.5,13.0,0.34285714285714286,-0.06878513097763062
2022-03,inner_validation,RMDA.CA,Tenth Of Ramadan Pharmaceutical Industries&Diagnostic-Rameda,Equity,0.9238095283508301,0.6036911010742188,35.0,29.0,0.8,-0.32011842727661133
2022-03,inner_validation,TMGH.CA,T M G Holding,Equity,0.8571428656578064,0.5178666114807129,32.0,16.0,0.42857142857142855,-0.3392762541770935
2022-03,inner_validation,VLMR.CA,Valmore Holding,Equity,0.2666666805744171,0.3963622748851776,8.0,4.0,0.08571428571428572,0.1296955943107605
2022-03,inner_validation,VLMRA.CA,Valmore Holding-EGP,Equity,0.39047619700431824,0.4620068371295929,13.0,12.0,0.3142857142857143,0.07153064012527466
2022-04,inner_validation,ABUK.CA,Abou Kir Fertilizers,Equity,0.3142857253551483,0.5013953447341919,11.0,16.0,0.42857142857142855,0.18710961937904358
2022-04,inner_validation,ADIB.CA,Abu Dhabi Islamic Bank- Egypt,Equity,0.5142857432365417,0.5401837825775146,19.5,20.0,0.5428571428571428,0.0258980393409729
2022-04,inner_validation,AMOC.CA,Alexandria Mineral Oils Company,Equity,0.8190476298332214,0.6084016561508179,30.0,30.0,0.8285714285714286,-0.21064597368240356
2022-04,inner_validation,ARCC.CA,Arabian Cement Company,Equity,0.32380953431129456,0.5230901837348938,12.0,18.0,0.4857142857142857,0.19928064942359924
2022-04,inner_validation,BTFH.CA,Beltone Holding,Equity,0.9142857193946838,0.5791753530502319,34.5,27.0,0.7428571428571429,-0.3351103663444519
2022-04,inner_validation,Bonds,5-Year Government Bonds,Bonds,0.02857142873108387,0.3284216821193695,2.0,2.0,0.02857142857142857,0.29985025338828564
2022-04,inner_validation,CCAP.CA,QALA For Financial Investments,Equity,0.7047619223594666,0.5783302187919617,26.0,26.0,0.7142857142857143,-0.12643170356750488
2022-04,inner_validation,COMI.CA,Commercial International Bank-Egypt (CIB),Equity,0.5142857432365417,0.42108356952667236,19.5,7.0,0.17142857142857143,-0.09320217370986938
2022-04,inner_validation,EAST.CA,Eastern Company,Equity,0.3333333432674408,0.45261627435684204,13.0,8.0,0.2,0.11928293108940125
2022-04,inner_validation,EFID.CA,Edita Food Industries S.A.E,Equity,0.08571428805589676,0.48076632618904114,4.0,12.0,0.3142857142857143,0.3950520381331444
2022-04,inner_validation,EFIH.CA,E-finance For Digital and Financial Investments,Equity,0.06666667014360428,0.573684811592102,3.0,24.0,0.6571428571428571,0.5070181414484978
2022-04,inner_validation,EGAL.CA,Egypt Aluminum,Equity,0.8857142925262451,0.6229280233383179,33.0,32.0,0.8857142857142857,-0.26278626918792725
2022-04,inner_validation,EGCH.CA,Egyptian Chemical Industries (Kima),Equity,0.8095238208770752,0.5781209468841553,29.0,25.0,0.6857142857142857,-0.23140287399291992
2022-04,inner_validation,EGX30,EGX30 Index,EquityIndex,0.24761904776096344,0.3671856224536896,7.5,3.0,0.05714285714285714,0.11956657469272614
2022-04,inner_validation,EMFD.CA,Emaar Misr for Development,Equity,0.3047619163990021,0.5369156002998352,10.0,19.0,0.5142857142857142,0.23215368390083313
2022-04,inner_validation,ETEL.CA,Telecom Egypt,Equity,0.5904762148857117,0.4565505087375641,22.0,10.0,0.2571428571428571,-0.13392570614814758
2022-04,inner_validation,FWRY.CA,Fawry For Banking Technology And Electronic Payment,Equity,0.8666666746139526,0.6312399506568909,32.0,34.0,0.9428571428571428,-0.23542672395706177
2022-04,inner_validation,GBCO.CA,GB Corp,Equity,0.6857143044471741,0.629313588142395,24.0,33.0,0.9142857142857143,-0.05640071630477905
2022-04,inner_validation,Gold,24K Gold (EGP),Gold,0.10476190596818924,0.4032643139362335,5.0,6.0,0.14285714285714285,0.2985024079680443
2022-04,inner_validation,HELI.CA,Heliopolis Housing,Equity,0.9142857193946838,0.645614743232727,34.5,36.0,1.0,-0.2686709761619568
2022-04,inner_validation,HRHO.CA,EFG Holding,Equity,1.0,0.4539968967437744,36.0,9.0,0.22857142857142856,-0.5460031032562256
2022-04,inner_validation,ISPH.CA,Ibnsina Pharma,Equity,0.761904776096344,0.5131712555885315,28.0,17.0,0.45714285714285713,-0.2487335205078125
2022-04,inner_validation,JUFO.CA,Juhayna Food Industries,Equity,0.190476194024086,0.48688647150993347,6.0,14.0,0.37142857142857144,0.2964102774858475
2022-04,inner_validation,MCQE.CA,Misr Cement (Qena),Equity,0.48571428656578064,0.5891222357749939,18.0,28.0,0.7714285714285715,0.10340794920921326
2022-04,inner_validation,MoneyMarket,91-Day T-Bills,MoneyMarket,0.0,0.32392147183418274,1.0,1.0,0.0,0.32392147183418274
2022-04,inner_validation,OIH.CA,Orascom Investment Holding,Equity,0.6000000238418579,0.56419438123703,23.0,23.0,0.6285714285714286,-0.03580564260482788
2022-04,inner_validation,ORAS.CA,Orascom Construction PLC,Equity,0.3619047701358795,0.4921340048313141,15.0,15.0,0.4,0.13022923469543457
2022-04,inner_validation,ORHD.CA,Orascom Development Egypt,Equity,0.4476190507411957,0.6053898930549622,17.0,29.0,0.8,0.15777084231376648
2022-04,inner_validation,ORWE.CA,Oriental Weavers,Equity,0.8476190567016602,0.39443743228912354,31.0,5.0,0.11428571428571428,-0.4531816244125366
2022-04,inner_validation,PHDC.CA,Palm Hills Development Company,Equity,0.6952381134033203,0.5519640445709229,25.0,22.0,0.6,-0.14327406883239746
2022-04,inner_validation,RAYA.CA,Raya Holding For Financial Investments,Equity,0.723809540271759,0.634615957736969,27.0,35.0,0.9714285714285714,-0.08919358253479004
2022-04,inner_validation,REIT,REIT Index,REIT,0.4095238149166107,0.4590856730937958,16.0,11.0,0.2857142857142857,0.04956185817718506
2022-04,inner_validation,RMDA.CA,Tenth Of Ramadan Pharmaceutical Industries&Diagnostic-Rameda,Equity,0.27619048953056335,0.6124233603477478,9.0,31.0,0.8571428571428571,0.33623287081718445
2022-04,inner_validation,TMGH.CA,T M G Holding,Equity,0.24761904776096344,0.5431395173072815,7.5,21.0,0.5714285714285714,0.29552046954631805
2022-04,inner_validation,VLMR.CA,Valmore Holding,Equity,0.34285715222358704,0.38139134645462036,14.0,4.0,0.08571428571428572,0.038534194231033325
2022-04,inner_validation,VLMRA.CA,Valmore Holding-EGP,Equity,0.5809524059295654,0.48081856966018677,21.0,13.0,0.34285714285714286,-0.10013383626937866
2022-05,inner_validation,ABUK.CA,Abou Kir Fertilizers,Equity,0.6476190686225891,0.49891647696495056,24.0,12.0,0.3142857142857143,-0.14870259165763855
2022-05,inner_validation,ADIB.CA,Abu Dhabi Islamic Bank- Egypt,Equity,0.190476194024086,0.514601469039917,6.0,17.0,0.45714285714285713,0.324125275015831
2022-05,inner_validation,AMOC.CA,Alexandria Mineral Oils Company,Equity,0.4761904776096344,0.5931462049484253,18.5,24.0,0.6571428571428571,0.1169557273387909
2022-05,inner_validation,ARCC.CA,Arabian Cement Company,Equity,0.8761904835700989,0.5058034658432007,33.0,16.0,0.42857142857142855,-0.3703870177268982
2022-05,inner_validation,BTFH.CA,Beltone Holding,Equity,0.4761904776096344,0.630981981754303,18.5,32.0,0.8857142857142857,0.15479150414466858
2022-05,inner_validation,Bonds,5-Year Government Bonds,Bonds,0.03809523954987526,0.3355158269405365,2.0,2.0,0.02857142857142857,0.29742058739066124
2022-05,inner_validation,CCAP.CA,QALA For Financial Investments,Equity,0.48571428656578064,0.61976158618927,20.0,30.0,0.8285714285714286,0.13404729962348938
2022-05,inner_validation,COMI.CA,Commercial International Bank-Egypt (CIB),Equity,0.4476190507411957,0.44363924860954285,16.0,8.0,0.2,-0.003979802131652832
2022-05,inner_validation,EAST.CA,Eastern Company,Equity,0.3047619163990021,0.4332939088344574,12.0,6.0,0.14285714285714285,0.12853199243545532
2022-05,inner_validation,EFID.CA,Edita Food Industries S.A.E,Equity,0.20000000298023224,0.4571719467639923,7.5,10.0,0.2571428571428571,0.25717194378376007
2022-05,inner_validation,EFIH.CA,E-finance For Digital and Financial Investments,Equity,0.27619048953056335,0.5304215550422668,10.0,18.0,0.4857142857142857,0.2542310655117035
2022-05,inner_validation,EGAL.CA,Egypt Aluminum,Equity,0.8095238208770752,0.6348186731338501,29.0,34.0,0.9428571428571428,-0.1747051477432251
2022-05,inner_validation,EGCH.CA,Egyptian Chemical Industries (Kima),Equity,0.8285714387893677,0.6029285192489624,31.0,26.0,0.7142857142857143,-0.22564291954040527
2022-05,inner_validation,EGX30,EGX30 Index,EquityIndex,0.20000000298023224,0.3920016288757324,7.5,4.0,0.08571428571428572,0.19200162589550018
2022-05,inner_validation,EMFD.CA,Emaar Misr for Development,Equity,0.20952381193637848,0.5405718684196472,9.0,19.0,0.5142857142857142,0.33104805648326874
2022-05,inner_validation,ETEL.CA,Telecom Egypt,Equity,0.2857142984867096,0.4557793438434601,11.0,9.0,0.22857142857142856,0.1700650453567505
2022-05,inner_validation,FWRY.CA,Fawry For Banking Technology And Electronic Payment,Equity,0.800000011920929,0.6422082781791687,28.0,35.0,0.9714285714285714,-0.15779173374176025
2022-05,inner_validation,GBCO.CA,GB Corp,Equity,0.9809523820877075,0.6296490430831909,35.5,31.0,0.8571428571428571,-0.3513033390045166
2022-05,inner_validation,Gold,24K Gold (EGP),Gold,0.11428571492433548,0.4096880257129669,4.0,5.0,0.11428571428571428,0.29540231078863144
2022-05,inner_validation,HELI.CA,Heliopolis Housing,Equity,0.8190476298332214,0.6708008646965027,30.0,36.0,1.0,-0.14824676513671875
2022-05,inner_validation,HRHO.CA,EFG Holding,Equity,0.761904776096344,0.5600834488868713,27.0,21.0,0.5714285714285714,-0.20182132720947266
2022-05,inner_validation,ISPH.CA,Ibnsina Pharma,Equity,0.9142857193946838,0.5519196391105652,34.0,20.0,0.5428571428571428,-0.36236608028411865
2022-05,inner_validation,JUFO.CA,Juhayna Food Industries,Equity,0.39047619700431824,0.5040311813354492,14.0,15.0,0.4,0.11355498433113098
2022-05,inner_validation,MCQE.CA,Misr Cement (Qena),Equity,0.16190476715564728,0.5972634553909302,5.0,25.0,0.6857142857142857,0.4353586882352829
2022-05,inner_validation,MoneyMarket,91-Day T-Bills,MoneyMarket,0.0,0.32832956314086914,1.0,1.0,0.0,0.32832956314086914
2022-05,inner_validation,OIH.CA,Orascom Investment Holding,Equity,0.4476190507411957,0.5697833299636841,16.0,23.0,0.6285714285714286,0.1221642792224884
2022-05,inner_validation,ORAS.CA,Orascom Construction PLC,Equity,0.8476190567016602,0.48200130462646484,32.0,11.0,0.2857142857142857,-0.3656177520751953
2022-05,inner_validation,ORHD.CA,Orascom Development Egypt,Equity,0.6285714507102966,0.6139904856681824,23.0,29.0,0.8,-0.014580965042114258
2022-05,inner_validation,ORWE.CA,Oriental Weavers,Equity,0.6761904954910278,0.4409618079662323,25.0,7.0,0.17142857142857143,-0.23522868752479553
2022-05,inner_validation,PHDC.CA,Palm Hills Development Company,Equity,0.9809523820877075,0.6064483523368835,35.5,27.0,0.7428571428571429,-0.374504029750824
2022-05,inner_validation,RAYA.CA,Raya Holding For Financial Investments,Equity,0.5428571701049805,0.6345070004463196,21.0,33.0,0.9142857142857143,0.09164983034133911
2022-05,inner_validation,REIT,REIT Index,REIT,0.4476190507411957,0.5026553273200989,16.0,14.0,0.37142857142857144,0.0550362765789032
2022-05,inner_validation,RMDA.CA,Tenth Of Ramadan Pharmaceutical Industries&Diagnostic-Rameda,Equity,0.6952381134033203,0.6128647327423096,26.0,28.0,0.7714285714285715,-0.08237338066101074
2022-05,inner_validation,TMGH.CA,T M G Holding,Equity,0.6095238327980042,0.5631828308105469,22.0,22.0,0.6,-0.046341001987457275
2022-05,inner_validation,VLMR.CA,Valmore Holding,Equity,0.095238097012043,0.3788205087184906,3.0,3.0,0.05714285714285714,0.2835824117064476
2022-05,inner_validation,VLMRA.CA,Valmore Holding-EGP,Equity,0.3333333432674408,0.501366376876831,13.0,13.0,0.34285714285714286,0.16803303360939026
2022-06,inner_validation,ABUK.CA,Abou Kir Fertilizers,Equity,0.5809524059295654,0.5291628241539001,21.0,18.0,0.4857142857142857,-0.05178958177566528
2022-06,inner_validation,ADIB.CA,Abu Dhabi Islamic Bank- Egypt,Equity,0.6190476417541504,0.49101176857948303,24.0,11.0,0.2857142857142857,-0.12803587317466736
2022-06,inner_validation,AMOC.CA,Alexandria Mineral Oils Company,Equity,0.380952388048172,0.5933831930160522,13.0,26.0,0.7142857142857143,0.21243080496788025
2022-06,inner_validation,ARCC.CA,Arabian Cement Company,Equity,0.723809540271759,0.527619481086731,29.5,17.0,0.45714285714285713,-0.19619005918502808
2022-06,inner_validation,BTFH.CA,Beltone Holding,Equity,0.39047619700431824,0.6020546555519104,14.0,28.0,0.7714285714285715,0.21157845854759216
2022-06,inner_validation,Bonds,5-Year Government Bonds,Bonds,0.02857142873108387,0.3367100954055786,2.0,2.0,0.02857142857142857,0.30813866667449474
2022-06,inner_validation,CCAP.CA,QALA For Financial Investments,Equity,0.5904762148857117,0.5822278261184692,22.0,23.0,0.6285714285714286,-0.008248388767242432
2022-06,inner_validation,COMI.CA,Commercial International Bank-Egypt (CIB),Equity,0.34285715222358704,0.48386573791503906,12.0,10.0,0.2571428571428571,0.14100858569145203
2022-06,inner_validation,EAST.CA,Eastern Company,Equity,0.5428571701049805,0.45543044805526733,19.0,6.0,0.14285714285714285,-0.08742672204971313
2022-06,inner_validation,EFID.CA,Edita Food Industries S.A.E,Equity,0.18095238506793976,0.4751759469509125,5.0,9.0,0.22857142857142856,0.2942235618829727
2022-06,inner_validation,EFIH.CA,E-finance For Digital and Financial Investments,Equity,0.7047619223594666,0.5393921732902527,26.5,20.0,0.5428571428571428,-0.16536974906921387
2022-06,inner_validation,EGAL.CA,Egypt Aluminum,Equity,0.6952381134033203,0.6301381587982178,25.0,33.0,0.9142857142857143,-0.06509995460510254
2022-06,inner_validation,EGCH.CA,Egyptian Chemical Industries (Kima),Equity,0.4476190507411957,0.6340500116348267,15.0,34.0,0.9428571428571428,0.18643096089363098
2022-06,inner_validation,EGX30,EGX30 Index,EquityIndex,0.29523810744285583,0.4079934358596802,8.0,4.0,0.08571428571428572,0.11275532841682434
2022-06,inner_validation,EMFD.CA,Emaar Misr for Development,Equity,0.7142857313156128,0.5227982401847839,28.0,15.0,0.4,-0.19148749113082886
2022-06,inner_validation,ETEL.CA,Telecom Egypt,Equity,0.3142857253551483,0.46049943566322327,9.0,8.0,0.2,0.14621371030807495
2022-06,inner_validation,FWRY.CA,Fawry For Banking Technology And Electronic Payment,Equity,0.9428571462631226,0.6211280822753906,35.0,32.0,0.8857142857142857,-0.32172906398773193
2022-06,inner_validation,GBCO.CA,GB Corp,Equity,1.0,0.6572477221488953,36.0,35.0,0.9714285714285714,-0.34275227785110474
2022-06,inner_validation,Gold,24K Gold (EGP),Gold,0.06666667014360428,0.42098939418792725,3.0,5.0,0.11428571428571428,0.35432272404432297
2022-06,inner_validation,HELI.CA,Heliopolis Housing,Equity,0.5523809790611267,0.6625176072120667,20.0,36.0,1.0,0.11013662815093994
2022-06,inner_validation,HRHO.CA,EFG Holding,Equity,0.6095238327980042,0.5344547629356384,23.0,19.0,0.5142857142857142,-0.07506906986236572
2022-06,inner_validation,ISPH.CA,Ibnsina Pharma,Equity,0.7714285850524902,0.5828149318695068,31.0,24.0,0.6571428571428571,-0.1886136531829834
2022-06,inner_validation,JUFO.CA,Juhayna Food Industries,Equity,0.7047619223594666,0.5119786262512207,26.5,13.0,0.34285714285714286,-0.19278329610824585
2022-06,inner_validation,MCQE.CA,Misr Cement (Qena),Equity,0.32380953431129456,0.5482090711593628,10.0,22.0,0.6,0.22439953684806824
2022-06,inner_validation,MoneyMarket,91-Day T-Bills,MoneyMarket,0.0,0.334177702665329,1.0,1.0,0.0,0.334177702665329
2022-06,inner_validation,OIH.CA,Orascom Investment Holding,Equity,0.723809540271759,0.5469731092453003,29.5,21.0,0.5714285714285714,-0.17683643102645874
2022-06,inner_validation,ORAS.CA,Orascom Construction PLC,Equity,0.8380952477455139,0.5235015153884888,33.0,16.0,0.42857142857142855,-0.31459373235702515
2022-06,inner_validation,ORHD.CA,Orascom Development Egypt,Equity,0.8476190567016602,0.6116204261779785,34.0,30.0,0.8285714285714286,-0.23599863052368164
2022-06,inner_validation,ORWE.CA,Oriental Weavers,Equity,0.20952381193637848,0.45815885066986084,7.0,7.0,0.17142857142857143,0.24863503873348236
2022-06,inner_validation,PHDC.CA,Palm Hills Development Company,Equity,0.46666666865348816,0.6138845682144165,17.0,31.0,0.8571428571428571,0.14721789956092834
2022-06,inner_validation,RAYA.CA,Raya Holding For Financial Investments,Equity,0.20000000298023224,0.6063409447669983,6.0,29.0,0.8,0.40634094178676605
2022-06,inner_validation,REIT,REIT Index,REIT,0.4571428596973419,0.49821504950523376,16.0,12.0,0.3142857142857143,0.041072189807891846
2022-06,inner_validation,RMDA.CA,Tenth Of Ramadan Pharmaceutical Industries&Diagnostic-Rameda,Equity,0.3333333432674408,0.6009851694107056,11.0,27.0,0.7428571428571429,0.26765182614326477
2022-06,inner_validation,TMGH.CA,T M G Holding,Equity,0.7904762029647827,0.5874225497245789,32.0,25.0,0.6857142857142857,-0.20305365324020386
2022-06,inner_validation,VLMR.CA,Valmore Holding,Equity,0.11428571492433548,0.38467004895210266,4.0,3.0,0.05714285714285714,0.2703843340277672
2022-06,inner_validation,VLMRA.CA,Valmore Holding-EGP,Equity,0.4952380955219269,0.5198699235916138,18.0,14.0,0.37142857142857144,0.02463182806968689
2022-07,inner_validation,ABUK.CA,Abou Kir Fertilizers,Equity,0.4761904776096344,0.4884594976902008,20.0,11.0,0.2857142857142857,0.012269020080566406
2022-07,inner_validation,ADIB.CA,Abu Dhabi Islamic Bank- Egypt,Equity,0.6476190686225891,0.5143038034439087,25.5,16.0,0.42857142857142855,-0.13331526517868042
2022-07,inner_validation,AMOC.CA,Alexandria Mineral Oils Company,Equity,0.2857142984867096,0.5605897903442383,10.5,22.0,0.6,0.2748754918575287
2022-07,inner_validation,ARCC.CA,Arabian Cement Company,Equity,0.2857142984867096,0.5366241931915283,10.5,20.0,0.5428571428571428,0.2509098947048187
2022-07,inner_validation,BTFH.CA,Beltone Holding,Equity,0.6476190686225891,0.656406044960022,25.5,34.0,0.9428571428571428,0.008786976337432861
2022-07,inner_validation,Bonds,5-Year Government Bonds,Bonds,0.22857142984867096,0.3359658122062683,5.0,2.0,0.02857142857142857,0.10739438235759735
2022-07,inner_validation,CCAP.CA,QALA For Financial Investments,Equity,0.9333333373069763,0.5725694298744202,34.0,26.0,0.7142857142857143,-0.36076390743255615
2022-07,inner_validation,COMI.CA,Commercial International Bank-Egypt (CIB),Equity,0.6190476417541504,0.4807131588459015,23.0,10.0,0.2571428571428571,-0.1383344829082489
2022-07,inner_validation,EAST.CA,Eastern Company,Equity,0.27619048953056335,0.44304847717285156,8.5,7.0,0.17142857142857143,0.1668579876422882
2022-07,inner_validation,EFID.CA,Edita Food Industries S.A.E,Equity,0.11428571492433548,0.42855778336524963,2.0,6.0,0.14285714285714285,0.31427206844091415
2022-07,inner_validation,EFIH.CA,E-finance For Digital and Financial Investments,Equity,0.8761904835700989,0.5237226486206055,31.5,18.0,0.4857142857142857,-0.3524678349494934
2022-07,inner_validation,EGAL.CA,Egypt Aluminum,Equity,0.9142857193946838,0.6172211170196533,33.0,29.0,0.8,-0.2970646023750305
2022-07,inner_validation,EGCH.CA,Egyptian Chemical Industries (Kima),Equity,0.800000011920929,0.6261825561523438,30.0,31.0,0.8571428571428571,-0.1738174557685852
2022-07,inner_validation,EGX30,EGX30 Index,EquityIndex,0.4476190507411957,0.3955935537815094,18.0,5.0,0.11428571428571428,-0.05202549695968628
2022-07,inner_validation,EMFD.CA,Emaar Misr for Development,Equity,0.4095238149166107,0.5302781462669373,17.0,19.0,0.5142857142857142,0.12075433135032654
2022-07,inner_validation,ETEL.CA,Telecom Egypt,Equity,0.2571428716182709,0.445625901222229,6.0,8.0,0.2,0.18848302960395813
2022-07,inner_validation,FWRY.CA,Fawry For Banking Technology And Electronic Payment,Equity,0.9523809552192688,0.6174947619438171,35.0,30.0,0.8285714285714286,-0.33488619327545166
2022-07,inner_validation,GBCO.CA,GB Corp,Equity,0.8761904835700989,0.6584304571151733,31.5,35.0,0.9714285714285714,-0.21776002645492554
2022-07,inner_validation,Gold,24K Gold (EGP),Gold,0.3523809611797333,0.3787972033023834,15.0,4.0,0.08571428571428572,0.026416242122650146
2022-07,inner_validation,HELI.CA,Heliopolis Housing,Equity,0.4571428596973419,0.6764258742332458,19.0,36.0,1.0,0.21928301453590393
2022-07,inner_validation,HRHO.CA,EFG Holding,Equity,0.5714285969734192,0.5893784165382385,22.0,28.0,0.7714285714285715,0.017949819564819336
2022-07,inner_validation,ISPH.CA,Ibnsina Pharma,Equity,1.0,0.5702843070030212,36.0,25.0,0.6857142857142857,-0.42971569299697876
2022-07,inner_validation,JUFO.CA,Juhayna Food Industries,Equity,0.18095238506793976,0.506083071231842,4.0,13.0,0.34285714285714286,0.3251306861639023
2022-07,inner_validation,MCQE.CA,Misr Cement (Qena),Equity,0.32380953431129456,0.5116176009178162,12.0,15.0,0.4,0.1878080666065216
2022-07,inner_validation,MoneyMarket,91-Day T-Bills,MoneyMarket,0.01904761977493763,0.33149099349975586,1.0,1.0,0.0,0.31244337372481823
2022-07,inner_validation,OIH.CA,Orascom Investment Holding,Equity,0.7523809671401978,0.5702323317527771,29.0,24.0,0.6571428571428571,-0.18214863538742065
2022-07,inner_validation,ORAS.CA,Orascom Construction PLC,Equity,0.34285715222358704,0.5165355801582336,13.5,17.0,0.45714285714285713,0.1736784279346466
2022-07,inner_validation,ORHD.CA,Orascom Development Egypt,Equity,0.6285714507102966,0.6289089918136597,24.0,32.0,0.8857142857142857,0.0003375411033630371
2022-07,inner_validation,ORWE.CA,Oriental Weavers,Equity,0.34285715222358704,0.4804404675960541,13.5,9.0,0.22857142857142856,0.13758331537246704
2022-07,inner_validation,PHDC.CA,Palm Hills Development Company,Equity,0.5047619342803955,0.5887734889984131,21.0,27.0,0.7428571428571429,0.08401155471801758
2022-07,inner_validation,RAYA.CA,Raya Holding For Financial Investments,Equity,0.6952381134033203,0.6318510174751282,27.0,33.0,0.9142857142857143,-0.06338709592819214
2022-07,inner_validation,REIT,REIT Index,REIT,0.1428571492433548,0.4956965446472168,3.0,12.0,0.3142857142857143,0.352839395403862
2022-07,inner_validation,RMDA.CA,Tenth Of Ramadan Pharmaceutical Industries&Diagnostic-Rameda,Equity,0.7142857313156128,0.5535922646522522,28.0,21.0,0.5714285714285714,-0.1606934666633606
2022-07,inner_validation,TMGH.CA,T M G Holding,Equity,0.27619048953056335,0.561566948890686,8.5,23.0,0.6285714285714286,0.2853764593601227
2022-07,inner_validation,VLMR.CA,Valmore Holding,Equity,0.380952388048172,0.36022138595581055,16.0,3.0,0.05714285714285714,-0.02073100209236145
2022-07,inner_validation,VLMRA.CA,Valmore Holding-EGP,Equity,0.2666666805744171,0.5075567960739136,7.0,14.0,0.37142857142857144,0.24089011549949646
2022-08,inner_validation,ABUK.CA,Abou Kir Fertilizers,Equity,0.13333334028720856,0.49452582001686096,4.0,14.0,0.37142857142857144,0.3611924797296524
2022-08,inner_validation,ADIB.CA,Abu Dhabi Islamic Bank- Egypt,Equity,0.7047619223594666,0.5166206359863281,28.0,17.0,0.45714285714285713,-0.18814128637313843
2022-08,inner_validation,AMOC.CA,Alexandria Mineral Oils Company,Equity,0.3523809611797333,0.5355135202407837,13.0,20.0,0.5428571428571428,0.18313255906105042
2022-08,inner_validation,ARCC.CA,Arabian Cement Company,Equity,0.34285715222358704,0.5936406850814819,12.0,27.0,0.7428571428571429,0.2507835328578949
2022-08,inner_validation,BTFH.CA,Beltone Holding,Equity,0.9809523820877075,0.6009852290153503,36.0,29.0,0.8,-0.3799671530723572
2022-08,inner_validation,Bonds,5-Year Government Bonds,Bonds,0.0476190485060215,0.3329561650753021,2.0,1.0,0.0,0.2853371165692806
2022-08,inner_validation,CCAP.CA,QALA For Financial Investments,Equity,0.800000011920929,0.5881794691085815,31.0,26.0,0.7142857142857143,-0.2118205428123474
2022-08,inner_validation,COMI.CA,Commercial International Bank-Egypt (CIB),Equity,0.4761904776096344,0.49379074573516846,16.0,13.0,0.34285714285714286,0.017600268125534058
2022-08,inner_validation,EAST.CA,Eastern Company,Equity,0.6571428775787354,0.4337652921676636,26.0,7.0,0.17142857142857143,-0.22337758541107178
2022-08,inner_validation,EFID.CA,Edita Food Industries S.A.E,Equity,0.7142857313156128,0.4874865412712097,29.5,11.0,0.2857142857142857,-0.22679919004440308
2022-08,inner_validation,EFIH.CA,E-finance For Digital and Financial Investments,Equity,0.9523809552192688,0.5851196050643921,34.0,24.0,0.6571428571428571,-0.3672613501548767
2022-08,inner_validation,EGAL.CA,Egypt Aluminum,Equity,0.2666666805744171,0.6200584769248962,10.0,32.0,0.8857142857142857,0.3533917963504791
2022-08,inner_validation,EGCH.CA,Egyptian Chemical Industries (Kima),Equity,0.2571428716182709,0.6233353018760681,8.5,34.0,0.9428571428571428,0.36619243025779724
2022-08,inner_validation,EGX30,EGX30 Index,EquityIndex,0.15238095819950104,0.39777490496635437,5.0,5.0,0.11428571428571428,0.24539394676685333
2022-08,inner_validation,EMFD.CA,Emaar Misr for Development,Equity,0.523809552192688,0.4824382960796356,18.0,9.0,0.22857142857142856,-0.04137125611305237
2022-08,inner_validation,ETEL.CA,Telecom Egypt,Equity,0.16190476715564728,0.42792147397994995,6.5,6.0,0.14285714285714285,0.2660167068243027
2022-08,inner_validation,FWRY.CA,Fawry For Banking Technology And Electronic Payment,Equity,0.9047619104385376,0.61878502368927,33.0,31.0,0.8571428571428571,-0.2859768867492676
2022-08,inner_validation,GBCO.CA,GB Corp,Equity,0.6380952596664429,0.6531361937522888,24.5,36.0,1.0,0.015040934085845947
2022-08,inner_validation,Gold,24K Gold (EGP),Gold,0.16190476715564728,0.36502301692962646,6.5,4.0,0.08571428571428572,0.2031182497739792
2022-08,inner_validation,HELI.CA,Heliopolis Housing,Equity,0.7142857313156128,0.6530223488807678,29.5,35.0,0.9714285714285714,-0.06126338243484497
2022-08,inner_validation,HRHO.CA,EFG Holding,Equity,0.3047619163990021,0.585032045841217,11.0,23.0,0.6285714285714286,0.28027012944221497
2022-08,inner_validation,ISPH.CA,Ibnsina Pharma,Equity,0.8857142925262451,0.6210786700248718,32.0,33.0,0.9142857142857143,-0.2646356225013733
2022-08,inner_validation,JUFO.CA,Juhayna Food Industries,Equity,0.6000000238418579,0.4893128275871277,23.0,12.0,0.3142857142857143,-0.11068719625473022
2022-08,inner_validation,MCQE.CA,Misr Cement (Qena),Equity,0.5523809790611267,0.5067241787910461,19.0,15.0,0.4,-0.045656800270080566
2022-08,inner_validation,MoneyMarket,91-Day T-Bills,MoneyMarket,0.0,0.33729371428489685,1.0,2.0,0.02857142857142857,0.33729371428489685
2022-08,inner_validation,OIH.CA,Orascom Investment Holding,Equity,0.5904762148857117,0.5636693835258484,21.5,21.0,0.5714285714285714,-0.02680683135986328
2022-08,inner_validation,ORAS.CA,Orascom Construction PLC,Equity,0.6952381134033203,0.528186023235321,27.0,18.0,0.4857142857142857,-0.16705209016799927
2022-08,inner_validation,ORHD.CA,Orascom Development Egypt,Equity,0.6380952596664429,0.6171992421150208,24.5,30.0,0.8285714285714286,-0.02089601755142212
2022-08,inner_validation,ORWE.CA,Oriental Weavers,Equity,0.4285714328289032,0.47573351860046387,15.0,8.0,0.2,0.04716208577156067
2022-08,inner_validation,PHDC.CA,Palm Hills Development Company,Equity,0.561904788017273,0.5874350666999817,20.0,25.0,0.6857142857142857,0.02553027868270874
2022-08,inner_validation,RAYA.CA,Raya Holding For Financial Investments,Equity,0.9714285731315613,0.6003819704055786,35.0,28.0,0.7714285714285715,-0.37104660272598267
2022-08,inner_validation,REIT,REIT Index,REIT,0.2571428716182709,0.4863923192024231,8.5,10.0,0.2571428571428571,0.22924944758415222
2022-08,inner_validation,RMDA.CA,Tenth Of Ramadan Pharmaceutical Industries&Diagnostic-Rameda,Equity,0.380952388048172,0.5749005079269409,14.0,22.0,0.6,0.19394811987876892
2022-08,inner_validation,TMGH.CA,T M G Holding,Equity,0.5904762148857117,0.5297509431838989,21.5,19.0,0.5142857142857142,-0.060725271701812744
2022-08,inner_validation,VLMR.CA,Valmore Holding,Equity,0.11428571492433548,0.35614705085754395,3.0,3.0,0.05714285714285714,0.24186133593320847
2022-08,inner_validation,VLMRA.CA,Valmore Holding-EGP,Equity,0.48571428656578064,0.5117198824882507,17.0,16.0,0.42857142857142855,0.026005595922470093
2022-09,inner_validation,ABUK.CA,Abou Kir Fertilizers,Equity,0.46666666865348816,0.4963275194168091,16.0,11.0,0.2857142857142857,0.029660850763320923
2022-09,inner_validation,ADIB.CA,Abu Dhabi Islamic Bank- Egypt,Equity,0.43809524178504944,0.5523869395256042,15.0,19.0,0.5142857142857142,0.11429169774055481
2022-09,inner_validation,AMOC.CA,Alexandria Mineral Oils Company,Equity,0.20952381193637848,0.5017231106758118,8.0,13.0,0.34285714285714286,0.2921992987394333
2022-09,inner_validation,ARCC.CA,Arabian Cement Company,Equity,0.02857142873108387,0.5921118259429932,2.0,26.0,0.7142857142857143,0.5635403972119093
2022-09,inner_validation,BTFH.CA,Beltone Holding,Equity,1.0,0.6451892852783203,36.0,34.0,0.9428571428571428,-0.3548107147216797
2022-09,inner_validation,Bonds,5-Year Government Bonds,Bonds,0.0476190485060215,0.3473135530948639,3.0,2.0,0.02857142857142857,0.2996945045888424
2022-09,inner_validation,CCAP.CA,QALA For Financial Investments,Equity,0.8571428656578064,0.5863580107688904,32.0,25.0,0.6857142857142857,-0.270784854888916
2022-09,inner_validation,COMI.CA,Commercial International Bank-Egypt (CIB),Equity,0.3047619163990021,0.46131423115730286,11.5,7.0,0.17142857142857143,0.15655231475830078
2022-09,inner_validation,EAST.CA,Eastern Company,Equity,0.4761904776096344,0.46279391646385193,17.0,8.0,0.2,-0.01339656114578247
2022-09,inner_validation,EFID.CA,Edita Food Industries S.A.E,Equity,0.07619047909975052,0.4997054934501648,4.0,12.0,0.3142857142857143,0.4235150143504143
2022-09,inner_validation,EFIH.CA,E-finance For Digital and Financial Investments,Equity,0.6857143044471741,0.6261695623397827,25.0,29.0,0.8,-0.05954474210739136
2022-09,inner_validation,EGAL.CA,Egypt Aluminum,Equity,0.7142857313156128,0.5942429900169373,26.0,27.0,0.7428571428571429,-0.12004274129867554
2022-09,inner_validation,EGCH.CA,Egyptian Chemical Industries (Kima),Equity,0.8285714387893677,0.585982084274292,30.0,24.0,0.6571428571428571,-0.24258935451507568
2022-09,inner_validation,EGX30,EGX30 Index,EquityIndex,0.24761904776096344,0.39768046140670776,9.0,5.0,0.11428571428571428,0.15006141364574432
2022-09,inner_validation,EMFD.CA,Emaar Misr for Development,Equity,0.8761904835700989,0.5210421085357666,33.0,14.0,0.37142857142857144,-0.3551483750343323
2022-09,inner_validation,ETEL.CA,Telecom Egypt,Equity,0.5904762148857117,0.43305978178977966,24.0,6.0,0.14285714285714285,-0.157416433095932
2022-09,inner_validation,FWRY.CA,Fawry For Banking Technology And Electronic Payment,Equity,0.9428571462631226,0.6400762796401978,35.0,33.0,0.9142857142857143,-0.3027808666229248
2022-09,inner_validation,GBCO.CA,GB Corp,Equity,0.8476190567016602,0.6684583425521851,31.0,36.0,1.0,-0.1791607141494751
2022-09,inner_validation,Gold,24K Gold (EGP),Gold,0.1428571492433548,0.3667895793914795,5.5,4.0,0.08571428571428572,0.2239324301481247
2022-09,inner_validation,HELI.CA,Heliopolis Housing,Equity,0.800000011920929,0.6339009404182434,29.0,32.0,0.8857142857142857,-0.16609907150268555
2022-09,inner_validation,HRHO.CA,EFG Holding,Equity,0.5714285969734192,0.5826243758201599,22.5,23.0,0.6285714285714286,0.011195778846740723
2022-09,inner_validation,ISPH.CA,Ibnsina Pharma,Equity,0.5047619342803955,0.6324344277381897,18.0,31.0,0.8571428571428571,0.1276724934577942
2022-09,inner_validation,JUFO.CA,Juhayna Food Industries,Equity,0.3142857253551483,0.5329684019088745,13.0,17.0,0.45714285714285713,0.2186826765537262
2022-09,inner_validation,MCQE.CA,Misr Cement (Qena),Equity,0.1428571492433548,0.5226021409034729,5.5,15.0,0.4,0.3797449916601181
2022-09,inner_validation,MoneyMarket,91-Day T-Bills,MoneyMarket,0.01904761977493763,0.34209105372428894,1.0,1.0,0.0,0.3230434339493513
2022-09,inner_validation,OIH.CA,Orascom Investment Holding,Equity,0.4285714328289032,0.576852023601532,14.0,22.0,0.6,0.14828059077262878
2022-09,inner_validation,ORAS.CA,Orascom Construction PLC,Equity,0.3047619163990021,0.5597791075706482,11.5,20.0,0.5428571428571428,0.2550171911716461
2022-09,inner_validation,ORHD.CA,Orascom Development Egypt,Equity,0.7809523940086365,0.6323851346969604,28.0,30.0,0.8285714285714286,-0.14856725931167603
2022-09,inner_validation,ORWE.CA,Oriental Weavers,Equity,0.20000000298023224,0.48059648275375366,7.0,9.0,0.22857142857142856,0.2805964797735214
2022-09,inner_validation,PHDC.CA,Palm Hills Development Company,Equity,0.7523809671401978,0.5943536758422852,27.0,28.0,0.7714285714285715,-0.1580272912979126
2022-09,inner_validation,RAYA.CA,Raya Holding For Financial Investments,Equity,0.8857142925262451,0.6621366143226624,34.0,35.0,0.9714285714285714,-0.22357767820358276
2022-09,inner_validation,REIT,REIT Index,REIT,0.5523809790611267,0.48237571120262146,19.0,10.0,0.2571428571428571,-0.07000526785850525
2022-09,inner_validation,RMDA.CA,Tenth Of Ramadan Pharmaceutical Industries&Diagnostic-Rameda,Equity,0.561904788017273,0.5638087391853333,20.5,21.0,0.5714285714285714,0.0019039511680603027
2022-09,inner_validation,TMGH.CA,T M G Holding,Equity,0.2666666805744171,0.5494124889373779,10.0,18.0,0.4857142857142857,0.2827458083629608
2022-09,inner_validation,VLMR.CA,Valmore Holding,Equity,0.561904788017273,0.35343223810195923,20.5,3.0,0.05714285714285714,-0.20847254991531372
2022-09,inner_validation,VLMRA.CA,Valmore Holding-EGP,Equity,0.5714285969734192,0.527634859085083,22.5,16.0,0.42857142857142855,-0.04379373788833618
2022-10,inner_validation,ABUK.CA,Abou Kir Fertilizers,Equity,0.7714285850524902,0.4705452620983124,29.0,13.0,0.34285714285714286,-0.30088332295417786
2022-10,inner_validation,ADIB.CA,Abu Dhabi Islamic Bank- Egypt,Equity,0.4476190507411957,0.5274236798286438,16.0,19.0,0.5142857142857142,0.07980462908744812
2022-10,inner_validation,AMOC.CA,Alexandria Mineral Oils Company,Equity,0.8952381014823914,0.4519510865211487,32.0,9.0,0.22857142857142856,-0.4432870149612427
2022-10,inner_validation,ARCC.CA,Arabian Cement Company,Equity,0.9238095283508301,0.5551260113716125,34.0,23.0,0.6285714285714286,-0.36868351697921753
2022-10,inner_validation,BTFH.CA,Beltone Holding,Equity,0.9714285731315613,0.6307775378227234,36.0,33.0,0.9142857142857143,-0.3406510353088379
2022-10,inner_validation,Bonds,5-Year Government Bonds,Bonds,0.03809523954987526,0.33897918462753296,2.0,2.0,0.02857142857142857,0.3008839450776577
2022-10,inner_validation,CCAP.CA,QALA For Financial Investments,Equity,0.5904762148857117,0.5977905988693237,23.0,27.0,0.7428571428571429,0.0073143839836120605
2022-10,inner_validation,COMI.CA,Commercial International Bank-Egypt (CIB),Equity,0.27619048953056335,0.4322510063648224,8.0,6.0,0.14285714285714285,0.15606051683425903
2022-10,inner_validation,EAST.CA,Eastern Company,Equity,0.22857142984867096,0.4379402995109558,6.0,8.0,0.2,0.20936886966228485
2022-10,inner_validation,EFID.CA,Edita Food Industries S.A.E,Equity,0.10476190596818924,0.4612640142440796,4.0,11.0,0.2857142857142857,0.35650210827589035
2022-10,inner_validation,EFIH.CA,E-finance For Digital and Financial Investments,Equity,0.561904788017273,0.6239492893218994,21.0,31.0,0.8571428571428571,0.062044501304626465
2022-10,inner_validation,EGAL.CA,Egypt Aluminum,Equity,0.9142857193946838,0.6195412874221802,33.0,29.0,0.8,-0.29474443197250366
2022-10,inner_validation,EGCH.CA,Egyptian Chemical Industries (Kima),Equity,0.4571428596973419,0.5942718386650085,17.0,26.0,0.7142857142857143,0.13712897896766663
2022-10,inner_validation,EGX30,EGX30 Index,EquityIndex,0.17142857611179352,0.37780284881591797,5.0,5.0,0.11428571428571428,0.20637427270412445
2022-10,inner_validation,EMFD.CA,Emaar Misr for Development,Equity,0.380952388048172,0.5195558071136475,14.5,18.0,0.4857142857142857,0.13860341906547546
2022-10,inner_validation,ETEL.CA,Telecom Egypt,Equity,0.5333333611488342,0.45875537395477295,19.5,10.0,0.2571428571428571,-0.07457798719406128
2022-10,inner_validation,FWRY.CA,Fawry For Banking Technology And Electronic Payment,Equity,0.7904762029647827,0.6376693844795227,30.0,34.0,0.9428571428571428,-0.15280681848526
2022-10,inner_validation,GBCO.CA,GB Corp,Equity,0.7428571581840515,0.6468007564544678,28.0,35.0,0.9714285714285714,-0.09605640172958374
2022-10,inner_validation,Gold,24K Gold (EGP),Gold,0.5714285969734192,0.3531937301158905,22.0,3.0,0.05714285714285714,-0.2182348668575287
2022-10,inner_validation,HELI.CA,Heliopolis Housing,Equity,0.6476190686225891,0.6238967776298523,26.5,30.0,0.8285714285714286,-0.023722290992736816
2022-10,inner_validation,HRHO.CA,EFG Holding,Equity,0.4761904776096344,0.5465579032897949,18.0,22.0,0.6,0.07036742568016052
2022-10,inner_validation,ISPH.CA,Ibnsina Pharma,Equity,0.3333333432674408,0.6121305823326111,12.0,28.0,0.7714285714285715,0.2787972390651703
2022-10,inner_validation,JUFO.CA,Juhayna Food Industries,Equity,0.095238097012043,0.48277702927589417,3.0,14.0,0.37142857142857144,0.38753893226385117
2022-10,inner_validation,MCQE.CA,Misr Cement (Qena),Equity,0.380952388048172,0.494874507188797,14.5,16.0,0.42857142857142855,0.113922119140625
2022-10,inner_validation,MoneyMarket,91-Day T-Bills,MoneyMarket,0.0,0.3223026990890503,1.0,1.0,0.0,0.3223026990890503
2022-10,inner_validation,OIH.CA,Orascom Investment Holding,Equity,0.6476190686225891,0.5403449535369873,26.5,21.0,0.5714285714285714,-0.1072741150856018
2022-10,inner_validation,ORAS.CA,Orascom Construction PLC,Equity,0.6000000238418579,0.5276662111282349,24.0,20.0,0.5428571428571428,-0.07233381271362305
2022-10,inner_validation,ORHD.CA,Orascom Development Egypt,Equity,0.8095238208770752,0.6303151249885559,31.0,32.0,0.8857142857142857,-0.1792086958885193
2022-10,inner_validation,ORWE.CA,Oriental Weavers,Equity,0.3523809611797333,0.4339185059070587,13.0,7.0,0.17142857142857143,0.08153754472732544
2022-10,inner_validation,PHDC.CA,Palm Hills Development Company,Equity,0.2857142984867096,0.5787858366966248,9.0,25.0,0.6857142857142857,0.29307153820991516
2022-10,inner_validation,RAYA.CA,Raya Holding For Financial Investments,Equity,0.9523809552192688,0.6486681699752808,35.0,36.0,1.0,-0.30371278524398804
2022-10,inner_validation,REIT,REIT Index,REIT,0.32380953431129456,0.4641394317150116,10.5,12.0,0.3142857142857143,0.14032989740371704
2022-10,inner_validation,RMDA.CA,Tenth Of Ramadan Pharmaceutical Industries&Diagnostic-Rameda,Equity,0.6095238327980042,0.569773256778717,25.0,24.0,0.6571428571428571,-0.03975057601928711
2022-10,inner_validation,TMGH.CA,T M G Holding,Equity,0.32380953431129456,0.497543066740036,10.5,17.0,0.45714285714285713,0.17373353242874146
2022-10,inner_validation,VLMR.CA,Valmore Holding,Equity,0.2571428716182709,0.372715562582016,7.0,4.0,0.08571428571428572,0.11557269096374512
2022-10,inner_validation,VLMRA.CA,Valmore Holding-EGP,Equity,0.5333333611488342,0.4942109286785126,19.5,15.0,0.4,-0.039122432470321655
2022-11,inner_validation,ABUK.CA,Abou Kir Fertilizers,Equity,0.27619048953056335,0.4667145609855652,10.0,11.0,0.2857142857142857,0.19052407145500183
2022-11,inner_validation,ADIB.CA,Abu Dhabi Islamic Bank- Egypt,Equity,0.761904776096344,0.5532533526420593,30.0,24.0,0.6571428571428571,-0.20865142345428467
2022-11,inner_validation,AMOC.CA,Alexandria Mineral Oils Company,Equity,0.5142857432365417,0.4805470407009125,18.0,13.0,0.34285714285714286,-0.03373870253562927
2022-11,inner_validation,ARCC.CA,Arabian Cement Company,Equity,0.11428571492433548,0.549545407295227,4.0,23.0,0.6285714285714286,0.43525969237089157
2022-11,inner_validation,BTFH.CA,Beltone Holding,Equity,1.0,0.6393698453903198,36.0,35.0,0.9714285714285714,-0.3606301546096802
2022-11,inner_validation,Bonds,5-Year Government Bonds,Bonds,0.03809523954987526,0.3592930734157562,2.0,2.0,0.02857142857142857,0.32119783386588097
2022-11,inner_validation,CCAP.CA,QALA For Financial Investments,Equity,0.22857142984867096,0.5556333065032959,6.0,25.0,0.6857142857142857,0.32706187665462494
2022-11,inner_validation,COMI.CA,Commercial International Bank-Egypt (CIB),Equity,0.723809540271759,0.44796499609947205,27.5,10.0,0.2571428571428571,-0.275844544172287
2022-11,inner_validation,EAST.CA,Eastern Company,Equity,0.9523809552192688,0.447613924741745,34.5,9.0,0.22857142857142856,-0.5047670304775238
2022-11,inner_validation,EFID.CA,Edita Food Industries S.A.E,Equity,0.5333333611488342,0.49125295877456665,19.0,15.0,0.4,-0.04208040237426758
2022-11,inner_validation,EFIH.CA,E-finance For Digital and Financial Investments,Equity,0.6761904954910278,0.6225358843803406,26.0,31.0,0.8571428571428571,-0.053654611110687256
2022-11,inner_validation,EGAL.CA,Egypt Aluminum,Equity,0.9523809552192688,0.6177715063095093,34.5,30.0,0.8285714285714286,-0.3346094489097595
2022-11,inner_validation,EGCH.CA,Egyptian Chemical Industries (Kima),Equity,0.8857142925262451,0.5835084915161133,33.0,28.0,0.7714285714285715,-0.30220580101013184
2022-11,inner_validation,EGX30,EGX30 Index,EquityIndex,0.12380952388048172,0.3977367877960205,5.0,4.0,0.08571428571428572,0.2739272639155388
2022-11,inner_validation,EMFD.CA,Emaar Misr for Development,Equity,0.380952388048172,0.5196518898010254,14.5,19.0,0.5142857142857142,0.1386995017528534
2022-11,inner_validation,ETEL.CA,Telecom Egypt,Equity,0.380952388048172,0.4414461553096771,14.5,8.0,0.2,0.06049376726150513
2022-11,inner_validation,FWRY.CA,Fawry For Banking Technology And Electronic Payment,Equity,0.8476190567016602,0.6272055506706238,32.0,32.0,0.8857142857142857,-0.22041350603103638
2022-11,inner_validation,GBCO.CA,GB Corp,Equity,0.7809523940086365,0.6336296796798706,31.0,34.0,0.9428571428571428,-0.14732271432876587
2022-11,inner_validation,Gold,24K Gold (EGP),Gold,0.07619047909975052,0.3981477618217468,3.0,5.0,0.11428571428571428,0.3219572827219963
2022-11,inner_validation,HELI.CA,Heliopolis Housing,Equity,0.5428571701049805,0.603900671005249,20.0,29.0,0.8,0.061043500900268555
2022-11,inner_validation,HRHO.CA,EFG Holding,Equity,0.2666666805744171,0.5349116921424866,9.0,21.0,0.5714285714285714,0.26824501156806946
2022-11,inner_validation,ISPH.CA,Ibnsina Pharma,Equity,0.6000000238418579,0.5559046864509583,22.0,26.0,0.7142857142857143,-0.04409533739089966
2022-11,inner_validation,JUFO.CA,Juhayna Food Industries,Equity,0.6285714507102966,0.4710281491279602,24.0,12.0,0.3142857142857143,-0.15754330158233643
2022-11,inner_validation,MCQE.CA,Misr Cement (Qena),Equity,0.2380952388048172,0.5166395306587219,7.0,17.0,0.45714285714285713,0.2785442918539047
2022-11,inner_validation,MoneyMarket,91-Day T-Bills,MoneyMarket,0.0,0.3301973044872284,1.0,1.0,0.0,0.3301973044872284
2022-11,inner_validation,OIH.CA,Orascom Investment Holding,Equity,0.37142857909202576,0.5666343569755554,13.0,27.0,0.7428571428571429,0.19520577788352966
2022-11,inner_validation,ORAS.CA,Orascom Construction PLC,Equity,0.2857142984867096,0.5181853175163269,11.0,18.0,0.4857142857142857,0.2324710190296173
2022-11,inner_validation,ORHD.CA,Orascom Development Egypt,Equity,0.5714285969734192,0.6318403482437134,21.0,33.0,0.9142857142857143,0.06041175127029419
2022-11,inner_validation,ORWE.CA,Oriental Weavers,Equity,0.6666666865348816,0.42393454909324646,25.0,6.0,0.14285714285714285,-0.24273213744163513
2022-11,inner_validation,PHDC.CA,Palm Hills Development Company,Equity,0.46666666865348816,0.5345236659049988,17.0,20.0,0.5428571428571428,0.06785699725151062
2022-11,inner_validation,RAYA.CA,Raya Holding For Financial Investments,Equity,0.723809540271759,0.644270122051239,27.5,36.0,1.0,-0.07953941822052002
2022-11,inner_validation,REIT,REIT Index,REIT,0.2571428716182709,0.43487319350242615,8.0,7.0,0.17142857142857143,0.17773032188415527
2022-11,inner_validation,RMDA.CA,Tenth Of Ramadan Pharmaceutical Industries&Diagnostic-Rameda,Equity,0.7333333492279053,0.5461388826370239,29.0,22.0,0.6,-0.18719446659088135
2022-11,inner_validation,TMGH.CA,T M G Holding,Equity,0.4571428596973419,0.4854070246219635,16.0,14.0,0.37142857142857144,0.028264164924621582
2022-11,inner_validation,VLMR.CA,Valmore Holding,Equity,0.32380953431129456,0.380618155002594,12.0,3.0,0.05714285714285714,0.05680862069129944
2022-11,inner_validation,VLMRA.CA,Valmore Holding-EGP,Equity,0.6190476417541504,0.50806725025177,23.0,16.0,0.42857142857142855,-0.11098039150238037
2022-12,inner_validation,ABUK.CA,Abou Kir Fertilizers,Equity,0.32380953431129456,0.4811345636844635,11.5,11.0,0.2857142857142857,0.15732502937316895
2022-12,inner_validation,ADIB.CA,Abu Dhabi Islamic Bank- Egypt,Equity,0.5714285969734192,0.5449773073196411,20.5,24.0,0.6571428571428571,-0.026451289653778076
2022-12,inner_validation,AMOC.CA,Alexandria Mineral Oils Company,Equity,0.5904762148857117,0.46660053730010986,23.0,9.0,0.22857142857142856,-0.1238756775856018
2022-12,inner_validation,ARCC.CA,Arabian Cement Company,Equity,0.08571428805589676,0.49902188777923584,4.0,13.0,0.34285714285714286,0.4133075997233391
2022-12,inner_validation,BTFH.CA,Beltone Holding,Equity,0.961904764175415,0.649766743183136,36.0,36.0,1.0,-0.31213802099227905
2022-12,inner_validation,Bonds,5-Year Government Bonds,Bonds,0.02857142873108387,0.35387563705444336,2.0,2.0,0.02857142857142857,0.3253042083233595
2022-12,inner_validation,CCAP.CA,QALA For Financial Investments,Equity,0.9333333373069763,0.5557607412338257,35.0,25.0,0.6857142857142857,-0.37757259607315063
2022-12,inner_validation,COMI.CA,Commercial International Bank-Egypt (CIB),Equity,0.6571428775787354,0.4790624678134918,25.0,10.0,0.2571428571428571,-0.17808040976524353
2022-12,inner_validation,EAST.CA,Eastern Company,Equity,0.5047619342803955,0.5351561307907104,18.0,19.0,0.5142857142857142,0.03039419651031494
2022-12,inner_validation,EFID.CA,Edita Food Industries S.A.E,Equity,0.3047619163990021,0.5000407695770264,9.5,14.0,0.37142857142857144,0.1952788531780243
2022-12,inner_validation,EFIH.CA,E-finance For Digital and Financial Investments,Equity,0.5714285969734192,0.6162537932395935,20.5,29.0,0.8,0.044825196266174316
2022-12,inner_validation,EGAL.CA,Egypt Aluminum,Equity,0.561904788017273,0.6332283616065979,19.0,33.0,0.9142857142857143,0.07132357358932495
2022-12,inner_validation,EGCH.CA,Egyptian Chemical Industries (Kima),Equity,0.6000000238418579,0.6305174231529236,24.0,31.0,0.8571428571428571,0.030517399311065674
2022-12,inner_validation,EGX30,EGX30 Index,EquityIndex,0.20000000298023224,0.41292622685432434,6.0,4.0,0.08571428571428572,0.2129262238740921
2022-12,inner_validation,EMFD.CA,Emaar Misr for Development,Equity,0.7142857313156128,0.541021466255188,29.0,22.0,0.6,-0.1732642650604248
2022-12,inner_validation,ETEL.CA,Telecom Egypt,Equity,0.6761904954910278,0.5291789770126343,27.0,17.0,0.45714285714285713,-0.14701151847839355
2022-12,inner_validation,FWRY.CA,Fawry For Banking Technology And Electronic Payment,Equity,0.5809524059295654,0.6330284476280212,22.0,32.0,0.8857142857142857,0.05207604169845581
2022-12,inner_validation,GBCO.CA,GB Corp,Equity,0.6857143044471741,0.640239953994751,28.0,34.0,0.9428571428571428,-0.045474350452423096
2022-12,inner_validation,Gold,24K Gold (EGP),Gold,0.07619047909975052,0.4057236611843109,3.0,3.0,0.05714285714285714,0.3295331820845604
2022-12,inner_validation,HELI.CA,Heliopolis Housing,Equity,0.6666666865348816,0.5994007587432861,26.0,28.0,0.7714285714285715,-0.06726592779159546
2022-12,inner_validation,HRHO.CA,EFG Holding,Equity,0.24761904776096344,0.5341534614562988,7.0,18.0,0.4857142857142857,0.2865344136953354
2022-12,inner_validation,ISPH.CA,Ibnsina Pharma,Equity,0.8476190567016602,0.5421910285949707,31.0,23.0,0.6285714285714286,-0.30542802810668945
2022-12,inner_validation,JUFO.CA,Juhayna Food Industries,Equity,0.29523810744285583,0.4414038360118866,8.0,7.0,0.17142857142857143,0.14616572856903076
2022-12,inner_validation,MCQE.CA,Misr Cement (Qena),Equity,0.3523809611797333,0.5024691820144653,13.0,15.0,0.4,0.15008822083473206
2022-12,inner_validation,MoneyMarket,91-Day T-Bills,MoneyMarket,0.0,0.3371289372444153,1.0,1.0,0.0,0.3371289372444153
2022-12,inner_validation,OIH.CA,Orascom Investment Holding,Equity,0.32380953431129456,0.537273645401001,11.5,20.0,0.5428571428571428,0.21346411108970642
2022-12,inner_validation,ORAS.CA,Orascom Construction PLC,Equity,0.4000000059604645,0.5061230659484863,15.0,16.0,0.42857142857142855,0.10612305998802185
2022-12,inner_validation,ORHD.CA,Orascom Development Egypt,Equity,0.380952388048172,0.6218529343605042,14.0,30.0,0.8285714285714286,0.24090054631233215
2022-12,inner_validation,ORWE.CA,Oriental Weavers,Equity,0.8761904835700989,0.4601600766181946,33.0,8.0,0.2,-0.4160304069519043
2022-12,inner_validation,PHDC.CA,Palm Hills Development Company,Equity,0.8190476298332214,0.5647048354148865,30.0,26.0,0.7142857142857143,-0.25434279441833496
2022-12,inner_validation,RAYA.CA,Raya Holding For Financial Investments,Equity,0.9047619104385376,0.6412442922592163,34.0,35.0,0.9714285714285714,-0.2635176181793213
2022-12,inner_validation,REIT,REIT Index,REIT,0.3047619163990021,0.44021710753440857,9.5,6.0,0.14285714285714285,0.1354551911354065
2022-12,inner_validation,RMDA.CA,Tenth Of Ramadan Pharmaceutical Industries&Diagnostic-Rameda,Equity,0.43809524178504944,0.5787995457649231,16.0,27.0,0.7428571428571429,0.14070430397987366
2022-12,inner_validation,TMGH.CA,T M G Holding,Equity,0.48571428656578064,0.4883573651313782,17.0,12.0,0.3142857142857143,0.002643078565597534
2022-12,inner_validation,VLMR.CA,Valmore Holding,Equity,0.16190476715564728,0.42484819889068604,5.0,5.0,0.11428571428571428,0.26294343173503876
2022-12,inner_validation,VLMRA.CA,Valmore Holding-EGP,Equity,0.8666666746139526,0.5374483466148376,32.0,21.0,0.5714285714285714,-0.329218327999115
2023-01,validation,ABUK.CA,Abou Kir Fertilizers,Equity,0.29523810744285583,0.4928608536720276,9.0,11.0,0.2857142857142857,0.19762274622917175
2023-01,validation,ADIB.CA,Abu Dhabi Islamic Bank- Egypt,Equity,0.7714285850524902,0.581993818283081,31.0,25.0,0.6857142857142857,-0.18943476676940918
2023-01,validation,AMOC.CA,Alexandria Mineral Oils Company,Equity,0.523809552192688,0.5800898671150208,18.0,24.0,0.6571428571428571,0.056280314922332764
2023-01,validation,ARCC.CA,Arabian Cement Company,Equity,0.9142857193946838,0.5012029409408569,35.0,13.0,0.34285714285714286,-0.4130827784538269
2023-01,validation,BTFH.CA,Beltone Holding,Equity,0.5333333611488342,0.6435684561729431,19.0,35.0,0.9714285714285714,0.11023509502410889
2023-01,validation,Bonds,5-Year Government Bonds,Bonds,0.11428571492433548,0.3499907851219177,3.5,2.0,0.02857142857142857,0.23570507019758224
2023-01,validation,CCAP.CA,QALA For Financial Investments,Equity,0.7142857313156128,0.6075884699821472,28.0,30.0,0.8285714285714286,-0.10669726133346558
2023-01,validation,COMI.CA,Commercial International Bank-Egypt (CIB),Equity,0.7428571581840515,0.5120123624801636,29.5,14.0,0.37142857142857144,-0.23084479570388794
2023-01,validation,EAST.CA,Eastern Company,Equity,0.5809524059295654,0.4978891611099243,21.0,12.0,0.3142857142857143,-0.08306324481964111
2023-01,validation,EFID.CA,Edita Food Industries S.A.E,Equity,0.12380952388048172,0.4868527352809906,5.0,9.0,0.22857142857142856,0.3630432114005089
2023-01,validation,EFIH.CA,E-finance For Digital and Financial Investments,Equity,0.6476190686225891,0.5991195440292358,24.0,29.0,0.8,-0.04849952459335327
2023-01,validation,EGAL.CA,Egypt Aluminum,Equity,0.4761904776096344,0.5927906036376953,17.0,27.0,0.7428571428571429,0.11660012602806091
2023-01,validation,EGCH.CA,Egyptian Chemical Industries (Kima),Equity,0.6000000238418579,0.6190850138664246,22.0,32.0,0.8857142857142857,0.01908499002456665
2023-01,validation,EGX30,EGX30 Index,EquityIndex,0.16190476715564728,0.4217057228088379,6.0,5.0,0.11428571428571428,0.2598009556531906
2023-01,validation,EMFD.CA,Emaar Misr for Development,Equity,0.5714285969734192,0.5366377234458923,20.0,20.0,0.5428571428571428,-0.034790873527526855
2023-01,validation,ETEL.CA,Telecom Egypt,Equity,0.6952381134033203,0.543086588382721,26.0,21.0,0.5714285714285714,-0.15215152502059937
2023-01,validation,FWRY.CA,Fawry For Banking Technology And Electronic Payment,Equity,0.4476190507411957,0.6120368838310242,16.0,31.0,0.8571428571428571,0.1644178330898285
2023-01,validation,GBCO.CA,GB Corp,Equity,0.7047619223594666,0.6284272074699402,27.0,33.0,0.9142857142857143,-0.07633471488952637
2023-01,validation,Gold,24K Gold (EGP),Gold,0.11428571492433548,0.4163458049297333,3.5,4.0,0.08571428571428572,0.3020600900053978
2023-01,validation,HELI.CA,Heliopolis Housing,Equity,0.8095238208770752,0.6370035409927368,32.0,34.0,0.9428571428571428,-0.17252027988433838
2023-01,validation,HRHO.CA,EFG Holding,Equity,0.6285714507102966,0.5167368054389954,23.0,15.0,0.4,-0.11183464527130127
2023-01,validation,ISPH.CA,Ibnsina Pharma,Equity,0.6666666865348816,0.5365836024284363,25.0,19.0,0.5142857142857142,-0.1300830841064453
2023-01,validation,JUFO.CA,Juhayna Food Industries,Equity,0.9238095283508301,0.42970165610313416,36.0,7.0,0.17142857142857143,-0.4941078722476959
2023-01,validation,MCQE.CA,Misr Cement (Qena),Equity,0.380952388048172,0.5303125977516174,14.0,17.0,0.45714285714285713,0.14936020970344543
2023-01,validation,MoneyMarket,91-Day T-Bills,MoneyMarket,0.009523809887468815,0.3398999869823456,1.0,1.0,0.0,0.33037617709487677
2023-01,validation,OIH.CA,Orascom Investment Holding,Equity,0.3619047701358795,0.5678475499153137,13.0,22.0,0.6,0.2059427797794342
2023-01,validation,ORAS.CA,Orascom Construction PLC,Equity,0.2571428716182709,0.48994332551956177,8.0,10.0,0.2571428571428571,0.2328004539012909
2023-01,validation,ORHD.CA,Orascom Development Egypt,Equity,0.8952381014823914,0.5981465578079224,33.0,28.0,0.7714285714285715,-0.297091543674469
2023-01,validation,ORWE.CA,Oriental Weavers,Equity,0.43809524178504944,0.5175830125808716,15.0,16.0,0.42857142857142855,0.07948777079582214
2023-01,validation,PHDC.CA,Palm Hills Development Company,Equity,0.7428571581840515,0.583151638507843,29.5,26.0,0.7142857142857143,-0.1597055196762085
2023-01,validation,RAYA.CA,Raya Holding For Financial Investments,Equity,0.9047619104385376,0.6478690505027771,34.0,36.0,1.0,-0.2568928599357605
2023-01,validation,REIT,REIT Index,REIT,0.32380953431129456,0.42897412180900574,11.0,6.0,0.14285714285714285,0.10516458749771118
2023-01,validation,RMDA.CA,Tenth Of Ramadan Pharmaceutical Industries&Diagnostic-Rameda,Equity,0.3142857253551483,0.5315706729888916,10.0,18.0,0.4857142857142857,0.2172849476337433
2023-01,validation,TMGH.CA,T M G Holding,Equity,0.3333333432674408,0.48149076104164124,12.0,8.0,0.2,0.14815741777420044
2023-01,validation,VLMR.CA,Valmore Holding,Equity,0.05714285746216774,0.4013509750366211,2.0,3.0,0.05714285714285714,0.34420811757445335
2023-01,validation,VLMRA.CA,Valmore Holding-EGP,Equity,0.21904762089252472,0.5705751776695251,7.0,23.0,0.6285714285714286,0.3515275567770004
2023-02,validation,ABUK.CA,Abou Kir Fertilizers,Equity,0.2380952388048172,0.49464574456214905,8.0,12.0,0.3142857142857143,0.25655050575733185
2023-02,validation,ADIB.CA,Abu Dhabi Islamic Bank- Egypt,Equity,0.8095238208770752,0.5999494194984436,32.0,29.0,0.8,-0.2095744013786316
2023-02,validation,AMOC.CA,Alexandria Mineral Oils Company,Equity,0.29523810744285583,0.56851726770401,10.0,23.0,0.6285714285714286,0.2732791602611542
2023-02,validation,ARCC.CA,Arabian Cement Company,Equity,0.3619047701358795,0.5218952298164368,12.0,20.0,0.5428571428571428,0.15999045968055725
2023-02,validation,BTFH.CA,Beltone Holding,Equity,0.9809523820877075,0.6262531280517578,36.0,34.0,0.9428571428571428,-0.3546992540359497
2023-02,validation,Bonds,5-Year Government Bonds,Bonds,0.02857142873108387,0.3398447632789612,2.0,2.0,0.02857142857142857,0.3112733345478773
2023-02,validation,CCAP.CA,QALA For Financial Investments,Equity,0.7523809671401978,0.5854327082633972,28.0,26.0,0.7142857142857143,-0.16694825887680054
2023-02,validation,COMI.CA,Commercial International Bank-Egypt (CIB),Equity,0.6666666865348816,0.5247367024421692,24.0,21.0,0.5714285714285714,-0.1419299840927124
2023-02,validation,EAST.CA,Eastern Company,Equity,0.12380952388048172,0.5713984966278076,4.0,24.0,0.6571428571428571,0.4475889727473259
2023-02,validation,EFID.CA,Edita Food Industries S.A.E,Equity,0.523809552192688,0.4624238908290863,19.0,8.0,0.2,-0.061385661363601685
2023-02,validation,EFIH.CA,E-finance For Digital and Financial Investments,Equity,0.380952388048172,0.5837783813476562,13.5,25.0,0.6857142857142857,0.20282599329948425
2023-02,validation,EGAL.CA,Egypt Aluminum,Equity,0.4761904776096344,0.6149160265922546,18.0,31.0,0.8571428571428571,0.13872554898262024
2023-02,validation,EGCH.CA,Egyptian Chemical Industries (Kima),Equity,0.7333333492279053,0.6205675005912781,27.0,32.0,0.8857142857142857,-0.1127658486366272
2023-02,validation,EGX30,EGX30 Index,EquityIndex,0.20952381193637848,0.4217923879623413,6.5,6.0,0.14285714285714285,0.21226857602596283
2023-02,validation,EMFD.CA,Emaar Misr for Development,Equity,0.3047619163990021,0.5197844505310059,11.0,19.0,0.5142857142857142,0.21502253413200378
2023-02,validation,ETEL.CA,Telecom Egypt,Equity,0.723809540271759,0.540647566318512,26.0,22.0,0.6,-0.18316197395324707
2023-02,validation,FWRY.CA,Fawry For Banking Technology And Electronic Payment,Equity,0.6761904954910278,0.5942841172218323,25.0,27.0,0.7428571428571429,-0.08190637826919556
2023-02,validation,GBCO.CA,GB Corp,Equity,0.8190476298332214,0.6256489157676697,33.0,33.0,0.9142857142857143,-0.19339871406555176
2023-02,validation,Gold,24K Gold (EGP),Gold,0.17142857611179352,0.41010725498199463,5.0,5.0,0.11428571428571428,0.2386786788702011
2023-02,validation,HELI.CA,Heliopolis Housing,Equity,0.800000011920929,0.6430121660232544,30.0,36.0,1.0,-0.15698784589767456
2023-02,validation,HRHO.CA,EFG Holding,Equity,0.5904762148857117,0.5113984942436218,23.0,17.0,0.45714285714285713,-0.07907772064208984
2023-02,validation,ISPH.CA,Ibnsina Pharma,Equity,0.4000000059604645,0.49210357666015625,15.0,11.0,0.2857142857142857,0.09210357069969177
2023-02,validation,JUFO.CA,Juhayna Food Industries,Equity,0.800000011920929,0.5045255422592163,30.0,14.0,0.37142857142857144,-0.29547446966171265
2023-02,validation,MCQE.CA,Misr Cement (Qena),Equity,0.561904788017273,0.5096818804740906,21.0,16.0,0.42857142857142855,-0.05222290754318237
2023-02,validation,MoneyMarket,91-Day T-Bills,MoneyMarket,0.0,0.32546916604042053,1.0,1.0,0.0,0.32546916604042053
2023-02,validation,OIH.CA,Orascom Investment Holding,Equity,0.5714285969734192,0.5082719922065735,22.0,15.0,0.4,-0.0631566047668457
2023-02,validation,ORAS.CA,Orascom Construction PLC,Equity,0.20952381193637848,0.4447953999042511,6.5,7.0,0.17142857142857143,0.23527158796787262
2023-02,validation,ORHD.CA,Orascom Development Egypt,Equity,0.800000011920929,0.6129400134086609,30.0,30.0,0.8285714285714286,-0.18705999851226807
2023-02,validation,ORWE.CA,Oriental Weavers,Equity,0.9142857193946838,0.5182529091835022,35.0,18.0,0.4857142857142857,-0.39603281021118164
2023-02,validation,PHDC.CA,Palm Hills Development Company,Equity,0.8761904835700989,0.59864342212677,34.0,28.0,0.7714285714285715,-0.27754706144332886
2023-02,validation,RAYA.CA,Raya Holding For Financial Investments,Equity,0.380952388048172,0.6323471069335938,13.5,35.0,0.9714285714285714,0.25139471888542175
2023-02,validation,REIT,REIT Index,REIT,0.2857142984867096,0.3987465500831604,9.0,4.0,0.08571428571428572,0.1130322515964508
2023-02,validation,RMDA.CA,Tenth Of Ramadan Pharmaceutical Industries&Diagnostic-Rameda,Equity,0.5523809790611267,0.48642048239707947,20.0,10.0,0.2571428571428571,-0.06596049666404724
2023-02,validation,TMGH.CA,T M G Holding,Equity,0.46666666865348816,0.4660135805606842,17.0,9.0,0.22857142857142856,-0.0006530880928039551
2023-02,validation,VLMR.CA,Valmore Holding,Equity,0.08571428805589676,0.3641757667064667,3.0,3.0,0.05714285714285714,0.2784614786505699
2023-02,validation,VLMRA.CA,Valmore Holding-EGP,Equity,0.4285714328289032,0.5012562274932861,16.0,13.0,0.34285714285714286,0.07268479466438293
2023-03,validation,ABUK.CA,Abou Kir Fertilizers,Equity,0.11428571492433548,0.47652992606163025,4.5,10.0,0.2571428571428571,0.36224421113729477
2023-03,validation,ADIB.CA,Abu Dhabi Islamic Bank- Egypt,Equity,0.380952388048172,0.6032567620277405,15.0,29.0,0.8,0.22230437397956848
2023-03,validation,AMOC.CA,Alexandria Mineral Oils Company,Equity,0.6380952596664429,0.5787578821182251,23.0,25.0,0.6857142857142857,-0.05933737754821777
2023-03,validation,ARCC.CA,Arabian Cement Company,Equity,0.41904762387275696,0.48482775688171387,16.5,11.0,0.2857142857142857,0.06578013300895691
2023-03,validation,BTFH.CA,Beltone Holding,Equity,0.9904761910438538,0.6585461497306824,36.0,36.0,1.0,-0.3319300413131714
2023-03,validation,Bonds,5-Year Government Bonds,Bonds,0.03809523954987526,0.33507853746414185,2.0,2.0,0.02857142857142857,0.2969832979142666
2023-03,validation,CCAP.CA,QALA For Financial Investments,Equity,0.9428571462631226,0.6367342472076416,34.0,34.0,0.9428571428571428,-0.30612289905548096
2023-03,validation,COMI.CA,Commercial International Bank-Egypt (CIB),Equity,0.21904762089252472,0.5623854398727417,7.0,22.0,0.6,0.343337818980217
2023-03,validation,EAST.CA,Eastern Company,Equity,0.8571428656578064,0.49893155694007874,32.0,13.0,0.34285714285714286,-0.35821130871772766
2023-03,validation,EFID.CA,Edita Food Industries S.A.E,Equity,0.27619048953056335,0.4964657425880432,11.0,12.0,0.3142857142857143,0.22027525305747986
2023-03,validation,EFIH.CA,E-finance For Digital and Financial Investments,Equity,0.6952381134033203,0.566162645816803,26.5,23.0,0.6285714285714286,-0.12907546758651733
2023-03,validation,EGAL.CA,Egypt Aluminum,Equity,0.4761904776096344,0.580417275428772,18.0,26.0,0.7142857142857143,0.10422679781913757
2023-03,validation,EGCH.CA,Egyptian Chemical Industries (Kima),Equity,0.7809523940086365,0.5976828932762146,28.0,28.0,0.7714285714285715,-0.18326950073242188
2023-03,validation,EGX30,EGX30 Index,EquityIndex,0.22857142984867096,0.4226502478122711,8.5,6.0,0.14285714285714285,0.19407881796360016
2023-03,validation,EMFD.CA,Emaar Misr for Development,Equity,0.34285715222358704,0.5090321898460388,12.0,15.0,0.4,0.16617503762245178
2023-03,validation,ETEL.CA,Telecom Egypt,Equity,0.6000000238418579,0.513160765171051,20.0,16.0,0.42857142857142855,-0.08683925867080688
2023-03,validation,FWRY.CA,Fawry For Banking Technology And Electronic Payment,Equity,0.6095238327980042,0.572210967540741,21.5,24.0,0.6571428571428571,-0.037312865257263184
2023-03,validation,GBCO.CA,GB Corp,Equity,0.7904762029647827,0.6164870262145996,29.0,32.0,0.8857142857142857,-0.1739891767501831
2023-03,validation,Gold,24K Gold (EGP),Gold,0.05714285746216774,0.4120367169380188,3.0,5.0,0.11428571428571428,0.35489385947585106
2023-03,validation,HELI.CA,Heliopolis Housing,Equity,0.9047619104385376,0.653889536857605,33.0,35.0,0.9714285714285714,-0.2508723735809326
2023-03,validation,HRHO.CA,EFG Holding,Equity,0.6761904954910278,0.5261337161064148,25.0,18.0,0.4857142857142857,-0.15005677938461304
2023-03,validation,ISPH.CA,Ibnsina Pharma,Equity,0.8190476298332214,0.5203553438186646,30.0,17.0,0.45714285714285713,-0.2986922860145569
2023-03,validation,JUFO.CA,Juhayna Food Industries,Equity,0.6952381134033203,0.5427690744400024,26.5,20.0,0.5428571428571428,-0.15246903896331787
2023-03,validation,MCQE.CA,Misr Cement (Qena),Equity,0.5047619342803955,0.5499598383903503,19.0,21.0,0.5714285714285714,0.045197904109954834
2023-03,validation,MoneyMarket,91-Day T-Bills,MoneyMarket,0.0,0.32423341274261475,1.0,1.0,0.0,0.32423341274261475
2023-03,validation,OIH.CA,Orascom Investment Holding,Equity,0.961904764175415,0.5030604004859924,35.0,14.0,0.37142857142857144,-0.4588443636894226
2023-03,validation,ORAS.CA,Orascom Construction PLC,Equity,0.13333334028720856,0.4254356026649475,6.0,7.0,0.17142857142857143,0.29210226237773895
2023-03,validation,ORHD.CA,Orascom Development Egypt,Equity,0.6571428775787354,0.6130831241607666,24.0,30.0,0.8285714285714286,-0.04405975341796875
2023-03,validation,ORWE.CA,Oriental Weavers,Equity,0.3523809611797333,0.5811530351638794,13.0,27.0,0.7428571428571429,0.22877207398414612
2023-03,validation,PHDC.CA,Palm Hills Development Company,Equity,0.6095238327980042,0.6148760914802551,21.5,31.0,0.8571428571428571,0.0053522586822509766
2023-03,validation,RAYA.CA,Raya Holding For Financial Investments,Equity,0.8476190567016602,0.6316862106323242,31.0,33.0,0.9142857142857143,-0.21593284606933594
2023-03,validation,REIT,REIT Index,REIT,0.41904762387275696,0.40610575675964355,16.5,4.0,0.08571428571428572,-0.012941867113113403
2023-03,validation,RMDA.CA,Tenth Of Ramadan Pharmaceutical Industries&Diagnostic-Rameda,Equity,0.3619047701358795,0.45111727714538574,14.0,8.0,0.2,0.08921250700950623
2023-03,validation,TMGH.CA,T M G Holding,Equity,0.2571428716182709,0.4753359854221344,10.0,9.0,0.22857142857142856,0.21819311380386353
2023-03,validation,VLMR.CA,Valmore Holding,Equity,0.11428571492433548,0.35023584961891174,4.5,3.0,0.05714285714285714,0.23595013469457626
2023-03,validation,VLMRA.CA,Valmore Holding-EGP,Equity,0.22857142984867096,0.5392202734947205,8.5,19.0,0.5142857142857142,0.3106488436460495
2023-04,validation,ABUK.CA,Abou Kir Fertilizers,Equity,0.7714285850524902,0.45554786920547485,29.5,9.0,0.22857142857142856,-0.3158807158470154
2023-04,validation,ADIB.CA,Abu Dhabi Islamic Bank- Egypt,Equity,0.8095238208770752,0.5519943833351135,32.5,22.0,0.6,-0.25752943754196167
2023-04,validation,AMOC.CA,Alexandria Mineral Oils Company,Equity,0.6190476417541504,0.5817813277244568,22.5,26.0,0.7142857142857143,-0.037266314029693604
2023-04,validation,ARCC.CA,Arabian Cement Company,Equity,0.34285715222358704,0.5180422067642212,12.0,15.0,0.4,0.17518505454063416
2023-04,validation,BTFH.CA,Beltone Holding,Equity,0.7714285850524902,0.6353340744972229,29.5,34.0,0.9428571428571428,-0.13609451055526733
2023-04,validation,Bonds,5-Year Government Bonds,Bonds,0.190476194024086,0.3515138626098633,8.0,3.0,0.05714285714285714,0.16103766858577728
2023-04,validation,CCAP.CA,QALA For Financial Investments,Equity,0.5809524059295654,0.6239592432975769,19.0,32.0,0.8857142857142857,0.043006837368011475
2023-04,validation,COMI.CA,Commercial International Bank-Egypt (CIB),Equity,0.9809523820877075,0.5218780040740967,35.5,17.0,0.45714285714285713,-0.45907437801361084
2023-04,validation,EAST.CA,Eastern Company,Equity,0.6285714507102966,0.516301155090332,24.5,14.0,0.37142857142857144,-0.1122702956199646
2023-04,validation,EFID.CA,Edita Food Industries S.A.E,Equity,0.5047619342803955,0.4929299056529999,17.0,13.0,0.34285714285714286,-0.01183202862739563
2023-04,validation,EFIH.CA,E-finance For Digital and Financial Investments,Equity,0.39047619700431824,0.58534836769104,14.0,27.0,0.7428571428571429,0.1948721706867218
2023-04,validation,EGAL.CA,Egypt Aluminum,Equity,0.2571428716182709,0.5810699462890625,9.0,25.0,0.6857142857142857,0.3239270746707916
2023-04,validation,EGCH.CA,Egyptian Chemical Industries (Kima),Equity,0.7142857313156128,0.6025230288505554,27.0,30.0,0.8285714285714286,-0.11176270246505737
2023-04,validation,EGX30,EGX30 Index,EquityIndex,0.15238095819950104,0.41567090153694153,6.0,6.0,0.14285714285714285,0.2632899433374405
2023-04,validation,EMFD.CA,Emaar Misr for Development,Equity,0.3619047701358795,0.4889599084854126,13.0,12.0,0.3142857142857143,0.12705513834953308
2023-04,validation,ETEL.CA,Telecom Egypt,Equity,0.5904762148857117,0.5255633592605591,20.5,18.0,0.4857142857142857,-0.06491285562515259
2023-04,validation,FWRY.CA,Fawry For Banking Technology And Electronic Payment,Equity,0.6761904954910278,0.5545907020568848,26.0,24.0,0.6571428571428571,-0.12159979343414307
2023-04,validation,GBCO.CA,GB Corp,Equity,0.561904788017273,0.5938534736633301,18.0,28.0,0.7714285714285715,0.03194868564605713
2023-04,validation,Gold,24K Gold (EGP),Gold,0.1428571492433548,0.3967629075050354,5.0,4.0,0.08571428571428572,0.2539057582616806
2023-04,validation,HELI.CA,Heliopolis Housing,Equity,0.8190476298332214,0.6549778580665588,34.0,36.0,1.0,-0.1640697717666626
2023-04,validation,HRHO.CA,EFG Holding,Equity,0.5904762148857117,0.5201967358589172,20.5,16.0,0.42857142857142855,-0.07027947902679443
2023-04,validation,ISPH.CA,Ibnsina Pharma,Equity,0.6190476417541504,0.5508078336715698,22.5,21.0,0.5714285714285714,-0.06823980808258057
2023-04,validation,JUFO.CA,Juhayna Food Industries,Equity,0.095238097012043,0.5947975516319275,2.0,29.0,0.8,0.4995594546198845
2023-04,validation,MCQE.CA,Misr Cement (Qena),Equity,0.723809540271759,0.5524427890777588,28.0,23.0,0.6285714285714286,-0.17136675119400024
2023-04,validation,MoneyMarket,91-Day T-Bills,MoneyMarket,0.0,0.32152295112609863,1.0,1.0,0.0,0.32152295112609863
2023-04,validation,OIH.CA,Orascom Investment Holding,Equity,0.10476190596818924,0.5400426983833313,3.0,19.0,0.5142857142857142,0.43528079241514206
2023-04,validation,ORAS.CA,Orascom Construction PLC,Equity,0.2857142984867096,0.42710384726524353,10.0,7.0,0.17142857142857143,0.14138954877853394
2023-04,validation,ORHD.CA,Orascom Development Egypt,Equity,0.3333333432674408,0.6286807656288147,11.0,33.0,0.9142857142857143,0.2953474223613739
2023-04,validation,ORWE.CA,Oriental Weavers,Equity,0.800000011920929,0.5506119132041931,31.0,20.0,0.5428571428571428,-0.24938809871673584
2023-04,validation,PHDC.CA,Palm Hills Development Company,Equity,0.4285714328289032,0.6071489453315735,15.0,31.0,0.8571428571428571,0.1785775125026703
2023-04,validation,RAYA.CA,Raya Holding For Financial Investments,Equity,0.4476190507411957,0.6370711922645569,16.0,35.0,0.9714285714285714,0.1894521415233612
2023-04,validation,REIT,REIT Index,REIT,0.12380952388048172,0.4133855998516083,4.0,5.0,0.11428571428571428,0.28957607597112656
2023-04,validation,RMDA.CA,Tenth Of Ramadan Pharmaceutical Industries&Diagnostic-Rameda,Equity,0.6285714507102966,0.4559895396232605,24.5,10.0,0.2571428571428571,-0.17258191108703613
2023-04,validation,TMGH.CA,T M G Holding,Equity,0.16190476715564728,0.44676682353019714,7.0,8.0,0.2,0.28486205637454987
2023-04,validation,VLMR.CA,Valmore Holding,Equity,0.8095238208770752,0.34654316306114197,32.5,2.0,0.02857142857142857,-0.4629806578159332
2023-04,validation,VLMRA.CA,Valmore Holding-EGP,Equity,0.9809523820877075,0.4735374450683594,35.5,11.0,0.2857142857142857,-0.5074149370193481
2023-05,validation,ABUK.CA,Abou Kir Fertilizers,Equity,0.800000011920929,0.473833829164505,33.0,9.0,0.22857142857142856,-0.32616618275642395
2023-05,validation,ADIB.CA,Abu Dhabi Islamic Bank- Egypt,Equity,0.6761904954910278,0.5907649397850037,25.0,25.0,0.6857142857142857,-0.08542555570602417
2023-05,validation,AMOC.CA,Alexandria Mineral Oils Company,Equity,0.961904764175415,0.591950535774231,36.0,26.0,0.7142857142857143,-0.3699542284011841
2023-05,validation,ARCC.CA,Arabian Cement Company,Equity,0.723809540271759,0.5299029350280762,30.5,18.0,0.4857142857142857,-0.19390660524368286
2023-05,validation,BTFH.CA,Beltone Holding,Equity,0.7142857313156128,0.6578186750411987,29.0,36.0,1.0,-0.05646705627441406
2023-05,validation,Bonds,5-Year Government Bonds,Bonds,0.02857142873108387,0.35714539885520935,2.0,2.0,0.02857142857142857,0.3285739701241255
2023-05,validation,CCAP.CA,QALA For Financial Investments,Equity,0.561904788017273,0.6245549321174622,20.0,32.0,0.8857142857142857,0.06265014410018921
2023-05,validation,COMI.CA,Commercial International Bank-Egypt (CIB),Equity,0.11428571492433548,0.5283967852592468,3.0,17.0,0.45714285714285713,0.41411107033491135
2023-05,validation,EAST.CA,Eastern Company,Equity,0.6285714507102966,0.49660077691078186,22.5,12.0,0.3142857142857143,-0.13197067379951477
2023-05,validation,EFID.CA,Edita Food Industries S.A.E,Equity,0.2857142984867096,0.5136079788208008,9.0,14.0,0.37142857142857144,0.2278936803340912
2023-05,validation,EFIH.CA,E-finance For Digital and Financial Investments,Equity,0.27619048953056335,0.5694417953491211,7.5,22.0,0.6,0.29325130581855774
2023-05,validation,EGAL.CA,Egypt Aluminum,Equity,0.6285714507102966,0.5617603063583374,22.5,21.0,0.5714285714285714,-0.06681114435195923
2023-05,validation,EGCH.CA,Egyptian Chemical Industries (Kima),Equity,0.3047619163990021,0.6147580146789551,10.0,30.0,0.8285714285714286,0.309996098279953
2023-05,validation,EGX30,EGX30 Index,EquityIndex,0.1428571492433548,0.4002382457256317,5.0,5.0,0.11428571428571428,0.2573810964822769
2023-05,validation,EMFD.CA,Emaar Misr for Development,Equity,0.37142857909202576,0.492706835269928,12.0,11.0,0.2857142857142857,0.12127825617790222
2023-05,validation,ETEL.CA,Telecom Egypt,Equity,0.27619048953056335,0.5118386745452881,7.5,13.0,0.34285714285714286,0.23564818501472473
2023-05,validation,FWRY.CA,Fawry For Banking Technology And Electronic Payment,Equity,0.39047619700431824,0.588790237903595,13.0,24.0,0.6571428571428571,0.19831404089927673
2023-05,validation,GBCO.CA,GB Corp,Equity,0.7047619223594666,0.6139802932739258,27.0,29.0,0.8,-0.09078162908554077
2023-05,validation,Gold,24K Gold (EGP),Gold,0.12380952388048172,0.37999987602233887,4.0,4.0,0.08571428571428572,0.25619035214185715
2023-05,validation,HELI.CA,Heliopolis Housing,Equity,0.800000011920929,0.6572263240814209,33.0,35.0,0.9714285714285714,-0.14277368783950806
2023-05,validation,HRHO.CA,EFG Holding,Equity,0.20952381193637848,0.520553708076477,6.0,15.0,0.4,0.31102989614009857
2023-05,validation,ISPH.CA,Ibnsina Pharma,Equity,0.800000011920929,0.5471410751342773,33.0,20.0,0.5428571428571428,-0.2528589367866516
2023-05,validation,JUFO.CA,Juhayna Food Industries,Equity,0.48571428656578064,0.6058551669120789,16.0,27.0,0.7428571428571429,0.12014088034629822
2023-05,validation,MCQE.CA,Misr Cement (Qena),Equity,0.4952380955219269,0.5757185220718384,17.0,23.0,0.6285714285714286,0.0804804265499115
2023-05,validation,MoneyMarket,91-Day T-Bills,MoneyMarket,0.0,0.3297470808029175,1.0,1.0,0.0,0.3297470808029175
2023-05,validation,OIH.CA,Orascom Investment Holding,Equity,0.5142857432365417,0.523160457611084,18.0,16.0,0.42857142857142855,0.008874714374542236
2023-05,validation,ORAS.CA,Orascom Construction PLC,Equity,0.7047619223594666,0.43553897738456726,27.0,7.0,0.17142857142857143,-0.2692229449748993
2023-05,validation,ORHD.CA,Orascom Development Egypt,Equity,0.7047619223594666,0.6369147300720215,27.0,34.0,0.9428571428571428,-0.06784719228744507
2023-05,validation,ORWE.CA,Oriental Weavers,Equity,0.9142857193946838,0.6172778010368347,35.0,31.0,0.8571428571428571,-0.2970079183578491
2023-05,validation,PHDC.CA,Palm Hills Development Company,Equity,0.4000000059604645,0.6058980822563171,14.0,28.0,0.7714285714285715,0.20589807629585266
2023-05,validation,RAYA.CA,Raya Holding For Financial Investments,Equity,0.6000000238418579,0.6348017454147339,21.0,33.0,0.9142857142857143,0.03480172157287598
2023-05,validation,REIT,REIT Index,REIT,0.3142857253551483,0.41246312856674194,11.0,6.0,0.14285714285714285,0.09817740321159363
2023-05,validation,RMDA.CA,Tenth Of Ramadan Pharmaceutical Industries&Diagnostic-Rameda,Equity,0.4285714328289032,0.4827505648136139,15.0,10.0,0.2571428571428571,0.05417913198471069
2023-05,validation,TMGH.CA,T M G Holding,Equity,0.5523809790611267,0.4530707597732544,19.0,8.0,0.2,-0.09931021928787231
2023-05,validation,VLMR.CA,Valmore Holding,Equity,0.723809540271759,0.370552659034729,30.5,3.0,0.05714285714285714,-0.35325688123703003
2023-05,validation,VLMRA.CA,Valmore Holding-EGP,Equity,0.6380952596664429,0.5377207398414612,24.0,19.0,0.5142857142857142,-0.10037451982498169
2023-06,validation,ABUK.CA,Abou Kir Fertilizers,Equity,0.7142857313156128,0.47114962339401245,27.0,10.0,0.2571428571428571,-0.24313610792160034
2023-06,validation,ADIB.CA,Abu Dhabi Islamic Bank- Egypt,Equity,0.8666666746139526,0.5892664194107056,33.0,26.0,0.7142857142857143,-0.27740025520324707
2023-06,validation,AMOC.CA,Alexandria Mineral Oils Company,Equity,0.2857142984867096,0.6165352463722229,10.0,30.0,0.8285714285714286,0.3308209478855133
2023-06,validation,ARCC.CA,Arabian Cement Company,Equity,0.761904776096344,0.5477549433708191,29.5,19.0,0.5142857142857142,-0.2141498327255249
2023-06,validation,BTFH.CA,Beltone Holding,Equity,1.0,0.6795128583908081,36.0,36.0,1.0,-0.3204871416091919
2023-06,validation,Bonds,5-Year Government Bonds,Bonds,0.05714285746216774,0.35323143005371094,3.0,2.0,0.02857142857142857,0.2960885725915432
2023-06,validation,CCAP.CA,QALA For Financial Investments,Equity,0.7333333492279053,0.6325098276138306,28.0,33.0,0.9142857142857143,-0.10082352161407471
2023-06,validation,COMI.CA,Commercial International Bank-Egypt (CIB),Equity,0.523809552192688,0.4646211266517639,18.0,8.0,0.2,-0.05918842554092407
2023-06,validation,EAST.CA,Eastern Company,Equity,0.4000000059604645,0.5395627617835999,11.5,17.0,0.45714285714285713,0.13956275582313538
2023-06,validation,EFID.CA,Edita Food Industries S.A.E,Equity,0.4095238149166107,0.5038663148880005,13.0,14.0,0.37142857142857144,0.09434249997138977
2023-06,validation,EFIH.CA,E-finance For Digital and Financial Investments,Equity,0.4000000059604645,0.553783118724823,11.5,21.0,0.5714285714285714,0.15378311276435852
2023-06,validation,EGAL.CA,Egypt Aluminum,Equity,0.2571428716182709,0.546482264995575,8.5,18.0,0.4857142857142857,0.2893393933773041
2023-06,validation,EGCH.CA,Egyptian Chemical Industries (Kima),Equity,0.6000000238418579,0.6228645443916321,24.0,31.0,0.8571428571428571,0.02286452054977417
2023-06,validation,EGX30,EGX30 Index,EquityIndex,0.1428571492433548,0.37487900257110596,5.0,3.0,0.05714285714285714,0.23202185332775116
2023-06,validation,EMFD.CA,Emaar Misr for Development,Equity,0.4571428596973419,0.4707333743572235,16.0,9.0,0.22857142857142856,0.013590514659881592
2023-06,validation,ETEL.CA,Telecom Egypt,Equity,0.5904762148857117,0.5100672841072083,23.0,15.0,0.4,-0.08040893077850342
2023-06,validation,FWRY.CA,Fawry For Banking Technology And Electronic Payment,Equity,0.761904776096344,0.5760802030563354,29.5,25.0,0.6857142857142857,-0.18582457304000854
2023-06,validation,GBCO.CA,GB Corp,Equity,0.5523809790611267,0.5983941555023193,20.5,27.0,0.7428571428571429,0.04601317644119263
2023-06,validation,Gold,24K Gold (EGP),Gold,0.095238097012043,0.37860387563705444,4.0,4.0,0.08571428571428572,0.28336577862501144
2023-06,validation,HELI.CA,Heliopolis Housing,Equity,0.41904762387275696,0.6569726467132568,14.0,35.0,0.9714285714285714,0.23792502284049988
2023-06,validation,HRHO.CA,EFG Holding,Equity,0.4285714328289032,0.5217282772064209,15.0,16.0,0.42857142857142855,0.0931568443775177
2023-06,validation,ISPH.CA,Ibnsina Pharma,Equity,0.9047619104385376,0.6057022213935852,35.0,29.0,0.8,-0.2990596890449524
2023-06,validation,JUFO.CA,Juhayna Food Industries,Equity,0.22857142984867096,0.5528508424758911,7.0,20.0,0.5428571428571428,0.32427941262722015
2023-06,validation,MCQE.CA,Misr Cement (Qena),Equity,0.6095238327980042,0.5738038420677185,25.0,24.0,0.6571428571428571,-0.035719990730285645
2023-06,validation,MoneyMarket,91-Day T-Bills,MoneyMarket,0.009523809887468815,0.3304084837436676,1.0,1.0,0.0,0.3208846738561988
2023-06,validation,OIH.CA,Orascom Investment Holding,Equity,0.8952381014823914,0.5653437376022339,34.0,22.0,0.6,-0.32989436388015747
2023-06,validation,ORAS.CA,Orascom Construction PLC,Equity,0.48571428656578064,0.47362783551216125,17.0,11.0,0.2857142857142857,-0.012086451053619385
2023-06,validation,ORHD.CA,Orascom Development Egypt,Equity,0.5714285969734192,0.6447869539260864,22.0,34.0,0.9428571428571428,0.07335835695266724
2023-06,validation,ORWE.CA,Oriental Weavers,Equity,0.5428571701049805,0.6022441387176514,19.0,28.0,0.7714285714285715,0.0593869686126709
2023-06,validation,PHDC.CA,Palm Hills Development Company,Equity,0.8190476298332214,0.5718123316764832,32.0,23.0,0.6285714285714286,-0.24723529815673828
2023-06,validation,RAYA.CA,Raya Holding For Financial Investments,Equity,0.800000011920929,0.6280331015586853,31.0,32.0,0.8857142857142857,-0.17196691036224365
2023-06,validation,REIT,REIT Index,REIT,0.16190476715564728,0.4179317355155945,6.0,6.0,0.14285714285714285,0.2560269683599472
2023-06,validation,RMDA.CA,Tenth Of Ramadan Pharmaceutical Industries&Diagnostic-Rameda,Equity,0.5523809790611267,0.49084794521331787,20.5,12.0,0.3142857142857143,-0.06153303384780884
2023-06,validation,TMGH.CA,T M G Holding,Equity,0.2571428716182709,0.43765148520469666,8.5,7.0,0.17142857142857143,0.18050861358642578
2023-06,validation,VLMR.CA,Valmore Holding,Equity,0.01904761977493763,0.3897494077682495,2.0,5.0,0.11428571428571428,0.3707017879933119
2023-06,validation,VLMRA.CA,Valmore Holding-EGP,Equity,0.6857143044471741,0.49500370025634766,26.0,13.0,0.34285714285714286,-0.19071060419082642
2023-07,validation,ABUK.CA,Abou Kir Fertilizers,Equity,0.2571428716182709,0.48318246006965637,9.0,13.0,0.34285714285714286,0.2260395884513855
2023-07,validation,ADIB.CA,Abu Dhabi Islamic Bank- Egypt,Equity,0.4952380955219269,0.6071476340293884,20.0,31.0,0.8571428571428571,0.11190953850746155
2023-07,validation,AMOC.CA,Alexandria Mineral Oils Company,Equity,0.5047619342803955,0.5558202266693115,21.0,24.0,0.6571428571428571,0.051058292388916016
2023-07,validation,ARCC.CA,Arabian Cement Company,Equity,0.6857143044471741,0.5312624573707581,25.0,20.0,0.5428571428571428,-0.15445184707641602
2023-07,validation,BTFH.CA,Beltone Holding,Equity,1.0,0.6785458922386169,36.0,36.0,1.0,-0.32145410776138306
2023-07,validation,Bonds,5-Year Government Bonds,Bonds,0.13333334028720856,0.33885201811790466,5.0,2.0,0.02857142857142857,0.2055186778306961
2023-07,validation,CCAP.CA,QALA For Financial Investments,Equity,0.9714285731315613,0.6247676014900208,35.0,34.0,0.9428571428571428,-0.3466609716415405
2023-07,validation,COMI.CA,Commercial International Bank-Egypt (CIB),Equity,0.3047619163990021,0.4665401875972748,11.0,10.0,0.2571428571428571,0.1617782711982727
2023-07,validation,EAST.CA,Eastern Company,Equity,0.8857142925262451,0.5188367962837219,32.0,19.0,0.5142857142857142,-0.3668774962425232
2023-07,validation,EFID.CA,Edita Food Industries S.A.E,Equity,0.02857142873108387,0.49139535427093506,2.0,16.0,0.42857142857142855,0.4628239255398512
2023-07,validation,EFIH.CA,E-finance For Digital and Financial Investments,Equity,0.17142857611179352,0.512768030166626,6.0,17.0,0.45714285714285713,0.34133945405483246
2023-07,validation,EGAL.CA,Egypt Aluminum,Equity,0.7333333492279053,0.488926500082016,28.0,14.0,0.37142857142857144,-0.24440684914588928
2023-07,validation,EGCH.CA,Egyptian Chemical Industries (Kima),Equity,0.6666666865348816,0.593897819519043,24.0,28.0,0.7714285714285715,-0.07276886701583862
2023-07,validation,EGX30,EGX30 Index,EquityIndex,0.32380953431129456,0.3566327393054962,12.0,3.0,0.05714285714285714,0.03282320499420166
2023-07,validation,EMFD.CA,Emaar Misr for Development,Equity,0.20952381193637848,0.4419895112514496,7.0,8.0,0.2,0.2324656993150711
2023-07,validation,ETEL.CA,Telecom Egypt,Equity,0.41904762387275696,0.4890909492969513,14.0,15.0,0.4,0.07004332542419434
2023-07,validation,FWRY.CA,Fawry For Banking Technology And Electronic Payment,Equity,0.4285714328289032,0.5638657212257385,15.5,26.0,0.7142857142857143,0.13529428839683533
2023-07,validation,GBCO.CA,GB Corp,Equity,0.6476190686225891,0.5750837922096252,23.0,27.0,0.7428571428571429,-0.07253527641296387
2023-07,validation,Gold,24K Gold (EGP),Gold,0.06666667014360428,0.3591521978378296,3.0,4.0,0.08571428571428572,0.2924855276942253
2023-07,validation,HELI.CA,Heliopolis Housing,Equity,0.8952381014823914,0.6310620307922363,33.0,35.0,0.9714285714285714,-0.26417607069015503
2023-07,validation,HRHO.CA,EFG Holding,Equity,0.4285714328289032,0.4635823667049408,15.5,9.0,0.22857142857142856,0.0350109338760376
2023-07,validation,ISPH.CA,Ibnsina Pharma,Equity,0.9428571462631226,0.6153813004493713,34.0,33.0,0.9142857142857143,-0.3274758458137512
2023-07,validation,JUFO.CA,Juhayna Food Industries,Equity,0.24761904776096344,0.47465822100639343,8.0,12.0,0.3142857142857143,0.22703917324543
2023-07,validation,MCQE.CA,Misr Cement (Qena),Equity,0.46666666865348816,0.5315221548080444,17.0,21.0,0.5714285714285714,0.06485548615455627
2023-07,validation,MoneyMarket,91-Day T-Bills,MoneyMarket,0.009523809887468815,0.32110095024108887,1.0,1.0,0.0,0.31157714035362005
2023-07,validation,OIH.CA,Orascom Investment Holding,Equity,0.7047619223594666,0.5369622707366943,26.0,22.0,0.6,-0.16779965162277222
2023-07,validation,ORAS.CA,Orascom Construction PLC,Equity,0.5523809790611267,0.47436338663101196,22.0,11.0,0.2857142857142857,-0.07801759243011475
2023-07,validation,ORHD.CA,Orascom Development Egypt,Equity,0.8095238208770752,0.6135998964309692,30.0,32.0,0.8857142857142857,-0.19592392444610596
2023-07,validation,ORWE.CA,Oriental Weavers,Equity,0.3523809611797333,0.5979999303817749,13.0,29.0,0.8,0.24561896920204163
2023-07,validation,PHDC.CA,Palm Hills Development Company,Equity,0.29523810744285583,0.558020830154419,10.0,25.0,0.6857142857142857,0.2627827227115631
2023-07,validation,RAYA.CA,Raya Holding For Financial Investments,Equity,0.8380952477455139,0.602398693561554,31.0,30.0,0.8285714285714286,-0.23569655418395996
2023-07,validation,REIT,REIT Index,REIT,0.48571428656578064,0.39922091364860535,18.5,5.0,0.11428571428571428,-0.08649337291717529
2023-07,validation,RMDA.CA,Tenth Of Ramadan Pharmaceutical Industries&Diagnostic-Rameda,Equity,0.7142857313156128,0.5177100896835327,27.0,18.0,0.4857142857142857,-0.19657564163208008
2023-07,validation,TMGH.CA,T M G Holding,Equity,0.48571428656578064,0.42125070095062256,18.5,7.0,0.17142857142857143,-0.06446358561515808
2023-07,validation,VLMR.CA,Valmore Holding,Equity,0.08571428805589676,0.4146473705768585,4.0,6.0,0.14285714285714285,0.32893308252096176
2023-07,validation,VLMRA.CA,Valmore Holding-EGP,Equity,0.7523809671401978,0.5388613939285278,29.0,23.0,0.6285714285714286,-0.21351957321166992
2023-08,validation,ABUK.CA,Abou Kir Fertilizers,Equity,0.1428571492433548,0.4847390949726105,5.0,12.0,0.3142857142857143,0.3418819457292557
2023-08,validation,ADIB.CA,Abu Dhabi Islamic Bank- Egypt,Equity,0.5904762148857117,0.5726659893989563,21.5,26.0,0.7142857142857143,-0.01781022548675537
2023-08,validation,AMOC.CA,Alexandria Mineral Oils Company,Equity,0.6285714507102966,0.5792064666748047,24.0,27.0,0.7428571428571429,-0.04936498403549194
2023-08,validation,ARCC.CA,Arabian Cement Company,Equity,0.5904762148857117,0.5426421165466309,21.5,22.0,0.6,-0.04783409833908081
2023-08,validation,BTFH.CA,Beltone Holding,Equity,0.9904761910438538,0.6807968616485596,36.0,36.0,1.0,-0.3096793293952942
2023-08,validation,Bonds,5-Year Government Bonds,Bonds,0.08571428805589676,0.33246952295303345,3.0,2.0,0.02857142857142857,0.2467552348971367
2023-08,validation,CCAP.CA,QALA For Financial Investments,Equity,0.8476190567016602,0.6381431221961975,32.0,33.0,0.9142857142857143,-0.20947593450546265
2023-08,validation,COMI.CA,Commercial International Bank-Egypt (CIB),Equity,0.22857142984867096,0.4010255038738251,9.0,5.0,0.11428571428571428,0.1724540740251541
2023-08,validation,EAST.CA,Eastern Company,Equity,0.8190476298332214,0.5608580708503723,30.0,24.0,0.6571428571428571,-0.2581895589828491
2023-08,validation,EFID.CA,Edita Food Industries S.A.E,Equity,0.723809540271759,0.4514918327331543,28.0,10.0,0.2571428571428571,-0.27231770753860474
2023-08,validation,EFIH.CA,E-finance For Digital and Financial Investments,Equity,0.48571428656578064,0.5290483236312866,17.5,20.0,0.5428571428571428,0.04333403706550598
2023-08,validation,EGAL.CA,Egypt Aluminum,Equity,0.20000000298023224,0.5512210130691528,7.0,23.0,0.6285714285714286,0.3512210100889206
2023-08,validation,EGCH.CA,Egyptian Chemical Industries (Kima),Equity,0.5523809790611267,0.5951378345489502,19.0,29.0,0.8,0.042756855487823486
2023-08,validation,EGX30,EGX30 Index,EquityIndex,0.06666667014360428,0.3558579385280609,2.0,3.0,0.05714285714285714,0.28919126838445663
2023-08,validation,EMFD.CA,Emaar Misr for Development,Equity,0.39047619700431824,0.42947715520858765,14.0,9.0,0.22857142857142856,0.03900095820426941
2023-08,validation,ETEL.CA,Telecom Egypt,Equity,0.4571428596973419,0.506108820438385,16.0,15.0,0.4,0.04896596074104309
2023-08,validation,FWRY.CA,Fawry For Banking Technology And Electronic Payment,Equity,0.2380952388048172,0.52828049659729,10.0,19.0,0.5142857142857142,0.29018525779247284
2023-08,validation,GBCO.CA,GB Corp,Equity,0.8857142925262451,0.5991125106811523,34.0,30.0,0.8285714285714286,-0.2866017818450928
2023-08,validation,Gold,24K Gold (EGP),Gold,0.13333334028720856,0.3710678517818451,4.0,4.0,0.08571428571428572,0.23773451149463654
2023-08,validation,HELI.CA,Heliopolis Housing,Equity,0.8761904835700989,0.6427145004272461,33.0,34.0,0.9428571428571428,-0.23347598314285278
2023-08,validation,HRHO.CA,EFG Holding,Equity,0.3619047701358795,0.48984092473983765,12.5,13.0,0.34285714285714286,0.12793615460395813
2023-08,validation,ISPH.CA,Ibnsina Pharma,Equity,0.8285714387893677,0.6597972512245178,31.0,35.0,0.9714285714285714,-0.16877418756484985
2023-08,validation,JUFO.CA,Juhayna Food Industries,Equity,0.9809523820877075,0.45644527673721313,35.0,11.0,0.2857142857142857,-0.5245071053504944
2023-08,validation,MCQE.CA,Misr Cement (Qena),Equity,0.4285714328289032,0.507182776927948,15.0,16.0,0.42857142857142855,0.0786113440990448
2023-08,validation,MoneyMarket,91-Day T-Bills,MoneyMarket,0.0,0.321912556886673,1.0,1.0,0.0,0.321912556886673
2023-08,validation,OIH.CA,Orascom Investment Holding,Equity,0.3619047701358795,0.5687171220779419,12.5,25.0,0.6857142857142857,0.20681235194206238
2023-08,validation,ORAS.CA,Orascom Construction PLC,Equity,0.6380952596664429,0.4992375671863556,25.0,14.0,0.37142857142857144,-0.13885769248008728
2023-08,validation,ORHD.CA,Orascom Development Egypt,Equity,0.6571428775787354,0.6285893321037292,26.5,32.0,0.8857142857142857,-0.028553545475006104
2023-08,validation,ORWE.CA,Oriental Weavers,Equity,0.6571428775787354,0.5853816270828247,26.5,28.0,0.7714285714285715,-0.07176125049591064
2023-08,validation,PHDC.CA,Palm Hills Development Company,Equity,0.48571428656578064,0.5325131416320801,17.5,21.0,0.5714285714285714,0.04679885506629944
2023-08,validation,RAYA.CA,Raya Holding For Financial Investments,Equity,0.7904762029647827,0.6228159070014954,29.0,31.0,0.8571428571428571,-0.16766029596328735
2023-08,validation,REIT,REIT Index,REIT,0.20000000298023224,0.4093307852745056,7.0,7.0,0.17142857142857143,0.20933078229427338
2023-08,validation,RMDA.CA,Tenth Of Ramadan Pharmaceutical Industries&Diagnostic-Rameda,Equity,0.5809524059295654,0.5127555131912231,20.0,17.0,0.45714285714285713,-0.06819689273834229
2023-08,validation,TMGH.CA,T M G Holding,Equity,0.6000000238418579,0.4106898903846741,23.0,8.0,0.2,-0.18931013345718384
2023-08,validation,VLMR.CA,Valmore Holding,Equity,0.20000000298023224,0.40414926409721375,7.0,6.0,0.14285714285714285,0.2041492611169815
2023-08,validation,VLMRA.CA,Valmore Holding-EGP,Equity,0.29523810744285583,0.5241445302963257,11.0,18.0,0.4857142857142857,0.22890642285346985
2023-09,validation,ABUK.CA,Abou Kir Fertilizers,Equity,0.48571428656578064,0.5147541165351868,15.0,16.0,0.42857142857142855,0.029039829969406128
2023-09,validation,ADIB.CA,Abu Dhabi Islamic Bank- Egypt,Equity,0.5523809790611267,0.5737326145172119,20.5,27.0,0.7428571428571429,0.021351635456085205
2023-09,validation,AMOC.CA,Alexandria Mineral Oils Company,Equity,0.21904762089252472,0.50848388671875,8.0,15.0,0.4,0.2894362658262253
2023-09,validation,ARCC.CA,Arabian Cement Company,Equity,0.5142857432365417,0.5651520490646362,16.0,26.0,0.7142857142857143,0.05086630582809448
2023-09,validation,BTFH.CA,Beltone Holding,Equity,0.7142857313156128,0.6749387979507446,31.5,36.0,1.0,-0.039346933364868164
2023-09,validation,Bonds,5-Year Government Bonds,Bonds,0.10476190596818924,0.3304446339607239,3.5,2.0,0.02857142857142857,0.22568272799253464
2023-09,validation,CCAP.CA,QALA For Financial Investments,Equity,0.9428571462631226,0.6129894852638245,36.0,32.0,0.8857142857142857,-0.3298676609992981
2023-09,validation,COMI.CA,Commercial International Bank-Egypt (CIB),Equity,0.12380952388048172,0.4324929714202881,5.0,8.0,0.2,0.30868344753980637
2023-09,validation,EAST.CA,Eastern Company,Equity,0.523809552192688,0.5901297926902771,17.0,29.0,0.8,0.06632024049758911
2023-09,validation,EFID.CA,Edita Food Industries S.A.E,Equity,0.3333333432674408,0.5074048042297363,9.0,14.0,0.37142857142857144,0.17407146096229553
2023-09,validation,EFIH.CA,E-finance For Digital and Financial Investments,Equity,0.5714285969734192,0.5042951107025146,22.0,13.0,0.34285714285714286,-0.06713348627090454
2023-09,validation,EGAL.CA,Egypt Aluminum,Equity,0.6190476417541504,0.5302656292915344,24.5,19.0,0.5142857142857142,-0.08878201246261597
2023-09,validation,EGCH.CA,Egyptian Chemical Industries (Kima),Equity,0.6952381134033203,0.5574712157249451,29.0,25.0,0.6857142857142857,-0.13776689767837524
2023-09,validation,EGX30,EGX30 Index,EquityIndex,0.0476190485060215,0.37231042981147766,1.0,3.0,0.05714285714285714,0.32469138130545616
2023-09,validation,EMFD.CA,Emaar Misr for Development,Equity,0.5523809790611267,0.47193941473960876,20.5,10.0,0.2571428571428571,-0.08044156432151794
2023-09,validation,ETEL.CA,Telecom Egypt,Equity,0.5428571701049805,0.49398311972618103,19.0,12.0,0.3142857142857143,-0.04887405037879944
2023-09,validation,FWRY.CA,Fawry For Banking Technology And Electronic Payment,Equity,0.7904762029647827,0.5550082325935364,33.0,24.0,0.6571428571428571,-0.23546797037124634
2023-09,validation,GBCO.CA,GB Corp,Equity,0.8380952477455139,0.5833810567855835,34.0,28.0,0.7714285714285715,-0.2547141909599304
2023-09,validation,Gold,24K Gold (EGP),Gold,0.10476190596818924,0.37566065788269043,3.5,4.0,0.08571428571428572,0.2708987519145012
2023-09,validation,HELI.CA,Heliopolis Housing,Equity,0.6666666865348816,0.6561864614486694,27.0,35.0,0.9714285714285714,-0.010480225086212158
2023-09,validation,HRHO.CA,EFG Holding,Equity,0.46666666865348816,0.43016305565834045,13.0,7.0,0.17142857142857143,-0.036503612995147705
2023-09,validation,ISPH.CA,Ibnsina Pharma,Equity,0.4476190507411957,0.6394007802009583,12.0,33.0,0.9142857142857143,0.19178172945976257
2023-09,validation,JUFO.CA,Juhayna Food Industries,Equity,0.7047619223594666,0.5297659039497375,30.0,18.0,0.4857142857142857,-0.174996018409729
2023-09,validation,MCQE.CA,Misr Cement (Qena),Equity,0.5333333611488342,0.527730405330658,18.0,17.0,0.45714285714285713,-0.0056029558181762695
2023-09,validation,MoneyMarket,91-Day T-Bills,MoneyMarket,0.9142857193946838,0.3271811902523041,35.0,1.0,0.0,-0.5871045291423798
2023-09,validation,OIH.CA,Orascom Investment Holding,Equity,0.34285715222358704,0.5367048382759094,10.0,22.0,0.6,0.1938476860523224
2023-09,validation,ORAS.CA,Orascom Construction PLC,Equity,0.07619047909975052,0.45593714714050293,2.0,9.0,0.22857142857142856,0.3797466680407524
2023-09,validation,ORHD.CA,Orascom Development Egypt,Equity,0.6476190686225891,0.5962923765182495,26.0,30.0,0.8285714285714286,-0.0513266921043396
2023-09,validation,ORWE.CA,Oriental Weavers,Equity,0.7142857313156128,0.6028315424919128,31.5,31.0,0.8571428571428571,-0.11145418882369995
2023-09,validation,PHDC.CA,Palm Hills Development Company,Equity,0.5904762148857117,0.5370180606842041,23.0,23.0,0.6285714285714286,-0.05345815420150757
2023-09,validation,RAYA.CA,Raya Holding For Financial Investments,Equity,0.6190476417541504,0.6451905369758606,24.5,34.0,0.9428571428571428,0.026142895221710205
2023-09,validation,REIT,REIT Index,REIT,0.20952381193637848,0.4234495162963867,7.0,6.0,0.14285714285714285,0.21392570436000824
2023-09,validation,RMDA.CA,Tenth Of Ramadan Pharmaceutical Industries&Diagnostic-Rameda,Equity,0.43809524178504944,0.5325433611869812,11.0,20.0,0.5428571428571428,0.09444811940193176
2023-09,validation,TMGH.CA,T M G Holding,Equity,0.6857143044471741,0.4744532108306885,28.0,11.0,0.2857142857142857,-0.2112610936164856
2023-09,validation,VLMR.CA,Valmore Holding,Equity,0.190476194024086,0.4046272039413452,6.0,5.0,0.11428571428571428,0.21415100991725922
2023-09,validation,VLMRA.CA,Valmore Holding-EGP,Equity,0.4761904776096344,0.5331634879112244,14.0,21.0,0.5714285714285714,0.056973010301589966
2023-10,validation,ABUK.CA,Abou Kir Fertilizers,Equity,0.9714285731315613,0.5106358528137207,36.0,15.0,0.4,-0.4607927203178406
2023-10,validation,ADIB.CA,Abu Dhabi Islamic Bank- Egypt,Equity,0.6380952596664429,0.538573682308197,24.0,20.0,0.5428571428571428,-0.09952157735824585
2023-10,validation,AMOC.CA,Alexandria Mineral Oils Company,Equity,0.8095238208770752,0.5338826179504395,29.5,19.0,0.5142857142857142,-0.27564120292663574
2023-10,validation,ARCC.CA,Arabian Cement Company,Equity,0.8285714387893677,0.5992669463157654,31.0,29.0,0.8,-0.2293044924736023
2023-10,validation,BTFH.CA,Beltone Holding,Equity,0.5523809790611267,0.6532779932022095,22.0,36.0,1.0,0.10089701414108276
2023-10,validation,Bonds,5-Year Government Bonds,Bonds,0.02857142873108387,0.3399055004119873,1.0,1.0,0.0,0.31133407168090343
2023-10,validation,CCAP.CA,QALA For Financial Investments,Equity,0.5047619342803955,0.6483275890350342,19.5,35.0,0.9714285714285714,0.14356565475463867
2023-10,validation,COMI.CA,Commercial International Bank-Egypt (CIB),Equity,0.21904762089252472,0.4116166830062866,8.0,6.0,0.14285714285714285,0.1925690621137619
2023-10,validation,EAST.CA,Eastern Company,Equity,0.8761904835700989,0.626890242099762,32.0,30.0,0.8285714285714286,-0.24930024147033691
2023-10,validation,EFID.CA,Edita Food Industries S.A.E,Equity,0.2571428716182709,0.45147034525871277,9.5,9.0,0.22857142857142856,0.1943274736404419
2023-10,validation,EFIH.CA,E-finance For Digital and Financial Investments,Equity,0.43809524178504944,0.4884423315525055,14.5,13.0,0.34285714285714286,0.050347089767456055
2023-10,validation,EGAL.CA,Egypt Aluminum,Equity,0.7904762029647827,0.5434008240699768,28.0,21.0,0.5714285714285714,-0.2470753788948059
2023-10,validation,EGCH.CA,Egyptian Chemical Industries (Kima),Equity,0.9238095283508301,0.5824968814849854,34.5,27.0,0.7428571428571429,-0.3413126468658447
2023-10,validation,EGX30,EGX30 Index,EquityIndex,0.1428571492433548,0.3909231722354889,5.0,4.0,0.08571428571428572,0.2480660229921341
2023-10,validation,EMFD.CA,Emaar Misr for Development,Equity,0.2571428716182709,0.4736153483390808,9.5,11.0,0.2857142857142857,0.21647247672080994
2023-10,validation,ETEL.CA,Telecom Egypt,Equity,0.3142857253551483,0.514495313167572,12.0,17.0,0.45714285714285713,0.2002095878124237
2023-10,validation,FWRY.CA,Fawry For Banking Technology And Electronic Payment,Equity,0.6476190686225891,0.5492880940437317,25.0,24.0,0.6571428571428571,-0.09833097457885742
2023-10,validation,GBCO.CA,GB Corp,Equity,0.5333333611488342,0.5869029760360718,21.0,28.0,0.7714285714285715,0.05356961488723755
2023-10,validation,Gold,24K Gold (EGP),Gold,0.06666667014360428,0.36141517758369446,3.0,2.0,0.02857142857142857,0.2947485074400902
2023-10,validation,HELI.CA,Heliopolis Housing,Equity,0.43809524178504944,0.6429286599159241,14.5,33.0,0.9142857142857143,0.20483341813087463
2023-10,validation,HRHO.CA,EFG Holding,Equity,0.2857142984867096,0.4396953284740448,11.0,7.0,0.17142857142857143,0.1539810299873352
2023-10,validation,ISPH.CA,Ibnsina Pharma,Equity,0.4952380955219269,0.6272117495536804,17.5,31.0,0.8571428571428571,0.13197365403175354
2023-10,validation,JUFO.CA,Juhayna Food Industries,Equity,0.4952380955219269,0.511444628238678,17.5,16.0,0.42857142857142855,0.0162065327167511
2023-10,validation,MCQE.CA,Misr Cement (Qena),Equity,0.190476194024086,0.48104164004325867,6.0,12.0,0.3142857142857143,0.29056544601917267
2023-10,validation,MoneyMarket,91-Day T-Bills,MoneyMarket,0.07619047909975052,0.36666566133499146,4.0,3.0,0.05714285714285714,0.29047518223524094
2023-10,validation,OIH.CA,Orascom Investment Holding,Equity,0.32380953431129456,0.505781888961792,13.0,14.0,0.37142857142857144,0.18197235465049744
2023-10,validation,ORAS.CA,Orascom Construction PLC,Equity,0.9238095283508301,0.45669984817504883,34.5,10.0,0.2571428571428571,-0.46710968017578125
2023-10,validation,ORHD.CA,Orascom Development Egypt,Equity,0.8095238208770752,0.6293083429336548,29.5,32.0,0.8857142857142857,-0.1802154779434204
2023-10,validation,ORWE.CA,Oriental Weavers,Equity,0.7142857313156128,0.5693211555480957,26.0,26.0,0.7142857142857143,-0.1449645757675171
2023-10,validation,PHDC.CA,Palm Hills Development Company,Equity,0.561904788017273,0.5192654132843018,23.0,18.0,0.4857142857142857,-0.04263937473297119
2023-10,validation,RAYA.CA,Raya Holding For Financial Investments,Equity,0.4476190507411957,0.6435994505882263,16.0,34.0,0.9428571428571428,0.19598039984703064
2023-10,validation,REIT,REIT Index,REIT,0.5047619342803955,0.4425666332244873,19.5,8.0,0.2,-0.0621953010559082
2023-10,validation,RMDA.CA,Tenth Of Ramadan Pharmaceutical Industries&Diagnostic-Rameda,Equity,0.20952381193637848,0.5513626933097839,7.0,25.0,0.6857142857142857,0.34183888137340546
2023-10,validation,TMGH.CA,T M G Holding,Equity,0.9142857193946838,0.5449597835540771,33.0,22.0,0.6,-0.3693259358406067
2023-10,validation,VLMR.CA,Valmore Holding,Equity,0.0476190485060215,0.40109115839004517,2.0,5.0,0.11428571428571428,0.35347210988402367
2023-10,validation,VLMRA.CA,Valmore Holding-EGP,Equity,0.761904776096344,0.5492740273475647,27.0,23.0,0.6285714285714286,-0.2126307487487793
2023-11,validation,ABUK.CA,Abou Kir Fertilizers,Equity,0.4571428596973419,0.5658680200576782,14.0,21.0,0.5714285714285714,0.1087251603603363
2023-11,validation,ADIB.CA,Abu Dhabi Islamic Bank- Egypt,Equity,0.4476190507411957,0.5776160955429077,12.5,23.0,0.6285714285714286,0.12999704480171204
2023-11,validation,AMOC.CA,Alexandria Mineral Oils Company,Equity,0.8476190567016602,0.5412408709526062,33.0,19.0,0.5142857142857142,-0.30637818574905396
2023-11,validation,ARCC.CA,Arabian Cement Company,Equity,0.3142857253551483,0.6087378263473511,10.0,30.0,0.8285714285714286,0.29445210099220276
2023-11,validation,BTFH.CA,Beltone Holding,Equity,0.8285714387893677,0.6434952616691589,32.0,36.0,1.0,-0.18507617712020874
2023-11,validation,Bonds,5-Year Government Bonds,Bonds,0.02857142873108387,0.3454285264015198,2.0,1.0,0.0,0.3168570976704359
2023-11,validation,CCAP.CA,QALA For Financial Investments,Equity,0.6666666865348816,0.6123570203781128,26.0,31.0,0.8571428571428571,-0.0543096661567688
2023-11,validation,COMI.CA,Commercial International Bank-Egypt (CIB),Equity,0.723809540271759,0.4038996398448944,28.5,5.0,0.11428571428571428,-0.3199099004268646
2023-11,validation,EAST.CA,Eastern Company,Equity,0.761904776096344,0.6394334435462952,30.5,35.0,0.9714285714285714,-0.12247133255004883
2023-11,validation,EFID.CA,Edita Food Industries S.A.E,Equity,0.21904762089252472,0.5050923824310303,8.0,14.0,0.37142857142857144,0.28604476153850555
2023-11,validation,EFIH.CA,E-finance For Digital and Financial Investments,Equity,0.761904776096344,0.5174886584281921,30.5,15.0,0.4,-0.24441611766815186
2023-11,validation,EGAL.CA,Egypt Aluminum,Equity,0.9523809552192688,0.5925648212432861,36.0,26.0,0.7142857142857143,-0.35981613397598267
2023-11,validation,EGCH.CA,Egyptian Chemical Industries (Kima),Equity,0.5047619342803955,0.62675940990448,18.0,33.0,0.9142857142857143,0.12199747562408447
2023-11,validation,EGX30,EGX30 Index,EquityIndex,0.18095238506793976,0.4094424545764923,6.0,6.0,0.14285714285714285,0.22849006950855255
2023-11,validation,EMFD.CA,Emaar Misr for Development,Equity,0.190476194024086,0.46427324414253235,7.0,8.0,0.2,0.27379705011844635
2023-11,validation,ETEL.CA,Telecom Egypt,Equity,0.723809540271759,0.5048124194145203,28.5,13.0,0.34285714285714286,-0.21899712085723877
2023-11,validation,FWRY.CA,Fawry For Banking Technology And Electronic Payment,Equity,0.8571428656578064,0.5412068367004395,34.0,18.0,0.4857142857142857,-0.31593602895736694
2023-11,validation,GBCO.CA,GB Corp,Equity,0.4952380955219269,0.5860328078269958,16.5,25.0,0.6857142857142857,0.09079471230506897
2023-11,validation,Gold,24K Gold (EGP),Gold,0.05714285746216774,0.36221519112586975,3.0,3.0,0.05714285714285714,0.305072333663702
2023-11,validation,HELI.CA,Heliopolis Housing,Equity,0.5428571701049805,0.6268225908279419,21.0,34.0,0.9428571428571428,0.08396542072296143
2023-11,validation,HRHO.CA,EFG Holding,Equity,0.3047619163990021,0.4260315001010895,9.0,7.0,0.17142857142857143,0.1212695837020874
2023-11,validation,ISPH.CA,Ibnsina Pharma,Equity,0.6476190686225891,0.5945253372192383,25.0,27.0,0.7428571428571429,-0.05309373140335083
2023-11,validation,JUFO.CA,Juhayna Food Industries,Equity,0.523809552192688,0.5611149668693542,20.0,20.0,0.5428571428571428,0.03730541467666626
2023-11,validation,MCQE.CA,Misr Cement (Qena),Equity,0.1428571492433548,0.4773017168045044,5.0,9.0,0.22857142857142856,0.3344445675611496
2023-11,validation,MoneyMarket,91-Day T-Bills,MoneyMarket,0.0,0.35866329073905945,1.0,2.0,0.02857142857142857,0.35866329073905945
2023-11,validation,OIH.CA,Orascom Investment Holding,Equity,0.9238095283508301,0.5008598566055298,35.0,11.0,0.2857142857142857,-0.4229496717453003
2023-11,validation,ORAS.CA,Orascom Construction PLC,Equity,0.6095238327980042,0.5339379906654358,23.0,17.0,0.45714285714285713,-0.07558584213256836
2023-11,validation,ORHD.CA,Orascom Development Egypt,Equity,0.4761904776096344,0.6055249571800232,15.0,28.0,0.7714285714285715,0.1293344795703888
2023-11,validation,ORWE.CA,Oriental Weavers,Equity,0.5142857432365417,0.5669811367988586,19.0,22.0,0.6,0.052695393562316895
2023-11,validation,PHDC.CA,Palm Hills Development Company,Equity,0.5714285969734192,0.5228175520896912,22.0,16.0,0.42857142857142855,-0.04861104488372803
2023-11,validation,RAYA.CA,Raya Holding For Financial Investments,Equity,0.3619047701358795,0.6056511402130127,11.0,29.0,0.8,0.24374637007713318
2023-11,validation,REIT,REIT Index,REIT,0.10476190596818924,0.48260819911956787,4.0,10.0,0.2571428571428571,0.37784629315137863
2023-11,validation,RMDA.CA,Tenth Of Ramadan Pharmaceutical Industries&Diagnostic-Rameda,Equity,0.4952380955219269,0.504313588142395,16.5,12.0,0.3142857142857143,0.00907549262046814
2023-11,validation,TMGH.CA,T M G Holding,Equity,0.6857143044471741,0.6213955879211426,27.0,32.0,0.8857142857142857,-0.0643187165260315
2023-11,validation,VLMR.CA,Valmore Holding,Equity,0.6285714507102966,0.36556729674339294,24.0,4.0,0.08571428571428572,-0.2630041539669037
2023-11,validation,VLMRA.CA,Valmore Holding-EGP,Equity,0.4476190507411957,0.5832695960998535,12.5,24.0,0.6571428571428571,0.13565054535865784
2023-12,validation,ABUK.CA,Abou Kir Fertilizers,Equity,0.561904788017273,0.5411763787269592,20.0,22.0,0.6,-0.02072840929031372
2023-12,validation,ADIB.CA,Abu Dhabi Islamic Bank- Egypt,Equity,0.6095238327980042,0.5689923167228699,23.5,25.0,0.6857142857142857,-0.04053151607513428
2023-12,validation,AMOC.CA,Alexandria Mineral Oils Company,Equity,0.6857143044471741,0.5091805458068848,27.0,13.0,0.34285714285714286,-0.1765337586402893
2023-12,validation,ARCC.CA,Arabian Cement Company,Equity,0.18095238506793976,0.5955065488815308,6.5,28.0,0.7714285714285715,0.414554163813591
2023-12,validation,BTFH.CA,Beltone Holding,Equity,0.5809524059295654,0.62700355052948,22.0,35.0,0.9714285714285714,0.04605114459991455
2023-12,validation,Bonds,5-Year Government Bonds,Bonds,0.02857142873108387,0.3457954227924347,2.0,1.0,0.0,0.3172239940613508
2023-12,validation,CCAP.CA,QALA For Financial Investments,Equity,0.6380952596664429,0.6092759966850281,25.5,29.0,0.8,-0.028819262981414795
2023-12,validation,COMI.CA,Commercial International Bank-Egypt (CIB),Equity,0.3142857253551483,0.4434370994567871,11.0,8.0,0.2,0.1291513741016388
2023-12,validation,EAST.CA,Eastern Company,Equity,0.34285715222358704,0.6159992218017578,13.0,34.0,0.9428571428571428,0.2731420695781708
2023-12,validation,EFID.CA,Edita Food Industries S.A.E,Equity,0.48571428656578064,0.5204648971557617,16.0,17.0,0.45714285714285713,0.03475061058998108
2023-12,validation,EFIH.CA,E-finance For Digital and Financial Investments,Equity,0.800000011920929,0.5065740346908569,30.0,12.0,0.3142857142857143,-0.293425977230072
2023-12,validation,EGAL.CA,Egypt Aluminum,Equity,0.41904762387275696,0.6136307120323181,15.0,32.0,0.8857142857142857,0.19458308815956116
2023-12,validation,EGCH.CA,Egyptian Chemical Industries (Kima),Equity,0.5523809790611267,0.5873343348503113,18.5,27.0,0.7428571428571429,0.03495335578918457
2023-12,validation,EGX30,EGX30 Index,EquityIndex,0.13333334028720856,0.40043243765830994,5.0,3.0,0.05714285714285714,0.2670990973711014
2023-12,validation,EMFD.CA,Emaar Misr for Development,Equity,0.7809523940086365,0.4416807293891907,28.5,7.0,0.17142857142857143,-0.3392716646194458
2023-12,validation,ETEL.CA,Telecom Egypt,Equity,0.18095238506793976,0.517082929611206,6.5,15.0,0.4,0.3361305445432663
2023-12,validation,FWRY.CA,Fawry For Banking Technology And Electronic Payment,Equity,0.4095238149166107,0.5320158004760742,14.0,18.0,0.4857142857142857,0.1224919855594635
2023-12,validation,GBCO.CA,GB Corp,Equity,0.9142857193946838,0.5653735995292664,34.5,23.0,0.6285714285714286,-0.3489121198654175
2023-12,validation,Gold,24K Gold (EGP),Gold,0.05714285746216774,0.3550335466861725,3.0,2.0,0.02857142857142857,0.29789068922400475
2023-12,validation,HELI.CA,Heliopolis Housing,Equity,0.5761904716491699,0.6137330532073975,21.0,33.0,0.9142857142857143,0.03754258155822754
2023-12,validation,HRHO.CA,EFG Holding,Equity,0.29523810744285583,0.43939584493637085,10.0,6.0,0.14285714285714285,0.14415773749351501
2023-12,validation,ISPH.CA,Ibnsina Pharma,Equity,0.8619047403335571,0.5768447518348694,33.0,26.0,0.7142857142857143,-0.28505998849868774
2023-12,validation,JUFO.CA,Juhayna Food Industries,Equity,0.8095238208770752,0.5393880009651184,31.0,21.0,0.5714285714285714,-0.2701358199119568
2023-12,validation,MCQE.CA,Misr Cement (Qena),Equity,0.6380952596664429,0.4722896218299866,25.5,10.0,0.2571428571428571,-0.1658056378364563
2023-12,validation,MoneyMarket,91-Day T-Bills,MoneyMarket,0.0,0.4071894586086273,1.0,4.0,0.08571428571428572,0.4071894586086273
2023-12,validation,OIH.CA,Orascom Investment Holding,Equity,0.9809523820877075,0.5657021999359131,36.0,24.0,0.6571428571428571,-0.41525018215179443
2023-12,validation,ORAS.CA,Orascom Construction PLC,Equity,0.2666666805744171,0.5103306174278259,9.0,14.0,0.37142857142857144,0.2436639368534088
2023-12,validation,ORHD.CA,Orascom Development Egypt,Equity,0.9142857193946838,0.6123684048652649,34.5,30.0,0.8285714285714286,-0.30191731452941895
2023-12,validation,ORWE.CA,Oriental Weavers,Equity,0.6095238327980042,0.534541130065918,23.5,19.0,0.5142857142857142,-0.07498270273208618
2023-12,validation,PHDC.CA,Palm Hills Development Company,Equity,0.7809523940086365,0.5193328857421875,28.5,16.0,0.42857142857142855,-0.261619508266449
2023-12,validation,RAYA.CA,Raya Holding For Financial Investments,Equity,0.32380953431129456,0.612648069858551,12.0,31.0,0.8571428571428571,0.28883853554725647
2023-12,validation,REIT,REIT Index,REIT,0.2380952388048172,0.4473719000816345,8.0,9.0,0.22857142857142856,0.20927666127681732
2023-12,validation,RMDA.CA,Tenth Of Ramadan Pharmaceutical Industries&Diagnostic-Rameda,Equity,0.8380952477455139,0.49729353189468384,32.0,11.0,0.2857142857142857,-0.3408017158508301
2023-12,validation,TMGH.CA,T M G Holding,Equity,0.5523809790611267,0.6319746375083923,18.5,36.0,1.0,0.07959365844726562
2023-12,validation,VLMR.CA,Valmore Holding,Equity,0.095238097012043,0.4074093699455261,4.0,5.0,0.11428571428571428,0.3121712729334831
2023-12,validation,VLMRA.CA,Valmore Holding-EGP,Equity,0.5428571701049805,0.5368295907974243,17.0,20.0,0.5428571428571428,-0.006027579307556152
2024-01,validation,ABUK.CA,Abou Kir Fertilizers,Equity,0.46666666865348816,0.5690280199050903,16.0,28.0,0.7714285714285715,0.10236135125160217
2024-01,validation,ADIB.CA,Abu Dhabi Islamic Bank- Egypt,Equity,0.5333333611488342,0.570225179195404,18.5,29.0,0.8,0.036891818046569824
2024-01,validation,AMOC.CA,Alexandria Mineral Oils Company,Equity,0.7333333492279053,0.5124471187591553,28.0,14.0,0.37142857142857144,-0.22088623046875
2024-01,validation,ARCC.CA,Arabian Cement Company,Equity,0.5523809790611267,0.5286629796028137,20.0,17.0,0.45714285714285713,-0.02371799945831299
2024-01,validation,BTFH.CA,Beltone Holding,Equity,0.8285714387893677,0.5926130414009094,31.0,33.0,0.9142857142857143,-0.23595839738845825
2024-01,validation,Bonds,5-Year Government Bonds,Bonds,0.07619047909975052,0.33041051030158997,3.0,1.0,0.0,0.25422003120183945
2024-01,validation,CCAP.CA,QALA For Financial Investments,Equity,0.5904762148857117,0.5567551255226135,22.5,25.0,0.6857142857142857,-0.033721089363098145
2024-01,validation,COMI.CA,Commercial International Bank-Egypt (CIB),Equity,0.15238095819950104,0.41470491886138916,5.0,6.0,0.14285714285714285,0.2623239606618881
2024-01,validation,EAST.CA,Eastern Company,Equity,0.7428571581840515,0.5551083087921143,29.0,23.0,0.6285714285714286,-0.18774884939193726
2024-01,validation,EFID.CA,Edita Food Industries S.A.E,Equity,0.21904762089252472,0.5144098401069641,8.0,15.0,0.4,0.2953622192144394
2024-01,validation,EFIH.CA,E-finance For Digital and Financial Investments,Equity,0.13333334028720856,0.5632690191268921,4.0,26.0,0.7142857142857143,0.42993567883968353
2024-01,validation,EGAL.CA,Egypt Aluminum,Equity,0.9047619104385376,0.6011703014373779,33.0,34.0,0.9428571428571428,-0.30359160900115967
2024-01,validation,EGCH.CA,Egyptian Chemical Industries (Kima),Equity,0.9333333373069763,0.6061718463897705,35.0,35.0,0.9714285714285714,-0.3271614909172058
2024-01,validation,EGX30,EGX30 Index,EquityIndex,0.2380952388048172,0.38618460297584534,9.0,4.0,0.08571428571428572,0.14808936417102814
2024-01,validation,EMFD.CA,Emaar Misr for Development,Equity,0.3523809611797333,0.47607022523880005,13.0,11.0,0.2857142857142857,0.12368926405906677
2024-01,validation,ETEL.CA,Telecom Egypt,Equity,0.27619048953056335,0.4574231505393982,10.0,9.0,0.22857142857142856,0.18123266100883484
2024-01,validation,FWRY.CA,Fawry For Banking Technology And Electronic Payment,Equity,0.32380953431129456,0.5107522010803223,12.0,13.0,0.34285714285714286,0.1869426667690277
2024-01,validation,GBCO.CA,GB Corp,Equity,0.6952381134033203,0.5714406967163086,26.0,30.0,0.8285714285714286,-0.12379741668701172
2024-01,validation,Gold,24K Gold (EGP),Gold,0.03809523954987526,0.33847370743751526,2.0,2.0,0.02857142857142857,0.30037846788764
2024-01,validation,HELI.CA,Heliopolis Housing,Equity,0.380952388048172,0.5645143389701843,14.0,27.0,0.7428571428571429,0.18356195092201233
2024-01,validation,HRHO.CA,EFG Holding,Equity,0.18095238506793976,0.4183513820171356,7.0,7.0,0.17142857142857143,0.23739899694919586
2024-01,validation,ISPH.CA,Ibnsina Pharma,Equity,0.7047619223594666,0.5553846955299377,27.0,24.0,0.6571428571428571,-0.1493772268295288
2024-01,validation,JUFO.CA,Juhayna Food Industries,Equity,0.2857142984867096,0.5338788032531738,11.0,20.0,0.5428571428571428,0.24816450476646423
2024-01,validation,MCQE.CA,Misr Cement (Qena),Equity,0.5904762148857117,0.48510846495628357,22.5,12.0,0.3142857142857143,-0.1053677499294281
2024-01,validation,MoneyMarket,91-Day T-Bills,MoneyMarket,0.0,0.4050917327404022,1.0,5.0,0.11428571428571428,0.4050917327404022
2024-01,validation,OIH.CA,Orascom Investment Holding,Equity,0.6571428775787354,0.584507405757904,24.0,31.0,0.8571428571428571,-0.0726354718208313
2024-01,validation,ORAS.CA,Orascom Construction PLC,Equity,0.4571428596973419,0.5392164587974548,15.0,21.0,0.5714285714285714,0.08207359910011292
2024-01,validation,ORHD.CA,Orascom Development Egypt,Equity,0.5333333611488342,0.5925571918487549,18.5,32.0,0.8857142857142857,0.059223830699920654
2024-01,validation,ORWE.CA,Oriental Weavers,Equity,0.9523809552192688,0.5335038900375366,36.0,19.0,0.5142857142857142,-0.4188770651817322
2024-01,validation,PHDC.CA,Palm Hills Development Company,Equity,0.7809523940086365,0.5291808843612671,30.0,18.0,0.4857142857142857,-0.2517715096473694
2024-01,validation,RAYA.CA,Raya Holding For Financial Investments,Equity,0.8476190567016602,0.5491945743560791,32.0,22.0,0.6,-0.29842448234558105
2024-01,validation,REIT,REIT Index,REIT,0.6761904954910278,0.42854049801826477,25.0,8.0,0.2,-0.24764999747276306
2024-01,validation,RMDA.CA,Tenth Of Ramadan Pharmaceutical Industries&Diagnostic-Rameda,Equity,0.561904788017273,0.47465261816978455,21.0,10.0,0.2571428571428571,-0.0872521698474884
2024-01,validation,TMGH.CA,T M G Holding,Equity,0.9238095283508301,0.6258201599121094,34.0,36.0,1.0,-0.2979893684387207
2024-01,validation,VLMR.CA,Valmore Holding,Equity,0.16190476715564728,0.37039265036582947,6.0,3.0,0.05714285714285714,0.2084878832101822
2024-01,validation,VLMRA.CA,Valmore Holding-EGP,Equity,0.5142857432365417,0.522598147392273,17.0,16.0,0.42857142857142855,0.008312404155731201
2024-02,validation,ABUK.CA,Abou Kir Fertilizers,Equity,0.9238095283508301,0.5268632173538208,34.0,20.0,0.5428571428571428,-0.3969463109970093
2024-02,validation,ADIB.CA,Abu Dhabi Islamic Bank- Egypt,Equity,0.380952388048172,0.5576200485229492,13.0,23.0,0.6285714285714286,0.17666766047477722
2024-02,validation,AMOC.CA,Alexandria Mineral Oils Company,Equity,0.5904762148857117,0.5286821126937866,25.0,21.0,0.5714285714285714,-0.06179410219192505
2024-02,validation,ARCC.CA,Arabian Cement Company,Equity,0.39047619700431824,0.5211520791053772,14.5,19.0,0.5142857142857142,0.13067588210105896
2024-02,validation,BTFH.CA,Beltone Holding,Equity,0.4952380955219269,0.6110731363296509,19.0,32.0,0.8857142857142857,0.115835040807724
2024-02,validation,Bonds,5-Year Government Bonds,Bonds,0.02857142873108387,0.330655038356781,2.0,1.0,0.0,0.30208360962569714
2024-02,validation,CCAP.CA,QALA For Financial Investments,Equity,0.6666666865348816,0.5589698553085327,26.0,24.0,0.6571428571428571,-0.10769683122634888
2024-02,validation,COMI.CA,Commercial International Bank-Egypt (CIB),Equity,0.7047619223594666,0.4401865005493164,28.0,9.0,0.22857142857142856,-0.26457542181015015
2024-02,validation,EAST.CA,Eastern Company,Equity,0.3333333432674408,0.5758519172668457,9.5,27.0,0.7428571428571429,0.2425185739994049
2024-02,validation,EFID.CA,Edita Food Industries S.A.E,Equity,0.7142857313156128,0.46693235635757446,29.0,11.0,0.2857142857142857,-0.24735337495803833
2024-02,validation,EFIH.CA,E-finance For Digital and Financial Investments,Equity,0.3333333432674408,0.5163325071334839,9.5,18.0,0.4857142857142857,0.1829991638660431
2024-02,validation,EGAL.CA,Egypt Aluminum,Equity,0.9333333373069763,0.649131178855896,35.0,36.0,1.0,-0.2842021584510803
2024-02,validation,EGCH.CA,Egyptian Chemical Industries (Kima),Equity,0.5523809790611267,0.5944839119911194,20.0,31.0,0.8571428571428571,0.042102932929992676
2024-02,validation,EGX30,EGX30 Index,EquityIndex,0.21904762089252472,0.37673038244247437,6.0,3.0,0.05714285714285714,0.15768276154994965
2024-02,validation,EMFD.CA,Emaar Misr for Development,Equity,0.8857142925262451,0.43931400775909424,33.0,8.0,0.2,-0.4464002847671509
2024-02,validation,ETEL.CA,Telecom Egypt,Equity,0.43809524178504944,0.44216734170913696,17.0,10.0,0.2571428571428571,0.004072099924087524
2024-02,validation,FWRY.CA,Fawry For Banking Technology And Electronic Payment,Equity,0.32380953431129456,0.4791225492954254,8.0,13.0,0.34285714285714286,0.15531301498413086
2024-02,validation,GBCO.CA,GB Corp,Equity,0.561904788017273,0.571031391620636,21.0,26.0,0.7142857142857143,0.009126603603363037
2024-02,validation,Gold,24K Gold (EGP),Gold,0.07619047909975052,0.33433547616004944,3.0,2.0,0.02857142857142857,0.2581449970602989
2024-02,validation,HELI.CA,Heliopolis Housing,Equity,0.2666666805744171,0.5352575778961182,7.0,22.0,0.6,0.26859089732170105
2024-02,validation,HRHO.CA,EFG Holding,Equity,0.37142857909202576,0.43687868118286133,11.5,7.0,0.17142857142857143,0.06545010209083557
2024-02,validation,ISPH.CA,Ibnsina Pharma,Equity,0.6761904954910278,0.5629098415374756,27.0,25.0,0.6857142857142857,-0.11328065395355225
2024-02,validation,JUFO.CA,Juhayna Food Industries,Equity,0.5809524059295654,0.5016299486160278,23.0,17.0,0.45714285714285713,-0.0793224573135376
2024-02,validation,MCQE.CA,Misr Cement (Qena),Equity,0.41904762387275696,0.4885298013687134,16.0,14.0,0.37142857142857144,0.06948217749595642
2024-02,validation,MoneyMarket,91-Day T-Bills,MoneyMarket,0.0,0.3979775011539459,1.0,4.0,0.08571428571428572,0.3979775011539459
2024-02,validation,OIH.CA,Orascom Investment Holding,Equity,0.4571428596973419,0.6139489412307739,18.0,34.0,0.9428571428571428,0.156806081533432
2024-02,validation,ORAS.CA,Orascom Construction PLC,Equity,0.39047619700431824,0.46849629282951355,14.5,12.0,0.3142857142857143,0.07802009582519531
2024-02,validation,ORHD.CA,Orascom Development Egypt,Equity,0.5809524059295654,0.5825750827789307,23.0,28.0,0.7714285714285715,0.0016226768493652344
2024-02,validation,ORWE.CA,Oriental Weavers,Equity,0.9428571462631226,0.5843624472618103,36.0,29.0,0.8,-0.35849469900131226
2024-02,validation,PHDC.CA,Palm Hills Development Company,Equity,0.37142857909202576,0.5877499580383301,11.5,30.0,0.8285714285714286,0.21632137894630432
2024-02,validation,RAYA.CA,Raya Holding For Financial Investments,Equity,0.800000011920929,0.6123381853103638,30.0,33.0,0.9142857142857143,-0.18766182661056519
2024-02,validation,REIT,REIT Index,REIT,0.1428571492433548,0.433646023273468,4.0,6.0,0.14285714285714285,0.2907888740301132
2024-02,validation,RMDA.CA,Tenth Of Ramadan Pharmaceutical Industries&Diagnostic-Rameda,Equity,0.8380952477455139,0.49570491909980774,31.5,15.0,0.4,-0.3423903286457062
2024-02,validation,TMGH.CA,T M G Holding,Equity,0.5809524059295654,0.6458715200424194,23.0,35.0,0.9714285714285714,0.064919114112854
2024-02,validation,VLMR.CA,Valmore Holding,Equity,0.190476194024086,0.39841708540916443,5.0,5.0,0.11428571428571428,0.20794089138507843
2024-02,validation,VLMRA.CA,Valmore Holding-EGP,Equity,0.8380952477455139,0.5010971426963806,31.5,16.0,0.42857142857142855,-0.3369981050491333
2024-03,validation,ABUK.CA,Abou Kir Fertilizers,Equity,0.3142857253551483,0.5471182465553284,8.0,19.0,0.5142857142857142,0.23283252120018005
2024-03,validation,ADIB.CA,Abu Dhabi Islamic Bank- Egypt,Equity,0.6666666865348816,0.5081690549850464,26.0,13.0,0.34285714285714286,-0.1584976315498352
2024-03,validation,AMOC.CA,Alexandria Mineral Oils Company,Equity,0.4476190507411957,0.5086298584938049,17.0,14.0,0.37142857142857144,0.06101080775260925
2024-03,validation,ARCC.CA,Arabian Cement Company,Equity,0.9142857193946838,0.5059253573417664,35.0,12.0,0.3142857142857143,-0.4083603620529175
2024-03,validation,BTFH.CA,Beltone Holding,Equity,0.18095238506793976,0.5610483884811401,5.0,24.0,0.6571428571428571,0.3800960034132004
2024-03,validation,Bonds,5-Year Government Bonds,Bonds,0.02857142873108387,0.3321976363658905,2.0,1.0,0.0,0.30362620763480663
2024-03,validation,CCAP.CA,QALA For Financial Investments,Equity,0.6000000238418579,0.557895839214325,24.0,23.0,0.6285714285714286,-0.04210418462753296
2024-03,validation,COMI.CA,Commercial International Bank-Egypt (CIB),Equity,0.37142857909202576,0.46135562658309937,11.5,8.0,0.2,0.08992704749107361
2024-03,validation,EAST.CA,Eastern Company,Equity,0.43809524178504944,0.541541337966919,15.5,17.0,0.45714285714285713,0.1034460961818695
2024-03,validation,EFID.CA,Edita Food Industries S.A.E,Equity,0.3619047701358795,0.5194709897041321,9.5,16.0,0.42857142857142855,0.15756621956825256
2024-03,validation,EFIH.CA,E-finance For Digital and Financial Investments,Equity,0.9714285731315613,0.5615900754928589,36.0,25.0,0.6857142857142857,-0.4098384976387024
2024-03,validation,EGAL.CA,Egypt Aluminum,Equity,0.6095238327980042,0.6337668895721436,25.0,35.0,0.9714285714285714,0.024243056774139404
2024-03,validation,EGCH.CA,Egyptian Chemical Industries (Kima),Equity,0.46666666865348816,0.5573967695236206,19.0,22.0,0.6,0.09073010087013245
2024-03,validation,EGX30,EGX30 Index,EquityIndex,0.21904762089252472,0.3727905750274658,6.0,3.0,0.05714285714285714,0.1537429541349411
2024-03,validation,EMFD.CA,Emaar Misr for Development,Equity,0.8952381014823914,0.5682522654533386,34.0,26.0,0.7142857142857143,-0.32698583602905273
2024-03,validation,ETEL.CA,Telecom Egypt,Equity,0.13333334028720856,0.4008835256099701,4.0,6.0,0.14285714285714285,0.26755018532276154
2024-03,validation,FWRY.CA,Fawry For Banking Technology And Electronic Payment,Equity,0.6952381134033203,0.5035770535469055,28.0,11.0,0.2857142857142857,-0.1916610598564148
2024-03,validation,GBCO.CA,GB Corp,Equity,0.41904762387275696,0.6100232005119324,14.0,33.0,0.9142857142857143,0.19097557663917542
2024-03,validation,Gold,24K Gold (EGP),Gold,0.37142857909202576,0.3406997621059418,11.5,2.0,0.02857142857142857,-0.030728816986083984
2024-03,validation,HELI.CA,Heliopolis Housing,Equity,0.7523809671401978,0.5474537014961243,30.0,20.0,0.5428571428571428,-0.2049272656440735
2024-03,validation,HRHO.CA,EFG Holding,Equity,0.43809524178504944,0.41834351420402527,15.5,7.0,0.17142857142857143,-0.01975172758102417
2024-03,validation,ISPH.CA,Ibnsina Pharma,Equity,0.7142857313156128,0.5933362245559692,29.0,29.0,0.8,-0.12094950675964355
2024-03,validation,JUFO.CA,Juhayna Food Industries,Equity,0.5428571701049805,0.5428310632705688,21.0,18.0,0.4857142857142857,-2.6106834411621094e-05
2024-03,validation,MCQE.CA,Misr Cement (Qena),Equity,0.5047619342803955,0.519123375415802,20.0,15.0,0.4,0.014361441135406494
2024-03,validation,MoneyMarket,91-Day T-Bills,MoneyMarket,0.0,0.3805578052997589,1.0,4.0,0.08571428571428572,0.3805578052997589
2024-03,validation,OIH.CA,Orascom Investment Holding,Equity,0.5904762148857117,0.5880391001701355,23.0,28.0,0.7714285714285715,-0.002437114715576172
2024-03,validation,ORAS.CA,Orascom Construction PLC,Equity,0.4095238149166107,0.48912185430526733,13.0,10.0,0.2571428571428571,0.07959803938865662
2024-03,validation,ORHD.CA,Orascom Development Egypt,Equity,0.800000011920929,0.5992600917816162,31.0,31.0,0.8571428571428571,-0.20073992013931274
2024-03,validation,ORWE.CA,Oriental Weavers,Equity,0.2857142984867096,0.6018085479736328,7.0,32.0,0.8857142857142857,0.3160942494869232
2024-03,validation,PHDC.CA,Palm Hills Development Company,Equity,0.8666666746139526,0.5980527400970459,33.0,30.0,0.8285714285714286,-0.26861393451690674
2024-03,validation,RAYA.CA,Raya Holding For Financial Investments,Equity,0.6761904954910278,0.6144942045211792,27.0,34.0,0.9428571428571428,-0.06169629096984863
2024-03,validation,REIT,REIT Index,REIT,0.5714285969734192,0.4664319157600403,22.0,9.0,0.22857142857142856,-0.1049966812133789
2024-03,validation,RMDA.CA,Tenth Of Ramadan Pharmaceutical Industries&Diagnostic-Rameda,Equity,0.4571428596973419,0.5687324404716492,18.0,27.0,0.7428571428571429,0.11158958077430725
2024-03,validation,TMGH.CA,T M G Holding,Equity,0.8476190567016602,0.6367921233177185,32.0,36.0,1.0,-0.21082693338394165
2024-03,validation,VLMR.CA,Valmore Holding,Equity,0.07619047909975052,0.39616915583610535,3.0,5.0,0.11428571428571428,0.31997867673635483
2024-03,validation,VLMRA.CA,Valmore Holding-EGP,Equity,0.3619047701358795,0.5571399927139282,9.5,21.0,0.5714285714285714,0.1952352225780487
2024-04,validation,ABUK.CA,Abou Kir Fertilizers,Equity,0.24761904776096344,0.5163151025772095,7.0,17.0,0.45714285714285713,0.26869605481624603
2024-04,validation,ADIB.CA,Abu Dhabi Islamic Bank- Egypt,Equity,0.6666666865348816,0.49392494559288025,25.5,14.0,0.37142857142857144,-0.17274174094200134
2024-04,validation,AMOC.CA,Alexandria Mineral Oils Company,Equity,0.3523809611797333,0.4864768981933594,13.0,13.0,0.34285714285714286,0.1340959370136261
2024-04,validation,ARCC.CA,Arabian Cement Company,Equity,0.6761904954910278,0.5542197227478027,27.0,25.0,0.6857142857142857,-0.1219707727432251
2024-04,validation,BTFH.CA,Beltone Holding,Equity,0.6000000238418579,0.5592404007911682,20.0,26.0,0.7142857142857143,-0.0407596230506897
2024-04,validation,Bonds,5-Year Government Bonds,Bonds,0.0476190485060215,0.3376619815826416,3.0,1.0,0.0,0.2900429330766201
2024-04,validation,CCAP.CA,QALA For Financial Investments,Equity,0.8285714387893677,0.5265623331069946,32.5,19.0,0.5142857142857142,-0.30200910568237305
2024-04,validation,COMI.CA,Commercial International Bank-Egypt (CIB),Equity,0.17142857611179352,0.4176660180091858,6.0,8.0,0.2,0.24623744189739227
2024-04,validation,EAST.CA,Eastern Company,Equity,0.2666666805744171,0.4823509752750397,9.0,12.0,0.3142857142857143,0.21568429470062256
2024-04,validation,EFID.CA,Edita Food Industries S.A.E,Equity,0.2666666805744171,0.5022667050361633,9.0,15.0,0.4,0.23560002446174622
2024-04,validation,EFIH.CA,E-finance For Digital and Financial Investments,Equity,0.4476190507411957,0.6039330959320068,15.0,34.0,0.9428571428571428,0.15631404519081116
2024-04,validation,EGAL.CA,Egypt Aluminum,Equity,0.8285714387893677,0.6002278327941895,32.5,32.0,0.8857142857142857,-0.22834360599517822
2024-04,validation,EGCH.CA,Egyptian Chemical Industries (Kima),Equity,0.5333333611488342,0.5473375916481018,18.0,23.0,0.6285714285714286,0.014004230499267578
2024-04,validation,EGX30,EGX30 Index,EquityIndex,0.27619048953056335,0.37193959951400757,11.0,3.0,0.05714285714285714,0.09574910998344421
2024-04,validation,EMFD.CA,Emaar Misr for Development,Equity,0.9428571462631226,0.5693928003311157,36.0,27.0,0.7428571428571429,-0.37346434593200684
2024-04,validation,ETEL.CA,Telecom Egypt,Equity,0.2666666805744171,0.3802589476108551,9.0,5.0,0.11428571428571428,0.11359226703643799
2024-04,validation,FWRY.CA,Fawry For Banking Technology And Electronic Payment,Equity,0.8571428656578064,0.5412888526916504,34.0,22.0,0.6,-0.315854012966156
2024-04,validation,GBCO.CA,GB Corp,Equity,0.6190476417541504,0.5777636170387268,23.0,28.0,0.7714285714285715,-0.041284024715423584
2024-04,validation,Gold,24K Gold (EGP),Gold,0.03809523954987526,0.3800142705440521,2.0,4.0,0.08571428571428572,0.34191903099417686
2024-04,validation,HELI.CA,Heliopolis Housing,Equity,0.6095238327980042,0.5379065871238708,21.5,21.0,0.5714285714285714,-0.0716172456741333
2024-04,validation,HRHO.CA,EFG Holding,Equity,0.15238095819950104,0.40180379152297974,5.0,7.0,0.17142857142857143,0.2494228333234787
2024-04,validation,ISPH.CA,Ibnsina Pharma,Equity,0.6095238327980042,0.5816037654876709,21.5,29.0,0.8,-0.027920067310333252
2024-04,validation,JUFO.CA,Juhayna Food Industries,Equity,0.4761904776096344,0.5174354910850525,16.0,18.0,0.4857142857142857,0.04124501347541809
2024-04,validation,MCQE.CA,Misr Cement (Qena),Equity,0.2857142984867096,0.511864423751831,12.0,16.0,0.42857142857142855,0.22615012526512146
2024-04,validation,MoneyMarket,91-Day T-Bills,MoneyMarket,0.0,0.35296741127967834,1.0,2.0,0.02857142857142857,0.35296741127967834
2024-04,validation,OIH.CA,Orascom Investment Holding,Equity,0.8095238208770752,0.5311177372932434,31.0,20.0,0.5428571428571428,-0.2784060835838318
2024-04,validation,ORAS.CA,Orascom Construction PLC,Equity,0.5047619342803955,0.446978360414505,17.0,9.0,0.22857142857142856,-0.0577835738658905
2024-04,validation,ORHD.CA,Orascom Development Egypt,Equity,0.6476190686225891,0.584304928779602,24.0,30.0,0.8285714285714286,-0.06331413984298706
2024-04,validation,ORWE.CA,Oriental Weavers,Equity,0.5714285969734192,0.5938682556152344,19.0,31.0,0.8571428571428571,0.022439658641815186
2024-04,validation,PHDC.CA,Palm Hills Development Company,Equity,0.723809540271759,0.6010465025901794,28.0,33.0,0.9142857142857143,-0.12276303768157959
2024-04,validation,RAYA.CA,Raya Holding For Financial Investments,Equity,0.7809523940086365,0.6129399538040161,29.0,35.0,0.9714285714285714,-0.16801244020462036
2024-04,validation,REIT,REIT Index,REIT,0.7904762029647827,0.4599056839942932,30.0,10.0,0.2571428571428571,-0.3305705189704895
2024-04,validation,RMDA.CA,Tenth Of Ramadan Pharmaceutical Industries&Diagnostic-Rameda,Equity,0.41904762387275696,0.5507412552833557,14.0,24.0,0.6571428571428571,0.13169363141059875
2024-04,validation,TMGH.CA,T M G Holding,Equity,0.9333333373069763,0.6282448172569275,35.0,36.0,1.0,-0.30508852005004883
2024-04,validation,VLMR.CA,Valmore Holding,Equity,0.08571428805589676,0.39781323075294495,4.0,6.0,0.14285714285714285,0.3120989426970482
2024-04,validation,VLMRA.CA,Valmore Holding-EGP,Equity,0.6666666865348816,0.4806475043296814,25.5,11.0,0.2857142857142857,-0.1860191822052002
2024-05,validation,ABUK.CA,Abou Kir Fertilizers,Equity,0.6571428775787354,0.5393525958061218,23.5,23.0,0.6285714285714286,-0.11779028177261353
2024-05,validation,ADIB.CA,Abu Dhabi Islamic Bank- Egypt,Equity,0.34285715222358704,0.4910138249397278,12.0,14.0,0.37142857142857144,0.14815667271614075
2024-05,validation,AMOC.CA,Alexandria Mineral Oils Company,Equity,0.6000000238418579,0.4543665647506714,21.0,12.0,0.3142857142857143,-0.14563345909118652
2024-05,validation,ARCC.CA,Arabian Cement Company,Equity,0.723809540271759,0.5429229736328125,27.5,24.0,0.6571428571428571,-0.18088656663894653
2024-05,validation,BTFH.CA,Beltone Holding,Equity,0.39047619700431824,0.522737443447113,13.0,19.0,0.5142857142857142,0.1322612464427948
2024-05,validation,Bonds,5-Year Government Bonds,Bonds,0.02857142873108387,0.3452605903148651,2.0,2.0,0.02857142857142857,0.31668916158378124
2024-05,validation,CCAP.CA,QALA For Financial Investments,Equity,1.0,0.5521551966667175,36.0,25.0,0.6857142857142857,-0.44784480333328247
2024-05,validation,COMI.CA,Commercial International Bank-Egypt (CIB),Equity,0.21904762089252472,0.45100104808807373,7.5,11.0,0.2857142857142857,0.231953427195549
2024-05,validation,EAST.CA,Eastern Company,Equity,0.7714285850524902,0.43996599316596985,30.0,9.0,0.22857142857142856,-0.3314625918865204
2024-05,validation,EFID.CA,Edita Food Industries S.A.E,Equity,0.21904762089252472,0.5037595629692078,7.5,16.0,0.42857142857142855,0.28471194207668304
2024-05,validation,EFIH.CA,E-finance For Digital and Financial Investments,Equity,0.9047619104385376,0.5791299343109131,34.0,30.0,0.8285714285714286,-0.3256319761276245
2024-05,validation,EGAL.CA,Egypt Aluminum,Equity,0.7333333492279053,0.5941616892814636,29.0,31.0,0.8571428571428571,-0.13917165994644165
2024-05,validation,EGCH.CA,Egyptian Chemical Industries (Kima),Equity,0.43809524178504944,0.5357232689857483,15.0,22.0,0.6,0.09762802720069885
2024-05,validation,EGX30,EGX30 Index,EquityIndex,0.1428571492433548,0.37171024084091187,5.0,4.0,0.08571428571428572,0.22885309159755707
2024-05,validation,EMFD.CA,Emaar Misr for Development,Equity,0.8095238208770752,0.6103057265281677,31.5,34.0,0.9428571428571428,-0.19921809434890747
2024-05,validation,ETEL.CA,Telecom Egypt,Equity,0.8285714387893677,0.38061296939849854,33.0,5.0,0.11428571428571428,-0.44795846939086914
2024-05,validation,FWRY.CA,Fawry For Banking Technology And Electronic Payment,Equity,0.4761904776096344,0.5225568413734436,18.0,18.0,0.4857142857142857,0.046366363763809204
2024-05,validation,GBCO.CA,GB Corp,Equity,0.6761904954910278,0.5647661089897156,25.0,27.0,0.7428571428571429,-0.11142438650131226
2024-05,validation,Gold,24K Gold (EGP),Gold,0.05714285746216774,0.40549683570861816,3.0,7.0,0.17142857142857143,0.3483539782464504
2024-05,validation,HELI.CA,Heliopolis Housing,Equity,0.523809552192688,0.5246111750602722,20.0,20.0,0.5428571428571428,0.0008016228675842285
2024-05,validation,HRHO.CA,EFG Holding,Equity,0.7142857313156128,0.3879547119140625,26.0,6.0,0.14285714285714285,-0.3263310194015503
2024-05,validation,ISPH.CA,Ibnsina Pharma,Equity,0.6285714507102966,0.5731220841407776,22.0,28.0,0.7714285714285715,-0.05544936656951904
2024-05,validation,JUFO.CA,Juhayna Food Industries,Equity,0.18095238506793976,0.5148155689239502,6.0,17.0,0.45714285714285713,0.33386318385601044
2024-05,validation,MCQE.CA,Misr Cement (Qena),Equity,0.4952380955219269,0.4967145621776581,19.0,15.0,0.4,0.0014764666557312012
2024-05,validation,MoneyMarket,91-Day T-Bills,MoneyMarket,0.0,0.336835652589798,1.0,1.0,0.0,0.336835652589798
2024-05,validation,OIH.CA,Orascom Investment Holding,Equity,0.41904762387275696,0.4886559545993805,14.0,13.0,0.34285714285714286,0.06960833072662354
2024-05,validation,ORAS.CA,Orascom Construction PLC,Equity,0.4571428596973419,0.44374069571495056,17.0,10.0,0.2571428571428571,-0.013402163982391357
2024-05,validation,ORHD.CA,Orascom Development Egypt,Equity,0.723809540271759,0.5943564772605896,27.5,32.0,0.8857142857142857,-0.12945306301116943
2024-05,validation,ORWE.CA,Oriental Weavers,Equity,0.095238097012043,0.5946952104568481,4.0,33.0,0.9142857142857143,0.49945711344480515
2024-05,validation,PHDC.CA,Palm Hills Development Company,Equity,0.4476190507411957,0.5783834457397461,16.0,29.0,0.8,0.13076439499855042
2024-05,validation,RAYA.CA,Raya Holding For Financial Investments,Equity,0.9523809552192688,0.6123418211936951,35.0,35.0,0.9714285714285714,-0.34003913402557373
2024-05,validation,REIT,REIT Index,REIT,0.3333333432674408,0.4392487704753876,11.0,8.0,0.2,0.10591542720794678
2024-05,validation,RMDA.CA,Tenth Of Ramadan Pharmaceutical Industries&Diagnostic-Rameda,Equity,0.3142857253551483,0.5591267943382263,10.0,26.0,0.7142857142857143,0.244841068983078
2024-05,validation,TMGH.CA,T M G Holding,Equity,0.8095238208770752,0.6177704334259033,31.5,36.0,1.0,-0.19175338745117188
2024-05,validation,VLMR.CA,Valmore Holding,Equity,0.22857142984867096,0.36138930916786194,9.0,3.0,0.05714285714285714,0.13281787931919098
2024-05,validation,VLMRA.CA,Valmore Holding-EGP,Equity,0.6571428775787354,0.5284867882728577,23.5,21.0,0.5714285714285714,-0.12865608930587769
2024-06,validation,ABUK.CA,Abou Kir Fertilizers,Equity,0.8095238208770752,0.5466048717498779,30.0,19.0,0.5142857142857142,-0.26291894912719727
2024-06,validation,ADIB.CA,Abu Dhabi Islamic Bank- Egypt,Equity,0.5904762148857117,0.5450115203857422,20.5,18.0,0.4857142857142857,-0.04546469449996948
2024-06,validation,AMOC.CA,Alexandria Mineral Oils Company,Equity,0.4761904776096344,0.5251636505126953,18.0,14.0,0.37142857142857144,0.04897317290306091
2024-06,validation,ARCC.CA,Arabian Cement Company,Equity,0.37142857909202576,0.6142164468765259,14.0,27.0,0.7428571428571429,0.24278786778450012
2024-06,validation,BTFH.CA,Beltone Holding,Equity,0.6666666865348816,0.5498918294906616,26.0,20.0,0.5428571428571428,-0.11677485704421997
2024-06,validation,Bonds,5-Year Government Bonds,Bonds,0.0476190485060215,0.3686681389808655,2.0,2.0,0.02857142857142857,0.321049090474844
2024-06,validation,CCAP.CA,QALA For Financial Investments,Equity,0.9523809552192688,0.6214926242828369,36.0,30.0,0.8285714285714286,-0.3308883309364319
2024-06,validation,COMI.CA,Commercial International Bank-Egypt (CIB),Equity,0.20000000298023224,0.46213775873184204,6.0,6.0,0.14285714285714285,0.2621377557516098
2024-06,validation,EAST.CA,Eastern Company,Equity,0.9428571462631226,0.5175851583480835,35.0,13.0,0.34285714285714286,-0.42527198791503906
2024-06,validation,EFID.CA,Edita Food Industries S.A.E,Equity,0.27619048953056335,0.5275590419769287,10.0,15.0,0.4,0.25136855244636536
2024-06,validation,EFIH.CA,E-finance For Digital and Financial Investments,Equity,0.7333333492279053,0.6726980209350586,29.0,36.0,1.0,-0.06063532829284668
2024-06,validation,EGAL.CA,Egypt Aluminum,Equity,0.6380952596664429,0.619417130947113,23.5,29.0,0.8,-0.018678128719329834
2024-06,validation,EGCH.CA,Egyptian Chemical Industries (Kima),Equity,0.4000000059604645,0.5702372789382935,15.0,21.0,0.5714285714285714,0.17023727297782898
2024-06,validation,EGX30,EGX30 Index,EquityIndex,0.16190476715564728,0.42026859521865845,5.0,4.0,0.08571428571428572,0.25836382806301117
2024-06,validation,EMFD.CA,Emaar Misr for Development,Equity,0.6666666865348816,0.6573117971420288,26.0,35.0,0.9714285714285714,-0.009354889392852783
2024-06,validation,ETEL.CA,Telecom Egypt,Equity,0.6666666865348816,0.4482499659061432,26.0,5.0,0.11428571428571428,-0.2184167206287384
2024-06,validation,FWRY.CA,Fawry For Banking Technology And Electronic Payment,Equity,0.32380953431129456,0.5906420350074768,12.5,24.0,0.6571428571428571,0.26683250069618225
2024-06,validation,GBCO.CA,GB Corp,Equity,0.8857142925262451,0.5873786211013794,32.0,23.0,0.6285714285714286,-0.2983356714248657
2024-06,validation,Gold,24K Gold (EGP),Gold,0.08571428805589676,0.5016842484474182,3.0,11.0,0.2857142857142857,0.41596996039152145
2024-06,validation,HELI.CA,Heliopolis Housing,Equity,0.9333333373069763,0.6056694984436035,34.0,26.0,0.7142857142857143,-0.3276638388633728
2024-06,validation,HRHO.CA,EFG Holding,Equity,0.2857142984867096,0.4888473153114319,11.0,8.0,0.2,0.2031330168247223
2024-06,validation,ISPH.CA,Ibnsina Pharma,Equity,0.7142857313156128,0.6165103316307068,28.0,28.0,0.7714285714285715,-0.097775399684906
2024-06,validation,JUFO.CA,Juhayna Food Industries,Equity,0.1428571492433548,0.4985298812389374,4.0,10.0,0.2571428571428571,0.3556727319955826
2024-06,validation,MCQE.CA,Misr Cement (Qena),Equity,0.2380952388048172,0.5328927040100098,8.0,16.0,0.42857142857142855,0.29479746520519257
2024-06,validation,MoneyMarket,91-Day T-Bills,MoneyMarket,0.0,0.35831430554389954,1.0,1.0,0.0,0.35831430554389954
2024-06,validation,OIH.CA,Orascom Investment Holding,Equity,0.8476190567016602,0.4979862868785858,31.0,9.0,0.22857142857142856,-0.34963276982307434
2024-06,validation,ORAS.CA,Orascom Construction PLC,Equity,0.32380953431129456,0.5066139698028564,12.5,12.0,0.3142857142857143,0.1828044354915619
2024-06,validation,ORHD.CA,Orascom Development Egypt,Equity,0.8952381014823914,0.6249116659164429,33.0,31.0,0.8571428571428571,-0.2703264355659485
2024-06,validation,ORWE.CA,Oriental Weavers,Equity,0.5904762148857117,0.5842862129211426,20.5,22.0,0.6,-0.006190001964569092
2024-06,validation,PHDC.CA,Palm Hills Development Company,Equity,0.4571428596973419,0.626916766166687,16.0,32.0,0.8857142857142857,0.1697739064693451
2024-06,validation,RAYA.CA,Raya Holding For Financial Investments,Equity,0.6190476417541504,0.6473512649536133,22.0,33.0,0.9142857142857143,0.02830362319946289
2024-06,validation,REIT,REIT Index,REIT,0.20952381193637848,0.4737589955329895,7.0,7.0,0.17142857142857143,0.264235183596611
2024-06,validation,RMDA.CA,Tenth Of Ramadan Pharmaceutical Industries&Diagnostic-Rameda,Equity,0.6380952596664429,0.5965597033500671,23.5,25.0,0.6857142857142857,-0.04153555631637573
2024-06,validation,TMGH.CA,T M G Holding,Equity,0.46666666865348816,0.6491952538490295,17.0,34.0,0.9428571428571428,0.18252858519554138
2024-06,validation,VLMR.CA,Valmore Holding,Equity,0.24761904776096344,0.3810783624649048,9.0,3.0,0.05714285714285714,0.13345931470394135
2024-06,validation,VLMRA.CA,Valmore Holding-EGP,Equity,0.4952380955219269,0.535840630531311,19.0,17.0,0.45714285714285713,0.040602535009384155
2024-07,validation,ABUK.CA,Abou Kir Fertilizers,Equity,0.8476190567016602,0.5901453495025635,32.5,21.0,0.5714285714285714,-0.2574737071990967
2024-07,validation,ADIB.CA,Abu Dhabi Islamic Bank- Egypt,Equity,0.7428571581840515,0.5747555494308472,28.5,18.0,0.4857142857142857,-0.16810160875320435
2024-07,validation,AMOC.CA,Alexandria Mineral Oils Company,Equity,0.7333333492279053,0.5506238341331482,27.0,16.0,0.42857142857142855,-0.18270951509475708
2024-07,validation,ARCC.CA,Arabian Cement Company,Equity,0.4285714328289032,0.6047021746635437,14.0,24.0,0.6571428571428571,0.1761307418346405
2024-07,validation,BTFH.CA,Beltone Holding,Equity,0.2571428716182709,0.5864235758781433,10.0,19.0,0.5142857142857142,0.32928070425987244
2024-07,validation,Bonds,5-Year Government Bonds,Bonds,0.10476190596818924,0.36366644501686096,3.0,2.0,0.02857142857142857,0.2589045390486717
2024-07,validation,CCAP.CA,QALA For Financial Investments,Equity,0.6190476417541504,0.636013925075531,23.0,31.0,0.8571428571428571,0.016966283321380615
2024-07,validation,COMI.CA,Commercial International Bank-Egypt (CIB),Equity,0.2380952388048172,0.4388943016529083,8.5,5.0,0.11428571428571428,0.20079906284809113
2024-07,validation,EAST.CA,Eastern Company,Equity,0.43809524178504944,0.5442715287208557,16.0,15.0,0.4,0.10617628693580627
2024-07,validation,EFID.CA,Edita Food Industries S.A.E,Equity,0.18095238506793976,0.5247592926025391,6.0,11.0,0.2857142857142857,0.3438069075345993
2024-07,validation,EFIH.CA,E-finance For Digital and Financial Investments,Equity,0.7428571581840515,0.6701417565345764,28.5,35.0,0.9714285714285714,-0.0727154016494751
2024-07,validation,EGAL.CA,Egypt Aluminum,Equity,0.5904762148857117,0.6317881345748901,22.0,28.0,0.7714285714285715,0.04131191968917847
2024-07,validation,EGCH.CA,Egyptian Chemical Industries (Kima),Equity,0.4285714328289032,0.5731930136680603,14.0,17.0,0.45714285714285713,0.1446215808391571
2024-07,validation,EGX30,EGX30 Index,EquityIndex,0.05714285746216774,0.41294124722480774,2.0,4.0,0.08571428571428572,0.35579838976264
2024-07,validation,EMFD.CA,Emaar Misr for Development,Equity,0.6476190686225891,0.6696334481239319,25.0,34.0,0.9428571428571428,0.022014379501342773
2024-07,validation,ETEL.CA,Telecom Egypt,Equity,0.13333334028720856,0.46184709668159485,4.0,6.0,0.14285714285714285,0.3285137563943863
2024-07,validation,FWRY.CA,Fawry For Banking Technology And Electronic Payment,Equity,0.4285714328289032,0.6111109852790833,14.0,25.0,0.6857142857142857,0.18253955245018005
2024-07,validation,GBCO.CA,GB Corp,Equity,1.0,0.6334403157234192,36.0,29.0,0.8,-0.3665596842765808
2024-07,validation,Gold,24K Gold (EGP),Gold,0.15238095819950104,0.49024054408073425,5.0,9.0,0.22857142857142856,0.3378595858812332
2024-07,validation,HELI.CA,Heliopolis Housing,Equity,0.2380952388048172,0.6213306188583374,8.5,26.0,0.7142857142857143,0.3832353800535202
2024-07,validation,HRHO.CA,EFG Holding,Equity,0.8190476298332214,0.5301696062088013,31.0,12.0,0.3142857142857143,-0.28887802362442017
2024-07,validation,ISPH.CA,Ibnsina Pharma,Equity,0.48571428656578064,0.6237174272537231,18.0,27.0,0.7428571428571429,0.1380031406879425
2024-07,validation,JUFO.CA,Juhayna Food Industries,Equity,0.8476190567016602,0.5354183912277222,32.5,14.0,0.37142857142857144,-0.312200665473938
2024-07,validation,MCQE.CA,Misr Cement (Qena),Equity,0.4952380955219269,0.5110489726066589,19.0,10.0,0.2571428571428571,0.015810877084732056
2024-07,validation,MoneyMarket,91-Day T-Bills,MoneyMarket,0.009523809887468815,0.3487028479576111,1.0,1.0,0.0,0.33917903807014227
2024-07,validation,OIH.CA,Orascom Investment Holding,Equity,0.523809552192688,0.5879802703857422,20.0,20.0,0.5428571428571428,0.0641707181930542
2024-07,validation,ORAS.CA,Orascom Construction PLC,Equity,0.4761904776096344,0.4875568747520447,17.0,8.0,0.2,0.011366397142410278
2024-07,validation,ORHD.CA,Orascom Development Egypt,Equity,0.8952381014823914,0.6556732058525085,35.0,32.0,0.8857142857142857,-0.2395648956298828
2024-07,validation,ORWE.CA,Oriental Weavers,Equity,0.6285714507102966,0.5941156148910522,24.0,22.0,0.6,-0.034455835819244385
2024-07,validation,PHDC.CA,Palm Hills Development Company,Equity,0.6761904954910278,0.6336132287979126,26.0,30.0,0.8285714285714286,-0.042577266693115234
2024-07,validation,RAYA.CA,Raya Holding For Financial Investments,Equity,0.8666666746139526,0.6719316244125366,34.0,36.0,1.0,-0.19473505020141602
2024-07,validation,REIT,REIT Index,REIT,0.190476194024086,0.4866108298301697,7.0,7.0,0.17142857142857143,0.2961346358060837
2024-07,validation,RMDA.CA,Tenth Of Ramadan Pharmaceutical Industries&Diagnostic-Rameda,Equity,0.5714285969734192,0.5950015187263489,21.0,23.0,0.6285714285714286,0.023572921752929688
2024-07,validation,TMGH.CA,T M G Holding,Equity,0.800000011920929,0.6616464257240295,30.0,33.0,0.9142857142857143,-0.13835358619689941
2024-07,validation,VLMR.CA,Valmore Holding,Equity,0.3523809611797333,0.3804072439670563,11.5,3.0,0.05714285714285714,0.028026282787322998
2024-07,validation,VLMRA.CA,Valmore Holding-EGP,Equity,0.3523809611797333,0.5353665351867676,11.5,13.0,0.34285714285714286,0.1829855740070343
2024-08,validation,ABUK.CA,Abou Kir Fertilizers,Equity,0.41904762387275696,0.5448211431503296,15.5,12.0,0.3142857142857143,0.12577351927757263
2024-08,validation,ADIB.CA,Abu Dhabi Islamic Bank- Egypt,Equity,0.20952381193637848,0.5976366400718689,7.0,26.0,0.7142857142857143,0.3881128281354904
2024-08,validation,AMOC.CA,Alexandria Mineral Oils Company,Equity,0.5714285969734192,0.5609273314476013,19.5,16.0,0.42857142857142855,-0.010501265525817871
2024-08,validation,ARCC.CA,Arabian Cement Company,Equity,0.9047619104385376,0.5930008888244629,34.5,25.0,0.6857142857142857,-0.3117610216140747
2024-08,validation,BTFH.CA,Beltone Holding,Equity,0.8190476298332214,0.5652192831039429,30.0,19.0,0.5142857142857142,-0.25382834672927856
2024-08,validation,Bonds,5-Year Government Bonds,Bonds,0.01904761977493763,0.3476347029209137,2.0,2.0,0.02857142857142857,0.32858708314597607
2024-08,validation,CCAP.CA,QALA For Financial Investments,Equity,0.9047619104385376,0.6519226431846619,34.5,31.0,0.8571428571428571,-0.25283926725387573
2024-08,validation,COMI.CA,Commercial International Bank-Egypt (CIB),Equity,0.095238097012043,0.41515204310417175,4.0,5.0,0.11428571428571428,0.31991394609212875
2024-08,validation,EAST.CA,Eastern Company,Equity,0.6285714507102966,0.6014057993888855,23.0,27.0,0.7428571428571429,-0.027165651321411133
2024-08,validation,EFID.CA,Edita Food Industries S.A.E,Equity,0.22857142984867096,0.4701784551143646,8.0,7.0,0.17142857142857143,0.24160702526569366
2024-08,validation,EFIH.CA,E-finance For Digital and Financial Investments,Equity,0.8666666746139526,0.6740321516990662,33.0,36.0,1.0,-0.19263452291488647
2024-08,validation,EGAL.CA,Egypt Aluminum,Equity,0.4476190507411957,0.6168059706687927,17.0,28.0,0.7714285714285715,0.16918691992759705
2024-08,validation,EGCH.CA,Egyptian Chemical Industries (Kima),Equity,0.5904762148857117,0.5648526549339294,22.0,18.0,0.4857142857142857,-0.025623559951782227
2024-08,validation,EGX30,EGX30 Index,EquityIndex,0.1428571492433548,0.40719839930534363,5.5,4.0,0.08571428571428572,0.26434125006198883
2024-08,validation,EMFD.CA,Emaar Misr for Development,Equity,0.7333333492279053,0.6527149677276611,28.5,33.0,0.9142857142857143,-0.08061838150024414
2024-08,validation,ETEL.CA,Telecom Egypt,Equity,0.3142857253551483,0.4798029363155365,11.0,10.0,0.2571428571428571,0.16551721096038818
2024-08,validation,FWRY.CA,Fawry For Banking Technology And Electronic Payment,Equity,0.5809524059295654,0.5757005214691162,21.0,20.0,0.5428571428571428,-0.005251884460449219
2024-08,validation,GBCO.CA,GB Corp,Equity,0.39047619700431824,0.6602469682693481,14.0,34.0,0.9428571428571428,0.2697707712650299
2024-08,validation,Gold,24K Gold (EGP),Gold,0.06666667014360428,0.43711748719215393,3.0,6.0,0.14285714285714285,0.37045081704854965
2024-08,validation,HELI.CA,Heliopolis Housing,Equity,0.32380953431129456,0.5912342071533203,12.0,23.0,0.6285714285714286,0.26742467284202576
2024-08,validation,HRHO.CA,EFG Holding,Equity,0.7333333492279053,0.584259569644928,28.5,21.0,0.5714285714285714,-0.1490737795829773
2024-08,validation,ISPH.CA,Ibnsina Pharma,Equity,0.8571428656578064,0.5888763666152954,32.0,22.0,0.6,-0.268266499042511
2024-08,validation,JUFO.CA,Juhayna Food Industries,Equity,0.6857143044471741,0.5606746673583984,26.0,15.0,0.4,-0.12503963708877563
2024-08,validation,MCQE.CA,Misr Cement (Qena),Equity,1.0,0.5616796612739563,36.0,17.0,0.45714285714285713,-0.4383203387260437
2024-08,validation,MoneyMarket,91-Day T-Bills,MoneyMarket,0.009523809887468815,0.34232306480407715,1.0,1.0,0.0,0.33279925491660833
2024-08,validation,OIH.CA,Orascom Investment Holding,Equity,0.6476190686225891,0.5922748446464539,24.0,24.0,0.6571428571428571,-0.055344223976135254
2024-08,validation,ORAS.CA,Orascom Construction PLC,Equity,0.41904762387275696,0.47430041432380676,15.5,9.0,0.22857142857142856,0.055252790451049805
2024-08,validation,ORHD.CA,Orascom Development Egypt,Equity,0.6571428775787354,0.6522541642189026,25.0,32.0,0.8857142857142857,-0.004888713359832764
2024-08,validation,ORWE.CA,Oriental Weavers,Equity,0.4761904776096344,0.5576120018959045,18.0,14.0,0.37142857142857144,0.08142152428627014
2024-08,validation,PHDC.CA,Palm Hills Development Company,Equity,0.723809540271759,0.6180130243301392,27.0,29.0,0.8,-0.10579651594161987
2024-08,validation,RAYA.CA,Raya Holding For Financial Investments,Equity,0.8476190567016602,0.6651418209075928,31.0,35.0,0.9714285714285714,-0.18247723579406738
2024-08,validation,REIT,REIT Index,REIT,0.3047619163990021,0.47423574328422546,10.0,8.0,0.2,0.1694738268852234
2024-08,validation,RMDA.CA,Tenth Of Ramadan Pharmaceutical Industries&Diagnostic-Rameda,Equity,0.29523810744285583,0.5571231842041016,9.0,13.0,0.34285714285714286,0.2618850767612457
2024-08,validation,TMGH.CA,T M G Holding,Equity,0.37142857909202576,0.6224941611289978,13.0,30.0,0.8285714285714286,0.25106558203697205
2024-08,validation,VLMR.CA,Valmore Holding,Equity,0.1428571492433548,0.38418757915496826,5.5,3.0,0.05714285714285714,0.24133042991161346
2024-08,validation,VLMRA.CA,Valmore Holding-EGP,Equity,0.5714285969734192,0.5186088681221008,19.5,11.0,0.2857142857142857,-0.05281972885131836
2024-09,validation,ABUK.CA,Abou Kir Fertilizers,Equity,0.7904762029647827,0.5074208378791809,29.0,13.0,0.34285714285714286,-0.2830553650856018
2024-09,validation,ADIB.CA,Abu Dhabi Islamic Bank- Egypt,Equity,0.6190476417541504,0.526327908039093,23.5,15.0,0.4,-0.09271973371505737
2024-09,validation,AMOC.CA,Alexandria Mineral Oils Company,Equity,0.6190476417541504,0.5155287384986877,23.5,14.0,0.37142857142857144,-0.10351890325546265
2024-09,validation,ARCC.CA,Arabian Cement Company,Equity,0.561904788017273,0.6058475375175476,22.0,30.0,0.8285714285714286,0.04394274950027466
2024-09,validation,BTFH.CA,Beltone Holding,Equity,0.8380952477455139,0.5918660163879395,32.5,28.0,0.7714285714285715,-0.24622923135757446
2024-09,validation,Bonds,5-Year Government Bonds,Bonds,0.07619047909975052,0.33346182107925415,3.0,2.0,0.02857142857142857,0.25727134197950363
2024-09,validation,CCAP.CA,QALA For Financial Investments,Equity,0.39047619700431824,0.6378137469291687,11.5,35.0,0.9714285714285714,0.24733754992485046
2024-09,validation,COMI.CA,Commercial International Bank-Egypt (CIB),Equity,0.13333334028720856,0.39406275749206543,6.0,5.0,0.11428571428571428,0.2607294172048569
2024-09,validation,EAST.CA,Eastern Company,Equity,0.2857142984867096,0.5763469934463501,9.0,24.0,0.6571428571428571,0.2906326949596405
2024-09,validation,EFID.CA,Edita Food Industries S.A.E,Equity,0.4571428596973419,0.4035920798778534,16.0,7.0,0.17142857142857143,-0.053550779819488525
2024-09,validation,EFIH.CA,E-finance For Digital and Financial Investments,Equity,0.5333333611488342,0.6141899228096008,20.0,32.0,0.8857142857142857,0.0808565616607666
2024-09,validation,EGAL.CA,Egypt Aluminum,Equity,0.4476190507411957,0.5709584355354309,15.0,22.0,0.6,0.12333938479423523
2024-09,validation,EGCH.CA,Egyptian Chemical Industries (Kima),Equity,0.5142857432365417,0.4961497485637665,18.5,12.0,0.3142857142857143,-0.01813599467277527
2024-09,validation,EGX30,EGX30 Index,EquityIndex,0.095238097012043,0.3809947371482849,4.5,4.0,0.08571428571428572,0.2857566401362419
2024-09,validation,EMFD.CA,Emaar Misr for Development,Equity,0.8380952477455139,0.5974087119102478,32.5,29.0,0.8,-0.2406865358352661
2024-09,validation,ETEL.CA,Telecom Egypt,Equity,0.4000000059604645,0.43855929374694824,13.0,8.0,0.2,0.038559287786483765
2024-09,validation,FWRY.CA,Fawry For Banking Technology And Electronic Payment,Equity,0.7142857313156128,0.5575972199440002,28.0,20.0,0.5428571428571428,-0.15668851137161255
2024-09,validation,GBCO.CA,GB Corp,Equity,0.8190476298332214,0.6352642774581909,31.0,34.0,0.9428571428571428,-0.18378335237503052
2024-09,validation,Gold,24K Gold (EGP),Gold,0.03809523954987526,0.36914482712745667,2.0,3.0,0.05714285714285714,0.3310495875775814
2024-09,validation,HELI.CA,Heliopolis Housing,Equity,0.21904762089252472,0.5614485740661621,7.0,21.0,0.5714285714285714,0.3424009531736374
2024-09,validation,HRHO.CA,EFG Holding,Equity,0.6380952596664429,0.5403009057044983,25.0,17.0,0.45714285714285713,-0.09779435396194458
2024-09,validation,ISPH.CA,Ibnsina Pharma,Equity,0.5523809790611267,0.5855398774147034,21.0,26.0,0.7142857142857143,0.03315889835357666
2024-09,validation,JUFO.CA,Juhayna Food Industries,Equity,0.34285715222358704,0.5505210757255554,10.0,18.0,0.4857142857142857,0.20766392350196838
2024-09,validation,MCQE.CA,Misr Cement (Qena),Equity,0.8095238208770752,0.5884389877319336,30.0,27.0,0.7428571428571429,-0.2210848331451416
2024-09,validation,MoneyMarket,91-Day T-Bills,MoneyMarket,0.0,0.3311271071434021,1.0,1.0,0.0,0.3311271071434021
2024-09,validation,OIH.CA,Orascom Investment Holding,Equity,0.095238097012043,0.5811266899108887,4.5,25.0,0.6857142857142857,0.4858885928988457
2024-09,validation,ORAS.CA,Orascom Construction PLC,Equity,0.4285714328289032,0.46770232915878296,14.0,10.0,0.2571428571428571,0.03913089632987976
2024-09,validation,ORHD.CA,Orascom Development Egypt,Equity,0.8571428656578064,0.6090434193611145,34.0,31.0,0.8571428571428571,-0.2480994462966919
2024-09,validation,ORWE.CA,Oriental Weavers,Equity,0.39047619700431824,0.5539772510528564,11.5,19.0,0.5142857142857142,0.1635010540485382
2024-09,validation,PHDC.CA,Palm Hills Development Company,Equity,0.961904764175415,0.6183256506919861,36.0,33.0,0.9142857142857143,-0.34357911348342896
2024-09,validation,RAYA.CA,Raya Holding For Financial Investments,Equity,0.9523809552192688,0.6531651020050049,35.0,36.0,1.0,-0.2992158532142639
2024-09,validation,REIT,REIT Index,REIT,0.2666666805744171,0.44676387310028076,8.0,9.0,0.22857142857142856,0.18009719252586365
2024-09,validation,RMDA.CA,Tenth Of Ramadan Pharmaceutical Industries&Diagnostic-Rameda,Equity,0.6761904954910278,0.5348856449127197,27.0,16.0,0.42857142857142855,-0.1413048505783081
2024-09,validation,TMGH.CA,T M G Holding,Equity,0.5142857432365417,0.5749068856239319,18.5,23.0,0.6285714285714286,0.06062114238739014
2024-09,validation,VLMR.CA,Valmore Holding,Equity,0.6571428775787354,0.399810791015625,26.0,6.0,0.14285714285714285,-0.25733208656311035
2024-09,validation,VLMRA.CA,Valmore Holding-EGP,Equity,0.46666666865348816,0.4926973581314087,17.0,11.0,0.2857142857142857,0.026030689477920532
2024-10,validation,ABUK.CA,Abou Kir Fertilizers,Equity,0.6666666865348816,0.5408890247344971,26.5,17.0,0.45714285714285713,-0.12577766180038452
2024-10,validation,ADIB.CA,Abu Dhabi Islamic Bank- Egypt,Equity,0.34285715222358704,0.5271223187446594,11.5,16.0,0.42857142857142855,0.1842651665210724
2024-10,validation,AMOC.CA,Alexandria Mineral Oils Company,Equity,0.7714285850524902,0.5085301399230957,31.0,13.0,0.34285714285714286,-0.26289844512939453
2024-10,validation,ARCC.CA,Arabian Cement Company,Equity,0.43809524178504944,0.5953876972198486,16.0,26.0,0.7142857142857143,0.1572924554347992
2024-10,validation,BTFH.CA,Beltone Holding,Equity,0.5809524059295654,0.5805546045303345,21.0,24.0,0.6571428571428571,-0.00039780139923095703
2024-10,validation,Bonds,5-Year Government Bonds,Bonds,0.02857142873108387,0.3399222493171692,2.0,2.0,0.02857142857142857,0.3113508205860853
2024-10,validation,CCAP.CA,QALA For Financial Investments,Equity,0.6095238327980042,0.6227704286575317,22.0,33.0,0.9142857142857143,0.013246595859527588
2024-10,validation,COMI.CA,Commercial International Bank-Egypt (CIB),Equity,0.29523810744285583,0.3854948580265045,8.0,5.0,0.11428571428571428,0.09025675058364868
2024-10,validation,EAST.CA,Eastern Company,Equity,0.3523809611797333,0.5491588115692139,13.5,18.0,0.4857142857142857,0.1967778503894806
2024-10,validation,EFID.CA,Edita Food Industries S.A.E,Equity,0.6190476417541504,0.4098100960254669,23.0,6.0,0.14285714285714285,-0.20923754572868347
2024-10,validation,EFIH.CA,E-finance For Digital and Financial Investments,Equity,0.6380952596664429,0.5971195697784424,25.0,27.0,0.7428571428571429,-0.04097568988800049
2024-10,validation,EGAL.CA,Egypt Aluminum,Equity,0.29523810744285583,0.5635706186294556,8.0,21.0,0.5714285714285714,0.26833251118659973
2024-10,validation,EGCH.CA,Egyptian Chemical Industries (Kima),Equity,0.29523810744285583,0.4752850830554962,8.0,11.0,0.2857142857142857,0.18004697561264038
2024-10,validation,EGX30,EGX30 Index,EquityIndex,0.16190476715564728,0.37692901492118835,5.0,3.0,0.05714285714285714,0.21502424776554108
2024-10,validation,EMFD.CA,Emaar Misr for Development,Equity,0.561904788017273,0.609764039516449,20.0,30.0,0.8285714285714286,0.047859251499176025
2024-10,validation,ETEL.CA,Telecom Egypt,Equity,0.34285715222358704,0.44951412081718445,11.5,9.0,0.22857142857142856,0.10665696859359741
2024-10,validation,FWRY.CA,Fawry For Banking Technology And Electronic Payment,Equity,0.6285714507102966,0.5645918846130371,24.0,22.0,0.6,-0.06397956609725952
2024-10,validation,GBCO.CA,GB Corp,Equity,0.523809552192688,0.6404298543930054,17.0,35.0,0.9714285714285714,0.11662030220031738
2024-10,validation,Gold,24K Gold (EGP),Gold,0.05714285746216774,0.37856176495552063,3.0,4.0,0.08571428571428572,0.3214189074933529
2024-10,validation,HELI.CA,Heliopolis Housing,Equity,0.37142857909202576,0.5563150644302368,15.0,19.0,0.5142857142857142,0.18488648533821106
2024-10,validation,HRHO.CA,EFG Holding,Equity,0.723809540271759,0.588745653629303,28.0,25.0,0.6857142857142857,-0.13506388664245605
2024-10,validation,ISPH.CA,Ibnsina Pharma,Equity,0.9238095283508301,0.6119635701179504,36.0,31.0,0.8571428571428571,-0.31184595823287964
2024-10,validation,JUFO.CA,Juhayna Food Industries,Equity,0.8952381014823914,0.5984621644020081,34.5,28.0,0.7714285714285715,-0.2967759370803833
2024-10,validation,MCQE.CA,Misr Cement (Qena),Equity,0.6666666865348816,0.6066367626190186,26.5,29.0,0.8,-0.06002992391586304
2024-10,validation,MoneyMarket,91-Day T-Bills,MoneyMarket,0.0,0.33716341853141785,1.0,1.0,0.0,0.33716341853141785
2024-10,validation,OIH.CA,Orascom Investment Holding,Equity,0.5523809790611267,0.5097266435623169,19.0,14.0,0.37142857142857144,-0.042654335498809814
2024-10,validation,ORAS.CA,Orascom Construction PLC,Equity,0.3333333432674408,0.45015162229537964,10.0,10.0,0.2571428571428571,0.11681827902793884
2024-10,validation,ORHD.CA,Orascom Development Egypt,Equity,0.7428571581840515,0.625269889831543,29.0,34.0,0.9428571428571428,-0.11758726835250854
2024-10,validation,ORWE.CA,Oriental Weavers,Equity,0.8666666746139526,0.5203980803489685,33.0,15.0,0.4,-0.34626859426498413
2024-10,validation,PHDC.CA,Palm Hills Development Company,Equity,0.8952381014823914,0.615270733833313,34.5,32.0,0.8857142857142857,-0.27996736764907837
2024-10,validation,RAYA.CA,Raya Holding For Financial Investments,Equity,0.8095238208770752,0.6587923169136047,32.0,36.0,1.0,-0.15073150396347046
2024-10,validation,REIT,REIT Index,REIT,0.3523809611797333,0.41949477791786194,13.5,7.0,0.17142857142857143,0.06711381673812866
2024-10,validation,RMDA.CA,Tenth Of Ramadan Pharmaceutical Industries&Diagnostic-Rameda,Equity,0.7523809671401978,0.5790582299232483,30.0,23.0,0.6285714285714286,-0.17332273721694946
2024-10,validation,TMGH.CA,T M G Holding,Equity,0.5428571701049805,0.5610137581825256,18.0,20.0,0.5428571428571428,0.018156588077545166
2024-10,validation,VLMR.CA,Valmore Holding,Equity,0.12380952388048172,0.4431864321231842,4.0,8.0,0.2,0.3193769082427025
2024-10,validation,VLMRA.CA,Valmore Holding-EGP,Equity,0.2380952388048172,0.5009576082229614,6.0,12.0,0.3142857142857143,0.2628623694181442
2024-11,validation,ABUK.CA,Abou Kir Fertilizers,Equity,0.32380953431129456,0.49431532621383667,10.0,12.0,0.3142857142857143,0.17050579190254211
2024-11,validation,ADIB.CA,Abu Dhabi Islamic Bank- Egypt,Equity,0.11428571492433548,0.4943646490573883,3.0,13.0,0.34285714285714286,0.3800789341330528
2024-11,validation,AMOC.CA,Alexandria Mineral Oils Company,Equity,0.3333333432674408,0.5034431219100952,12.0,17.0,0.45714285714285713,0.17010977864265442
2024-11,validation,ARCC.CA,Arabian Cement Company,Equity,0.39047619700431824,0.6148966550827026,15.0,31.0,0.8571428571428571,0.2244204580783844
2024-11,validation,BTFH.CA,Beltone Holding,Equity,0.46666666865348816,0.5732021927833557,18.5,25.0,0.6857142857142857,0.10653552412986755
2024-11,validation,Bonds,5-Year Government Bonds,Bonds,0.02857142873108387,0.3335314989089966,2.0,1.0,0.0,0.3049600701779127
2024-11,validation,CCAP.CA,QALA For Financial Investments,Equity,0.9047619104385376,0.6139300465583801,34.0,30.0,0.8285714285714286,-0.29083186388015747
2024-11,validation,COMI.CA,Commercial International Bank-Egypt (CIB),Equity,0.20000000298023224,0.39188864827156067,6.5,5.0,0.11428571428571428,0.19188864529132843
2024-11,validation,EAST.CA,Eastern Company,Equity,0.32380953431129456,0.5499787330627441,10.0,19.0,0.5142857142857142,0.22616919875144958
2024-11,validation,EFID.CA,Edita Food Industries S.A.E,Equity,0.7428571581840515,0.4860479235649109,27.0,11.0,0.2857142857142857,-0.2568092346191406
2024-11,validation,EFIH.CA,E-finance For Digital and Financial Investments,Equity,0.41904762387275696,0.5804886221885681,16.0,26.0,0.7142857142857143,0.16144099831581116
2024-11,validation,EGAL.CA,Egypt Aluminum,Equity,0.6476190686225891,0.5144001245498657,23.0,18.0,0.4857142857142857,-0.1332189440727234
2024-11,validation,EGCH.CA,Egyptian Chemical Industries (Kima),Equity,0.3523809611797333,0.4706534445285797,13.5,9.0,0.22857142857142856,0.11827248334884644
2024-11,validation,EGX30,EGX30 Index,EquityIndex,0.1428571492433548,0.3672119081020355,5.0,3.0,0.05714285714285714,0.22435475885868073
2024-11,validation,EMFD.CA,Emaar Misr for Development,Equity,0.8380952477455139,0.5632176995277405,33.0,23.0,0.6285714285714286,-0.27487754821777344
2024-11,validation,ETEL.CA,Telecom Egypt,Equity,0.7523809671401978,0.41409143805503845,28.0,8.0,0.2,-0.3382895290851593
2024-11,validation,FWRY.CA,Fawry For Banking Technology And Electronic Payment,Equity,0.2571428716182709,0.5594642758369446,8.0,21.0,0.5714285714285714,0.3023214042186737
2024-11,validation,GBCO.CA,GB Corp,Equity,0.43809524178504944,0.6051738858222961,17.0,29.0,0.8,0.1670786440372467
2024-11,validation,Gold,24K Gold (EGP),Gold,0.46666666865348816,0.38629335165023804,18.5,4.0,0.08571428571428572,-0.08037331700325012
2024-11,validation,HELI.CA,Heliopolis Housing,Equity,0.5523809790611267,0.5523163080215454,20.0,20.0,0.5428571428571428,-6.467103958129883e-05
2024-11,validation,HRHO.CA,EFG Holding,Equity,0.6571428775787354,0.5637851357460022,24.0,24.0,0.6571428571428571,-0.09335774183273315
2024-11,validation,ISPH.CA,Ibnsina Pharma,Equity,0.723809540271759,0.6496962904930115,26.0,34.0,0.9428571428571428,-0.07411324977874756
2024-11,validation,JUFO.CA,Juhayna Food Industries,Equity,0.7809523940086365,0.6369618773460388,31.0,33.0,0.9142857142857143,-0.14399051666259766
2024-11,validation,MCQE.CA,Misr Cement (Qena),Equity,0.9714285731315613,0.6544973254203796,36.0,35.0,0.9714285714285714,-0.31693124771118164
2024-11,validation,MoneyMarket,91-Day T-Bills,MoneyMarket,0.0,0.3508053123950958,1.0,2.0,0.02857142857142857,0.3508053123950958
2024-11,validation,OIH.CA,Orascom Investment Holding,Equity,0.7714285850524902,0.5026123523712158,30.0,16.0,0.42857142857142855,-0.2688162326812744
2024-11,validation,ORAS.CA,Orascom Construction PLC,Equity,0.20000000298023224,0.49871158599853516,6.5,14.0,0.37142857142857144,0.2987115830183029
2024-11,validation,ORHD.CA,Orascom Development Egypt,Equity,0.6666666865348816,0.6036670207977295,25.0,28.0,0.7714285714285715,-0.0629996657371521
2024-11,validation,ORWE.CA,Oriental Weavers,Equity,0.8285714387893677,0.5605685710906982,32.0,22.0,0.6,-0.26800286769866943
2024-11,validation,PHDC.CA,Palm Hills Development Company,Equity,0.761904776096344,0.634461522102356,29.0,32.0,0.8857142857142857,-0.12744325399398804
2024-11,validation,RAYA.CA,Raya Holding For Financial Investments,Equity,0.6190476417541504,0.6588774919509888,22.0,36.0,1.0,0.03982985019683838
2024-11,validation,REIT,REIT Index,REIT,0.3523809611797333,0.4104442298412323,13.5,7.0,0.17142857142857143,0.05806326866149902
2024-11,validation,RMDA.CA,Tenth Of Ramadan Pharmaceutical Industries&Diagnostic-Rameda,Equity,0.9333333373069763,0.5990304350852966,35.0,27.0,0.7428571428571429,-0.3343029022216797
2024-11,validation,TMGH.CA,T M G Holding,Equity,0.5809524059295654,0.49935853481292725,21.0,15.0,0.4,-0.08159387111663818
2024-11,validation,VLMR.CA,Valmore Holding,Equity,0.13333334028720856,0.4066234827041626,4.0,6.0,0.14285714285714285,0.27329014241695404
2024-11,validation,VLMRA.CA,Valmore Holding-EGP,Equity,0.32380953431129456,0.48022574186325073,10.0,10.0,0.2571428571428571,0.15641620755195618
2024-12,validation,ABUK.CA,Abou Kir Fertilizers,Equity,0.5142857432365417,0.4811282753944397,19.0,12.0,0.3142857142857143,-0.03315746784210205
2024-12,validation,ADIB.CA,Abu Dhabi Islamic Bank- Egypt,Equity,0.723809540271759,0.46373677253723145,28.5,10.0,0.2571428571428571,-0.2600727677345276
2024-12,validation,AMOC.CA,Alexandria Mineral Oils Company,Equity,0.4095238149166107,0.4918420910835266,13.0,15.0,0.4,0.0823182761669159
2024-12,validation,ARCC.CA,Arabian Cement Company,Equity,0.7714285850524902,0.5971787571907043,31.0,27.0,0.7428571428571429,-0.1742498278617859
2024-12,validation,BTFH.CA,Beltone Holding,Equity,0.8761904835700989,0.584071695804596,34.0,25.0,0.6857142857142857,-0.29211878776550293
2024-12,validation,Bonds,5-Year Government Bonds,Bonds,0.02857142873108387,0.33583319187164307,2.0,1.0,0.0,0.3072617631405592
2024-12,validation,CCAP.CA,QALA For Financial Investments,Equity,0.6095238327980042,0.6139273643493652,20.0,29.0,0.8,0.004403531551361084
2024-12,validation,COMI.CA,Commercial International Bank-Egypt (CIB),Equity,0.2571428716182709,0.3862277865409851,8.0,5.0,0.11428571428571428,0.12908491492271423
2024-12,validation,EAST.CA,Eastern Company,Equity,0.46666666865348816,0.4881226420402527,17.5,14.0,0.37142857142857144,0.021455973386764526
2024-12,validation,EFID.CA,Edita Food Industries S.A.E,Equity,0.4285714328289032,0.5036757588386536,14.0,17.0,0.45714285714285713,0.07510432600975037
2024-12,validation,EFIH.CA,E-finance For Digital and Financial Investments,Equity,0.7523809671401978,0.5303419232368469,30.0,21.0,0.5714285714285714,-0.22203904390335083
2024-12,validation,EGAL.CA,Egypt Aluminum,Equity,0.27619048953056335,0.5223331451416016,11.0,20.0,0.5428571428571428,0.2461426556110382
2024-12,validation,EGCH.CA,Egyptian Chemical Industries (Kima),Equity,0.6761904954910278,0.4554750919342041,23.5,8.0,0.2,-0.22071540355682373
2024-12,validation,EGX30,EGX30 Index,EquityIndex,0.10476190596818924,0.35319793224334717,4.0,2.0,0.02857142857142857,0.24843602627515793
2024-12,validation,EMFD.CA,Emaar Misr for Development,Equity,0.6285714507102966,0.5844445824623108,21.5,26.0,0.7142857142857143,-0.04412686824798584
2024-12,validation,ETEL.CA,Telecom Egypt,Equity,0.20000000298023224,0.4561592936515808,7.0,9.0,0.22857142857142856,0.25615929067134857
2024-12,validation,FWRY.CA,Fawry For Banking Technology And Electronic Payment,Equity,0.43809524178504944,0.5567336082458496,15.5,22.0,0.6,0.11863836646080017
2024-12,validation,GBCO.CA,GB Corp,Equity,0.8285714387893677,0.5988665819168091,32.0,28.0,0.7714285714285715,-0.2297048568725586
2024-12,validation,Gold,24K Gold (EGP),Gold,0.10476190596818924,0.3835509419441223,4.0,4.0,0.08571428571428572,0.2787890359759331
2024-12,validation,HELI.CA,Heliopolis Housing,Equity,0.2666666805744171,0.507972776889801,9.5,18.0,0.4857142857142857,0.2413060963153839
2024-12,validation,HRHO.CA,EFG Holding,Equity,0.46666666865348816,0.56402587890625,17.5,23.0,0.6285714285714286,0.09735921025276184
2024-12,validation,ISPH.CA,Ibnsina Pharma,Equity,0.6285714507102966,0.6444461941719055,21.5,35.0,0.9714285714285714,0.015874743461608887
2024-12,validation,JUFO.CA,Juhayna Food Industries,Equity,0.7047619223594666,0.6392133831977844,25.0,33.0,0.9142857142857143,-0.06554853916168213
2024-12,validation,MCQE.CA,Misr Cement (Qena),Equity,0.7142857313156128,0.6483031511306763,26.5,36.0,1.0,-0.06598258018493652
2024-12,validation,MoneyMarket,91-Day T-Bills,MoneyMarket,0.0,0.36685314774513245,1.0,3.0,0.05714285714285714,0.36685314774513245
2024-12,validation,OIH.CA,Orascom Investment Holding,Equity,0.8857142925262451,0.5182927846908569,35.0,19.0,0.5142857142857142,-0.3674215078353882
2024-12,validation,ORAS.CA,Orascom Construction PLC,Equity,0.15238095819950104,0.48119351267814636,6.0,13.0,0.34285714285714286,0.3288125544786453
2024-12,validation,ORHD.CA,Orascom Development Egypt,Equity,0.8380952477455139,0.6358852982521057,33.0,32.0,0.8857142857142857,-0.2022099494934082
2024-12,validation,ORWE.CA,Oriental Weavers,Equity,0.723809540271759,0.5802326798439026,28.5,24.0,0.6571428571428571,-0.14357686042785645
2024-12,validation,PHDC.CA,Palm Hills Development Company,Equity,0.7142857313156128,0.6307068467140198,26.5,31.0,0.8571428571428571,-0.08357888460159302
2024-12,validation,RAYA.CA,Raya Holding For Financial Investments,Equity,0.9904761910438538,0.6415122747421265,36.0,34.0,0.9428571428571428,-0.3489639163017273
2024-12,validation,REIT,REIT Index,REIT,0.2666666805744171,0.4112941324710846,9.5,7.0,0.17142857142857143,0.14462745189666748
2024-12,validation,RMDA.CA,Tenth Of Ramadan Pharmaceutical Industries&Diagnostic-Rameda,Equity,0.6761904954910278,0.6202974915504456,23.5,30.0,0.8285714285714286,-0.055893003940582275
2024-12,validation,TMGH.CA,T M G Holding,Equity,0.43809524178504944,0.4982757568359375,15.5,16.0,0.42857142857142855,0.06018051505088806
2024-12,validation,VLMR.CA,Valmore Holding,Equity,0.10476190596818924,0.4053886830806732,4.0,6.0,0.14285714285714285,0.300626777112484
2024-12,validation,VLMRA.CA,Valmore Holding-EGP,Equity,0.3333333432674408,0.4770389199256897,12.0,11.0,0.2857142857142857,0.1437055766582489
2025-01,validation,ABUK.CA,Abou Kir Fertilizers,Equity,0.32380953431129456,0.47289803624153137,10.0,13.0,0.34285714285714286,0.14908850193023682
2025-01,validation,ADIB.CA,Abu Dhabi Islamic Bank- Egypt,Equity,0.43809524178504944,0.4275529682636261,16.0,9.0,0.22857142857142856,-0.01054227352142334
2025-01,validation,AMOC.CA,Alexandria Mineral Oils Company,Equity,0.4095238149166107,0.49128639698028564,14.0,15.0,0.4,0.08176258206367493
2025-01,validation,ARCC.CA,Arabian Cement Company,Equity,1.0,0.5885949730873108,36.0,28.0,0.7714285714285715,-0.4114050269126892
2025-01,validation,BTFH.CA,Beltone Holding,Equity,0.5333333611488342,0.5906572937965393,21.0,29.0,0.8,0.05732393264770508
2025-01,validation,Bonds,5-Year Government Bonds,Bonds,0.03809523954987526,0.32951125502586365,2.0,1.0,0.0,0.2914160154759884
2025-01,validation,CCAP.CA,QALA For Financial Investments,Equity,0.5809524059295654,0.5813176035881042,23.0,26.0,0.7142857142857143,0.00036519765853881836
2025-01,validation,COMI.CA,Commercial International Bank-Egypt (CIB),Equity,0.2857142984867096,0.3827875852584839,8.0,4.0,0.08571428571428572,0.09707328677177429
2025-01,validation,EAST.CA,Eastern Company,Equity,0.41904762387275696,0.49546587467193604,15.0,18.0,0.4857142857142857,0.07641825079917908
2025-01,validation,EFID.CA,Edita Food Industries S.A.E,Equity,0.21904762089252472,0.5125904083251953,7.0,19.0,0.5142857142857142,0.2935427874326706
2025-01,validation,EFIH.CA,E-finance For Digital and Financial Investments,Equity,0.523809552192688,0.5385920405387878,19.5,22.0,0.6,0.014782488346099854
2025-01,validation,EGAL.CA,Egypt Aluminum,Equity,0.6761904954910278,0.4780828356742859,26.0,14.0,0.37142857142857144,-0.19810765981674194
2025-01,validation,EGCH.CA,Egyptian Chemical Industries (Kima),Equity,0.561904788017273,0.4664425253868103,22.0,12.0,0.3142857142857143,-0.09546226263046265
2025-01,validation,EGX30,EGX30 Index,EquityIndex,0.17142857611179352,0.3440002202987671,5.0,2.0,0.02857142857142857,0.17257164418697357
2025-01,validation,EMFD.CA,Emaar Misr for Development,Equity,0.723809540271759,0.5474277138710022,27.5,23.0,0.6285714285714286,-0.17638182640075684
2025-01,validation,ETEL.CA,Telecom Egypt,Equity,0.190476194024086,0.4098811447620392,6.0,8.0,0.2,0.21940495073795319
2025-01,validation,FWRY.CA,Fawry For Banking Technology And Electronic Payment,Equity,0.4571428596973419,0.5373604893684387,17.5,21.0,0.5714285714285714,0.0802176296710968
2025-01,validation,GBCO.CA,GB Corp,Equity,0.523809552192688,0.5749871134757996,19.5,25.0,0.6857142857142857,0.05117756128311157
2025-01,validation,Gold,24K Gold (EGP),Gold,0.0476190485060215,0.36348187923431396,3.0,3.0,0.05714285714285714,0.31586283072829247
2025-01,validation,HELI.CA,Heliopolis Housing,Equity,0.37142857909202576,0.49372145533561707,12.0,17.0,0.45714285714285713,0.12229287624359131
2025-01,validation,HRHO.CA,EFG Holding,Equity,0.4571428596973419,0.530548095703125,17.5,20.0,0.5428571428571428,0.07340523600578308
2025-01,validation,ISPH.CA,Ibnsina Pharma,Equity,0.9428571462631226,0.6538766026496887,35.0,36.0,1.0,-0.28898054361343384
2025-01,validation,JUFO.CA,Juhayna Food Industries,Equity,0.3619047701358795,0.637677013874054,11.0,34.0,0.9428571428571428,0.27577224373817444
2025-01,validation,MCQE.CA,Misr Cement (Qena),Equity,0.8380952477455139,0.6255671381950378,31.5,33.0,0.9142857142857143,-0.21252810955047607
2025-01,validation,MoneyMarket,91-Day T-Bills,MoneyMarket,0.0,0.40271803736686707,1.0,7.0,0.17142857142857143,0.40271803736686707
2025-01,validation,OIH.CA,Orascom Investment Holding,Equity,0.7523809671401978,0.5607684254646301,29.0,24.0,0.6571428571428571,-0.19161254167556763
2025-01,validation,ORAS.CA,Orascom Construction PLC,Equity,0.6190476417541504,0.4554845988750458,24.0,10.0,0.2571428571428571,-0.16356304287910461
2025-01,validation,ORHD.CA,Orascom Development Egypt,Equity,0.723809540271759,0.6243392825126648,27.5,32.0,0.8857142857142857,-0.09947025775909424
2025-01,validation,ORWE.CA,Oriental Weavers,Equity,0.8857142925262451,0.5881531834602356,34.0,27.0,0.7428571428571429,-0.2975611090660095
2025-01,validation,PHDC.CA,Palm Hills Development Company,Equity,0.6380952596664429,0.6211404800415039,25.0,30.0,0.8285714285714286,-0.016954779624938965
2025-01,validation,RAYA.CA,Raya Holding For Financial Investments,Equity,0.8380952477455139,0.6440041065216064,31.5,35.0,0.9714285714285714,-0.19409114122390747
2025-01,validation,REIT,REIT Index,REIT,0.39047619700431824,0.39852017164230347,13.0,6.0,0.14285714285714285,0.00804397463798523
2025-01,validation,RMDA.CA,Tenth Of Ramadan Pharmaceutical Industries&Diagnostic-Rameda,Equity,0.7904762029647827,0.6223401427268982,30.0,31.0,0.8571428571428571,-0.16813606023788452
2025-01,validation,TMGH.CA,T M G Holding,Equity,0.8666666746139526,0.4929799437522888,33.0,16.0,0.42857142857142855,-0.3736867308616638
2025-01,validation,VLMR.CA,Valmore Holding,Equity,0.10476190596818924,0.3934219479560852,4.0,5.0,0.11428571428571428,0.28866004198789597
2025-01,validation,VLMRA.CA,Valmore Holding-EGP,Equity,0.29523810744285583,0.4654522240161896,9.0,11.0,0.2857142857142857,0.17021411657333374
2025-02,validation,ABUK.CA,Abou Kir Fertilizers,Equity,0.3142857253551483,0.4815227687358856,10.5,12.0,0.3142857142857143,0.1672370433807373
2025-02,validation,ADIB.CA,Abu Dhabi Islamic Bank- Egypt,Equity,0.3523809611797333,0.42882856726646423,12.0,9.0,0.22857142857142856,0.07644760608673096
2025-02,validation,AMOC.CA,Alexandria Mineral Oils Company,Equity,0.3047619163990021,0.49151328206062317,9.0,13.0,0.34285714285714286,0.1867513656616211
2025-02,validation,ARCC.CA,Arabian Cement Company,Equity,0.7904762029647827,0.6181921362876892,29.0,31.0,0.8571428571428571,-0.1722840666770935
2025-02,validation,BTFH.CA,Beltone Holding,Equity,1.0,0.5788686871528625,36.0,24.0,0.6571428571428571,-0.42113131284713745
2025-02,validation,Bonds,5-Year Government Bonds,Bonds,0.02857142873108387,0.3630013167858124,2.0,1.0,0.0,0.3344298880547285
2025-02,validation,CCAP.CA,QALA For Financial Investments,Equity,0.5428571701049805,0.6037697792053223,20.0,26.0,0.7142857142857143,0.0609126091003418
2025-02,validation,COMI.CA,Commercial International Bank-Egypt (CIB),Equity,0.3142857253551483,0.3792826533317566,10.5,4.0,0.08571428571428572,0.06499692797660828
2025-02,validation,EAST.CA,Eastern Company,Equity,0.4761904776096344,0.5047879219055176,17.5,14.0,0.37142857142857144,0.02859744429588318
2025-02,validation,EFID.CA,Edita Food Industries S.A.E,Equity,0.380952388048172,0.5213510990142822,14.5,19.0,0.5142857142857142,0.14039871096611023
2025-02,validation,EFIH.CA,E-finance For Digital and Financial Investments,Equity,0.7047619223594666,0.5134279727935791,27.0,16.0,0.42857142857142855,-0.19133394956588745
2025-02,validation,EGAL.CA,Egypt Aluminum,Equity,0.8380952477455139,0.5741567015647888,31.0,23.0,0.6285714285714286,-0.2639385461807251
2025-02,validation,EGCH.CA,Egyptian Chemical Industries (Kima),Equity,0.6857143044471741,0.5145236849784851,26.0,17.0,0.45714285714285713,-0.17119061946868896
2025-02,validation,EGX30,EGX30 Index,EquityIndex,0.07619047909975052,0.36649271845817566,3.5,2.0,0.02857142857142857,0.29030223935842514
2025-02,validation,EMFD.CA,Emaar Misr for Development,Equity,0.3619047701358795,0.5589632391929626,13.0,21.0,0.5714285714285714,0.19705846905708313
2025-02,validation,ETEL.CA,Telecom Egypt,Equity,0.17142857611179352,0.4221471846103668,7.0,8.0,0.2,0.2507186084985733
2025-02,validation,FWRY.CA,Fawry For Banking Technology And Electronic Payment,Equity,0.5523809790611267,0.5376715064048767,21.5,20.0,0.5428571428571428,-0.01470947265625
2025-02,validation,GBCO.CA,GB Corp,Equity,0.5714285969734192,0.5614930391311646,23.0,22.0,0.6,-0.009935557842254639
2025-02,validation,Gold,24K Gold (EGP),Gold,0.16190476715564728,0.36695361137390137,6.0,3.0,0.05714285714285714,0.2050488442182541
2025-02,validation,HELI.CA,Heliopolis Housing,Equity,0.6476190686225891,0.5791926980018616,24.0,25.0,0.6857142857142857,-0.06842637062072754
2025-02,validation,HRHO.CA,EFG Holding,Equity,0.523809552192688,0.509955883026123,19.0,15.0,0.4,-0.013853669166564941
2025-02,validation,ISPH.CA,Ibnsina Pharma,Equity,0.6571428775787354,0.6485075354576111,25.0,35.0,0.9714285714285714,-0.008635342121124268
2025-02,validation,JUFO.CA,Juhayna Food Industries,Equity,0.8571428656578064,0.6140255928039551,32.0,29.0,0.8,-0.24311727285385132
2025-02,validation,MCQE.CA,Misr Cement (Qena),Equity,0.9238095283508301,0.6521730422973633,34.0,36.0,1.0,-0.2716364860534668
2025-02,validation,MoneyMarket,91-Day T-Bills,MoneyMarket,0.0,0.4109077751636505,1.0,7.0,0.17142857142857143,0.4109077751636505
2025-02,validation,OIH.CA,Orascom Investment Holding,Equity,0.9333333373069763,0.6113847494125366,35.0,28.0,0.7714285714285715,-0.3219485878944397
2025-02,validation,ORAS.CA,Orascom Construction PLC,Equity,0.12380952388048172,0.4338528513908386,5.0,10.0,0.2571428571428571,0.3100433275103569
2025-02,validation,ORHD.CA,Orascom Development Egypt,Equity,0.5523809790611267,0.6148867011070251,21.5,30.0,0.8285714285714286,0.06250572204589844
2025-02,validation,ORWE.CA,Oriental Weavers,Equity,0.380952388048172,0.6246864795684814,14.5,32.0,0.8857142857142857,0.24373409152030945
2025-02,validation,PHDC.CA,Palm Hills Development Company,Equity,0.761904776096344,0.6107375025749207,28.0,27.0,0.7428571428571429,-0.15116727352142334
2025-02,validation,RAYA.CA,Raya Holding For Financial Investments,Equity,0.800000011920929,0.6269167065620422,30.0,33.0,0.9142857142857143,-0.17308330535888672
2025-02,validation,REIT,REIT Index,REIT,0.2857142984867096,0.4022659659385681,8.0,6.0,0.14285714285714285,0.11655166745185852
2025-02,validation,RMDA.CA,Tenth Of Ramadan Pharmaceutical Industries&Diagnostic-Rameda,Equity,0.9047619104385376,0.6449393630027771,33.0,34.0,0.9428571428571428,-0.2598225474357605
2025-02,validation,TMGH.CA,T M G Holding,Equity,0.46666666865348816,0.5184534192085266,16.0,18.0,0.4857142857142857,0.05178675055503845
2025-02,validation,VLMR.CA,Valmore Holding,Equity,0.07619047909975052,0.3827976584434509,3.5,5.0,0.11428571428571428,0.3066071793437004
2025-02,validation,VLMRA.CA,Valmore Holding-EGP,Equity,0.4761904776096344,0.44640135765075684,17.5,11.0,0.2857142857142857,-0.029789119958877563
2025-03,test,ABUK.CA,Abou Kir Fertilizers,Equity,0.7142857313156128,0.48076730966567993,27.0,11.0,0.2857142857142857,-0.23351842164993286
2025-03,test,ADIB.CA,Abu Dhabi Islamic Bank- Egypt,Equity,0.2571428716182709,0.48841819167137146,8.0,12.0,0.3142857142857143,0.23127532005310059
2025-03,test,AMOC.CA,Alexandria Mineral Oils Company,Equity,0.3619047701358795,0.49592137336730957,10.0,14.0,0.37142857142857144,0.13401660323143005
2025-03,test,ARCC.CA,Arabian Cement Company,Equity,0.8285714387893677,0.6412714719772339,31.5,32.0,0.8857142857142857,-0.1872999668121338
2025-03,test,BTFH.CA,Beltone Holding,Equity,0.8285714387893677,0.6358029842376709,31.5,31.0,0.8571428571428571,-0.19276845455169678
2025-03,test,Bonds,5-Year Government Bonds,Bonds,0.02857142873108387,0.37736886739730835,2.0,3.0,0.05714285714285714,0.3487974386662245
2025-03,test,CCAP.CA,QALA For Financial Investments,Equity,0.6857143044471741,0.5944111943244934,26.0,25.0,0.6857142857142857,-0.09130311012268066
2025-03,test,COMI.CA,Commercial International Bank-Egypt (CIB),Equity,0.17142857611179352,0.39794987440109253,7.0,6.0,0.14285714285714285,0.226521298289299
2025-03,test,EAST.CA,Eastern Company,Equity,0.5714285969734192,0.5227695107460022,23.5,16.0,0.42857142857142855,-0.04865908622741699
2025-03,test,EFID.CA,Edita Food Industries S.A.E,Equity,0.15238095819950104,0.4925976097583771,6.0,13.0,0.34285714285714286,0.34021665155887604
2025-03,test,EFIH.CA,E-finance For Digital and Financial Investments,Equity,0.5809524059295654,0.5387322902679443,25.0,19.0,0.5142857142857142,-0.042220115661621094
2025-03,test,EGAL.CA,Egypt Aluminum,Equity,0.8952381014823914,0.6052893996238708,34.5,26.0,0.7142857142857143,-0.2899487018585205
2025-03,test,EGCH.CA,Egyptian Chemical Industries (Kima),Equity,0.5047619342803955,0.5685084462165833,18.0,22.0,0.6,0.06374651193618774
2025-03,test,EGX30,EGX30 Index,EquityIndex,0.05714285746216774,0.37467536330223083,3.0,2.0,0.02857142857142857,0.3175325058400631
2025-03,test,EMFD.CA,Emaar Misr for Development,Equity,0.8952381014823914,0.540128231048584,34.5,20.0,0.5428571428571428,-0.3551098704338074
2025-03,test,ETEL.CA,Telecom Egypt,Equity,0.5428571701049805,0.4309501349925995,20.5,9.0,0.22857142857142856,-0.11190703511238098
2025-03,test,FWRY.CA,Fawry For Banking Technology And Electronic Payment,Equity,0.4000000059604645,0.5265496373176575,12.5,18.0,0.4857142857142857,0.126549631357193
2025-03,test,GBCO.CA,GB Corp,Equity,0.761904776096344,0.5624606013298035,28.5,21.0,0.5714285714285714,-0.19944417476654053
2025-03,test,Gold,24K Gold (EGP),Gold,0.10476190596818924,0.3920701742172241,4.0,5.0,0.11428571428571428,0.2873082682490349
2025-03,test,HELI.CA,Heliopolis Housing,Equity,0.4761904776096344,0.5750279426574707,15.5,23.0,0.6285714285714286,0.0988374650478363
2025-03,test,HRHO.CA,EFG Holding,Equity,0.4571428596973419,0.5261409282684326,14.0,17.0,0.45714285714285713,0.0689980685710907
2025-03,test,ISPH.CA,Ibnsina Pharma,Equity,0.5428571701049805,0.6426169872283936,20.5,33.0,0.9142857142857143,0.09975981712341309
2025-03,test,JUFO.CA,Juhayna Food Industries,Equity,0.9047619104385376,0.6146003007888794,36.0,28.0,0.7714285714285715,-0.2901616096496582
2025-03,test,MCQE.CA,Misr Cement (Qena),Equity,0.5714285969734192,0.631220281124115,23.5,30.0,0.8285714285714286,0.0597916841506958
2025-03,test,MoneyMarket,91-Day T-Bills,MoneyMarket,0.0,0.3552415370941162,1.0,1.0,0.0,0.3552415370941162
2025-03,test,OIH.CA,Orascom Investment Holding,Equity,0.4761904776096344,0.6245735287666321,15.5,29.0,0.8,0.14838305115699768
2025-03,test,ORAS.CA,Orascom Construction PLC,Equity,0.3047619163990021,0.4176521301269531,9.0,8.0,0.2,0.11289021372795105
2025-03,test,ORHD.CA,Orascom Development Egypt,Equity,0.7904762029647827,0.6482226848602295,30.0,35.0,0.9714285714285714,-0.14225351810455322
2025-03,test,ORWE.CA,Oriental Weavers,Equity,0.561904788017273,0.5872794985771179,22.0,24.0,0.6571428571428571,0.02537471055984497
2025-03,test,PHDC.CA,Palm Hills Development Company,Equity,0.761904776096344,0.6128062009811401,28.5,27.0,0.7428571428571429,-0.14909857511520386
2025-03,test,RAYA.CA,Raya Holding For Financial Investments,Equity,0.380952388048172,0.6448281407356262,11.0,34.0,0.9428571428571428,0.2638757526874542
2025-03,test,REIT,REIT Index,REIT,0.13333334028720856,0.4015745520591736,5.0,7.0,0.17142857142857143,0.268241211771965
2025-03,test,RMDA.CA,Tenth Of Ramadan Pharmaceutical Industries&Diagnostic-Rameda,Equity,0.8857142925262451,0.6562978029251099,33.0,36.0,1.0,-0.22941648960113525
2025-03,test,TMGH.CA,T M G Holding,Equity,0.4000000059604645,0.5205979943275452,12.5,15.0,0.4,0.12059798836708069
2025-03,test,VLMR.CA,Valmore Holding,Equity,0.5142857432365417,0.37999847531318665,19.0,4.0,0.08571428571428572,-0.1342872679233551
2025-03,test,VLMRA.CA,Valmore Holding-EGP,Equity,0.4952380955219269,0.4612731337547302,17.0,10.0,0.2571428571428571,-0.033964961767196655
2025-04,test,ABUK.CA,Abou Kir Fertilizers,Equity,0.48571428656578064,0.4853920638561249,20.0,14.0,0.37142857142857144,-0.0003222227096557617
2025-04,test,ADIB.CA,Abu Dhabi Islamic Bank- Egypt,Equity,0.37142857909202576,0.46230289340019226,11.5,12.0,0.3142857142857143,0.0908743143081665
2025-04,test,AMOC.CA,Alexandria Mineral Oils Company,Equity,0.4285714328289032,0.4624977707862854,15.5,13.0,0.34285714285714286,0.0339263379573822
2025-04,test,ARCC.CA,Arabian Cement Company,Equity,0.9809523820877075,0.6532520055770874,36.0,36.0,1.0,-0.3277003765106201
2025-04,test,BTFH.CA,Beltone Holding,Equity,0.37142857909202576,0.6140558123588562,11.5,30.0,0.8285714285714286,0.24262723326683044
2025-04,test,Bonds,5-Year Government Bonds,Bonds,0.0476190485060215,0.3815385699272156,3.0,4.0,0.08571428571428572,0.3339195214211941
2025-04,test,CCAP.CA,QALA For Financial Investments,Equity,0.9047619104385376,0.579918384552002,35.0,25.0,0.6857142857142857,-0.32484352588653564
2025-04,test,COMI.CA,Commercial International Bank-Egypt (CIB),Equity,0.39047619700431824,0.39817237854003906,13.0,5.0,0.11428571428571428,0.007696181535720825
2025-04,test,EAST.CA,Eastern Company,Equity,0.3619047701358795,0.5177755355834961,9.5,17.0,0.45714285714285713,0.15587076544761658
2025-04,test,EFID.CA,Edita Food Industries S.A.E,Equity,0.03809523954987526,0.4496573507785797,2.0,10.0,0.2571428571428571,0.41156211122870445
2025-04,test,EFIH.CA,E-finance For Digital and Financial Investments,Equity,0.4285714328289032,0.5157491564750671,15.5,16.0,0.42857142857142855,0.08717772364616394
2025-04,test,EGAL.CA,Egypt Aluminum,Equity,0.6571428775787354,0.6379456520080566,25.0,33.0,0.9142857142857143,-0.01919722557067871
2025-04,test,EGCH.CA,Egyptian Chemical Industries (Kima),Equity,0.7523809671401978,0.5383091568946838,29.0,20.0,0.5428571428571428,-0.21407181024551392
2025-04,test,EGX30,EGX30 Index,EquityIndex,0.190476194024086,0.37522995471954346,4.0,2.0,0.02857142857142857,0.18475376069545746
2025-04,test,EMFD.CA,Emaar Misr for Development,Equity,0.2380952388048172,0.5772076845169067,7.0,24.0,0.6571428571428571,0.33911244571208954
2025-04,test,ETEL.CA,Telecom Egypt,Equity,0.20000000298023224,0.4201708734035492,5.0,8.0,0.2,0.22017087042331696
2025-04,test,FWRY.CA,Fawry For Banking Technology And Electronic Payment,Equity,0.8761904835700989,0.5267763137817383,32.0,19.0,0.5142857142857142,-0.3494141697883606
2025-04,test,GBCO.CA,GB Corp,Equity,0.5333333611488342,0.5686614513397217,22.0,22.0,0.6,0.03532809019088745
2025-04,test,Gold,24K Gold (EGP),Gold,0.21904762089252472,0.4020557105541229,6.0,6.0,0.14285714285714285,0.1830080896615982
2025-04,test,HELI.CA,Heliopolis Housing,Equity,0.4571428596973419,0.5853716135025024,18.5,26.0,0.7142857142857143,0.12822875380516052
2025-04,test,HRHO.CA,EFG Holding,Equity,0.5714285969734192,0.5205202102661133,23.0,18.0,0.4857142857142857,-0.05090838670730591
2025-04,test,ISPH.CA,Ibnsina Pharma,Equity,0.6476190686225891,0.6437342166900635,24.0,34.0,0.9428571428571428,-0.0038848519325256348
2025-04,test,JUFO.CA,Juhayna Food Industries,Equity,0.6857143044471741,0.5759435296058655,28.0,23.0,0.6285714285714286,-0.1097707748413086
2025-04,test,MCQE.CA,Misr Cement (Qena),Equity,0.4571428596973419,0.6287111639976501,18.5,31.0,0.8571428571428571,0.17156830430030823
2025-04,test,MoneyMarket,91-Day T-Bills,MoneyMarket,0.0,0.3406570553779602,1.0,1.0,0.0,0.3406570553779602
2025-04,test,OIH.CA,Orascom Investment Holding,Equity,0.8952381014823914,0.6128758192062378,33.5,29.0,0.8,-0.28236228227615356
2025-04,test,ORAS.CA,Orascom Construction PLC,Equity,0.3142857253551483,0.4345237612724304,8.0,9.0,0.22857142857142856,0.1202380359172821
2025-04,test,ORHD.CA,Orascom Development Egypt,Equity,0.8952381014823914,0.6325514316558838,33.5,32.0,0.8857142857142857,-0.26268666982650757
2025-04,test,ORWE.CA,Oriental Weavers,Equity,0.761904776096344,0.5594190359115601,30.0,21.0,0.5714285714285714,-0.20248574018478394
2025-04,test,PHDC.CA,Palm Hills Development Company,Equity,0.7809523940086365,0.5861069560050964,31.0,27.0,0.7428571428571429,-0.19484543800354004
2025-04,test,RAYA.CA,Raya Holding For Financial Investments,Equity,0.4000000059604645,0.6035690307617188,14.0,28.0,0.7714285714285715,0.20356902480125427
2025-04,test,REIT,REIT Index,REIT,0.4476190507411957,0.4092799425125122,17.0,7.0,0.17142857142857143,-0.03833910822868347
2025-04,test,RMDA.CA,Tenth Of Ramadan Pharmaceutical Industries&Diagnostic-Rameda,Equity,0.6761904954910278,0.6452324986457825,26.5,35.0,0.9714285714285714,-0.03095799684524536
2025-04,test,TMGH.CA,T M G Holding,Equity,0.6761904954910278,0.5136796832084656,26.5,15.0,0.4,-0.16251081228256226
2025-04,test,VLMR.CA,Valmore Holding,Equity,0.3619047701358795,0.37673965096473694,9.5,3.0,0.05714285714285714,0.014834880828857422
2025-04,test,VLMRA.CA,Valmore Holding-EGP,Equity,0.4952380955219269,0.45588448643684387,21.0,11.0,0.2857142857142857,-0.03935360908508301
2025-05,test,ABUK.CA,Abou Kir Fertilizers,Equity,0.6666666865348816,0.4881100654602051,26.0,14.0,0.37142857142857144,-0.1785566210746765
2025-05,test,ADIB.CA,Abu Dhabi Islamic Bank- Egypt,Equity,0.5904762148857117,0.4735991656780243,22.0,13.0,0.34285714285714286,-0.11687704920768738
2025-05,test,AMOC.CA,Alexandria Mineral Oils Company,Equity,0.190476194024086,0.44073107838630676,7.0,11.0,0.2857142857142857,0.25025488436222076
2025-05,test,ARCC.CA,Arabian Cement Company,Equity,0.5523809790611267,0.6559256911277771,20.5,36.0,1.0,0.10354471206665039
2025-05,test,BTFH.CA,Beltone Holding,Equity,0.6857143044471741,0.6231949329376221,27.0,31.0,0.8571428571428571,-0.062519371509552
2025-05,test,Bonds,5-Year Government Bonds,Bonds,0.02857142873108387,0.34403032064437866,2.0,2.0,0.02857142857142857,0.3154588919132948
2025-05,test,CCAP.CA,QALA For Financial Investments,Equity,0.8095238208770752,0.5771105885505676,30.0,22.0,0.6,-0.23241323232650757
2025-05,test,COMI.CA,Commercial International Bank-Egypt (CIB),Equity,0.2571428716182709,0.4115055799484253,8.0,8.0,0.2,0.15436270833015442
2025-05,test,EAST.CA,Eastern Company,Equity,0.6190476417541504,0.5308252573013306,25.0,16.0,0.42857142857142855,-0.08822238445281982
2025-05,test,EFID.CA,Edita Food Industries S.A.E,Equity,0.18095238506793976,0.40222445130348206,6.0,6.0,0.14285714285714285,0.2212720662355423
2025-05,test,EFIH.CA,E-finance For Digital and Financial Investments,Equity,1.0,0.5439131259918213,36.0,19.0,0.5142857142857142,-0.4560868740081787
2025-05,test,EGAL.CA,Egypt Aluminum,Equity,0.8476190567016602,0.6269386410713196,32.0,32.0,0.8857142857142857,-0.22068041563034058
2025-05,test,EGCH.CA,Egyptian Chemical Industries (Kima),Equity,0.523809552192688,0.5665639042854309,18.5,20.0,0.5428571428571428,0.04275435209274292
2025-05,test,EGX30,EGX30 Index,EquityIndex,0.13333334028720856,0.3801073133945465,4.0,3.0,0.05714285714285714,0.24677397310733795
2025-05,test,EMFD.CA,Emaar Misr for Development,Equity,0.3523809611797333,0.5800476670265198,10.0,24.0,0.6571428571428571,0.2276667058467865
2025-05,test,ETEL.CA,Telecom Egypt,Equity,0.4952380955219269,0.39267560839653015,17.0,5.0,0.11428571428571428,-0.10256248712539673
2025-05,test,FWRY.CA,Fawry For Banking Technology And Electronic Payment,Equity,0.8857142925262451,0.5781102180480957,35.0,23.0,0.6285714285714286,-0.3076040744781494
2025-05,test,GBCO.CA,GB Corp,Equity,0.8571428656578064,0.5939095616340637,33.5,26.0,0.7142857142857143,-0.2632333040237427
2025-05,test,Gold,24K Gold (EGP),Gold,0.6000000238418579,0.43840354681015015,23.5,10.0,0.2571428571428571,-0.16159647703170776
2025-05,test,HELI.CA,Heliopolis Housing,Equity,0.29523810744285583,0.57138991355896,9.0,21.0,0.5714285714285714,0.2761518061161041
2025-05,test,HRHO.CA,EFG Holding,Equity,0.4095238149166107,0.5382145643234253,13.5,18.0,0.4857142857142857,0.12869074940681458
2025-05,test,ISPH.CA,Ibnsina Pharma,Equity,0.6952381134033203,0.6157779097557068,28.5,30.0,0.8285714285714286,-0.07946020364761353
2025-05,test,JUFO.CA,Juhayna Food Industries,Equity,0.8571428656578064,0.5882396101951599,33.5,25.0,0.6857142857142857,-0.2689032554626465
2025-05,test,MCQE.CA,Misr Cement (Qena),Equity,0.5523809790611267,0.6096394062042236,20.5,28.0,0.7714285714285715,0.057258427143096924
2025-05,test,MoneyMarket,91-Day T-Bills,MoneyMarket,0.0,0.32735294103622437,1.0,1.0,0.0,0.32735294103622437
2025-05,test,OIH.CA,Orascom Investment Holding,Equity,0.37142857909202576,0.6146484613418579,12.0,29.0,0.8,0.24321988224983215
2025-05,test,ORAS.CA,Orascom Construction PLC,Equity,0.3619047701358795,0.4133118689060211,11.0,9.0,0.22857142857142856,0.0514070987701416
2025-05,test,ORHD.CA,Orascom Development Egypt,Equity,0.6952381134033203,0.6485946774482727,28.5,35.0,0.9714285714285714,-0.04664343595504761
2025-05,test,ORWE.CA,Oriental Weavers,Equity,0.4285714328289032,0.5324743390083313,15.0,17.0,0.45714285714285713,0.1039029061794281
2025-05,test,PHDC.CA,Palm Hills Development Company,Equity,0.6000000238418579,0.6032044291496277,23.5,27.0,0.7428571428571429,0.0032044053077697754
2025-05,test,RAYA.CA,Raya Holding For Financial Investments,Equity,0.8380952477455139,0.6317237019538879,31.0,33.0,0.9142857142857143,-0.20637154579162598
2025-05,test,REIT,REIT Index,REIT,0.15238095819950104,0.4110304117202759,5.0,7.0,0.17142857142857143,0.25864945352077484
2025-05,test,RMDA.CA,Tenth Of Ramadan Pharmaceutical Industries&Diagnostic-Rameda,Equity,0.4571428596973419,0.6455801725387573,16.0,34.0,0.9428571428571428,0.1884373128414154
2025-05,test,TMGH.CA,T M G Holding,Equity,0.4095238149166107,0.4893976151943207,13.5,15.0,0.4,0.07987380027770996
2025-05,test,VLMR.CA,Valmore Holding,Equity,0.07619047909975052,0.3883396089076996,3.0,4.0,0.08571428571428572,0.31214912980794907
2025-05,test,VLMRA.CA,Valmore Holding-EGP,Equity,0.523809552192688,0.4599892199039459,18.5,12.0,0.3142857142857143,-0.06382033228874207
2025-06,test,ABUK.CA,Abou Kir Fertilizers,Equity,0.3333333432674408,0.5109871029853821,11.0,18.0,0.4857142857142857,0.17765375971794128
2025-06,test,ADIB.CA,Abu Dhabi Islamic Bank- Egypt,Equity,0.7047619223594666,0.46561121940612793,28.0,13.0,0.34285714285714286,-0.23915070295333862
2025-06,test,AMOC.CA,Alexandria Mineral Oils Company,Equity,0.2571428716182709,0.3955073356628418,10.0,6.0,0.14285714285714285,0.13836446404457092
2025-06,test,ARCC.CA,Arabian Cement Company,Equity,0.6285714507102966,0.6325548887252808,24.0,36.0,1.0,0.003983438014984131
2025-06,test,BTFH.CA,Beltone Holding,Equity,0.5142857432365417,0.6310064196586609,17.0,35.0,0.9714285714285714,0.11672067642211914
2025-06,test,Bonds,5-Year Government Bonds,Bonds,0.02857142873108387,0.3328176736831665,2.0,2.0,0.02857142857142857,0.30424624495208263
2025-06,test,CCAP.CA,QALA For Financial Investments,Equity,0.8285714387893677,0.5617162585258484,30.0,21.0,0.5714285714285714,-0.2668551802635193
2025-06,test,COMI.CA,Commercial International Bank-Egypt (CIB),Equity,0.21904762089252472,0.3834439516067505,7.0,4.0,0.08571428571428572,0.16439633071422577
2025-06,test,EAST.CA,Eastern Company,Equity,0.6380952596664429,0.4869781732559204,25.0,15.0,0.4,-0.15111708641052246
2025-06,test,EFID.CA,Edita Food Industries S.A.E,Equity,0.22857142984867096,0.3922210931777954,8.0,5.0,0.11428571428571428,0.16364966332912445
2025-06,test,EFIH.CA,E-finance For Digital and Financial Investments,Equity,0.6857143044471741,0.5863713026046753,27.0,24.0,0.6571428571428571,-0.09934300184249878
2025-06,test,EGAL.CA,Egypt Aluminum,Equity,0.34285715222358704,0.6203432679176331,12.0,34.0,0.9428571428571428,0.277486115694046
2025-06,test,EGCH.CA,Egyptian Chemical Industries (Kima),Equity,0.5904762148857117,0.5030736327171326,22.5,17.0,0.45714285714285713,-0.0874025821685791
2025-06,test,EGX30,EGX30 Index,EquityIndex,0.2380952388048172,0.36675718426704407,9.0,3.0,0.05714285714285714,0.12866194546222687
2025-06,test,EMFD.CA,Emaar Misr for Development,Equity,0.5523809790611267,0.5815929174423218,21.0,22.0,0.6,0.02921193838119507
2025-06,test,ETEL.CA,Telecom Egypt,Equity,0.095238097012043,0.4438716471195221,4.0,10.0,0.2571428571428571,0.3486335501074791
2025-06,test,FWRY.CA,Fawry For Banking Technology And Electronic Payment,Equity,0.39047619700431824,0.5922982692718506,14.0,27.0,0.7428571428571429,0.20182207226753235
2025-06,test,GBCO.CA,GB Corp,Equity,0.7904762029647827,0.6047104001045227,29.0,29.0,0.8,-0.18576580286026
2025-06,test,Gold,24K Gold (EGP),Gold,0.07619047909975052,0.44611504673957825,3.0,11.0,0.2857142857142857,0.36992456763982773
2025-06,test,HELI.CA,Heliopolis Housing,Equity,0.9238095283508301,0.5457941889762878,34.5,20.0,0.5428571428571428,-0.37801533937454224
2025-06,test,HRHO.CA,EFG Holding,Equity,0.9809523820877075,0.5285896062850952,36.0,19.0,0.5142857142857142,-0.4523627758026123
2025-06,test,ISPH.CA,Ibnsina Pharma,Equity,0.523809552192688,0.6120177507400513,19.0,31.0,0.8571428571428571,0.08820819854736328
2025-06,test,JUFO.CA,Juhayna Food Industries,Equity,0.4571428596973419,0.5857901573181152,16.0,23.0,0.6285714285714286,0.12864729762077332
2025-06,test,MCQE.CA,Misr Cement (Qena),Equity,0.8761904835700989,0.5922072529792786,33.0,26.0,0.7142857142857143,-0.2839832305908203
2025-06,test,MoneyMarket,91-Day T-Bills,MoneyMarket,0.0,0.3152766525745392,1.0,1.0,0.0,0.3152766525745392
2025-06,test,OIH.CA,Orascom Investment Holding,Equity,0.8666666746139526,0.5932719707489014,32.0,28.0,0.7714285714285715,-0.27339470386505127
2025-06,test,ORAS.CA,Orascom Construction PLC,Equity,0.20952381193637848,0.4031427204608917,6.0,8.0,0.2,0.19361890852451324
2025-06,test,ORHD.CA,Orascom Development Egypt,Equity,0.9238095283508301,0.6148393154144287,34.5,32.0,0.8857142857142857,-0.30897021293640137
2025-06,test,ORWE.CA,Oriental Weavers,Equity,0.5904762148857117,0.4992322325706482,22.5,16.0,0.42857142857142855,-0.09124398231506348
2025-06,test,PHDC.CA,Palm Hills Development Company,Equity,0.43809524178504944,0.5893300175666809,15.0,25.0,0.6857142857142857,0.15123477578163147
2025-06,test,RAYA.CA,Raya Holding For Financial Investments,Equity,0.8476190567016602,0.6075941324234009,31.0,30.0,0.8285714285714286,-0.24002492427825928
2025-06,test,REIT,REIT Index,REIT,0.523809552192688,0.40754738450050354,19.0,9.0,0.22857142857142856,-0.11626216769218445
2025-06,test,RMDA.CA,Tenth Of Ramadan Pharmaceutical Industries&Diagnostic-Rameda,Equity,0.523809552192688,0.617627739906311,19.0,33.0,0.9142857142857143,0.09381818771362305
2025-06,test,TMGH.CA,T M G Holding,Equity,0.6571428775787354,0.4682084023952484,26.0,14.0,0.37142857142857144,-0.18893447518348694
2025-06,test,VLMR.CA,Valmore Holding,Equity,0.13333334028720856,0.3983173370361328,5.0,7.0,0.17142857142857143,0.26498399674892426
2025-06,test,VLMRA.CA,Valmore Holding-EGP,Equity,0.380952388048172,0.4633978605270386,13.0,12.0,0.3142857142857143,0.08244547247886658
2025-07,test,ABUK.CA,Abou Kir Fertilizers,Equity,0.380952388048172,0.49769362807273865,12.0,14.0,0.37142857142857144,0.11674124002456665
2025-07,test,ADIB.CA,Abu Dhabi Islamic Bank- Egypt,Equity,0.46666666865348816,0.530388593673706,16.0,18.0,0.4857142857142857,0.0637219250202179
2025-07,test,AMOC.CA,Alexandria Mineral Oils Company,Equity,0.5142857432365417,0.4121003746986389,18.0,6.0,0.14285714285714285,-0.10218536853790283
2025-07,test,ARCC.CA,Arabian Cement Company,Equity,0.8476190567016602,0.635120689868927,34.0,34.0,0.9428571428571428,-0.21249836683273315
2025-07,test,BTFH.CA,Beltone Holding,Equity,0.9238095283508301,0.6281332969665527,35.0,32.0,0.8857142857142857,-0.29567623138427734
2025-07,test,Bonds,5-Year Government Bonds,Bonds,0.06666667014360428,0.3408883512020111,2.5,2.0,0.02857142857142857,0.27422168105840683
2025-07,test,CCAP.CA,QALA For Financial Investments,Equity,0.7809523940086365,0.5955806374549866,29.0,27.0,0.7428571428571429,-0.1853717565536499
2025-07,test,COMI.CA,Commercial International Bank-Egypt (CIB),Equity,0.12380952388048172,0.3978118598461151,5.0,4.0,0.08571428571428572,0.2740023359656334
2025-07,test,EAST.CA,Eastern Company,Equity,0.4476190507411957,0.5158669948577881,15.0,15.0,0.4,0.06824794411659241
2025-07,test,EFID.CA,Edita Food Industries S.A.E,Equity,0.5428571701049805,0.42728427052497864,22.0,8.0,0.2,-0.11557289958000183
2025-07,test,EFIH.CA,E-finance For Digital and Financial Investments,Equity,0.5333333611488342,0.5469061136245728,20.5,19.0,0.5142857142857142,0.013572752475738525
2025-07,test,EGAL.CA,Egypt Aluminum,Equity,0.5047619342803955,0.5911637544631958,17.0,25.0,0.6857142857142857,0.08640182018280029
2025-07,test,EGCH.CA,Egyptian Chemical Industries (Kima),Equity,0.8285714387893677,0.5239764451980591,32.0,17.0,0.45714285714285713,-0.3045949935913086
2025-07,test,EGX30,EGX30 Index,EquityIndex,0.08571428805589676,0.3851735293865204,4.0,3.0,0.05714285714285714,0.2994592413306236
2025-07,test,EMFD.CA,Emaar Misr for Development,Equity,0.5333333611488342,0.5531391501426697,20.5,20.0,0.5428571428571428,0.01980578899383545
2025-07,test,ETEL.CA,Telecom Egypt,Equity,0.5809524059295654,0.45894309878349304,24.0,11.0,0.2857142857142857,-0.12200930714607239
2025-07,test,FWRY.CA,Fawry For Banking Technology And Electronic Payment,Equity,0.723809540271759,0.6149449348449707,27.0,29.0,0.8,-0.10886460542678833
2025-07,test,GBCO.CA,GB Corp,Equity,0.7523809671401978,0.6205061674118042,28.0,30.0,0.8285714285714286,-0.13187479972839355
2025-07,test,Gold,24K Gold (EGP),Gold,0.20000000298023224,0.4473351240158081,6.0,10.0,0.2571428571428571,0.24733512103557587
2025-07,test,HELI.CA,Heliopolis Housing,Equity,0.4095238149166107,0.5787845253944397,13.0,22.0,0.6,0.16926071047782898
2025-07,test,HRHO.CA,EFG Holding,Equity,0.6380952596664429,0.5855438113212585,25.0,24.0,0.6571428571428571,-0.052551448345184326
2025-07,test,ISPH.CA,Ibnsina Pharma,Equity,0.3523809611797333,0.5984640121459961,11.0,28.0,0.7714285714285715,0.24608305096626282
2025-07,test,JUFO.CA,Juhayna Food Industries,Equity,0.22857142984867096,0.5673494935035706,7.0,21.0,0.5714285714285714,0.3387780636548996
2025-07,test,MCQE.CA,Misr Cement (Qena),Equity,0.8285714387893677,0.6323102712631226,32.0,33.0,0.9142857142857143,-0.19626116752624512
2025-07,test,MoneyMarket,91-Day T-Bills,MoneyMarket,0.0,0.325862854719162,1.0,1.0,0.0,0.325862854719162
2025-07,test,OIH.CA,Orascom Investment Holding,Equity,0.9904761910438538,0.6559881567955017,36.0,36.0,1.0,-0.33448803424835205
2025-07,test,ORAS.CA,Orascom Construction PLC,Equity,0.2666666805744171,0.44330868124961853,8.0,9.0,0.22857142857142856,0.17664200067520142
2025-07,test,ORHD.CA,Orascom Development Egypt,Equity,0.43809524178504944,0.6256750822067261,14.0,31.0,0.8571428571428571,0.18757984042167664
2025-07,test,ORWE.CA,Oriental Weavers,Equity,0.3047619163990021,0.5201447606086731,10.0,16.0,0.42857142857142855,0.21538284420967102
2025-07,test,PHDC.CA,Palm Hills Development Company,Equity,0.8285714387893677,0.5928225517272949,32.0,26.0,0.7142857142857143,-0.23574888706207275
2025-07,test,RAYA.CA,Raya Holding For Financial Investments,Equity,0.7904762029647827,0.6376883387565613,30.0,35.0,0.9714285714285714,-0.15278786420822144
2025-07,test,REIT,REIT Index,REIT,0.27619048953056335,0.42607372999191284,9.0,7.0,0.17142857142857143,0.1498832404613495
2025-07,test,RMDA.CA,Tenth Of Ramadan Pharmaceutical Industries&Diagnostic-Rameda,Equity,0.5714285969734192,0.5796061158180237,23.0,23.0,0.6285714285714286,0.008177518844604492
2025-07,test,TMGH.CA,T M G Holding,Equity,0.523809552192688,0.486362487077713,19.0,13.0,0.34285714285714286,-0.037447065114974976
2025-07,test,VLMR.CA,Valmore Holding,Equity,0.06666667014360428,0.40552031993865967,2.5,5.0,0.11428571428571428,0.3388536497950554
2025-07,test,VLMRA.CA,Valmore Holding-EGP,Equity,0.6476190686225891,0.47213301062583923,26.0,12.0,0.3142857142857143,-0.17548605799674988
2025-08,test,ABUK.CA,Abou Kir Fertilizers,Equity,0.29523810744285583,0.49984627962112427,11.0,15.0,0.4,0.20460817217826843
2025-08,test,ADIB.CA,Abu Dhabi Islamic Bank- Egypt,Equity,0.723809540271759,0.5298806428909302,29.0,19.0,0.5142857142857142,-0.19392889738082886
2025-08,test,AMOC.CA,Alexandria Mineral Oils Company,Equity,0.12380952388048172,0.4233499765396118,5.0,7.0,0.17142857142857143,0.2995404526591301
2025-08,test,ARCC.CA,Arabian Cement Company,Equity,0.9428571462631226,0.6229177117347717,34.0,30.0,0.8285714285714286,-0.31993943452835083
2025-08,test,BTFH.CA,Beltone Holding,Equity,0.7047619223594666,0.6535512208938599,27.0,35.0,0.9714285714285714,-0.05121070146560669
2025-08,test,Bonds,5-Year Government Bonds,Bonds,0.02857142873108387,0.34545791149139404,2.0,2.0,0.02857142857142857,0.3168864827603102
2025-08,test,CCAP.CA,QALA For Financial Investments,Equity,0.9523809552192688,0.6128383874893188,35.0,29.0,0.8,-0.33954256772994995
2025-08,test,COMI.CA,Commercial International Bank-Egypt (CIB),Equity,0.380952388048172,0.40844231843948364,15.0,5.0,0.11428571428571428,0.027489930391311646
2025-08,test,EAST.CA,Eastern Company,Equity,0.6285714507102966,0.5216124653816223,22.0,16.0,0.42857142857142855,-0.10695898532867432
2025-08,test,EFID.CA,Edita Food Industries S.A.E,Equity,0.723809540271759,0.49281561374664307,29.0,14.0,0.37142857142857144,-0.23099392652511597
2025-08,test,EFIH.CA,E-finance For Digital and Financial Investments,Equity,0.6095238327980042,0.6100841164588928,20.0,28.0,0.7714285714285715,0.0005602836608886719
2025-08,test,EGAL.CA,Egypt Aluminum,Equity,0.5047619342803955,0.5925588607788086,18.0,26.0,0.7142857142857143,0.08779692649841309
2025-08,test,EGCH.CA,Egyptian Chemical Industries (Kima),Equity,0.8666666746139526,0.5810369849205017,32.0,25.0,0.6857142857142857,-0.2856296896934509
2025-08,test,EGX30,EGX30 Index,EquityIndex,0.1428571492433548,0.3922475576400757,6.0,3.0,0.05714285714285714,0.2493904083967209
2025-08,test,EMFD.CA,Emaar Misr for Development,Equity,0.6666666865348816,0.5221962332725525,25.0,17.0,0.45714285714285713,-0.1444704532623291
2025-08,test,ETEL.CA,Telecom Egypt,Equity,0.27619048953056335,0.4839576184749603,10.0,13.0,0.34285714285714286,0.20776712894439697
2025-08,test,FWRY.CA,Fawry For Banking Technology And Electronic Payment,Equity,0.4285714328289032,0.6260655522346497,17.0,32.0,0.8857142857142857,0.19749411940574646
2025-08,test,GBCO.CA,GB Corp,Equity,0.6000000238418579,0.6230872869491577,19.0,31.0,0.8571428571428571,0.023087263107299805
2025-08,test,Gold,24K Gold (EGP),Gold,0.07619047909975052,0.4426153004169464,3.0,8.0,0.2,0.3664248213171959
2025-08,test,HELI.CA,Heliopolis Housing,Equity,0.2666666805744171,0.5283430814743042,9.0,18.0,0.4857142857142857,0.2616764008998871
2025-08,test,HRHO.CA,EFG Holding,Equity,0.3523809611797333,0.5370631814002991,13.0,20.0,0.5428571428571428,0.1846822202205658
2025-08,test,ISPH.CA,Ibnsina Pharma,Equity,0.723809540271759,0.5785991549491882,29.0,22.0,0.6,-0.1452103853225708
2025-08,test,JUFO.CA,Juhayna Food Industries,Equity,0.8190476298332214,0.5484742522239685,31.0,21.0,0.5714285714285714,-0.27057337760925293
2025-08,test,MCQE.CA,Misr Cement (Qena),Equity,0.9904761910438538,0.6425274014472961,36.0,34.0,0.9428571428571428,-0.3479487895965576
2025-08,test,MoneyMarket,91-Day T-Bills,MoneyMarket,0.0,0.326476514339447,1.0,1.0,0.0,0.326476514339447
2025-08,test,OIH.CA,Orascom Investment Holding,Equity,0.8952381014823914,0.6538980007171631,33.0,36.0,1.0,-0.24134010076522827
2025-08,test,ORAS.CA,Orascom Construction PLC,Equity,0.3619047701358795,0.47849178314208984,14.0,12.0,0.3142857142857143,0.11658701300621033
2025-08,test,ORHD.CA,Orascom Development Egypt,Equity,0.6571428775787354,0.5976549983024597,24.0,27.0,0.7428571428571429,-0.059487879276275635
2025-08,test,ORWE.CA,Oriental Weavers,Equity,0.20952381193637848,0.4753898084163666,7.0,10.0,0.2571428571428571,0.2658659964799881
2025-08,test,PHDC.CA,Palm Hills Development Company,Equity,0.6857143044471741,0.581032931804657,26.0,24.0,0.6571428571428571,-0.10468137264251709
2025-08,test,RAYA.CA,Raya Holding For Financial Investments,Equity,0.6190476417541504,0.6296104788780212,21.0,33.0,0.9142857142857143,0.01056283712387085
2025-08,test,REIT,REIT Index,REIT,0.2380952388048172,0.4124448299407959,8.0,6.0,0.14285714285714285,0.1743495911359787
2025-08,test,RMDA.CA,Tenth Of Ramadan Pharmaceutical Industries&Diagnostic-Rameda,Equity,0.6476190686225891,0.5790554881095886,23.0,23.0,0.6285714285714286,-0.06856358051300049
2025-08,test,TMGH.CA,T M G Holding,Equity,0.32380953431129456,0.47842973470687866,12.0,11.0,0.2857142857142857,0.1546202003955841
2025-08,test,VLMR.CA,Valmore Holding,Equity,0.11428571492433548,0.3925594091415405,4.0,4.0,0.08571428571428572,0.27827369421720505
2025-08,test,VLMRA.CA,Valmore Holding-EGP,Equity,0.41904762387275696,0.47227057814598083,16.0,9.0,0.22857142857142856,0.05322295427322388
2025-09,test,ABUK.CA,Abou Kir Fertilizers,Equity,0.6476190686225891,0.46216341853141785,23.5,12.0,0.3142857142857143,-0.18545565009117126
2025-09,test,ADIB.CA,Abu Dhabi Islamic Bank- Egypt,Equity,0.380952388048172,0.5236149430274963,13.5,18.0,0.4857142857142857,0.14266255497932434
2025-09,test,AMOC.CA,Alexandria Mineral Oils Company,Equity,0.095238097012043,0.3959248661994934,4.0,5.0,0.11428571428571428,0.3006867691874504
2025-09,test,ARCC.CA,Arabian Cement Company,Equity,0.800000011920929,0.6293039917945862,30.0,34.0,0.9428571428571428,-0.17069602012634277
2025-09,test,BTFH.CA,Beltone Holding,Equity,0.2666666805744171,0.5996736288070679,9.0,29.0,0.8,0.33300694823265076
2025-09,test,Bonds,5-Year Government Bonds,Bonds,0.02857142873108387,0.3389549255371094,2.0,2.0,0.02857142857142857,0.3103834968060255
2025-09,test,CCAP.CA,QALA For Financial Investments,Equity,0.9523809552192688,0.6046328544616699,35.0,30.0,0.8285714285714286,-0.3477481007575989
2025-09,test,COMI.CA,Commercial International Bank-Egypt (CIB),Equity,0.4285714328289032,0.41515570878982544,16.0,8.0,0.2,-0.013415724039077759
2025-09,test,EAST.CA,Eastern Company,Equity,0.6190476417541504,0.5396458506584167,22.0,21.0,0.5714285714285714,-0.07940179109573364
2025-09,test,EFID.CA,Edita Food Industries S.A.E,Equity,0.761904776096344,0.5178763270378113,28.0,17.0,0.45714285714285713,-0.24402844905853271
2025-09,test,EFIH.CA,E-finance For Digital and Financial Investments,Equity,0.7904762029647827,0.6108760237693787,29.0,33.0,0.9142857142857143,-0.17960017919540405
2025-09,test,EGAL.CA,Egypt Aluminum,Equity,0.4761904776096344,0.5242530107498169,18.0,19.0,0.5142857142857142,0.048062533140182495
2025-09,test,EGCH.CA,Egyptian Chemical Industries (Kima),Equity,0.5142857432365417,0.5950981974601746,19.5,28.0,0.7714285714285715,0.08081245422363281
2025-09,test,EGX30,EGX30 Index,EquityIndex,0.13333334028720856,0.3842431902885437,5.5,4.0,0.08571428571428572,0.25090985000133514
2025-09,test,EMFD.CA,Emaar Misr for Development,Equity,0.6761904954910278,0.4851207435131073,26.0,15.0,0.4,-0.19106975197792053
2025-09,test,ETEL.CA,Telecom Egypt,Equity,0.5809524059295654,0.4680124819278717,21.0,13.0,0.34285714285714286,-0.11293992400169373
2025-09,test,FWRY.CA,Fawry For Banking Technology And Electronic Payment,Equity,0.4095238149166107,0.5789688229560852,15.0,26.0,0.7142857142857143,0.1694450080394745
2025-09,test,GBCO.CA,GB Corp,Equity,0.8761904835700989,0.6061866879463196,33.0,32.0,0.8857142857142857,-0.2700037956237793
2025-09,test,Gold,24K Gold (EGP),Gold,0.13333334028720856,0.41350430250167847,5.5,7.0,0.17142857142857143,0.2801709622144699
2025-09,test,HELI.CA,Heliopolis Housing,Equity,0.4571428596973419,0.5624354481697083,17.0,25.0,0.6857142857142857,0.10529258847236633
2025-09,test,HRHO.CA,EFG Holding,Equity,0.380952388048172,0.5602294206619263,13.5,23.0,0.6285714285714286,0.17927703261375427
2025-09,test,ISPH.CA,Ibnsina Pharma,Equity,0.6571428775787354,0.5620985627174377,25.0,24.0,0.6571428571428571,-0.09504431486129761
2025-09,test,JUFO.CA,Juhayna Food Industries,Equity,0.5142857432365417,0.48552805185317993,19.5,16.0,0.42857142857142855,-0.028757691383361816
2025-09,test,MCQE.CA,Misr Cement (Qena),Equity,0.8666666746139526,0.6501662135124207,32.0,35.0,0.9714285714285714,-0.21650046110153198
2025-09,test,MoneyMarket,91-Day T-Bills,MoneyMarket,0.0,0.3219664394855499,1.0,1.0,0.0,0.3219664394855499
2025-09,test,OIH.CA,Orascom Investment Holding,Equity,0.9904761910438538,0.655676543712616,36.0,36.0,1.0,-0.3347996473312378
2025-09,test,ORAS.CA,Orascom Construction PLC,Equity,0.7142857313156128,0.44743260741233826,27.0,10.0,0.2571428571428571,-0.26685312390327454
2025-09,test,ORHD.CA,Orascom Development Egypt,Equity,0.6476190686225891,0.5856123566627502,23.5,27.0,0.7428571428571429,-0.06200671195983887
2025-09,test,ORWE.CA,Oriental Weavers,Equity,0.3619047701358795,0.4426332712173462,12.0,9.0,0.22857142857142856,0.08072850108146667
2025-09,test,PHDC.CA,Palm Hills Development Company,Equity,0.8095238208770752,0.535149335861206,31.0,20.0,0.5428571428571428,-0.27437448501586914
2025-09,test,RAYA.CA,Raya Holding For Financial Investments,Equity,0.8857142925262451,0.6060369610786438,34.0,31.0,0.8571428571428571,-0.2796773314476013
2025-09,test,REIT,REIT Index,REIT,0.21904762089252472,0.40724557638168335,8.0,6.0,0.14285714285714285,0.18819795548915863
2025-09,test,RMDA.CA,Tenth Of Ramadan Pharmaceutical Industries&Diagnostic-Rameda,Equity,0.3523809611797333,0.5437964797019958,10.5,22.0,0.6,0.19141551852226257
2025-09,test,TMGH.CA,T M G Holding,Equity,0.3523809611797333,0.4778144657611847,10.5,14.0,0.37142857142857144,0.12543350458145142
2025-09,test,VLMR.CA,Valmore Holding,Equity,0.05714285746216774,0.3772065043449402,3.0,3.0,0.05714285714285714,0.32006364688277245
2025-09,test,VLMRA.CA,Valmore Holding-EGP,Equity,0.16190476715564728,0.4510038197040558,7.0,11.0,0.2857142857142857,0.2890990525484085
2025-10,test,ABUK.CA,Abou Kir Fertilizers,Equity,0.8761904835700989,0.4854600131511688,32.0,12.0,0.3142857142857143,-0.39073047041893005
2025-10,test,ADIB.CA,Abu Dhabi Islamic Bank- Egypt,Equity,0.32380953431129456,0.495115727186203,9.0,13.0,0.34285714285714286,0.17130619287490845
2025-10,test,AMOC.CA,Alexandria Mineral Oils Company,Equity,0.9238095283508301,0.4150596261024475,35.0,7.0,0.17142857142857143,-0.5087499022483826
2025-10,test,ARCC.CA,Arabian Cement Company,Equity,0.7904762029647827,0.6136642694473267,28.5,32.0,0.8857142857142857,-0.17681193351745605
2025-10,test,BTFH.CA,Beltone Holding,Equity,0.6285714507102966,0.608368992805481,24.0,29.0,0.8,-0.020202457904815674
2025-10,test,Bonds,5-Year Government Bonds,Bonds,0.0476190485060215,0.3419663906097412,2.0,2.0,0.02857142857142857,0.2943473421037197
2025-10,test,CCAP.CA,QALA For Financial Investments,Equity,0.7904762029647827,0.6203153133392334,28.5,34.0,0.9428571428571428,-0.17016088962554932
2025-10,test,COMI.CA,Commercial International Bank-Egypt (CIB),Equity,0.22857142984867096,0.4400997757911682,8.0,8.0,0.2,0.21152834594249725
2025-10,test,EAST.CA,Eastern Company,Equity,0.21904762089252472,0.5459893941879272,7.0,20.0,0.5428571428571428,0.3269417732954025
2025-10,test,EFID.CA,Edita Food Industries S.A.E,Equity,0.8095238208770752,0.5796765089035034,30.0,26.0,0.7142857142857143,-0.22984731197357178
2025-10,test,EFIH.CA,E-finance For Digital and Financial Investments,Equity,0.4952380955219269,0.6110449433326721,19.0,30.0,0.8285714285714286,0.11580684781074524
2025-10,test,EGAL.CA,Egypt Aluminum,Equity,0.8666666746139526,0.5350872278213501,31.0,19.0,0.5142857142857142,-0.33157944679260254
2025-10,test,EGCH.CA,Egyptian Chemical Industries (Kima),Equity,0.6857143044471741,0.6112986207008362,27.0,31.0,0.8571428571428571,-0.07441568374633789
2025-10,test,EGX30,EGX30 Index,EquityIndex,0.06666667014360428,0.4027988612651825,3.0,4.0,0.08571428571428572,0.3361321911215782
2025-10,test,EMFD.CA,Emaar Misr for Development,Equity,0.5809524059295654,0.5113925337791443,21.0,16.0,0.42857142857142855,-0.06955987215042114
2025-10,test,ETEL.CA,Telecom Egypt,Equity,0.6380952596664429,0.5079834461212158,25.5,15.0,0.4,-0.13011181354522705
2025-10,test,FWRY.CA,Fawry For Banking Technology And Electronic Payment,Equity,0.3333333432674408,0.5904607772827148,10.0,27.0,0.7428571428571429,0.25712743401527405
2025-10,test,GBCO.CA,GB Corp,Equity,0.5904762148857117,0.6044188737869263,22.0,28.0,0.7714285714285715,0.0139426589012146
2025-10,test,Gold,24K Gold (EGP),Gold,0.8857142925262451,0.4123691916465759,33.5,5.0,0.11428571428571428,-0.4733451008796692
2025-10,test,HELI.CA,Heliopolis Housing,Equity,0.4476190507411957,0.551895260810852,17.0,22.0,0.6,0.10427621006965637
2025-10,test,HRHO.CA,EFG Holding,Equity,0.6380952596664429,0.5250657200813293,25.5,18.0,0.4857142857142857,-0.11302953958511353
2025-10,test,ISPH.CA,Ibnsina Pharma,Equity,0.6000000238418579,0.5776359438896179,23.0,24.0,0.6571428571428571,-0.02236407995223999
2025-10,test,JUFO.CA,Juhayna Food Industries,Equity,0.37142857909202576,0.5174878835678101,14.0,17.0,0.45714285714285713,0.1460593044757843
2025-10,test,MCQE.CA,Misr Cement (Qena),Equity,0.9333333373069763,0.6470721960067749,36.0,35.0,0.9714285714285714,-0.2862611413002014
2025-10,test,MoneyMarket,91-Day T-Bills,MoneyMarket,0.0,0.33503976464271545,1.0,1.0,0.0,0.33503976464271545
2025-10,test,OIH.CA,Orascom Investment Holding,Equity,0.8857142925262451,0.6604068279266357,33.5,36.0,1.0,-0.22530746459960938
2025-10,test,ORAS.CA,Orascom Construction PLC,Equity,0.5523809790611267,0.49793940782546997,20.0,14.0,0.37142857142857144,-0.05444157123565674
2025-10,test,ORHD.CA,Orascom Development Egypt,Equity,0.3619047701358795,0.5783385634422302,12.0,25.0,0.6857142857142857,0.2164337933063507
2025-10,test,ORWE.CA,Oriental Weavers,Equity,0.37142857909202576,0.4428439140319824,14.0,9.0,0.22857142857142856,0.07141533493995667
2025-10,test,PHDC.CA,Palm Hills Development Company,Equity,0.3523809611797333,0.5521825551986694,11.0,23.0,0.6285714285714286,0.19980159401893616
2025-10,test,RAYA.CA,Raya Holding For Financial Investments,Equity,0.4761904776096344,0.6181637644767761,18.0,33.0,0.9142857142857143,0.14197328686714172
2025-10,test,REIT,REIT Index,REIT,0.08571428805589676,0.4145541787147522,4.0,6.0,0.14285714285714285,0.32883989065885544
2025-10,test,RMDA.CA,Tenth Of Ramadan Pharmaceutical Industries&Diagnostic-Rameda,Equity,0.37142857909202576,0.5460531115531921,14.0,21.0,0.5714285714285714,0.17462453246116638
2025-10,test,TMGH.CA,T M G Holding,Equity,0.4285714328289032,0.47115227580070496,16.0,11.0,0.2857142857142857,0.04258084297180176
2025-10,test,VLMR.CA,Valmore Holding,Equity,0.17142857611179352,0.37112075090408325,5.5,3.0,0.05714285714285714,0.19969217479228973
2025-10,test,VLMRA.CA,Valmore Holding-EGP,Equity,0.17142857611179352,0.4535296559333801,5.5,10.0,0.2571428571428571,0.2821010798215866
2025-11,test,ABUK.CA,Abou Kir Fertilizers,Equity,0.17142857611179352,0.4697323441505432,6.0,11.0,0.2857142857142857,0.2983037680387497
2025-11,test,ADIB.CA,Abu Dhabi Islamic Bank- Egypt,Equity,0.9523809552192688,0.5356377959251404,36.0,17.0,0.45714285714285713,-0.4167431592941284
2025-11,test,AMOC.CA,Alexandria Mineral Oils Company,Equity,0.05714285746216774,0.4272594153881073,3.0,6.0,0.14285714285714285,0.37011655792593956
2025-11,test,ARCC.CA,Arabian Cement Company,Equity,0.8571428656578064,0.6468156576156616,33.0,34.0,0.9428571428571428,-0.21032720804214478
2025-11,test,BTFH.CA,Beltone Holding,Equity,0.7047619223594666,0.5876617431640625,29.0,25.0,0.6857142857142857,-0.11710017919540405
2025-11,test,Bonds,5-Year Government Bonds,Bonds,0.02857142873108387,0.3559461236000061,2.0,1.0,0.0,0.32737469486892223
2025-11,test,CCAP.CA,QALA For Financial Investments,Equity,0.6095238327980042,0.6298248767852783,22.0,33.0,0.9142857142857143,0.02030104398727417
2025-11,test,COMI.CA,Commercial International Bank-Egypt (CIB),Equity,0.3047619163990021,0.44071003794670105,11.0,8.0,0.2,0.13594812154769897
2025-11,test,EAST.CA,Eastern Company,Equity,0.8285714387893677,0.542343258857727,32.0,20.0,0.5428571428571428,-0.2862281799316406
2025-11,test,EFID.CA,Edita Food Industries S.A.E,Equity,0.5714285969734192,0.6285183429718018,19.5,32.0,0.8857142857142857,0.05708974599838257
2025-11,test,EFIH.CA,E-finance For Digital and Financial Investments,Equity,0.6285714507102966,0.6075246334075928,24.0,31.0,0.8571428571428571,-0.021046817302703857
2025-11,test,EGAL.CA,Egypt Aluminum,Equity,0.8857142925262451,0.604316234588623,35.0,30.0,0.8285714285714286,-0.28139805793762207
2025-11,test,EGCH.CA,Egyptian Chemical Industries (Kima),Equity,0.6571428775787354,0.5907748341560364,26.0,27.0,0.7428571428571429,-0.06636804342269897
2025-11,test,EGX30,EGX30 Index,EquityIndex,0.15238095819950104,0.4108785092830658,4.0,4.0,0.08571428571428572,0.25849755108356476
2025-11,test,EMFD.CA,Emaar Misr for Development,Equity,0.7333333492279053,0.5467340350151062,30.0,21.0,0.5714285714285714,-0.18659931421279907
2025-11,test,ETEL.CA,Telecom Egypt,Equity,0.5047619342803955,0.5257649421691895,15.0,16.0,0.42857142857142855,0.021003007888793945
2025-11,test,FWRY.CA,Fawry For Banking Technology And Electronic Payment,Equity,0.6761904954910278,0.5127405524253845,28.0,13.0,0.34285714285714286,-0.1634499430656433
2025-11,test,GBCO.CA,GB Corp,Equity,0.43809524178504944,0.5910708904266357,13.0,28.0,0.7714285714285715,0.1529756486415863
2025-11,test,Gold,24K Gold (EGP),Gold,0.190476194024086,0.47643303871154785,8.0,12.0,0.3142857142857143,0.28595684468746185
2025-11,test,HELI.CA,Heliopolis Housing,Equity,0.5904762148857117,0.5738110542297363,21.0,23.0,0.6285714285714286,-0.016665160655975342
2025-11,test,HRHO.CA,EFG Holding,Equity,0.5714285969734192,0.5518370270729065,19.5,22.0,0.6,-0.019591569900512695
2025-11,test,ISPH.CA,Ibnsina Pharma,Equity,0.4571428596973419,0.5903756618499756,14.0,26.0,0.7142857142857143,0.13323280215263367
2025-11,test,JUFO.CA,Juhayna Food Industries,Equity,0.7523809671401978,0.5184316039085388,31.0,14.0,0.37142857142857144,-0.23394936323165894
2025-11,test,MCQE.CA,Misr Cement (Qena),Equity,0.8761904835700989,0.6545010805130005,34.0,35.0,0.9714285714285714,-0.2216894030570984
2025-11,test,MoneyMarket,91-Day T-Bills,MoneyMarket,0.0,0.37811416387557983,1.0,3.0,0.05714285714285714,0.37811416387557983
2025-11,test,OIH.CA,Orascom Investment Holding,Equity,0.6190476417541504,0.6606043577194214,23.0,36.0,1.0,0.041556715965270996
2025-11,test,ORAS.CA,Orascom Construction PLC,Equity,0.6571428775787354,0.5418834090232849,26.0,19.0,0.5142857142857142,-0.11525946855545044
2025-11,test,ORHD.CA,Orascom Development Egypt,Equity,0.6571428775787354,0.5851266384124756,26.0,24.0,0.6571428571428571,-0.07201623916625977
2025-11,test,ORWE.CA,Oriental Weavers,Equity,0.5142857432365417,0.4501008689403534,16.0,9.0,0.22857142857142856,-0.06418487429618835
2025-11,test,PHDC.CA,Palm Hills Development Company,Equity,0.41904762387275696,0.5361871123313904,12.0,18.0,0.4857142857142857,0.11713948845863342
2025-11,test,RAYA.CA,Raya Holding For Financial Investments,Equity,0.5428571701049805,0.5937919020652771,17.0,29.0,0.8,0.05093473196029663
2025-11,test,REIT,REIT Index,REIT,0.21904762089252472,0.4256424903869629,9.0,5.0,0.11428571428571428,0.20659486949443817
2025-11,test,RMDA.CA,Tenth Of Ramadan Pharmaceutical Industries&Diagnostic-Rameda,Equity,0.18095238506793976,0.5200462341308594,7.0,15.0,0.4,0.3390938490629196
2025-11,test,TMGH.CA,T M G Holding,Equity,0.5523809790611267,0.46451807022094727,18.0,10.0,0.2571428571428571,-0.08786290884017944
2025-11,test,VLMR.CA,Valmore Holding,Equity,0.16190476715564728,0.3749527931213379,5.0,2.0,0.02857142857142857,0.2130480259656906
2025-11,test,VLMRA.CA,Valmore Holding-EGP,Equity,0.27619048953056335,0.4301430583000183,10.0,7.0,0.17142857142857143,0.15395256876945496
2025-12,test,ABUK.CA,Abou Kir Fertilizers,Equity,0.380952388048172,0.4440225064754486,14.0,10.0,0.2571428571428571,0.06307011842727661
2025-12,test,ADIB.CA,Abu Dhabi Islamic Bank- Egypt,Equity,0.5904762148857117,0.5557608604431152,22.0,25.0,0.6857142857142857,-0.034715354442596436
2025-12,test,AMOC.CA,Alexandria Mineral Oils Company,Equity,0.17142857611179352,0.40692219138145447,5.5,5.0,0.11428571428571428,0.23549361526966095
2025-12,test,ARCC.CA,Arabian Cement Company,Equity,0.6190476417541504,0.6419205069541931,24.0,35.0,0.9714285714285714,0.022872865200042725
2025-12,test,BTFH.CA,Beltone Holding,Equity,0.8190476298332214,0.5887712836265564,31.0,29.0,0.8,-0.23027634620666504
2025-12,test,Bonds,5-Year Government Bonds,Bonds,0.02857142873108387,0.3653315305709839,2.0,2.0,0.02857142857142857,0.3367601018399
2025-12,test,CCAP.CA,QALA For Financial Investments,Equity,0.9428571462631226,0.6396510601043701,35.0,34.0,0.9428571428571428,-0.30320608615875244
2025-12,test,COMI.CA,Commercial International Bank-Egypt (CIB),Equity,0.7333333492279053,0.4211178719997406,28.5,7.0,0.17142857142857143,-0.3122154772281647
2025-12,test,EAST.CA,Eastern Company,Equity,0.9333333373069763,0.5570150017738342,34.0,26.0,0.7142857142857143,-0.3763183355331421
2025-12,test,EFID.CA,Edita Food Industries S.A.E,Equity,0.16190476715564728,0.6098966598510742,4.0,32.0,0.8857142857142857,0.44799189269542694
2025-12,test,EFIH.CA,E-finance For Digital and Financial Investments,Equity,0.7523809671401978,0.598821759223938,30.0,31.0,0.8571428571428571,-0.15355920791625977
2025-12,test,EGAL.CA,Egypt Aluminum,Equity,0.523809552192688,0.5932895541191101,17.0,30.0,0.8285714285714286,0.06948000192642212
2025-12,test,EGCH.CA,Egyptian Chemical Industries (Kima),Equity,0.5714285969734192,0.5485575795173645,20.0,23.0,0.6285714285714286,-0.022871017456054688
2025-12,test,EGX30,EGX30 Index,EquityIndex,0.20000000298023224,0.40395286679267883,7.0,4.0,0.08571428571428572,0.2039528638124466
2025-12,test,EMFD.CA,Emaar Misr for Development,Equity,0.7333333492279053,0.5320554375648499,28.5,19.0,0.5142857142857142,-0.20127791166305542
2025-12,test,ETEL.CA,Telecom Egypt,Equity,0.7047619223594666,0.5523142218589783,27.0,24.0,0.6571428571428571,-0.15244770050048828
2025-12,test,FWRY.CA,Fawry For Banking Technology And Electronic Payment,Equity,0.22857142984867096,0.5161677598953247,8.5,16.0,0.42857142857142855,0.28759633004665375
2025-12,test,GBCO.CA,GB Corp,Equity,0.5714285969734192,0.5834428071975708,20.0,28.0,0.7714285714285715,0.012014210224151611
2025-12,test,Gold,24K Gold (EGP),Gold,0.32380953431129456,0.4480507969856262,12.5,11.0,0.2857142857142857,0.12424126267433167
2025-12,test,HELI.CA,Heliopolis Housing,Equity,0.6857143044471741,0.548250138759613,26.0,22.0,0.6,-0.13746416568756104
2025-12,test,HRHO.CA,EFG Holding,Equity,0.5523809790611267,0.47842442989349365,18.0,13.0,0.34285714285714286,-0.07395654916763306
2025-12,test,ISPH.CA,Ibnsina Pharma,Equity,0.4761904776096344,0.5454671382904053,16.0,20.0,0.5428571428571428,0.06927666068077087
2025-12,test,JUFO.CA,Juhayna Food Industries,Equity,0.2380952388048172,0.4978945553302765,10.0,15.0,0.4,0.2597993165254593
2025-12,test,MCQE.CA,Misr Cement (Qena),Equity,0.9523809552192688,0.657672107219696,36.0,36.0,1.0,-0.29470884799957275
2025-12,test,MoneyMarket,91-Day T-Bills,MoneyMarket,0.0,0.43148505687713623,1.0,9.0,0.22857142857142856,0.43148505687713623
2025-12,test,OIH.CA,Orascom Investment Holding,Equity,0.6761904954910278,0.6259049773216248,25.0,33.0,0.9142857142857143,-0.050285518169403076
2025-12,test,ORAS.CA,Orascom Construction PLC,Equity,0.8285714387893677,0.5170104503631592,32.0,17.0,0.45714285714285713,-0.3115609884262085
2025-12,test,ORHD.CA,Orascom Development Egypt,Equity,0.32380953431129456,0.5477058291435242,12.5,21.0,0.5714285714285714,0.22389629483222961
2025-12,test,ORWE.CA,Oriental Weavers,Equity,0.4571428596973419,0.42682331800460815,15.0,8.0,0.2,-0.030319541692733765
2025-12,test,PHDC.CA,Palm Hills Development Company,Equity,0.6000000238418579,0.5202425718307495,23.0,18.0,0.4857142857142857,-0.0797574520111084
2025-12,test,RAYA.CA,Raya Holding For Financial Investments,Equity,0.8857142925262451,0.5739778876304626,33.0,27.0,0.7428571428571429,-0.31173640489578247
2025-12,test,REIT,REIT Index,REIT,0.22857142984867096,0.4207700192928314,8.5,6.0,0.14285714285714285,0.19219858944416046
2025-12,test,RMDA.CA,Tenth Of Ramadan Pharmaceutical Industries&Diagnostic-Rameda,Equity,0.24761904776096344,0.4664227366447449,11.0,12.0,0.3142857142857143,0.21880368888378143
2025-12,test,TMGH.CA,T M G Holding,Equity,0.5714285969734192,0.49383237957954407,20.0,14.0,0.37142857142857144,-0.07759621739387512
2025-12,test,VLMR.CA,Valmore Holding,Equity,0.17142857611179352,0.3575175702571869,5.5,1.0,0.0,0.18608899414539337
2025-12,test,VLMRA.CA,Valmore Holding-EGP,Equity,0.11428571492433548,0.4008297622203827,3.0,3.0,0.05714285714285714,0.2865440472960472
2026-01,test,ABUK.CA,Abou Kir Fertilizers,Equity,0.561904788017273,0.46755561232566833,21.0,12.0,0.3142857142857143,-0.09434917569160461
2026-01,test,ADIB.CA,Abu Dhabi Islamic Bank- Egypt,Equity,0.6285714507102966,0.5570791363716125,24.0,25.0,0.6857142857142857,-0.07149231433868408
2026-01,test,AMOC.CA,Alexandria Mineral Oils Company,Equity,0.17142857611179352,0.4384799897670746,6.0,8.0,0.2,0.26705141365528107
2026-01,test,ARCC.CA,Arabian Cement Company,Equity,0.6666666865348816,0.6094698309898376,25.0,33.0,0.9142857142857143,-0.057196855545043945
2026-01,test,BTFH.CA,Beltone Holding,Equity,0.800000011920929,0.5866513252258301,33.0,28.0,0.7714285714285715,-0.21334868669509888
2026-01,test,Bonds,5-Year Government Bonds,Bonds,0.02857142873108387,0.3600868582725525,2.0,1.0,0.0,0.3315154295414686
2026-01,test,CCAP.CA,QALA For Financial Investments,Equity,0.7809523940086365,0.6325364708900452,32.0,35.0,0.9714285714285714,-0.1484159231185913
2026-01,test,COMI.CA,Commercial International Bank-Egypt (CIB),Equity,0.2571428716182709,0.4423258900642395,7.5,10.0,0.2571428571428571,0.18518301844596863
2026-01,test,EAST.CA,Eastern Company,Equity,0.48571428656578064,0.5548806190490723,16.0,24.0,0.6571428571428571,0.06916633248329163
2026-01,test,EFID.CA,Edita Food Industries S.A.E,Equity,0.3047619163990021,0.605125904083252,9.5,30.0,0.8285714285714286,0.3003639876842499
2026-01,test,EFIH.CA,E-finance For Digital and Financial Investments,Equity,0.6761904954910278,0.5994720458984375,26.0,29.0,0.8,-0.07671844959259033
2026-01,test,EGAL.CA,Egypt Aluminum,Equity,0.9809523820877075,0.6077236533164978,36.0,31.0,0.8571428571428571,-0.3732287287712097
2026-01,test,EGCH.CA,Egyptian Chemical Industries (Kima),Equity,0.8666666746139526,0.5623859763145447,35.0,27.0,0.7428571428571429,-0.30428069829940796
2026-01,test,EGX30,EGX30 Index,EquityIndex,0.11428571492433548,0.38961461186408997,5.0,4.0,0.08571428571428572,0.2753288969397545
2026-01,test,EMFD.CA,Emaar Misr for Development,Equity,0.5047619342803955,0.5444267392158508,17.0,22.0,0.6,0.03966480493545532
2026-01,test,ETEL.CA,Telecom Egypt,Equity,0.5523809790611267,0.5360651016235352,19.5,21.0,0.5714285714285714,-0.016315877437591553
2026-01,test,FWRY.CA,Fawry For Banking Technology And Electronic Payment,Equity,0.5809524059295654,0.468516081571579,22.0,13.0,0.34285714285714286,-0.11243632435798645
2026-01,test,GBCO.CA,GB Corp,Equity,0.7523809671401978,0.5534148812294006,29.0,23.0,0.6285714285714286,-0.19896608591079712
2026-01,test,Gold,24K Gold (EGP),Gold,0.095238097012043,0.4875456988811493,3.5,15.0,0.4,0.3923076018691063
2026-01,test,HELI.CA,Heliopolis Housing,Equity,0.523809552192688,0.5594896674156189,18.0,26.0,0.7142857142857143,0.03568011522293091
2026-01,test,HRHO.CA,EFG Holding,Equity,0.7333333492279053,0.4654633402824402,28.0,11.0,0.2857142857142857,-0.2678700089454651
2026-01,test,ISPH.CA,Ibnsina Pharma,Equity,0.8190476298332214,0.534965991973877,34.0,20.0,0.5428571428571428,-0.2840816378593445
2026-01,test,JUFO.CA,Juhayna Food Industries,Equity,0.6857143044471741,0.4823575019836426,27.0,14.0,0.37142857142857144,-0.2033568024635315
2026-01,test,MCQE.CA,Misr Cement (Qena),Equity,0.7714285850524902,0.6552967429161072,30.5,36.0,1.0,-0.11613184213638306
2026-01,test,MoneyMarket,91-Day T-Bills,MoneyMarket,0.0,0.42720383405685425,1.0,7.0,0.17142857142857143,0.42720383405685425
2026-01,test,OIH.CA,Orascom Investment Holding,Equity,0.2571428716182709,0.6224623918533325,7.5,34.0,0.9428571428571428,0.36531952023506165
2026-01,test,ORAS.CA,Orascom Construction PLC,Equity,0.5904762148857117,0.5231026411056519,23.0,19.0,0.5142857142857142,-0.06737357378005981
2026-01,test,ORHD.CA,Orascom Development Egypt,Equity,0.7714285850524902,0.49926650524139404,30.5,17.0,0.45714285714285713,-0.2721620798110962
2026-01,test,ORWE.CA,Oriental Weavers,Equity,0.39047619700431824,0.41510844230651855,12.0,6.0,0.14285714285714285,0.024632245302200317
2026-01,test,PHDC.CA,Palm Hills Development Company,Equity,0.46666666865348816,0.5064831972122192,14.5,18.0,0.4857142857142857,0.03981652855873108
2026-01,test,RAYA.CA,Raya Holding For Financial Investments,Equity,0.5523809790611267,0.608013927936554,19.5,32.0,0.8857142857142857,0.055632948875427246
2026-01,test,REIT,REIT Index,REIT,0.3047619163990021,0.41339752078056335,9.5,5.0,0.11428571428571428,0.10863560438156128
2026-01,test,RMDA.CA,Tenth Of Ramadan Pharmaceutical Industries&Diagnostic-Rameda,Equity,0.46666666865348816,0.44181448221206665,14.5,9.0,0.22857142857142856,-0.02485218644142151
2026-01,test,TMGH.CA,T M G Holding,Equity,0.43809524178504944,0.49008044600486755,13.0,16.0,0.42857142857142855,0.051985204219818115
2026-01,test,VLMR.CA,Valmore Holding,Equity,0.095238097012043,0.3607436716556549,3.5,2.0,0.02857142857142857,0.2655055746436119
2026-01,test,VLMRA.CA,Valmore Holding-EGP,Equity,0.32380953431129456,0.37322333455085754,11.0,3.0,0.05714285714285714,0.04941380023956299
