"Date","Price","Open","High","Low","Change %"
"01/30/2026","20.330","20.360","20.360","20.330","0.00%"
"01/29/2026","20.330","20.360","20.360","20.330","-0.15%"
"01/28/2026","20.360","20.340","20.360","20.340","0.10%"
"01/27/2026","20.340","20.410","20.410","20.340","-1.21%"
"01/26/2026","20.590","20.620","20.620","20.590","-0.15%"
"01/23/2026","20.620","20.600","20.620","20.600","0.00%"
"01/22/2026","20.620","20.600","20.620","20.600","0.10%"
"01/21/2026","20.600","20.610","20.610","20.600","-0.05%"
"01/20/2026","20.610","20.650","20.650","20.610","-0.19%"
"01/19/2026","20.650","20.590","20.650","20.590","0.29%"
"01/16/2026","20.590","20.590","20.590","20.590","0.00%"
"01/15/2026","20.590","20.590","20.590","20.590","0.00%"
"01/14/2026","20.590","20.570","20.590","20.570","0.10%"
"01/13/2026","20.570","20.600","20.600","20.570","-0.15%"
"01/12/2026","20.600","20.580","20.600","20.580","0.10%"
"01/09/2026","20.580","20.570","20.580","20.570","0.00%"
"01/08/2026","20.580","20.570","20.580","20.570","0.05%"
"01/07/2026","20.570","20.600","20.600","20.570","-0.15%"
"01/06/2026","20.600","20.600","20.600","20.600","0.00%"
"01/05/2026","20.600","20.580","20.600","20.580","0.10%"
"01/02/2026","20.580","20.600","20.600","20.580","0.00%"
"01/01/2026","20.580","20.600","20.600","20.580","-0.10%"
"12/31/2025","20.600","20.600","20.600","20.600","0.00%"
"12/30/2025","20.600","20.610","20.610","20.600","-0.05%"
"12/29/2025","20.610","20.670","20.670","20.610","-0.29%"
"12/25/2025","20.670","20.660","20.670","20.660","0.05%"
"12/24/2025","20.660","20.640","20.660","20.640","0.10%"
"12/23/2025","20.640","20.750","20.750","20.640","-0.53%"
"12/22/2025","20.750","20.790","20.790","20.750","-0.19%"
"12/19/2025","20.790","20.810","20.810","20.790","0.00%"
"12/18/2025","20.790","20.810","20.810","20.790","-0.10%"
"12/17/2025","20.810","20.820","20.820","20.810","-0.05%"
"12/16/2025","20.820","20.850","20.850","20.820","-0.14%"
"12/15/2025","20.850","20.840","20.850","20.840","0.05%"
"12/12/2025","20.840","20.860","20.860","20.840","0.00%"
"12/11/2025","20.840","20.860","20.860","20.840","-0.10%"
"12/10/2025","20.860","20.850","20.860","20.850","0.05%"
"12/09/2025","20.850","20.820","20.850","20.820","0.14%"
"12/08/2025","20.820","20.860","20.860","20.820","-0.19%"
"12/05/2025","20.860","20.860","20.860","20.860","0.00%"
"12/04/2025","20.860","20.860","20.860","20.860","0.00%"
"12/03/2025","20.860","20.870","20.870","20.860","-0.05%"
"12/02/2025","20.870","20.890","20.890","20.870","-0.10%"
"12/01/2025","20.890","20.740","20.890","20.740","0.72%"
"11/28/2025","20.740","20.720","20.740","20.720","0.00%"
"11/27/2025","20.740","20.720","20.740","20.720","0.10%"
"11/26/2025","20.720","20.720","20.720","20.720","0.00%"
"11/25/2025","20.720","20.660","20.720","20.660","0.29%"
"11/24/2025","20.660","20.640","20.660","20.640","0.10%"
"11/21/2025","20.640","20.690","20.690","20.640","0.00%"
"11/20/2025","20.640","20.690","20.690","20.640","-0.24%"
"11/19/2025","20.690","20.730","20.730","20.690","-0.19%"
"11/18/2025","20.730","20.870","20.870","20.730","-0.67%"
"11/17/2025","20.870","20.920","20.920","20.870","-0.24%"
"11/14/2025","20.920","20.890","20.920","20.890","0.00%"
"11/13/2025","20.920","20.890","20.920","20.890","0.14%"
"11/12/2025","20.890","20.860","20.890","20.860","0.14%"
"11/11/2025","20.860","20.860","20.860","20.860","0.00%"
"11/10/2025","20.860","20.980","20.980","20.860","-0.57%"
"11/07/2025","20.980","20.990","20.990","20.980","0.00%"
"11/06/2025","20.980","20.990","20.990","20.980","-0.05%"
"11/05/2025","20.990","21.020","21.020","20.990","-0.14%"
"11/04/2025","21.020","21.100","21.100","21.020","-0.38%"
"11/03/2025","21.100","21.140","21.140","21.100","-0.19%"
"10/31/2025","21.140","21.140","21.140","21.140","0.00%"
"10/30/2025","21.140","21.140","21.140","21.140","0.00%"
"10/29/2025","21.140","21.140","21.140","21.140","0.00%"
"10/28/2025","21.140","21.000","21.140","21.000","0.67%"
"10/27/2025","21.000","21.070","21.070","21.000","-0.33%"
"10/24/2025","21.070","21.070","21.070","21.070","0.00%"
"10/23/2025","21.070","21.070","21.070","21.070","0.00%"
"10/22/2025","21.070","21.020","21.070","21.020","0.24%"
"10/21/2025","21.020","21.000","21.020","21.000","0.10%"
"10/20/2025","21.000","21.130","21.130","21.000","-0.62%"
"10/17/2025","21.130","21.080","21.130","21.080","0.00%"
"10/16/2025","21.130","21.080","21.130","21.080","0.24%"
"10/15/2025","21.080","21.130","21.130","21.080","-0.24%"
"10/14/2025","21.130","21.130","21.130","21.130","0.00%"
"10/13/2025","21.130","21.130","21.130","21.130","0.76%"
"10/10/2025","20.970","21.040","21.040","20.970","0.00%"
"10/09/2025","20.970","21.040","21.040","20.970","-0.33%"
"10/08/2025","21.040","21.440","21.440","21.040","-1.87%"
"10/07/2025","21.440","22.430","22.430","21.440","-4.41%"
"10/06/2025","22.430","22.340","22.430","22.340","0.40%"
"10/03/2025","22.340","22.340","22.340","22.340","0.00%"
"10/02/2025","22.340","22.340","22.340","22.340","0.00%"
"10/01/2025","22.340","22.340","22.340","22.340","0.00%"
"09/30/2025","22.340","22.210","22.340","22.210","0.59%"
"09/29/2025","22.210","22.250","22.250","22.210","-0.18%"
"09/26/2025","22.250","22.240","22.250","22.240","0.00%"
"09/25/2025","22.250","22.240","22.250","22.240","0.04%"
"09/24/2025","22.240","22.300","22.300","22.240","-0.27%"
"09/23/2025","22.300","22.350","22.350","22.300","-0.22%"
"09/22/2025","22.350","22.320","22.350","22.320","0.13%"
"09/19/2025","22.320","22.320","22.320","22.320","0.00%"
"09/18/2025","22.320","22.320","22.320","22.320","0.00%"
"09/17/2025","22.320","22.320","22.320","22.320","0.00%"
"09/16/2025","22.320","22.280","22.320","22.280","0.18%"
"09/15/2025","22.280","22.370","22.370","22.280","-0.40%"
"09/12/2025","22.370","22.270","22.370","22.270","0.00%"
"09/11/2025","22.370","22.270","22.370","22.270","0.45%"
"09/10/2025","22.270","22.350","22.350","22.270","-0.36%"
"09/09/2025","22.350","22.630","22.630","22.350","-1.24%"
"09/08/2025","22.630","22.750","22.750","22.630","-0.53%"
"09/05/2025","22.750","22.740","22.750","22.740","0.00%"
"09/04/2025","22.750","22.750","22.750","22.750","0.00%"
"09/03/2025","22.750","22.740","22.750","22.740","0.04%"
"09/02/2025","22.740","22.810","22.810","22.740","-0.31%"
"09/01/2025","22.810","22.750","22.810","22.750","0.26%"
"08/29/2025","22.750","22.820","22.820","22.750","0.00%"
"08/28/2025","22.750","22.820","22.820","22.750","-0.31%"
"08/27/2025","22.820","22.880","22.880","22.820","-0.26%"
"08/26/2025","22.880","23.030","23.030","22.880","-0.65%"
"08/25/2025","23.030","23.220","23.220","23.030","-0.82%"
"08/22/2025","23.220","23.240","23.240","23.220","0.00%"
"08/21/2025","23.220","23.240","23.240","23.220","-0.09%"
"08/20/2025","23.240","23.170","23.240","23.170","0.30%"
"08/19/2025","23.170","23.700","23.700","23.170","-2.24%"
"08/18/2025","23.700","23.850","23.850","23.700","-0.63%"
"08/15/2025","23.850","23.830","23.850","23.830","0.00%"
"08/14/2025","23.850","23.830","23.850","23.830","0.08%"
"08/13/2025","23.830","23.970","23.970","23.830","-0.58%"
"08/12/2025","23.970","23.970","23.970","23.970","0.00%"
"08/11/2025","23.970","23.920","23.970","23.920","0.21%"
"08/08/2025","23.920","24.170","24.170","23.920","0.00%"
"08/07/2025","23.920","24.170","24.170","23.920","-1.03%"
"08/06/2025","24.170","24.050","24.170","24.050","0.50%"
"08/05/2025","24.050","24.010","24.050","24.010","0.17%"
"08/04/2025","24.010","23.920","24.010","23.920","0.38%"
"08/01/2025","23.920","23.910","23.920","23.910","0.00%"
"07/31/2025","23.920","23.910","23.920","23.910","0.04%"
"07/30/2025","23.910","23.980","23.980","23.910","-0.29%"
"07/29/2025","23.980","23.890","23.980","23.890","0.38%"
"07/28/2025","23.890","23.750","23.890","23.750","0.59%"
"07/25/2025","23.750","23.750","23.750","23.750","0.00%"
"07/24/2025","23.750","23.750","23.750","23.750","0.03%"
"07/23/2025","23.742","23.392","23.742","23.392","0.21%"
"07/22/2025","23.693","23.392","23.693","23.392","1.30%"
"07/21/2025","23.390","23.180","23.390","23.180","0.91%"
"07/18/2025","23.180","23.260","23.260","23.180","0.00%"
"07/17/2025","23.180","23.260","23.260","23.180","-0.34%"
"07/16/2025","23.260","23.040","23.260","23.040","0.95%"
"07/15/2025","23.040","22.650","23.040","22.650","1.72%"
"07/14/2025","22.650","22.790","22.790","22.650","-0.61%"
"07/11/2025","22.790","22.910","22.910","22.790","0.00%"
"07/10/2025","22.790","22.910","22.910","22.790","-0.52%"
"07/09/2025","22.910","22.990","22.990","22.910","-1.80%"
"07/08/2025","23.330","23.260","23.330","23.260","0.30%"
"07/07/2025","23.260","23.050","23.260","23.050","2.06%"
"07/04/2025","22.790","23.050","23.050","23.050","-1.13%"
"07/03/2025","23.050","23.050","23.050","23.050","1.14%"
"07/02/2025","22.790","22.860","23.050","22.860","0.84%"
"07/01/2025","22.600","22.643","22.860","22.643","0.98%"
"06/30/2025","22.380","22.643","22.643","22.643","0.00%"
"06/27/2025","22.380","22.510","22.640","22.510","-1.15%"
"06/26/2025","22.640","22.640","22.640","22.640","1.16%"
"06/25/2025","22.380","22.510","22.640","22.510","0.58%"
"06/24/2025","22.250","22.220","22.510","22.220","1.32%"
"06/23/2025","21.960","22.290","22.290","22.220","-0.32%"
"06/20/2025","22.030","22.210","22.290","22.210","0.00%"
"06/19/2025","22.030","22.210","22.290","22.210","0.36%"
"06/18/2025","21.950","22.140","22.210","22.140","0.32%"
"06/17/2025","21.880","21.830","22.140","21.830","1.44%"
"06/16/2025","21.570","21.840","21.840","21.830","-0.05%"
"06/13/2025","21.580","21.820","21.840","21.820","0.00%"
"06/12/2025","21.580","21.820","21.840","21.820","0.09%"
"06/11/2025","21.560","21.840","21.840","21.820","-0.09%"
"06/10/2025","21.580","21.740","21.840","21.740","-0.74%"
"06/09/2025","21.740","21.740","21.740","21.740","1.21%"
"06/06/2025","21.480","21.696","21.747","21.696","-1.20%"
"06/05/2025","21.740","21.740","21.740","21.740","1.16%"
"06/04/2025","21.490","21.696","21.747","21.696","0.28%"
"06/03/2025","21.430","21.710","21.710","21.690","-0.09%"
"06/02/2025","21.450","21.610","21.710","21.610","0.47%"
"05/30/2025","21.350","21.590","21.610","21.590","0.00%"
"05/29/2025","21.350","21.590","21.610","21.590","0.09%"
"05/28/2025","21.330","21.610","21.610","21.590","-0.09%"
"05/27/2025","21.350","21.750","21.750","21.610","-0.65%"
"05/26/2025","21.490","21.750","21.750","21.750","0.00%"
"05/23/2025","21.490","21.740","21.750","21.740","0.00%"
"05/22/2025","21.490","21.740","21.750","21.740","0.05%"
"05/21/2025","21.480","21.740","21.740","21.740","-0.19%"
"05/20/2025","21.520","21.790","21.790","21.780","-0.05%"
"05/19/2025","21.530","21.610","21.790","21.610","0.84%"
"05/16/2025","21.350","21.580","21.610","21.580","0.00%"
"05/15/2025","21.350","21.580","21.610","21.580","0.14%"
"05/14/2025","21.320","21.540","21.580","21.540","0.19%"
"05/13/2025","21.280","21.460","21.540","21.460","0.38%"
"05/12/2025","21.200","21.280","21.460","21.280","0.86%"
"05/09/2025","21.020","21.300","21.300","21.280","0.00%"
"05/08/2025","21.020","21.300","21.300","21.280","-0.10%"
"05/07/2025","21.040","21.310","21.310","21.300","-0.05%"
"05/06/2025","21.050","21.240","21.310","21.240","0.33%"
"05/05/2025","20.980","21.390","21.390","21.240","-0.71%"
"05/02/2025","21.130","21.401","21.401","21.390","-0.05%"
"04/30/2025","21.140","21.401","21.401","21.401","0.05%"
"04/29/2025","21.130","21.860","21.860","21.390","-2.18%"
"04/28/2025","21.600","21.860","21.860","21.860","0.05%"
"04/25/2025","21.590","21.850","21.860","21.850","0.05%"
"04/23/2025","21.580","21.870","21.870","21.850","-0.09%"
"04/22/2025","21.600","21.870","21.870","21.870","0.00%"
"04/18/2025","21.600","21.840","21.870","21.840","0.00%"
"04/17/2025","21.600","21.840","21.870","21.840","0.14%"
"04/16/2025","21.570","22.080","22.080","21.840","-0.96%"
"04/15/2025","21.780","22.050","22.080","22.050","0.14%"
"04/14/2025","21.750","22.030","22.050","22.030","0.09%"
"04/11/2025","21.730","22.350","22.350","22.030","-1.36%"
"04/10/2025","22.030","22.350","22.350","22.330","-0.09%"
"04/09/2025","22.050","21.040","22.350","21.040","6.32%"
"04/08/2025","20.740","20.920","21.040","20.920","0.58%"
"04/07/2025","20.620","20.910","20.920","20.910","0.05%"
"04/04/2025","20.610","20.870","20.910","20.870","0.00%"
"04/03/2025","20.610","20.870","20.910","20.870","0.19%"
"04/02/2025","20.570","20.860","20.870","20.860","0.15%"
"03/28/2025","20.540","20.577","20.837","20.577","0.00%"
"03/27/2025","20.540","20.577","20.837","20.577","1.28%"
"03/26/2025","20.280","20.580","20.580","20.580","0.00%"
"03/25/2025","20.280","20.660","20.660","20.580","-0.39%"
"03/24/2025","20.360","20.880","20.880","20.660","-1.07%"
"03/21/2025","20.580","21.270","21.270","20.880","-0.77%"
"03/20/2025","20.740","21.270","21.270","21.140","-0.62%"
"03/19/2025","20.870","21.510","21.510","21.270","-1.14%"
"03/18/2025","21.110","21.900","21.900","21.510","-1.81%"
"03/17/2025","21.500","21.990","21.990","21.900","-0.42%"
"03/14/2025","21.590","21.990","21.990","21.990","0.00%"
"03/13/2025","21.590","21.990","21.990","21.990","0.00%"
"03/12/2025","21.590","22.020","22.020","21.990","-0.14%"
"03/11/2025","21.620","22.010","22.020","22.010","0.05%"
"03/10/2025","21.610","21.950","22.010","21.950","0.28%"
"03/07/2025","21.550","21.990","21.990","21.950","0.00%"
"03/06/2025","21.550","21.990","21.990","21.950","-0.19%"
"03/05/2025","21.590","21.920","21.990","21.920","0.33%"
"03/04/2025","21.520","21.830","21.920","21.830","0.42%"
"03/03/2025","21.430","21.680","21.830","21.680","0.70%"
"02/28/2025","21.280","21.680","21.680","21.680","0.00%"
"02/27/2025","21.280","21.680","21.680","21.680","0.00%"
"02/26/2025","21.280","21.430","21.680","21.430","1.19%"
"02/25/2025","21.030","21.430","21.430","21.430","0.00%"
"02/24/2025","21.030","21.440","21.440","21.430","-0.05%"
"02/21/2025","21.040","21.510","21.510","21.440","0.00%"
"02/20/2025","21.040","21.510","21.510","21.440","-0.33%"
"02/19/2025","21.110","21.560","21.560","21.510","-0.24%"
"02/18/2025","21.160","21.560","21.560","21.560","0.00%"
"02/17/2025","21.160","21.630","21.630","21.560","-0.33%"
"02/14/2025","21.230","21.580","21.630","21.580","0.00%"
"02/13/2025","21.230","21.580","21.630","21.580","0.24%"
"02/12/2025","21.180","21.470","21.580","21.470","0.52%"
"02/11/2025","21.070","21.490","21.490","21.470","-0.09%"
"02/10/2025","21.090","21.570","21.570","21.490","-0.38%"
"02/07/2025","21.170","21.570","21.570","21.570","0.00%"
"02/06/2025","21.170","21.570","21.570","21.570","0.00%"
"02/05/2025","21.170","21.610","21.610","21.570","-0.19%"
"02/04/2025","21.210","21.630","21.630","21.610","-0.09%"
"02/03/2025","21.230","21.680","21.680","21.630","-0.23%"
"01/31/2025","21.280","21.650","21.680","21.650","0.00%"
"01/30/2025","21.280","21.650","21.680","21.650","0.14%"
"01/29/2025","21.250","21.660","21.660","21.650","-0.05%"
"01/28/2025","21.260","21.740","21.740","21.660","-0.37%"
"01/27/2025","21.340","21.840","21.840","21.740","-0.47%"
"01/24/2025","21.440","22.113","22.113","21.843","0.00%"
"01/23/2025","21.440","22.113","22.113","21.843","-1.24%"
"01/22/2025","21.710","22.160","22.160","22.110","-0.23%"
"01/21/2025","21.760","22.350","22.350","22.160","-0.87%"
"01/20/2025","21.950","22.640","22.640","22.350","-1.30%"
"01/17/2025","22.240","22.810","22.810","22.640","0.00%"
"01/16/2025","22.240","22.810","22.810","22.640","-0.76%"
"01/15/2025","22.410","23.040","23.040","22.810","-1.02%"
"01/14/2025","22.640","23.150","23.150","23.040","-0.48%"
"01/13/2025","22.750","24.290","24.290","23.150","-4.77%"
"01/10/2025","23.890","24.290","24.290","24.290","0.00%"
"01/09/2025","23.890","24.290","24.290","24.290","-1.65%"
"01/08/2025","24.290","24.290","24.290","24.290","0.00%"
"01/06/2025","24.290","24.960","24.960","24.290","-2.68%"
"01/03/2025","24.960","24.720","24.960","24.710","0.00%"
"01/02/2025","24.960","24.720","24.960","24.710","0.97%"
"12/31/2024","24.720","24.760","24.760","24.720","-0.16%"
"12/30/2024","24.760","24.980","24.980","24.760","-0.88%"
"12/27/2024","24.980","25.000","25.000","24.980","0.00%"
"12/26/2024","24.980","25.000","25.000","24.980","-0.08%"
"12/25/2024","25.000","25.000","25.000","25.000","0.00%"
"12/24/2024","25.000","24.770","25.000","24.770","0.93%"
"12/23/2024","24.770","25.160","25.160","24.770","-1.55%"
"12/20/2024","25.160","24.970","25.160","24.970","0.00%"
"12/19/2024","25.160","24.970","25.160","24.970","0.76%"
"12/18/2024","24.970","24.620","24.970","24.620","1.42%"
"12/17/2024","24.620","24.600","24.620","24.600","0.08%"
"12/16/2024","24.600","24.650","24.650","24.600","-0.20%"
"12/13/2024","24.650","24.570","24.650","24.570","0.00%"
"12/12/2024","24.650","24.570","24.650","24.570","0.33%"
"12/11/2024","24.570","24.580","24.580","24.570","-0.04%"
"12/10/2024","24.580","24.560","24.580","24.560","0.08%"
"12/09/2024","24.560","24.400","24.560","24.400","0.66%"
"12/06/2024","24.400","24.450","24.450","24.400","0.00%"
"12/05/2024","24.400","24.450","24.450","24.400","-0.20%"
"12/04/2024","24.450","24.240","24.450","24.240","0.87%"
"12/03/2024","24.240","24.380","24.380","24.240","-0.57%"
"12/02/2024","24.380","24.400","24.400","24.380","-0.08%"
"11/29/2024","24.400","24.460","24.460","24.400","0.00%"
"11/28/2024","24.400","24.460","24.460","24.400","-0.25%"
"11/27/2024","24.460","24.320","24.460","24.320","0.58%"
"11/26/2024","24.320","24.080","24.320","24.080","1.00%"
"11/25/2024","24.080","24.470","24.470","24.080","-1.59%"
"11/22/2024","24.470","24.430","24.470","24.430","0.00%"
"11/21/2024","24.470","24.430","24.470","24.430","0.16%"
"11/20/2024","24.430","24.480","24.480","24.430","-0.20%"
"11/19/2024","24.480","24.410","24.480","24.410","0.29%"
"11/18/2024","24.410","24.340","24.410","24.340","0.29%"
"11/15/2024","24.340","24.270","24.340","24.270","0.00%"
"11/14/2024","24.340","24.270","24.340","24.270","0.29%"
"11/13/2024","24.270","24.330","24.330","24.270","-0.25%"
"11/12/2024","24.330","24.370","24.370","24.330","-0.16%"
"11/11/2024","24.370","24.410","24.410","24.370","-0.16%"
"11/08/2024","24.410","24.490","24.490","24.410","0.00%"
"11/07/2024","24.410","24.490","24.490","24.410","-0.33%"
"11/06/2024","24.490","24.270","24.490","24.270","0.91%"
"11/05/2024","24.270","24.090","24.270","24.090","0.75%"
"11/04/2024","24.090","24.060","24.090","24.060","0.12%"
"11/01/2024","24.060","24.030","24.060","24.030","0.00%"
"10/31/2024","24.060","24.030","24.060","24.030","0.12%"
"10/30/2024","24.030","23.840","24.030","23.840","0.80%"
"10/29/2024","23.840","23.720","23.840","23.720","0.51%"
"10/28/2024","23.720","23.800","23.800","23.720","-0.34%"
"10/25/2024","23.800","23.810","23.810","23.800","0.00%"
"10/24/2024","23.800","23.810","23.810","23.800","-0.04%"
"10/23/2024","23.810","23.820","23.820","23.810","-0.04%"
"10/22/2024","23.820","23.750","23.820","23.750","0.29%"
"10/21/2024","23.750","23.690","23.750","23.690","0.25%"
"10/18/2024","23.690","23.660","23.690","23.660","0.00%"
"10/17/2024","23.690","23.660","23.690","23.660","0.13%"
"10/16/2024","23.660","23.680","23.680","23.660","-0.08%"
"10/15/2024","23.680","23.590","23.680","23.590","0.38%"
"10/14/2024","23.590","23.690","23.690","23.590","-0.42%"
"10/11/2024","23.690","23.750","23.750","23.690","0.00%"
"10/10/2024","23.690","23.750","23.750","23.690","-0.25%"
"10/09/2024","23.750","23.640","23.750","23.640","0.47%"
"10/08/2024","23.640","23.670","23.670","23.640","-0.13%"
"10/07/2024","23.670","23.800","23.800","23.670","-0.55%"
"10/04/2024","23.800","23.910","23.910","23.800","0.00%"
"10/03/2024","23.800","23.910","23.910","23.800","-0.46%"
"10/02/2024","23.910","23.980","23.980","23.880","-0.29%"
"10/01/2024","23.980","24.320","24.320","23.980","-1.40%"
"09/30/2024","24.320","24.200","24.320","24.200","0.50%"
"09/27/2024","24.200","24.310","24.310","24.200","0.00%"
"09/26/2024","24.200","24.310","24.310","24.200","-0.45%"
"09/25/2024","24.310","24.410","24.410","24.310","-0.41%"
"09/24/2024","24.410","24.250","24.410","24.250","0.66%"
"09/23/2024","24.250","24.390","24.390","24.250","-0.57%"
"09/20/2024","24.390","24.500","24.500","24.390","0.00%"
"09/19/2024","24.390","24.500","24.500","24.390","-0.45%"
"09/18/2024","24.500","24.640","24.640","24.500","-0.57%"
"09/17/2024","24.640","24.530","24.640","24.530","0.45%"
"09/16/2024","24.530","24.480","24.530","24.480","0.20%"
"09/13/2024","24.480","24.770","24.770","24.480","0.00%"
"09/12/2024","24.480","24.770","24.770","24.480","-1.17%"
"09/11/2024","24.770","25.220","25.220","24.770","-1.78%"
"09/10/2024","25.220","25.220","25.220","25.220","0.00%"
"09/09/2024","25.220","24.190","25.220","24.190","4.26%"
"09/06/2024","24.190","24.080","24.190","24.080","0.00%"
"09/05/2024","24.190","24.080","24.190","24.080","0.46%"
"09/04/2024","24.080","24.080","24.080","24.080","0.00%"
"09/03/2024","24.080","23.750","24.080","23.750","1.39%"
"09/02/2024","23.750","23.530","23.750","23.530","0.93%"
"08/30/2024","23.530","23.710","23.710","23.530","0.00%"
"08/29/2024","23.530","23.710","23.710","23.530","-0.76%"
"08/28/2024","23.710","23.530","23.710","23.530","0.76%"
"08/27/2024","23.530","23.540","23.540","23.530","-0.04%"
"08/26/2024","23.540","24.060","24.060","23.540","-2.16%"
"08/23/2024","24.060","24.060","24.060","24.060","0.00%"
"08/22/2024","24.060","24.060","24.060","24.060","0.00%"
"08/21/2024","24.060","23.970","24.060","23.970","0.38%"
"08/20/2024","23.970","23.990","23.990","23.970","-0.08%"
"08/19/2024","23.990","24.100","24.100","23.990","-0.46%"
"08/16/2024","24.100","24.090","24.100","24.090","0.00%"
"08/15/2024","24.100","24.090","24.100","24.090","0.04%"
"08/14/2024","24.090","24.090","24.090","24.090","0.00%"
"08/13/2024","24.090","23.980","24.090","23.980","0.46%"
"08/12/2024","23.980","24.150","24.150","23.980","-0.70%"
"08/09/2024","24.150","24.470","24.470","24.150","0.00%"
"08/08/2024","24.150","24.470","24.470","24.150","-1.31%"
"08/07/2024","24.470","24.660","24.660","24.470","-0.77%"
"08/06/2024","24.660","24.660","24.660","24.660","0.00%"
"08/05/2024","24.660","24.660","24.660","24.660","0.61%"
"08/02/2024","24.510","24.510","24.510","24.510","0.00%"
"08/01/2024","24.510","24.510","24.510","24.510","0.00%"
"07/31/2024","24.510","24.350","24.510","24.350","0.66%"
"07/30/2024","24.350","24.430","24.430","24.350","-0.33%"
"07/29/2024","24.430","24.410","24.430","24.410","0.08%"
"07/26/2024","24.410","24.410","24.410","24.410","0.00%"
"07/25/2024","24.410","24.410","24.410","24.410","0.00%"
"07/24/2024","24.410","23.940","24.410","23.940","1.96%"
"07/23/2024","23.940","24.020","24.020","23.940","-0.04%"
"07/22/2024","23.950","24.020","24.020","23.950","-0.29%"
"07/19/2024","24.020","24.060","24.060","24.020","0.00%"
"07/18/2024","24.020","24.060","24.060","24.020","-0.17%"
"07/17/2024","24.060","24.260","24.260","24.060","-0.82%"
"07/16/2024","24.260","24.300","24.300","24.260","-0.16%"
"07/15/2024","24.300","24.140","24.300","24.140","0.66%"
"07/12/2024","24.140","24.140","24.140","24.140","-4.03%"
"07/11/2024","25.154","25.154","25.154","25.154","4.20%"
"07/10/2024","24.140","24.080","24.140","24.080","0.25%"
"07/09/2024","24.080","23.960","24.080","23.960","0.50%"
"07/08/2024","23.960","23.820","23.960","23.820","0.59%"
"07/05/2024","23.820","23.950","23.950","23.820","0.00%"
"07/04/2024","23.820","23.950","23.950","23.820","-0.54%"
"07/03/2024","23.950","23.980","23.980","23.950","-0.13%"
"07/02/2024","23.980","24.200","24.200","23.980","-0.91%"
"07/01/2024","24.200","24.200","24.200","24.200","0.00%"
"06/28/2024","24.200","24.190","24.200","24.190","0.00%"
"06/27/2024","24.200","24.190","24.200","24.190","0.04%"
"06/26/2024","24.190","24.350","24.350","24.190","-0.66%"
"06/25/2024","24.350","24.510","24.510","24.350","-0.65%"
"06/24/2024","24.510","24.460","24.510","24.460","0.20%"
"06/21/2024","24.460","24.460","24.460","24.460","-4.11%"
"06/20/2024","25.508","24.460","25.508","25.508","0.00%"
"06/19/2024","25.508","24.460","25.508","25.508","0.00%"
"06/18/2024","25.508","24.460","25.508","25.508","0.00%"
"06/17/2024","25.508","24.710","25.508","25.508","4.28%"
"06/14/2024","24.460","24.710","24.710","24.460","0.00%"
"06/13/2024","24.460","24.710","24.710","24.460","-1.01%"
"06/12/2024","24.710","24.850","24.850","24.710","-0.56%"
"06/11/2024","24.850","24.860","24.860","24.850","-0.04%"
"06/10/2024","24.860","24.770","24.860","24.770","0.36%"
"06/07/2024","24.770","24.800","24.800","24.770","0.00%"
"06/06/2024","24.770","24.800","24.800","24.770","-0.12%"
"06/05/2024","24.800","24.770","24.800","24.770","0.12%"
"06/04/2024","24.770","24.960","24.960","24.770","-0.76%"
"06/03/2024","24.960","25.290","25.290","24.960","-1.30%"
"05/31/2024","25.290","25.340","25.340","25.290","0.00%"
"05/30/2024","25.290","25.340","25.340","25.290","-0.20%"
"05/29/2024","25.340","25.320","25.340","25.320","0.08%"
"05/28/2024","25.320","25.380","25.380","25.320","-0.24%"
"05/27/2024","25.380","25.700","25.700","25.380","-1.25%"
"05/24/2024","25.700","25.690","25.700","25.690","0.00%"
"05/23/2024","25.700","25.690","25.700","25.690","0.04%"
"05/22/2024","25.690","25.740","25.740","25.690","-0.19%"
"05/21/2024","25.740","25.920","25.920","25.740","-0.69%"
"05/20/2024","25.920","26.080","26.080","25.920","-0.61%"
"05/17/2024","26.080","26.210","26.210","26.080","0.00%"
"05/16/2024","26.080","26.210","26.210","26.080","-0.50%"
"05/15/2024","26.210","26.210","26.210","26.210","0.00%"
"05/14/2024","26.210","26.200","26.210","26.200","0.04%"
"05/13/2024","26.200","26.820","26.820","26.200","-2.31%"
"05/10/2024","26.820","26.990","26.990","26.820","0.00%"
"05/09/2024","26.820","26.990","26.990","26.820","-0.63%"
"05/08/2024","26.990","27.080","27.080","26.990","-0.33%"
"05/07/2024","27.080","27.030","27.080","27.030","-4.25%"
"05/06/2024","28.282","27.300","28.282","28.282","4.63%"
"05/03/2024","27.030","27.300","27.300","27.030","0.00%"
"05/02/2024","27.030","27.300","27.300","27.030","-0.99%"
"05/01/2024","27.300","27.280","27.300","27.280","0.04%"
"04/30/2024","27.290","27.280","27.290","27.280","0.04%"
"04/29/2024","27.280","27.320","27.320","27.280","-0.15%"
"04/26/2024","27.320","27.230","27.320","27.230","-4.52%"
"04/25/2024","28.612","27.230","28.612","28.612","4.73%"
"04/24/2024","27.320","27.230","27.320","27.230","0.33%"
"04/23/2024","27.230","27.310","27.310","27.230","-0.29%"
"04/22/2024","27.310","27.250","27.310","27.250","0.22%"
"04/19/2024","27.250","26.920","27.250","26.920","0.00%"
"04/18/2024","27.250","26.920","27.250","26.920","1.23%"
"04/17/2024","26.920","26.950","26.950","26.920","-0.11%"
"04/16/2024","26.950","27.610","27.610","26.950","-2.39%"
"04/15/2024","27.610","27.570","27.610","27.570","0.77%"
"04/12/2024","27.400","27.400","27.400","27.400","-4.56%"
"04/11/2024","28.710","27.400","28.710","28.710","0.00%"
"04/10/2024","28.710","27.400","28.710","28.710","0.00%"
"04/09/2024","28.710","27.400","28.710","28.710","4.78%"
"04/08/2024","27.400","28.330","28.330","27.400","-3.28%"
"04/05/2024","28.330","28.340","28.340","28.330","0.00%"
"04/04/2024","28.330","28.340","28.340","28.330","-0.04%"
"04/03/2024","28.340","28.340","28.340","28.340","0.00%"
"04/02/2024","28.340","28.440","28.440","28.340","-0.35%"
"04/01/2024","28.440","28.520","28.520","28.440","-0.28%"
"03/29/2024","28.520","28.540","28.540","28.520","0.00%"
"03/28/2024","28.520","28.540","28.540","28.520","-0.07%"
"03/27/2024","28.540","28.480","28.540","28.480","0.21%"
"03/26/2024","28.480","28.480","28.480","28.480","0.00%"
"03/25/2024","28.480","28.870","28.870","28.480","-1.35%"
"03/22/2024","28.870","28.840","28.870","28.840","0.00%"
"03/21/2024","28.870","28.840","28.870","28.840","0.10%"
"03/20/2024","28.840","28.770","28.840","28.770","0.24%"
"03/19/2024","28.770","28.770","28.770","28.770","0.00%"
"03/18/2024","28.770","28.720","28.770","28.720","0.17%"
"03/15/2024","28.720","28.730","28.730","28.720","0.00%"
"03/14/2024","28.720","28.730","28.730","28.720","-0.03%"
"03/13/2024","28.730","28.740","28.740","28.730","-0.03%"
"03/12/2024","28.740","28.750","28.750","28.740","-0.03%"
"03/11/2024","28.750","28.350","28.750","28.350","1.41%"
"03/08/2024","28.350","28.350","28.350","28.350","0.00%"
"03/07/2024","28.350","28.350","28.350","28.350","0.00%"
"03/06/2024","28.350","27.940","28.350","27.940","1.47%"
"03/05/2024","27.940","27.710","27.940","27.710","0.83%"
"03/04/2024","27.710","27.520","27.710","27.520","0.69%"
"03/01/2024","27.520","27.620","27.620","27.520","0.00%"
"02/29/2024","27.520","27.620","27.620","27.520","-0.36%"
"02/28/2024","27.620","27.620","27.620","27.620","0.00%"
"02/27/2024","27.620","27.610","27.620","27.610","0.04%"
"02/26/2024","27.610","27.570","27.610","27.570","0.15%"
"02/23/2024","27.570","27.660","27.660","27.570","0.00%"
"02/22/2024","27.570","27.660","27.660","27.570","-0.33%"
"02/21/2024","27.660","27.770","27.770","27.660","-0.40%"
"02/20/2024","27.770","27.910","27.910","27.770","-0.50%"
"02/19/2024","27.910","27.790","27.910","27.790","0.43%"
"02/16/2024","27.790","27.700","27.790","27.700","0.00%"
"02/15/2024","27.790","27.700","27.790","27.700","0.32%"
"02/14/2024","27.700","26.880","27.700","26.880","3.05%"
"02/13/2024","26.880","26.850","26.880","26.850","0.11%"
"02/12/2024","26.850","27.010","27.010","26.850","-0.59%"
"02/09/2024","27.010","27.010","27.010","27.010","0.00%"
"02/08/2024","27.010","27.010","27.010","27.010","0.00%"
"02/07/2024","27.010","26.920","27.010","26.920","0.33%"
"02/06/2024","26.920","26.910","26.920","26.910","0.04%"
"02/05/2024","26.910","26.920","26.920","26.910","-0.04%"
"02/02/2024","26.920","26.920","26.920","26.920","0.00%"
"02/01/2024","26.920","26.920","26.920","26.920","0.00%"
"01/31/2024","26.920","26.850","26.920","26.850","0.26%"
"01/30/2024","26.850","26.820","26.850","26.820","0.11%"
"01/29/2024","26.820","26.740","26.820","26.740","0.30%"
"01/26/2024","26.740","26.590","26.740","26.590","-4.37%"
"01/25/2024","27.962","26.590","27.962","27.962","4.57%"
"01/24/2024","26.740","26.590","26.740","26.590","0.56%"
"01/23/2024","26.590","26.600","26.600","26.590","-0.04%"
"01/22/2024","26.600","26.510","26.600","26.510","0.34%"
"01/19/2024","26.510","26.470","26.510","26.470","0.00%"
"01/18/2024","26.510","26.470","26.510","26.470","0.15%"
"01/17/2024","26.470","26.480","26.480","26.470","-0.04%"
"01/16/2024","26.480","26.600","26.600","26.480","-0.45%"
"01/15/2024","26.600","25.730","26.600","25.730","3.38%"
"01/12/2024","25.730","25.730","25.730","25.730","0.00%"
"01/11/2024","25.730","25.730","25.730","25.730","0.00%"
"01/10/2024","25.730","25.660","25.730","25.660","0.27%"
"01/09/2024","25.660","25.560","25.660","25.560","0.39%"
"01/08/2024","25.560","25.550","25.560","25.550","0.04%"
"01/05/2024","25.550","25.540","25.550","25.540","0.00%"
"01/04/2024","25.550","25.540","25.550","25.540","0.04%"
"01/03/2024","25.540","25.500","25.540","25.500","0.16%"
"01/02/2024","25.500","25.370","25.500","25.370","-3.47%"
"01/01/2024","26.417","25.590","26.665","26.417","3.23%"
"12/29/2023","25.590","25.930","25.930","25.590","0.00%"
"12/28/2023","25.590","25.930","25.930","25.590","-1.31%"
"12/27/2023","25.930","25.580","25.930","25.580","1.37%"
"12/26/2023","25.580","25.410","25.580","25.410","0.67%"
"12/25/2023","25.410","25.410","25.410","25.410","0.00%"
"12/22/2023","25.410","25.400","25.410","25.400","0.00%"
"12/21/2023","25.410","25.400","25.410","25.400","0.04%"
"12/20/2023","25.400","25.410","25.410","25.400","-0.04%"
"12/19/2023","25.410","25.350","25.410","25.350","0.24%"
"12/18/2023","25.350","25.360","25.360","25.350","-0.04%"
"12/15/2023","25.360","25.350","25.360","25.350","0.04%"
"12/14/2023","25.350","25.350","25.350","25.350","0.00%"
"12/13/2023","25.350","25.320","25.350","25.320","0.12%"
"12/12/2023","25.320","25.340","25.340","25.320","-0.08%"
"12/11/2023","25.340","25.330","25.340","25.330","0.04%"
"12/08/2023","25.330","25.340","25.340","25.330","0.00%"
"12/07/2023","25.330","25.340","25.340","25.330","-0.04%"
"12/06/2023","25.340","25.320","25.340","25.320","0.08%"
"12/05/2023","25.320","25.340","25.340","25.320","-0.08%"
"12/04/2023","25.340","25.200","25.340","25.200","0.56%"
"12/01/2023","25.200","25.240","25.240","25.200","0.00%"
"11/30/2023","25.200","25.240","25.240","25.200","-0.16%"
"11/29/2023","25.240","25.260","25.260","25.240","-0.08%"
"11/28/2023","25.260","24.760","25.260","24.760","2.02%"
"11/27/2023","24.760","24.780","24.780","24.760","-0.08%"
"11/24/2023","24.780","24.780","24.780","24.780","0.00%"
"11/23/2023","24.780","24.780","24.780","24.780","0.00%"
"11/22/2023","24.780","24.790","24.790","24.780","-0.04%"
"11/21/2023","24.790","24.770","24.790","24.770","0.08%"
"11/20/2023","24.770","24.800","24.800","24.770","-0.12%"
"11/17/2023","24.800","24.910","24.910","24.800","0.00%"
"11/16/2023","24.800","24.910","24.910","24.800","-0.44%"
"11/15/2023","24.910","24.930","24.930","24.910","-0.08%"
"11/14/2023","24.930","24.870","24.930","24.870","0.24%"
"11/13/2023","24.870","25.090","25.090","24.870","-0.88%"
"11/10/2023","25.090","25.050","25.090","25.050","0.00%"
"11/09/2023","25.090","25.050","25.090","25.050","0.16%"
"11/08/2023","25.050","25.000","25.050","25.000","0.20%"
"11/07/2023","25.000","24.740","25.000","24.740","1.05%"
"11/06/2023","24.740","24.730","24.740","24.730","0.04%"
"11/03/2023","24.730","24.730","24.730","24.730","0.00%"
"11/02/2023","24.730","24.730","24.730","24.730","0.00%"
"11/01/2023","24.730","24.770","24.770","24.730","-0.16%"
"10/31/2023","24.770","24.670","24.770","24.670","0.41%"
"10/30/2023","24.670","24.350","24.670","24.350","1.31%"
"10/27/2023","24.350","24.560","24.560","24.350","0.00%"
"10/26/2023","24.350","24.560","24.560","24.350","-0.86%"
"10/25/2023","24.560","24.640","24.640","24.560","-0.32%"
"10/24/2023","24.640","24.810","24.810","24.640","-0.69%"
"10/23/2023","24.810","24.450","24.810","24.450","1.47%"
"10/20/2023","24.450","24.630","24.630","24.450","0.00%"
"10/19/2023","24.450","24.630","24.630","24.450","-0.73%"
"10/18/2023","24.630","24.650","24.650","24.630","-0.08%"
"10/17/2023","24.650","25.030","25.030","24.650","-1.52%"
"10/16/2023","25.030","25.010","25.030","25.010","0.08%"
"10/13/2023","25.010","24.990","25.010","24.990","0.00%"
"10/12/2023","25.010","24.990","25.010","24.990","0.08%"
"10/11/2023","24.990","24.800","24.990","24.800","0.77%"
"10/10/2023","24.800","24.530","24.800","24.530","1.10%"
"10/09/2023","24.530","24.570","24.570","24.530","-0.16%"
"10/06/2023","24.570","24.570","24.570","24.570","0.00%"
"10/05/2023","24.570","24.570","24.570","24.570","0.00%"
"10/04/2023","24.570","24.390","24.570","24.390","0.74%"
"10/03/2023","24.390","24.400","24.400","24.390","-0.04%"
"10/02/2023","24.400","24.370","24.400","24.370","-0.12%"
"09/29/2023","24.430","24.930","24.930","24.430","-3.68%"
"09/28/2023","25.364","25.924","25.924","25.364","1.74%"
"09/27/2023","24.930","24.970","24.970","24.900","0.12%"
"09/26/2023","24.900","24.970","24.970","24.900","-0.28%"
"09/25/2023","24.970","25.330","25.330","24.970","-1.42%"
"09/22/2023","25.330","25.430","25.430","25.330","0.00%"
"09/21/2023","25.330","25.430","25.430","25.330","-0.39%"
"09/20/2023","25.430","25.490","25.490","25.430","-0.24%"
"09/19/2023","25.490","25.430","25.490","25.430","0.24%"
"09/18/2023","25.430","24.260","25.430","24.260","4.82%"
"09/15/2023","24.260","24.210","24.260","24.210","0.00%"
"09/14/2023","24.260","24.210","24.260","24.210","0.21%"
"09/13/2023","24.210","24.170","24.210","24.170","0.17%"
"09/12/2023","24.170","24.210","24.210","24.170","-0.17%"
"09/11/2023","24.210","24.240","24.240","24.210","-0.12%"
"09/08/2023","24.240","23.870","24.240","23.870","0.00%"
"09/07/2023","24.240","23.870","24.240","23.870","1.55%"
"09/06/2023","23.870","24.090","24.090","23.870","-0.91%"
"09/05/2023","24.090","24.090","24.090","24.090","0.00%"
"09/04/2023","24.090","24.190","24.190","24.090","-0.41%"
"09/01/2023","24.190","24.320","24.320","24.190","0.00%"
"08/31/2023","24.190","24.320","24.320","24.190","-0.53%"
"08/30/2023","24.320","24.430","24.430","24.320","-0.45%"
"08/29/2023","24.430","24.370","24.430","24.370","0.25%"
"08/28/2023","24.370","24.070","24.370","24.070","1.25%"
"08/25/2023","24.070","24.060","24.070","24.060","0.00%"
"08/24/2023","24.070","24.060","24.070","24.060","0.04%"
"08/23/2023","24.060","24.070","24.070","24.060","-0.04%"
"08/22/2023","24.070","23.920","24.070","23.920","0.63%"
"08/21/2023","23.920","23.970","23.970","23.920","-0.21%"
"08/18/2023","23.970","23.910","23.970","23.910","0.00%"
"08/17/2023","23.970","23.910","23.970","23.910","0.25%"
"08/16/2023","23.910","23.950","23.950","23.910","-0.17%"
"08/15/2023","23.950","24.030","24.030","23.950","-0.33%"
"08/14/2023","24.030","23.730","24.030","23.730","1.26%"
"08/11/2023","23.730","23.680","23.730","23.680","0.00%"
"08/10/2023","23.730","23.680","23.730","23.680","0.21%"
"08/09/2023","23.680","23.590","23.680","23.590","0.38%"
"08/08/2023","23.590","23.590","23.590","23.590","0.64%"
"08/07/2023","23.440","23.510","23.510","23.440","-0.30%"
"08/04/2023","23.510","23.480","23.510","23.480","0.00%"
"08/03/2023","23.510","23.480","23.510","23.480","0.13%"
"08/02/2023","23.480","23.430","23.480","23.430","0.21%"
"08/01/2023","23.430","23.630","23.630","23.430","-0.85%"
"07/31/2023","23.630","23.650","23.650","23.630","-0.08%"
"07/28/2023","23.650","23.470","23.650","23.470","0.00%"
"07/27/2023","23.650","23.470","23.650","23.470","0.77%"
"07/26/2023","23.470","23.410","23.470","23.410","0.26%"
"07/25/2023","23.410","23.480","23.480","23.410","-0.30%"
"07/24/2023","23.480","23.350","23.480","23.350","0.56%"
"07/21/2023","23.350","23.350","23.350","23.350","-3.75%"
"07/20/2023","24.260","24.260","24.260","24.260","3.90%"
"07/19/2023","23.350","23.100","23.350","23.100","0.78%"
"07/18/2023","23.170","23.100","23.170","23.100","0.30%"
"07/17/2023","23.100","23.010","23.100","23.010","0.39%"
"07/14/2023","23.010","22.920","23.010","22.920","0.00%"
"07/13/2023","23.010","22.920","23.010","22.920","0.39%"
"07/12/2023","22.920","22.900","22.920","22.900","0.09%"
"07/11/2023","22.900","22.950","22.950","22.900","-0.22%"
"07/10/2023","22.950","22.760","22.950","22.760","0.83%"
"07/07/2023","22.760","22.610","22.760","22.610","0.00%"
"07/06/2023","22.760","22.610","22.760","22.610","0.66%"
"07/05/2023","22.610","22.720","22.720","22.610","-0.48%"
"07/04/2023","22.720","22.900","22.900","22.720","-4.39%"
"07/03/2023","23.763","23.759","23.763","23.759","3.77%"
"06/30/2023","22.900","23.020","23.020","22.900","-3.62%"
"06/29/2023","23.759","23.759","23.759","23.759","0.00%"
"06/28/2023","23.759","23.759","23.759","23.759","0.00%"
"06/27/2023","23.759","23.759","23.759","23.759","3.75%"
"06/26/2023","22.900","23.020","23.020","22.900","-0.52%"
"06/23/2023","23.020","23.010","23.020","23.010","0.00%"
"06/22/2023","23.020","23.010","23.020","23.010","0.04%"
"06/21/2023","23.010","23.050","23.050","23.010","-0.17%"
"06/20/2023","23.050","23.440","23.440","23.050","-1.79%"
"06/19/2023","23.470","23.760","23.760","23.470","-1.22%"
"06/16/2023","23.760","23.710","23.760","23.710","0.00%"
"06/15/2023","23.760","23.710","23.760","23.710","0.21%"
"06/14/2023","23.710","23.700","23.710","23.700","0.04%"
"06/13/2023","23.700","23.810","23.810","23.700","-0.46%"
"06/12/2023","23.810","23.890","23.890","23.810","-0.33%"
"06/09/2023","23.890","23.870","23.890","23.870","0.00%"
"06/08/2023","23.890","23.870","23.890","23.870","0.08%"
"06/07/2023","23.870","23.860","23.870","23.860","0.04%"
"06/06/2023","23.860","23.820","23.860","23.820","0.17%"
"06/05/2023","23.820","23.970","23.970","23.820","-0.63%"
"06/02/2023","23.970","24.140","24.140","23.970","0.00%"
"06/01/2023","23.970","24.140","24.140","23.970","-0.70%"
"05/31/2023","24.140","24.160","24.160","24.140","-0.08%"
"05/30/2023","24.160","24.230","24.230","24.160","-0.29%"
"05/29/2023","24.230","24.340","24.340","24.230","-0.45%"
"05/26/2023","24.340","24.340","24.340","24.340","0.00%"
"05/25/2023","24.340","24.340","24.340","24.340","0.04%"
"05/24/2023","24.330","24.350","24.350","24.330","-0.08%"
"05/23/2023","24.350","24.340","24.350","24.340","0.04%"
"05/22/2023","24.340","24.380","24.380","24.340","-0.16%"
"05/19/2023","24.380","24.390","24.390","24.380","0.00%"
"05/18/2023","24.380","24.390","24.390","24.380","-0.04%"
"05/17/2023","24.390","24.430","24.430","24.390","-0.16%"
"05/16/2023","24.430","24.420","24.430","24.420","0.04%"
"05/15/2023","24.420","24.250","24.420","24.250","0.70%"
"05/12/2023","24.250","24.180","24.250","24.180","0.00%"
"05/11/2023","24.250","24.180","24.250","24.180","0.29%"
"05/10/2023","24.180","24.080","24.180","24.080","0.42%"
"05/09/2023","24.080","24.020","24.080","24.020","0.25%"
"05/08/2023","24.020","24.070","24.070","24.020","-0.21%"
"05/05/2023","24.070","24.070","24.070","24.070","-3.95%"
"05/04/2023","25.061","25.061","25.061","25.061","4.12%"
"05/03/2023","24.070","24.110","24.110","24.070","-0.17%"
"05/02/2023","24.110","23.990","24.110","23.990","0.50%"
"05/01/2023","23.990","23.990","23.990","23.990","0.00%"
"04/28/2023","23.990","24.120","24.120","23.990","0.00%"
"04/27/2023","23.990","24.120","24.120","23.990","-0.54%"
"04/26/2023","24.120","23.510","24.120","23.510","-1.32%"
"04/25/2023","24.442","24.439","24.442","24.439","0.01%"
"04/24/2023","24.439","24.439","24.439","24.439","3.95%"
"04/21/2023","23.510","23.510","23.510","23.510","0.00%"
"04/20/2023","23.510","23.510","23.510","23.510","0.00%"
"04/19/2023","23.510","23.500","23.510","23.500","0.04%"
"04/18/2023","23.500","23.440","23.500","23.440","-3.55%"
"04/17/2023","24.366","24.362","24.366","24.362","3.95%"
"04/14/2023","23.440","23.390","23.440","23.390","0.00%"
"04/13/2023","23.440","23.390","23.440","23.390","0.21%"
"04/12/2023","23.390","23.390","23.390","23.390","0.00%"
"04/11/2023","23.390","23.390","23.390","23.390","0.21%"
"04/10/2023","23.340","23.250","23.340","23.250","0.39%"
"04/07/2023","23.250","23.170","23.250","23.170","0.00%"
"04/06/2023","23.250","23.170","23.250","23.170","0.35%"
"04/05/2023","23.170","23.170","23.170","23.170","0.00%"
"04/04/2023","23.170","23.090","23.170","23.090","0.35%"
"04/03/2023","23.090","23.040","23.090","23.040","0.22%"
"03/31/2023","23.040","22.010","23.040","22.010","0.00%"
"03/30/2023","23.040","22.010","23.040","22.010","4.68%"
"03/29/2023","22.010","21.930","22.010","21.930","0.36%"
"03/28/2023","21.930","21.910","21.930","21.910","0.09%"
"03/27/2023","21.910","21.910","21.910","21.910","0.78%"
"03/24/2023","21.740","21.740","21.740","21.740","0.00%"
"03/23/2023","21.740","21.740","21.740","21.740","0.00%"
"03/22/2023","21.740","21.790","21.790","21.740","-0.23%"
"03/21/2023","21.790","22.120","22.120","21.790","-1.49%"
"03/20/2023","22.120","22.020","22.120","22.020","0.45%"
"03/17/2023","22.020","21.910","22.020","21.910","0.00%"
"03/16/2023","22.020","21.910","22.020","21.910","0.50%"
"03/15/2023","21.910","21.710","21.910","21.710","0.92%"
"03/14/2023","21.710","21.580","21.710","21.580","0.60%"
"03/13/2023","21.580","21.540","21.580","21.540","0.19%"
"03/10/2023","21.540","21.520","21.540","21.520","0.00%"
"03/09/2023","21.540","21.520","21.540","21.520","0.09%"
"03/08/2023","21.520","21.450","21.520","21.450","0.33%"
"03/07/2023","21.450","21.500","21.500","21.450","-0.23%"
"03/06/2023","21.500","21.440","21.500","21.440","0.28%"
"03/03/2023","21.440","21.520","21.520","21.440","0.00%"
"03/02/2023","21.440","21.520","21.520","21.440","-0.37%"
"03/01/2023","21.520","21.410","21.520","21.410","0.51%"
"02/28/2023","21.410","21.230","21.410","21.230","0.85%"
"02/27/2023","21.230","21.350","21.350","21.230","-0.56%"
"02/24/2023","21.350","21.350","21.350","21.350","0.00%"
"02/23/2023","21.350","21.350","21.350","21.350","0.00%"
"02/22/2023","21.350","21.180","21.350","21.180","0.80%"
"02/21/2023","21.180","21.130","21.180","21.130","0.24%"
"02/20/2023","21.130","21.500","21.500","21.130","-1.72%"
"02/17/2023","21.500","21.570","21.570","21.500","0.00%"
"02/16/2023","21.500","21.570","21.570","21.500","-0.32%"
"02/15/2023","21.570","21.530","21.570","21.530","0.19%"
"02/14/2023","21.530","21.440","21.530","21.440","0.42%"
"02/13/2023","21.440","21.580","21.580","21.440","-0.65%"
"02/10/2023","21.580","21.600","21.600","21.580","0.00%"
"02/09/2023","21.580","21.600","21.600","21.580","-0.09%"
"02/08/2023","21.600","21.580","21.600","21.580","0.09%"
"02/07/2023","21.580","21.550","21.580","21.550","0.14%"
"02/06/2023","21.550","20.910","21.550","20.910","3.06%"
"02/03/2023","20.910","20.930","20.930","20.910","0.00%"
"02/02/2023","20.910","20.930","20.930","20.910","-0.10%"
"02/01/2023","20.930","20.980","20.980","20.930","-0.24%"
"01/31/2023","20.980","20.380","20.980","20.380","2.94%"
"01/30/2023","20.380","20.390","20.390","20.380","-0.05%"
"01/27/2023","20.390","20.390","20.390","20.390","-2.87%"
"01/26/2023","20.993","20.993","20.993","20.993","2.96%"
"01/25/2023","20.390","20.400","20.400","20.390","-0.05%"
"01/24/2023","20.400","20.400","20.400","20.400","0.00%"
"01/23/2023","20.400","20.400","20.400","20.400","1.04%"
"01/20/2023","20.190","19.490","20.190","19.490","0.00%"
"01/19/2023","20.190","19.490","20.190","19.490","3.59%"
"01/18/2023","19.490","19.150","19.490","19.150","1.78%"
"01/17/2023","19.150","19.070","19.150","19.070","0.42%"
"01/16/2023","19.070","18.970","19.070","18.970","0.53%"
"01/13/2023","18.970","18.960","18.970","18.960","0.00%"
"01/12/2023","18.970","18.960","18.970","18.960","0.05%"
"01/11/2023","18.960","18.940","18.960","18.940","0.11%"
"01/10/2023","18.940","18.700","18.940","18.700","1.28%"
"01/09/2023","18.700","18.570","18.700","18.570","0.70%"
"01/06/2023","18.570","18.560","18.570","18.560","0.00%"
"01/05/2023","18.570","18.560","18.570","18.560","0.05%"
"01/04/2023","18.560","18.510","18.560","18.510","0.27%"
"01/03/2023","18.510","18.140","18.510","18.140","2.04%"
"01/02/2023","18.140","18.320","18.320","18.140","-0.98%"
"12/30/2022","18.320","18.320","18.320","18.320","0.00%"
"12/29/2022","18.320","18.320","18.320","18.320","0.00%"
"12/28/2022","18.320","18.430","18.430","18.320","-0.60%"
"12/27/2022","18.430","18.410","18.430","18.410","0.11%"
"12/26/2022","18.410","18.440","18.440","18.410","-0.16%"
"12/23/2022","18.440","18.350","18.440","18.350","0.00%"
"12/22/2022","18.440","18.350","18.440","18.350","0.49%"
"12/21/2022","18.350","18.430","18.430","18.350","-0.43%"
"12/20/2022","18.430","18.340","18.430","18.340","0.49%"
"12/19/2022","18.340","18.400","18.400","18.340","-0.33%"
"12/16/2022","18.400","18.120","18.400","18.120","0.00%"
"12/15/2022","18.400","18.120","18.400","18.120","1.55%"
"12/14/2022","18.120","18.180","18.180","18.120","-0.33%"
"12/13/2022","18.180","18.110","18.180","18.110","0.39%"
"12/12/2022","18.110","18.090","18.110","18.090","0.11%"
"12/09/2022","18.090","18.210","18.210","18.090","0.00%"
"12/08/2022","18.090","18.210","18.210","18.090","-0.66%"
"12/07/2022","18.210","18.280","18.280","18.210","-0.38%"
"12/06/2022","18.280","18.260","18.280","18.260","0.11%"
"12/05/2022","18.260","18.700","18.700","18.260","-2.35%"
"12/02/2022","18.700","18.700","18.700","18.700","0.00%"
"12/01/2022","18.700","18.700","18.700","18.700","0.00%"
"11/30/2022","18.700","18.990","18.990","18.700","-1.53%"
"11/29/2022","18.990","18.980","18.990","18.980","0.05%"
"11/28/2022","18.980","18.950","18.980","18.950","0.16%"
"11/25/2022","18.950","18.890","18.950","18.890","0.00%"
"11/24/2022","18.950","18.890","18.950","18.890","0.32%"
"11/23/2022","18.890","18.800","18.890","18.800","0.48%"
"11/22/2022","18.800","18.830","18.830","18.800","-0.16%"
"11/21/2022","18.830","18.760","18.830","18.760","0.37%"
"11/18/2022","18.760","18.870","18.870","18.760","0.00%"
"11/17/2022","18.760","18.870","18.870","18.760","-0.58%"
"11/16/2022","18.870","18.890","18.890","18.870","-0.11%"
"11/15/2022","18.890","18.980","18.980","18.890","-0.47%"
"11/14/2022","18.980","18.950","18.980","18.950","0.16%"
"11/11/2022","18.950","18.960","18.960","18.950","0.00%"
"11/10/2022","18.950","18.960","18.960","18.950","-0.05%"
"11/09/2022","18.960","18.950","18.960","18.950","0.05%"
"11/08/2022","18.950","18.930","18.950","18.930","0.11%"
"11/07/2022","18.930","18.910","18.930","18.910","0.11%"
"11/04/2022","18.910","18.910","18.910","18.910","0.05%"
"11/03/2022","18.900","18.490","18.900","18.490","2.22%"
"11/02/2022","18.490","18.640","18.640","18.490","-0.80%"
"11/01/2022","18.640","18.480","18.640","18.480","0.87%"
"10/31/2022","18.480","18.720","18.720","18.480","-1.28%"
"10/28/2022","18.720","18.430","18.720","18.430","0.00%"
"10/27/2022","18.720","18.430","18.720","18.430","1.57%"
"10/26/2022","18.430","18.360","18.430","18.360","0.38%"
"10/25/2022","18.360","18.490","18.490","18.360","-0.70%"
"10/24/2022","18.490","18.280","18.490","18.280","1.15%"
"10/21/2022","18.280","18.240","18.280","18.240","0.00%"
"10/20/2022","18.280","18.240","18.280","18.240","0.22%"
"10/19/2022","18.240","18.260","18.260","18.240","-0.11%"
"10/18/2022","18.260","18.260","18.260","18.260","0.00%"
"10/17/2022","18.260","18.440","18.440","18.260","-0.98%"
"10/14/2022","18.440","18.510","18.510","18.440","0.00%"
"10/13/2022","18.440","18.510","18.510","18.440","-0.38%"
"10/12/2022","18.510","18.570","18.570","18.510","-0.32%"
"10/11/2022","18.570","18.570","18.570","18.570","0.00%"
"10/10/2022","18.570","18.470","18.570","18.470","0.54%"
"10/07/2022","18.470","18.380","18.470","18.380","-2.22%"
"10/06/2022","18.889","18.889","18.889","18.889","2.27%"
"10/05/2022","18.470","18.380","18.470","18.380","0.49%"
"10/04/2022","18.380","18.500","18.500","18.380","-0.65%"
"10/03/2022","18.500","18.420","18.500","18.420","0.43%"
"09/30/2022","18.420","18.410","18.420","18.410","0.00%"
"09/29/2022","18.420","18.420","18.420","18.420","0.05%"
"09/28/2022","18.410","18.410","18.410","18.410","2.33%"
"09/27/2022","17.990","17.990","17.990","17.990","-0.28%"
"09/26/2022","18.040","18.040","18.040","18.040","-1.96%"
"09/23/2022","18.400","18.400","18.400","18.400","0.00%"
"09/22/2022","18.400","18.400","18.400","18.400","0.00%"
"09/21/2022","18.400","18.400","18.400","18.400","1.21%"
"09/20/2022","18.180","18.180","18.180","18.180","0.61%"
"09/19/2022","18.070","18.070","18.070","18.070","-0.66%"
"09/16/2022","18.190","18.190","18.190","18.190","0.00%"
"09/15/2022","18.190","18.190","18.190","18.190","-0.05%"
"09/14/2022","18.200","18.200","18.200","18.200","-0.11%"
"09/13/2022","18.220","18.220","18.220","18.220","0.11%"
"09/12/2022","18.200","18.200","18.200","18.200","0.05%"
"09/09/2022","18.190","18.190","18.190","18.190","0.00%"
"09/08/2022","18.190","18.190","18.190","18.190","0.22%"
"09/07/2022","18.150","18.150","18.150","18.150","0.28%"
"09/06/2022","18.100","18.100","18.100","18.100","-0.71%"
"09/05/2022","18.230","18.230","18.230","18.230","0.28%"
"09/02/2022","18.180","18.180","18.180","18.180","0.00%"
"09/01/2022","18.180","18.180","18.180","18.180","0.06%"
"08/31/2022","18.170","18.170","18.170","18.170","0.55%"
"08/30/2022","18.070","18.070","18.070","18.070","-0.17%"
"08/29/2022","18.100","18.100","18.100","18.100","0.95%"
"08/26/2022","17.930","17.930","17.930","17.930","0.00%"
"08/25/2022","17.930","17.930","17.930","17.930","0.00%"
"08/24/2022","17.930","17.930","17.930","17.930","0.06%"
"08/23/2022","17.920","17.920","17.920","17.920","0.11%"
"08/22/2022","17.900","17.900","17.900","17.900","0.17%"
"08/19/2022","17.870","17.870","17.870","17.870","0.00%"
"08/18/2022","17.870","17.870","17.870","17.870","-0.17%"
"08/17/2022","17.900","17.900","17.900","17.900","0.28%"
"08/16/2022","17.850","17.850","17.850","17.850","0.96%"
"08/15/2022","17.680","17.680","17.680","17.680","-0.56%"
"08/12/2022","17.780","17.780","17.780","17.780","0.00%"
"08/11/2022","17.780","17.780","17.780","17.780","-0.22%"
"08/10/2022","17.820","17.820","17.820","17.820","-0.06%"
"08/09/2022","17.830","17.830","17.830","17.830","0.62%"
"08/08/2022","17.720","17.720","17.720","17.720","1.03%"
"08/05/2022","17.540","17.540","17.540","17.540","0.00%"
"08/04/2022","17.540","17.540","17.540","17.540","0.63%"
"08/03/2022","17.430","17.430","17.430","17.430","0.23%"
"08/02/2022","17.390","17.390","17.390","17.390","0.46%"
"08/01/2022","17.310","17.310","17.310","17.310","-0.57%"
"07/29/2022","17.410","17.410","17.410","17.410","0.00%"
"07/28/2022","17.410","17.410","17.410","17.410","0.12%"
"07/27/2022","17.390","17.390","17.390","17.390","0.23%"
"07/26/2022","17.350","17.350","17.350","17.350","0.35%"
"07/25/2022","17.290","17.290","17.290","17.290","3.66%"
"07/22/2022","16.680","16.680","16.680","16.680","0.00%"
"07/21/2022","16.680","16.680","16.680","16.680","1.28%"
"07/20/2022","16.470","16.470","16.470","16.470","0.43%"
"07/19/2022","16.400","16.400","16.400","16.400","0.24%"
"07/18/2022","16.360","16.360","16.360","16.360","-0.43%"
"07/15/2022","16.430","16.430","16.430","16.430","-2.06%"
"07/14/2022","16.776","16.776","16.776","16.776","-0.01%"
"07/13/2022","16.777","16.776","16.777","16.776","0.00%"
"07/12/2022","16.777","16.776","16.777","16.776","0.00%"
"07/11/2022","16.776","16.776","16.776","16.776","2.11%"
"07/08/2022","16.430","16.430","16.430","16.430","0.00%"
"07/07/2022","16.430","16.430","16.430","16.430","2.82%"
"07/06/2022","15.980","15.980","15.980","15.980","0.63%"
"07/05/2022","15.880","15.880","15.880","15.880","-0.19%"
"07/04/2022","15.910","15.910","15.910","15.910","-2.66%"
"07/01/2022","16.344","16.344","16.344","16.344","0.00%"
"06/30/2022","16.344","16.344","16.344","16.344","1.96%"
"06/29/2022","16.030","16.030","16.030","16.030","0.12%"
"06/28/2022","16.010","16.010","16.010","16.010","0.31%"
"06/27/2022","15.960","15.960","15.960","15.960","-1.05%"
"06/24/2022","16.130","16.130","16.130","16.130","0.00%"
"06/23/2022","16.130","16.130","16.130","16.130","-0.25%"
"06/22/2022","16.170","16.170","16.170","16.170","-0.55%"
"06/21/2022","16.260","16.260","16.260","16.260","0.18%"
"06/20/2022","16.230","16.230","16.230","16.230","0.56%"
"06/17/2022","16.140","16.140","16.140","16.140","0.00%"
"06/16/2022","16.140","16.140","16.140","16.140","-0.12%"
"06/15/2022","16.160","16.160","16.160","16.160","-0.62%"
"06/14/2022","16.260","16.260","16.260","16.260","0.37%"
"06/13/2022","16.200","16.200","16.200","16.200","-0.98%"
"06/10/2022","16.360","16.360","16.360","16.360","0.00%"
"06/09/2022","16.360","16.360","16.360","16.360","-0.12%"
"06/08/2022","16.380","16.380","16.380","16.380","-0.06%"
"06/07/2022","16.390","16.390","16.390","16.390","-0.12%"
"06/06/2022","16.410","16.410","16.410","16.410","-1.85%"
"06/03/2022","16.720","16.720","16.720","16.720","0.00%"
"06/02/2022","16.720","16.720","16.720","16.720","1.27%"
"06/01/2022","16.510","16.510","16.510","16.510","-0.60%"
"05/31/2022","16.610","16.610","16.610","16.610","0.36%"
"05/30/2022","16.550","16.550","16.550","16.550","0.55%"
"05/27/2022","16.460","16.460","16.460","16.460","0.00%"
"05/26/2022","16.460","16.460","16.460","16.460","0.12%"
"05/25/2022","16.440","16.440","16.440","16.440","-1.26%"
"05/24/2022","16.650","16.650","16.650","16.650","0.30%"
"05/23/2022","16.600","16.600","16.600","16.600","0.61%"
"05/20/2022","16.500","16.500","16.500","16.500","0.00%"
"05/19/2022","16.500","16.500","16.500","16.500","0.00%"
"05/18/2022","16.500","16.500","16.500","16.500","0.79%"
"05/17/2022","16.370","16.370","16.370","16.370","0.74%"
"05/16/2022","16.250","16.250","16.250","16.250","2.65%"
"05/13/2022","15.830","15.830","15.830","15.830","0.00%"
"05/12/2022","15.830","15.830","15.830","15.830","1.80%"
"05/11/2022","15.550","15.550","15.550","15.550","1.70%"
"05/10/2022","15.290","15.290","15.290","15.290","0.39%"
"05/09/2022","15.230","15.230","15.230","15.230","1.13%"
"05/06/2022","15.060","15.060","15.060","15.060","-1.58%"
"05/05/2022","15.302","15.302","15.302","15.302","-0.02%"
"05/04/2022","15.304","15.302","15.304","15.302","0.01%"
"05/03/2022","15.303","15.302","15.303","15.302","0.01%"
"05/02/2022","15.302","15.302","15.302","15.302","1.61%"
"04/29/2022","15.060","15.060","15.060","15.060","0.00%"
"04/28/2022","15.060","15.060","15.060","15.060","1.07%"
"04/27/2022","14.900","14.900","14.900","14.900","-0.80%"
"04/26/2022","15.020","15.020","15.020","15.020","-1.79%"
"04/25/2022","15.293","15.293","15.293","15.293","1.62%"
"04/22/2022","15.050","15.050","15.050","15.050","0.00%"
"04/21/2022","15.050","15.050","15.050","15.050","2.52%"
"04/20/2022","14.680","14.680","14.680","14.680","0.00%"
"04/19/2022","14.680","14.680","14.680","14.680","-1.81%"
"04/18/2022","14.950","14.950","14.950","14.950","-2.48%"
"04/15/2022","15.330","15.330","15.330","15.330","0.00%"
"04/14/2022","15.330","15.330","15.330","15.330","-0.26%"
"04/13/2022","15.370","15.370","15.370","15.370","0.07%"
"04/12/2022","15.360","15.360","15.360","15.360","-0.32%"
"04/11/2022","15.410","15.410","15.410","15.410","0.06%"
"04/08/2022","15.400","15.400","15.400","15.400","0.00%"
"04/07/2022","15.400","15.400","15.400","15.400","-0.26%"
"04/06/2022","15.440","15.440","15.440","15.440","0.32%"
"04/05/2022","15.390","15.390","15.390","15.390","-0.26%"
"04/04/2022","15.430","15.430","15.430","15.430","0.65%"
"04/01/2022","15.330","15.330","15.330","15.330","0.00%"
"03/31/2022","15.330","15.330","15.330","15.330","-2.42%"
"03/30/2022","15.710","15.710","15.710","15.710","0.00%"
"03/29/2022","15.710","15.710","15.710","15.710","-0.19%"
"03/28/2022","15.740","15.740","15.740","15.740","-2.78%"
"03/25/2022","16.190","16.190","16.190","16.190","0.00%"
"03/24/2022","16.190","16.190","16.190","16.190","3.32%"
"03/23/2022","15.670","15.670","15.670","15.670","0.32%"
"03/22/2022","15.620","15.620","15.620","15.620","1.30%"
"03/21/2022","15.420","15.420","15.420","15.420","0.00%"
"03/18/2022","15.420","15.420","15.420","15.420","0.00%"
"03/17/2022","15.420","15.420","15.420","15.420","0.19%"
"03/16/2022","15.390","15.390","15.390","15.390","2.06%"
"03/15/2022","15.080","15.080","15.080","15.080","-3.27%"
"03/14/2022","15.590","15.590","15.590","15.590","4.35%"
"03/11/2022","14.940","14.940","14.940","14.940","0.00%"
"03/10/2022","14.940","14.940","14.940","14.940","-0.99%"
"03/09/2022","15.090","15.090","15.090","15.090","4.28%"
"03/08/2022","14.471","14.471","14.471","14.471","-0.01%"
"03/07/2022","14.472","14.472","14.472","14.472","-0.16%"
"03/04/2022","14.495","14.495","14.495","14.495","0.00%"
"03/03/2022","14.495","14.495","14.495","14.495","0.00%"
"03/02/2022","14.495","14.495","14.495","14.495","-0.01%"
"03/01/2022","14.496","14.496","14.496","14.496","0.00%"
"02/28/2022","14.496","14.496","14.496","14.496","-0.01%"
"02/25/2022","14.498","14.498","14.498","14.498","0.00%"
"02/24/2022","14.498","14.498","14.498","14.498","0.00%"
"02/23/2022","14.498","14.498","14.498","14.498","-0.01%"
"02/22/2022","14.499","14.499","14.499","14.499","0.00%"
"02/21/2022","14.499","14.499","14.499","14.499","0.04%"
"02/18/2022","14.493","14.493","14.493","14.493","0.00%"
"02/17/2022","14.493","14.493","14.493","14.493","-0.01%"
"02/16/2022","14.494","14.494","14.494","14.494","0.00%"
"02/15/2022","14.494","14.494","14.494","14.494","-0.01%"
"02/14/2022","14.495","14.495","14.495","14.495","-0.01%"
"02/11/2022","14.496","14.496","14.496","14.496","0.00%"
"02/10/2022","14.496","14.496","14.496","14.496","-0.01%"
"02/09/2022","14.497","14.497","14.497","14.497","0.00%"
"02/08/2022","14.497","14.497","14.497","14.497","-0.01%"
"02/07/2022","14.498","14.498","14.498","14.498","-0.03%"
"02/04/2022","14.503","14.503","14.503","14.503","0.00%"
"02/03/2022","14.503","14.503","14.503","14.503","-0.01%"
"02/02/2022","14.504","14.504","14.504","14.504","0.00%"
"02/01/2022","14.504","14.504","14.504","14.504","-0.01%"
"01/31/2022","14.505","14.505","14.505","14.505","-0.01%"
"01/28/2022","14.506","14.506","14.506","14.506","-2.18%"
"01/27/2022","14.829","14.829","14.829","14.829","2.23%"
"01/26/2022","14.506","14.506","14.506","14.506","-0.01%"
"01/25/2022","14.507","14.507","14.507","14.507","0.00%"
"01/24/2022","14.507","14.507","14.507","14.507","0.00%"
"01/21/2022","14.507","14.507","14.507","14.507","0.00%"
"01/20/2022","14.507","14.507","14.507","14.507","-0.01%"
"01/19/2022","14.508","14.508","14.508","14.508","0.00%"
"01/18/2022","14.508","14.508","14.508","14.508","-0.01%"
"01/17/2022","14.509","14.509","14.509","14.509","0.01%"
"01/14/2022","14.508","14.508","14.508","14.508","0.00%"
"01/13/2022","14.508","14.508","14.508","14.508","-0.01%"
"01/12/2022","14.509","14.509","14.509","14.509","0.00%"
"01/11/2022","14.509","14.509","14.509","14.509","-0.01%"
"01/10/2022","14.510","14.510","14.510","14.510","-0.10%"
"01/07/2022","14.525","14.525","14.525","14.525","-2.19%"
"01/06/2022","14.850","14.850","14.850","14.850","2.24%"
"01/05/2022","14.525","14.525","14.525","14.525","-0.01%"
"01/04/2022","14.526","14.526","14.526","14.526","0.23%"
"01/03/2022","14.492","14.492","14.492","14.492","-0.01%"
"12/31/2021","14.494","14.494","14.494","14.494","0.00%"
"12/30/2021","14.494","14.494","14.494","14.494","0.00%"
"12/29/2021","14.494","14.494","14.494","14.494","-0.01%"
"12/28/2021","14.495","14.495","14.495","14.495","-0.40%"
"12/27/2021","14.553","14.553","14.553","14.553","-0.01%"
"12/24/2021","14.554","14.554","14.554","14.554","0.00%"
"12/23/2021","14.554","14.554","14.554","14.554","-0.01%"
"12/22/2021","14.555","14.555","14.555","14.555","0.00%"
"12/21/2021","14.555","14.555","14.555","14.555","0.01%"
"12/20/2021","14.554","14.554","14.554","14.554","-0.01%"
"12/17/2021","14.556","14.556","14.556","14.556","0.00%"
"12/16/2021","14.556","14.556","14.556","14.556","0.00%"
"12/15/2021","14.556","14.556","14.556","14.556","0.00%"
"12/14/2021","14.556","14.556","14.556","14.556","-0.01%"
"12/13/2021","14.557","14.557","14.557","14.557","-0.09%"
"12/10/2021","14.570","14.570","14.570","14.570","0.00%"
"12/09/2021","14.570","14.570","14.570","14.570","0.00%"
"12/08/2021","14.570","14.570","14.570","14.570","-0.01%"
"12/07/2021","14.571","14.571","14.571","14.571","0.00%"
"12/06/2021","14.571","14.571","14.571","14.571","-0.03%"
"12/03/2021","14.575","14.575","14.575","14.575","0.00%"
"12/02/2021","14.575","14.575","14.575","14.575","0.00%"
"12/01/2021","14.575","14.575","14.575","14.575","0.00%"
"11/30/2021","14.575","14.575","14.575","14.575","-0.05%"
"11/29/2021","14.583","14.583","14.583","14.583","-0.01%"
"11/26/2021","14.585","14.585","14.585","14.585","0.00%"
"11/25/2021","14.585","14.585","14.585","14.585","0.00%"
"11/24/2021","14.585","14.585","14.585","14.585","0.00%"
"11/23/2021","14.585","14.585","14.585","14.585","0.00%"
"11/22/2021","14.585","14.585","14.585","14.585","-0.01%"
"11/19/2021","14.586","14.586","14.586","14.586","0.00%"
"11/18/2021","14.586","14.586","14.586","14.586","0.00%"
"11/17/2021","14.586","14.586","14.586","14.586","-0.01%"
"11/16/2021","14.587","14.587","14.587","14.587","0.00%"
"11/15/2021","14.587","14.587","14.587","14.587","0.02%"
"11/12/2021","14.584","14.584","14.584","14.584","0.00%"
"11/11/2021","14.584","14.584","14.584","14.584","0.00%"
"11/10/2021","14.584","14.584","14.584","14.584","0.00%"
"11/09/2021","14.584","14.584","14.584","14.584","0.01%"
"11/08/2021","14.583","14.583","14.583","14.583","-0.01%"
"11/05/2021","14.585","14.585","14.585","14.585","0.00%"
"11/04/2021","14.585","14.585","14.585","14.585","0.00%"
"11/03/2021","14.585","14.585","14.585","14.585","0.00%"
"11/02/2021","14.585","14.585","14.585","14.585","-0.15%"
"11/01/2021","14.607","14.607","14.607","14.607","-0.01%"
"10/29/2021","14.608","14.608","14.608","14.608","0.00%"
"10/28/2021","14.608","14.608","14.608","14.608","-0.01%"
"10/27/2021","14.609","14.609","14.609","14.609","0.00%"
"10/26/2021","14.609","14.609","14.609","14.609","0.01%"
"10/25/2021","14.607","14.607","14.607","14.607","-0.01%"
"10/22/2021","14.608","14.608","14.608","14.608","-2.19%"
"10/21/2021","14.934","14.934","14.934","14.934","2.24%"
"10/20/2021","14.608","14.608","14.608","14.608","-0.01%"
"10/19/2021","14.609","14.609","14.609","14.609","0.00%"
"10/18/2021","14.609","14.609","14.609","14.609","-0.16%"
"10/15/2021","14.632","14.632","14.632","14.632","0.00%"
"10/14/2021","14.632","14.632","14.632","14.632","0.00%"
"10/13/2021","14.632","14.632","14.632","14.632","0.12%"
"10/12/2021","14.615","14.615","14.615","14.615","0.00%"
"10/11/2021","14.615","14.615","14.615","14.615","0.00%"
"10/08/2021","14.615","14.615","14.615","14.615","-2.22%"
"10/07/2021","14.946","14.946","14.946","14.946","2.27%"
"10/06/2021","14.615","14.615","14.615","14.615","-0.08%"
"10/05/2021","14.626","14.626","14.626","14.626","0.05%"
"10/04/2021","14.619","14.619","14.619","14.619","0.00%"
"10/01/2021","14.619","14.619","14.619","14.619","0.00%"
"09/30/2021","14.619","14.619","14.619","14.619","-0.01%"
"09/29/2021","14.620","14.620","14.620","14.620","0.00%"
"09/28/2021","14.620","14.620","14.620","14.620","-0.01%"
"09/27/2021","14.621","14.621","14.621","14.621","0.00%"
"09/24/2021","14.621","14.621","14.621","14.621","0.00%"
"09/23/2021","14.621","14.621","14.621","14.621","-0.01%"
"09/22/2021","14.622","14.622","14.622","14.622","0.00%"
"09/21/2021","14.622","14.622","14.622","14.622","-0.03%"
"09/20/2021","14.627","14.627","14.627","14.627","-0.01%"
"09/17/2021","14.628","14.628","14.628","14.628","0.00%"
"09/16/2021","14.628","14.628","14.628","14.628","0.00%"
"09/15/2021","14.628","14.628","14.628","14.628","0.00%"
"09/14/2021","14.628","14.628","14.628","14.628","0.00%"
"09/13/2021","14.628","14.628","14.628","14.628","-0.01%"
"09/10/2021","14.630","14.630","14.630","14.630","0.00%"
"09/09/2021","14.630","14.630","14.630","14.630","-0.01%"
"09/08/2021","14.631","14.631","14.631","14.631","0.00%"
"09/07/2021","14.631","14.631","14.631","14.631","0.33%"
"09/06/2021","14.583","14.583","14.583","14.583","-0.42%"
"09/03/2021","14.644","14.644","14.644","14.644","0.00%"
"09/02/2021","14.644","14.644","14.644","14.644","-1.58%"
"09/01/2021","14.879","14.879","14.879","14.879","0.06%"
"08/31/2021","14.870","14.870","14.870","14.870","0.00%"
"08/30/2021","14.870","14.870","14.870","14.870","-1.10%"
"08/27/2021","15.035","15.035","15.035","15.035","0.00%"
"08/26/2021","15.035","15.035","15.035","15.035","0.00%"
"08/25/2021","15.035","15.035","15.035","15.035","0.00%"
"08/24/2021","15.035","15.035","15.035","15.035","0.00%"
"08/23/2021","15.035","15.035","15.035","15.035","0.01%"
"08/20/2021","15.033","15.033","15.033","15.033","0.00%"
"08/19/2021","15.033","15.033","15.033","15.033","-0.01%"
"08/18/2021","15.034","15.034","15.034","15.034","0.00%"
"08/17/2021","15.034","15.034","15.034","15.034","0.00%"
"08/16/2021","15.034","15.034","15.034","15.034","1.41%"
"08/13/2021","14.825","14.825","14.825","14.825","-1.85%"
"08/12/2021","15.105","15.106","15.106","15.105","1.88%"
"08/11/2021","14.826","14.826","14.826","14.826","0.00%"
"08/10/2021","14.826","14.826","14.826","14.826","-0.01%"
"08/09/2021","14.827","14.827","14.827","14.827","-0.28%"
"08/06/2021","14.868","14.868","14.868","14.868","-0.01%"
"08/05/2021","14.869","14.869","14.869","14.869","-0.01%"
"08/04/2021","14.870","14.870","14.870","14.870","0.00%"
"08/03/2021","14.870","14.870","14.870","14.870","-0.01%"
"08/02/2021","14.871","14.871","14.871","14.871","-1.24%"
"07/30/2021","15.058","15.058","15.058","15.058","0.00%"
"07/29/2021","15.058","15.058","15.058","15.058","0.00%"
"07/28/2021","15.058","15.058","15.058","15.058","1.34%"
"07/27/2021","14.859","14.859","14.859","14.859","0.00%"
"07/26/2021","14.859","14.859","14.859","14.859","-0.01%"
"07/23/2021","14.860","14.860","14.860","14.860","-2.54%"
"07/22/2021","15.248","15.248","15.248","15.248","0.04%"
"07/21/2021","15.243","15.247","15.247","15.243","-0.03%"
"07/20/2021","15.247","15.248","15.248","15.247","-0.01%"
"07/19/2021","15.248","15.248","15.248","15.248","2.61%"
"07/16/2021","14.861","14.861","14.861","14.861","0.00%"
"07/15/2021","14.861","14.861","14.861","14.861","-0.01%"
"07/14/2021","14.862","14.862","14.862","14.862","0.68%"
"07/13/2021","14.762","14.762","14.762","14.762","0.00%"
"07/12/2021","14.762","14.762","14.762","14.762","0.00%"
"07/09/2021","14.762","14.762","14.762","14.762","0.00%"
"07/08/2021","14.762","14.762","14.762","14.762","-0.01%"
"07/07/2021","14.763","14.763","14.763","14.763","0.00%"
"07/06/2021","14.763","14.763","14.763","14.763","0.69%"
"07/05/2021","14.662","14.662","14.662","14.662","0.62%"
"07/02/2021","14.571","14.571","14.571","14.571","-2.62%"
"07/01/2021","14.963","14.963","14.963","14.963","2.69%"
"06/30/2021","14.571","14.571","14.571","14.571","0.00%"
"06/29/2021","14.571","14.571","14.571","14.571","0.00%"
"06/28/2021","14.571","14.571","14.571","14.571","0.06%"
"06/25/2021","14.562","14.562","14.562","14.562","0.00%"
"06/24/2021","14.562","14.562","14.562","14.562","0.00%"
"06/23/2021","14.562","14.562","14.562","14.562","0.00%"
"06/22/2021","14.562","14.562","14.562","14.562","0.00%"
"06/21/2021","14.562","14.562","14.562","14.562","-0.02%"
"06/18/2021","14.565","14.565","14.565","14.565","0.00%"
"06/17/2021","14.565","14.565","14.565","14.565","0.03%"
"06/16/2021","14.561","14.561","14.561","14.561","0.00%"
"06/15/2021","14.561","14.561","14.561","14.561","0.00%"
"06/14/2021","14.561","14.561","14.561","14.561","-0.48%"
"06/11/2021","14.631","14.631","14.631","14.631","0.00%"
"06/10/2021","14.631","14.631","14.631","14.631","0.00%"
"06/09/2021","14.631","14.631","14.631","14.631","0.00%"
"06/08/2021","14.631","14.631","14.631","14.631","0.00%"
"06/07/2021","14.631","14.631","14.631","14.631","-0.01%"
"06/04/2021","14.633","14.633","14.633","14.633","0.00%"
"06/03/2021","14.633","14.633","14.633","14.633","0.13%"
"06/02/2021","14.614","14.614","14.614","14.614","-0.01%"
"06/01/2021","14.616","14.616","14.616","14.616","0.00%"
"05/31/2021","14.616","14.616","14.616","14.616","-0.20%"
"05/28/2021","14.645","14.645","14.645","14.645","0.00%"
"05/27/2021","14.645","14.645","14.645","14.645","0.00%"
"05/26/2021","14.645","14.645","14.645","14.645","0.14%"
"05/25/2021","14.625","14.625","14.625","14.625","0.17%"
"05/24/2021","14.600","14.600","14.600","14.600","-0.02%"
"05/21/2021","14.603","14.603","14.603","14.603","0.00%"
"05/20/2021","14.603","14.603","14.603","14.603","0.01%"
"05/19/2021","14.602","14.602","14.602","14.602","-0.01%"
"05/18/2021","14.603","14.603","14.603","14.603","0.00%"
"05/17/2021","14.603","14.603","14.603","14.603","-1.47%"
"05/14/2021","14.821","14.821","14.821","14.821","0.00%"
"05/13/2021","14.821","14.821","14.821","14.821","0.02%"
"05/12/2021","14.818","14.748","14.818","14.748","3.14%"
"05/11/2021","14.368","14.368","14.368","14.368","0.00%"
"05/10/2021","14.368","14.368","14.368","14.368","-1.31%"
"05/07/2021","14.558","14.558","14.558","14.558","0.00%"
"05/06/2021","14.558","14.558","14.558","14.558","0.00%"
"05/05/2021","14.558","14.558","14.558","14.558","0.00%"
"05/04/2021","14.558","14.558","14.558","14.558","-2.64%"
"05/03/2021","14.953","14.954","14.954","14.953","2.73%"
"04/30/2021","14.556","14.556","14.556","14.556","0.00%"
"04/29/2021","14.556","14.556","14.556","14.556","-0.01%"
"04/28/2021","14.558","14.558","14.558","14.558","0.05%"
"04/27/2021","14.551","14.551","14.551","14.551","-0.02%"
"04/26/2021","14.554","14.554","14.554","14.554","-0.01%"
"04/23/2021","14.556","14.556","14.556","14.556","0.00%"
"04/22/2021","14.556","14.556","14.556","14.556","0.00%"
"04/21/2021","14.556","14.556","14.556","14.556","-0.01%"
"04/20/2021","14.557","14.557","14.557","14.557","0.01%"
"04/19/2021","14.555","14.555","14.555","14.555","0.46%"
"04/16/2021","14.489","14.489","14.489","14.489","0.00%"
"04/15/2021","14.489","14.489","14.489","14.489","-0.13%"
"04/14/2021","14.508","14.508","14.508","14.508","0.08%"
"04/13/2021","14.496","14.496","14.496","14.496","0.00%"
"04/12/2021","14.496","14.496","14.496","14.496","-0.01%"
"04/09/2021","14.498","14.498","14.498","14.498","0.00%"
"04/08/2021","14.498","14.498","14.498","14.498","0.00%"
"04/07/2021","14.498","14.498","14.498","14.498","-0.01%"
"04/06/2021","14.499","14.499","14.499","14.499","-0.21%"
"04/05/2021","14.530","14.530","14.530","14.530","0.00%"
"04/02/2021","14.530","14.530","14.530","14.530","0.00%"
"04/01/2021","14.530","14.530","14.530","14.530","-0.01%"
"03/31/2021","14.531","14.531","14.531","14.531","0.01%"
"03/30/2021","14.530","14.530","14.530","14.530","0.00%"
"03/29/2021","14.530","14.530","14.530","14.530","-0.01%"
"03/26/2021","14.531","14.531","14.531","14.531","0.00%"
"03/25/2021","14.531","14.531","14.531","14.531","0.01%"
"03/24/2021","14.530","14.530","14.530","14.530","-0.01%"
"03/23/2021","14.531","14.531","14.531","14.531","0.00%"
"03/22/2021","14.531","14.531","14.531","14.531","0.28%"
"03/19/2021","14.491","14.491","14.491","14.491","0.00%"
"03/18/2021","14.491","14.491","14.491","14.491","-0.07%"
"03/17/2021","14.501","14.501","14.501","14.501","0.18%"
"03/16/2021","14.475","14.475","14.475","14.475","0.00%"
"03/15/2021","14.475","14.475","14.475","14.475","0.08%"
"03/12/2021","14.464","14.464","14.464","14.464","0.00%"
"03/11/2021","14.464","14.464","14.464","14.464","0.14%"
"03/10/2021","14.444","14.444","14.444","14.444","0.00%"
"03/09/2021","14.444","14.444","14.444","14.444","0.00%"
"03/08/2021","14.444","14.444","14.444","14.444","0.38%"
"03/05/2021","14.389","14.389","14.389","14.389","0.00%"
"03/04/2021","14.389","14.389","14.389","14.389","0.00%"
"03/03/2021","14.389","14.389","14.389","14.389","-0.01%"
"03/02/2021","14.390","14.390","14.390","14.390","0.00%"
"03/01/2021","14.390","14.390","14.390","14.390","-0.31%"
"02/26/2021","14.435","14.435","14.435","14.435","0.00%"
"02/25/2021","14.435","14.435","14.435","14.435","-0.01%"
"02/24/2021","14.436","14.436","14.436","14.436","0.52%"
"02/23/2021","14.362","14.362","14.362","14.362","-0.51%"
"02/22/2021","14.436","14.436","14.436","14.436","1.72%"
"02/19/2021","14.192","14.192","14.192","14.192","0.00%"
"02/18/2021","14.192","14.192","14.192","14.192","0.00%"
"02/17/2021","14.192","14.192","14.192","14.192","-0.01%"
"02/16/2021","14.193","14.193","14.193","14.193","0.00%"
"02/15/2021","14.193","14.193","14.193","14.193","-0.61%"
"02/12/2021","14.280","14.280","14.280","14.280","0.00%"
"02/11/2021","14.280","14.280","14.280","14.280","-0.01%"
"02/10/2021","14.281","14.281","14.281","14.281","-0.56%"
"02/09/2021","14.362","14.362","14.362","14.362","0.00%"
"02/08/2021","14.362","14.362","14.362","14.362","0.55%"
"02/05/2021","14.283","14.283","14.283","14.283","0.00%"
"02/04/2021","14.283","14.283","14.283","14.283","0.00%"
"02/03/2021","14.283","14.283","14.283","14.283","0.29%"
"02/02/2021","14.242","14.242","14.242","14.242","1.58%"
"02/01/2021","14.020","14.020","14.020","14.020","0.00%"
"01/29/2021","14.020","14.020","14.020","14.020","-3.05%"
"01/28/2021","14.460","14.460","14.460","14.460","3.14%"
"01/27/2021","14.020","14.020","14.020","14.020","-0.50%"
"01/26/2021","14.091","14.091","14.091","14.091","0.00%"
"01/25/2021","14.091","14.091","14.091","14.091","-0.56%"
"01/22/2021","14.171","14.171","14.171","14.171","0.00%"
"01/21/2021","14.171","14.171","14.171","14.171","-0.02%"
"01/20/2021","14.174","14.174","14.174","14.174","0.00%"
"01/19/2021","14.174","14.174","14.174","14.174","0.00%"
"01/18/2021","14.174","14.174","14.174","14.174","0.40%"
"01/15/2021","14.118","14.118","14.118","14.118","0.00%"
"01/14/2021","14.118","14.118","14.118","14.118","0.01%"
"01/13/2021","14.116","14.116","14.116","14.116","0.34%"
"01/12/2021","14.068","14.068","14.068","14.068","0.00%"
"01/11/2021","14.068","14.068","14.068","14.068","-0.58%"
"01/08/2021","14.150","14.150","14.150","14.150","-1.97%"
"01/07/2021","14.435","14.436","14.436","14.435","2.01%"
"01/06/2021","14.151","14.151","14.151","14.151","0.00%"
"01/05/2021","14.151","14.151","14.151","14.151","-0.01%"
"01/04/2021","14.152","14.152","14.152","14.152","-0.01%"
"12/31/2020","14.154","14.154","14.154","14.154","0.43%"
"12/30/2020","14.094","14.094","14.094","14.094","-0.01%"
"12/29/2020","14.095","14.095","14.095","14.095","-0.01%"
"12/28/2020","14.096","14.096","14.096","14.096","1.92%"
"12/25/2020","13.830","13.830","13.830","13.830","0.00%"
"12/24/2020","13.830","13.830","13.830","13.830","-0.13%"
"12/23/2020","13.848","13.848","13.848","13.848","0.00%"
"12/22/2020","13.848","13.848","13.848","13.848","-0.56%"
"12/21/2020","13.926","13.926","13.926","13.926","-0.04%"
"12/18/2020","13.931","13.931","13.931","13.931","0.00%"
"12/17/2020","13.931","13.931","13.931","13.931","-0.66%"
"12/16/2020","14.024","14.024","14.024","14.024","0.19%"
"12/15/2020","13.997","13.997","13.997","13.997","0.00%"
"12/14/2020","13.997","13.997","13.997","13.997","-0.56%"
"12/11/2020","14.076","14.076","14.076","14.076","0.00%"
"12/10/2020","14.076","14.076","14.076","14.076","-0.14%"
"12/09/2020","14.096","14.096","14.096","14.096","-0.13%"
"12/08/2020","14.114","14.114","14.114","14.114","-0.01%"
"12/07/2020","14.115","14.115","14.115","14.115","-0.03%"
"12/04/2020","14.119","14.119","14.119","14.119","0.00%"
"12/03/2020","14.119","14.119","14.119","14.119","0.21%"
"12/02/2020","14.090","14.090","14.090","14.090","-0.48%"
"12/01/2020","14.158","14.158","14.158","14.158","-0.13%"
"11/30/2020","14.177","14.177","14.177","14.177","-0.90%"
"11/27/2020","14.306","14.306","14.306","14.306","0.00%"
"11/26/2020","14.306","14.306","14.306","14.306","-0.28%"
"11/25/2020","14.346","14.346","14.346","14.346","0.00%"
"11/24/2020","14.346","14.346","14.346","14.346","0.00%"
"11/23/2020","14.346","14.346","14.346","14.346","0.34%"
"11/20/2020","14.298","14.298","14.298","14.298","0.00%"
"11/19/2020","14.298","14.298","14.298","14.298","0.00%"
"11/18/2020","14.298","14.298","14.298","14.298","-0.01%"
"11/17/2020","14.299","14.299","14.299","14.299","0.01%"
"11/16/2020","14.298","14.298","14.298","14.298","0.22%"
"11/13/2020","14.266","14.266","14.266","14.266","0.00%"
"11/12/2020","14.266","14.266","14.266","14.266","-0.60%"
"11/11/2020","14.352","14.352","14.352","14.352","-0.47%"
"11/10/2020","14.420","14.420","14.420","14.420","-0.10%"
"11/09/2020","14.435","14.435","14.435","14.435","-2.12%"
"11/06/2020","14.748","14.748","14.748","14.748","2.16%"
"11/05/2020","14.436","14.436","14.436","14.436","0.34%"
"11/04/2020","14.387","14.387","14.387","14.387","-0.38%"
"11/03/2020","14.442","14.442","14.442","14.442","-0.62%"
"11/02/2020","14.532","14.532","14.532","14.532","0.00%"
"10/30/2020","14.532","14.532","14.532","14.532","-2.14%"
"10/29/2020","14.849","14.849","14.849","14.849","2.18%"
"10/28/2020","14.532","14.532","14.532","14.532","-0.01%"
"10/27/2020","14.533","14.533","14.533","14.533","0.06%"
"10/26/2020","14.525","14.525","14.525","14.525","1.06%"
"10/23/2020","14.373","14.373","14.373","14.373","0.00%"
"10/22/2020","14.373","14.373","14.373","14.373","0.08%"
"10/21/2020","14.362","14.362","14.362","14.362","-0.04%"
"10/20/2020","14.368","14.368","14.368","14.368","0.00%"
"10/19/2020","14.368","14.368","14.368","14.368","0.06%"
"10/16/2020","14.359","14.359","14.359","14.359","0.00%"
"10/15/2020","14.359","14.359","14.359","14.359","0.00%"
"10/14/2020","14.359","14.359","14.359","14.359","0.00%"
"10/13/2020","14.359","14.359","14.359","14.359","0.00%"
"10/12/2020","14.359","14.359","14.359","14.359","-0.22%"
"10/09/2020","14.390","14.390","14.390","14.390","-2.61%"
"10/08/2020","14.776","14.738","14.776","14.738","2.94%"
"10/07/2020","14.354","14.354","14.354","14.354","0.00%"
"10/06/2020","14.354","14.354","14.354","14.354","-0.24%"
"10/05/2020","14.389","14.389","14.389","14.389","-0.74%"
"10/02/2020","14.497","14.497","14.497","14.497","0.00%"
"10/01/2020","14.497","14.497","14.497","14.497","0.13%"
"09/30/2020","14.478","14.478","14.478","14.478","0.17%"
"09/29/2020","14.453","14.453","14.453","14.453","-0.44%"
"09/28/2020","14.517","14.517","14.517","14.517","0.02%"
"09/25/2020","14.514","14.514","14.514","14.514","0.00%"
"09/24/2020","14.514","14.514","14.514","14.514","0.62%"
"09/23/2020","14.424","14.424","14.424","14.424","0.00%"
"09/22/2020","14.424","14.424","14.424","14.424","-0.01%"
"09/21/2020","14.425","14.425","14.425","14.425","0.53%"
"09/18/2020","14.349","14.349","14.349","14.349","0.00%"
"09/17/2020","14.349","14.349","14.349","14.349","-1.38%"
"09/16/2020","14.550","14.550","14.550","14.550","0.00%"
"09/15/2020","14.550","14.550","14.550","14.550","0.00%"
"09/14/2020","14.550","14.550","14.550","14.550","0.10%"
"09/11/2020","14.535","14.535","14.535","14.535","0.00%"
"09/10/2020","14.535","14.535","14.535","14.535","-0.16%"
"09/09/2020","14.559","14.559","14.559","14.559","0.00%"
"09/08/2020","14.559","14.559","14.559","14.559","0.26%"
"09/07/2020","14.521","14.521","14.521","14.521","-0.01%"
"09/04/2020","14.523","14.523","14.523","14.523","0.00%"
"09/03/2020","14.523","14.523","14.523","14.523","0.00%"
"09/02/2020","14.523","14.523","14.523","14.523","0.00%"
"09/01/2020","14.523","14.523","14.523","14.523","0.00%"
"08/31/2020","14.523","14.523","14.523","14.523","-0.18%"
"08/28/2020","14.549","14.549","14.549","14.549","0.00%"
"08/27/2020","14.549","14.549","14.549","14.549","-0.04%"
"08/26/2020","14.555","14.555","14.555","14.555","1.10%"
"08/25/2020","14.396","14.396","14.396","14.396","0.00%"
"08/24/2020","14.396","14.396","14.396","14.396","-0.01%"
"08/21/2020","14.397","14.397","14.397","14.397","-2.58%"
"08/20/2020","14.779","14.779","14.779","14.779","2.65%"
"08/19/2020","14.397","14.397","14.397","14.397","-0.15%"
"08/18/2020","14.418","14.418","14.418","14.418","0.41%"
"08/17/2020","14.359","14.359","14.359","14.359","-0.28%"
"08/14/2020","14.400","14.400","14.400","14.400","0.00%"
"08/13/2020","14.400","14.400","14.400","14.400","0.00%"
"08/12/2020","14.400","14.400","14.400","14.400","0.00%"
"08/11/2020","14.400","14.400","14.400","14.400","0.00%"
"08/10/2020","14.400","14.400","14.400","14.400","-0.69%"
"08/07/2020","14.500","14.500","14.500","14.500","0.00%"
"08/06/2020","14.500","14.500","14.500","14.500","-0.34%"
"08/05/2020","14.550","14.550","14.550","14.550","0.00%"
"08/04/2020","14.550","14.550","14.550","14.550","-2.62%"
"08/03/2020","14.942","14.781","14.942","14.781","3.76%"
"07/31/2020","14.401","14.401","14.401","14.401","-1.57%"
"07/30/2020","14.630","14.577","14.630","14.577","3.17%"
"07/29/2020","14.180","14.180","14.180","14.180","-0.15%"
"07/28/2020","14.202","14.202","14.202","14.202","0.65%"
"07/27/2020","14.110","14.110","14.110","14.110","0.00%"
"07/24/2020","14.110","14.110","14.110","14.110","-2.68%"
"07/23/2020","14.499","14.499","14.499","14.499","2.75%"
"07/22/2020","14.111","14.111","14.111","14.111","0.75%"
"07/21/2020","14.006","14.006","14.006","14.006","0.00%"
"07/20/2020","14.006","14.006","14.006","14.006","0.00%"
"07/17/2020","14.006","14.006","14.006","14.006","0.00%"
"07/16/2020","14.006","14.006","14.006","14.006","0.00%"
"07/15/2020","14.006","14.006","14.006","14.006","0.00%"
"07/14/2020","14.006","14.006","14.006","14.006","2.15%"
"07/13/2020","13.711","13.711","13.711","13.711","0.00%"
"07/10/2020","13.711","13.711","13.711","13.711","0.00%"
"07/09/2020","13.711","13.711","13.711","13.711","0.00%"
"07/08/2020","13.711","13.711","13.711","13.711","0.00%"
"07/07/2020","13.711","13.711","13.711","13.711","0.00%"
"07/06/2020","13.711","13.711","13.711","13.711","0.00%"
"07/03/2020","13.711","13.711","13.711","13.711","-2.58%"
"07/02/2020","14.073","14.073","14.073","14.073","0.00%"
"07/01/2020","14.073","14.073","14.073","14.073","2.64%"
"06/30/2020","13.711","13.711","13.711","13.711","0.85%"
"06/29/2020","13.596","13.596","13.596","13.596","0.00%"
"06/26/2020","13.596","13.596","13.596","13.596","0.00%"
"06/25/2020","13.596","13.596","13.596","13.596","0.00%"
"06/24/2020","13.596","13.596","13.596","13.596","0.00%"
"06/23/2020","13.596","13.596","13.596","13.596","0.83%"
"06/22/2020","13.484","13.484","13.484","13.484","0.00%"
"06/19/2020","13.484","13.484","13.484","13.484","0.00%"
"06/18/2020","13.484","13.484","13.484","13.484","0.00%"
"06/17/2020","13.484","13.484","13.484","13.484","-1.34%"
"06/16/2020","13.667","13.667","13.667","13.667","0.00%"
"06/15/2020","13.667","13.667","13.667","13.667","0.00%"
"06/12/2020","13.667","13.667","13.667","13.667","0.00%"
"06/11/2020","13.667","13.667","13.667","13.667","0.00%"
"06/10/2020","13.667","13.667","13.667","13.667","1.10%"
"06/09/2020","13.518","13.518","13.518","13.518","0.00%"
"06/08/2020","13.518","13.518","13.518","13.518","0.00%"
"06/05/2020","13.518","13.518","13.518","13.518","0.18%"
"06/04/2020","13.494","13.494","13.494","13.494","0.00%"
"06/03/2020","13.494","13.494","13.494","13.494","0.00%"
"06/02/2020","13.494","13.494","13.494","13.494","-0.38%"
"06/01/2020","13.545","13.545","13.545","13.545","0.00%"
"05/29/2020","13.545","13.545","13.545","13.545","-2.52%"
"05/28/2020","13.896","13.896","13.896","13.896","0.00%"
"05/27/2020","13.896","13.896","13.896","13.896","0.00%"
"05/26/2020","13.895","13.844","13.895","13.844","0.36%"
"05/25/2020","13.844","13.844","13.844","13.844","2.57%"
"05/22/2020","13.497","13.497","13.497","13.497","0.00%"
"05/21/2020","13.497","13.497","13.497","13.497","0.00%"
"05/20/2020","13.497","13.497","13.497","13.497","0.00%"
"05/19/2020","13.497","13.497","13.497","13.497","-0.02%"
"05/18/2020","13.500","13.500","13.500","13.500","0.00%"
"05/15/2020","13.500","13.500","13.500","13.500","0.00%"
"05/14/2020","13.500","13.500","13.500","13.500","0.73%"
"05/13/2020","13.402","13.402","13.402","13.402","0.00%"
"05/12/2020","13.402","13.402","13.402","13.402","0.00%"
"05/11/2020","13.402","13.402","13.402","13.402","0.00%"
"05/08/2020","13.402","13.402","13.402","13.402","0.00%"
"05/07/2020","13.402","13.402","13.402","13.402","0.00%"
"05/06/2020","13.402","13.402","13.402","13.402","0.00%"
"05/05/2020","13.402","13.402","13.402","13.402","0.60%"
"05/04/2020","13.322","13.322","13.322","13.322","0.00%"
"05/01/2020","13.322","13.322","13.322","13.322","0.00%"
"04/30/2020","13.322","13.322","13.322","13.322","0.50%"
"04/29/2020","13.256","13.256","13.256","13.256","0.00%"
"04/28/2020","13.256","13.256","13.256","13.256","0.20%"
"04/27/2020","13.229","13.229","13.229","13.229","0.00%"
"04/24/2020","13.229","13.229","13.229","13.229","0.00%"
"04/23/2020","13.229","13.229","13.229","13.229","0.00%"
"04/22/2020","13.229","13.229","13.229","13.229","0.00%"
"04/21/2020","13.229","13.229","13.229","13.229","-2.43%"
"04/20/2020","13.559","13.804","13.804","13.559","0.73%"
"04/17/2020","13.460","13.460","13.460","13.460","0.00%"
"04/16/2020","13.460","13.460","13.460","13.460","0.00%"
"04/15/2020","13.460","13.460","13.460","13.460","-2.29%"
"04/14/2020","13.776","13.776","13.776","13.776","0.00%"
"04/13/2020","13.776","13.776","13.776","13.776","0.00%"
"04/10/2020","13.776","13.776","13.776","13.776","0.00%"
"04/09/2020","13.776","13.776","13.776","13.776","-0.58%"
"04/08/2020","13.857","13.857","13.857","13.857","0.00%"
"04/07/2020","13.857","13.857","13.857","13.857","-5.76%"
"04/06/2020","14.704","14.704","14.704","14.704","0.00%"
"04/03/2020","14.704","14.704","14.704","14.704","0.00%"
"04/02/2020","14.704","14.704","14.704","14.704","-0.03%"
"04/01/2020","14.708","14.708","14.708","14.708","0.00%"
"03/31/2020","14.708","14.708","14.708","14.708","0.02%"
"03/30/2020","14.705","14.705","14.705","14.705","0.00%"
"03/27/2020","14.705","14.705","14.705","14.705","0.00%"
"03/26/2020","14.705","14.705","14.705","14.705","0.00%"
"03/25/2020","14.705","14.705","14.705","14.705","-3.17%"
"03/24/2020","15.186","15.186","15.186","15.186","0.00%"
"03/23/2020","15.186","15.186","15.186","15.186","3.70%"
"03/20/2020","14.644","14.644","14.644","14.644","0.00%"
"03/19/2020","14.644","14.644","14.644","14.644","0.00%"
"03/18/2020","14.644","14.644","14.644","14.644","0.00%"
"03/17/2020","14.644","14.644","14.644","14.644","1.36%"
"03/16/2020","14.447","14.447","14.447","14.447","0.00%"
"03/13/2020","14.447","14.447","14.447","14.447","-2.80%"
"03/12/2020","14.863","14.863","14.863","14.863","2.88%"
"03/11/2020","14.447","14.447","14.447","14.447","0.73%"
"03/10/2020","14.342","14.342","14.342","14.342","0.00%"
"03/09/2020","14.342","14.342","14.342","14.342","0.99%"
"03/06/2020","14.202","14.202","14.202","14.202","0.00%"
"03/05/2020","14.202","14.202","14.202","14.202","0.00%"
"03/04/2020","14.202","14.202","14.202","14.202","-0.34%"
"03/03/2020","14.251","14.251","14.251","14.251","3.79%"
"03/02/2020","13.730","13.730","13.730","13.730","0.00%"
"02/28/2020","13.730","13.730","13.730","13.730","0.00%"
"02/27/2020","13.730","13.730","13.730","13.730","0.21%"
"02/26/2020","13.701","13.701","13.701","13.701","0.00%"
"02/25/2020","13.701","13.701","13.701","13.701","0.00%"
"02/24/2020","13.701","13.701","13.701","13.701","-0.72%"
"02/21/2020","13.800","13.800","13.800","13.800","0.00%"
"02/20/2020","13.800","13.800","13.800","13.800","-0.14%"
"02/19/2020","13.820","13.820","13.820","13.820","0.00%"
"02/18/2020","13.820","13.820","13.820","13.820","0.00%"
"02/17/2020","13.820","13.820","13.820","13.820","-0.22%"
"02/14/2020","13.850","13.850","13.850","13.850","0.00%"
"02/13/2020","13.850","13.850","13.850","13.850","-1.08%"
"02/12/2020","14.001","14.001","14.001","14.001","0.00%"
"02/11/2020","14.001","14.001","14.001","14.001","0.07%"
"02/10/2020","13.991","13.991","13.991","13.991","-0.06%"
"02/07/2020","14.000","14.000","14.000","14.000","0.00%"
"02/06/2020","14.000","14.000","14.000","14.000","0.72%"
"02/05/2020","13.900","13.900","13.900","13.900","-0.22%"
"02/04/2020","13.930","13.930","13.930","13.930","0.94%"
"02/03/2020","13.800","13.800","13.800","13.800","0.48%"
"01/31/2020","13.734","13.734","13.734","13.734","0.00%"
"01/30/2020","13.734","13.734","13.734","13.734","0.66%"
"01/29/2020","13.644","13.644","13.644","13.644","0.00%"
"01/28/2020","13.644","13.644","13.644","13.644","0.00%"
"01/27/2020","13.644","13.644","13.644","13.644","0.43%"
"01/24/2020","13.585","13.585","13.585","13.585","0.50%"
"01/23/2020","13.518","13.518","13.518","13.518","-0.13%"
"01/22/2020","13.535","13.535","13.535","13.535","-0.46%"
"01/21/2020","13.598","13.598","13.598","13.598","0.00%"
"01/20/2020","13.598","13.598","13.598","13.598","-0.38%"
"01/17/2020","13.650","13.650","13.650","13.650","0.00%"
"01/16/2020","13.650","13.650","13.650","13.650","0.00%"
"01/15/2020","13.650","13.650","13.650","13.650","-0.70%"
"01/14/2020","13.746","13.746","13.746","13.746","0.00%"
"01/13/2020","13.746","13.746","13.746","13.746","0.00%"
"01/10/2020","13.746","13.746","13.746","13.746","0.00%"
"01/09/2020","13.746","13.746","13.746","13.746","-0.28%"
"01/08/2020","13.785","13.785","13.785","13.785","-2.77%"
"01/07/2020","14.177","14.177","14.177","14.177","2.68%"
"01/06/2020","13.807","13.807","13.807","13.807","-0.29%"
"01/03/2020","13.847","13.847","13.847","13.847","0.00%"
"01/02/2020","13.847","13.847","13.847","13.847","-2.77%"
"01/01/2020","14.242","14.242","14.242","14.242","2.70%"
"12/31/2019","13.868","13.868","13.868","13.868","0.00%"
"12/30/2019","13.868","13.868","13.868","13.868","0.00%"
"12/27/2019","13.868","13.868","13.868","13.868","0.00%"
"12/26/2019","13.868","13.868","13.868","13.868","0.00%"
"12/25/2019","13.868","13.868","13.868","13.868","0.00%"
"12/24/2019","13.868","13.868","13.868","13.868","0.00%"
"12/23/2019","13.868","13.868","13.868","13.868","-1.71%"
"12/20/2019","14.109","14.109","14.109","14.109","0.00%"
"12/19/2019","14.109","14.109","14.109","14.109","0.00%"
"12/18/2019","14.109","14.109","14.109","14.109","-0.28%"
"12/17/2019","14.148","14.148","14.148","14.148","0.00%"
"12/16/2019","14.148","14.148","14.148","14.148","0.00%"
"12/13/2019","14.148","14.148","14.148","14.148","0.00%"
"12/12/2019","14.148","14.148","14.148","14.148","0.00%"
"12/11/2019","14.148","14.148","14.148","14.148","0.30%"
"12/04/2019","14.105","14.105","14.105","14.105","0.00%"
"12/03/2019","14.105","14.105","14.105","14.105","0.77%"
"12/02/2019","13.997","13.997","13.997","13.997","0.00%"
"11/29/2019","13.997","13.997","13.997","13.997","0.00%"
"11/28/2019","13.997","13.997","13.997","13.997","0.00%"
"11/27/2019","13.997","13.997","13.997","13.997","0.00%"
"11/26/2019","13.997","13.997","13.997","13.997","0.00%"
"11/25/2019","13.997","13.997","13.997","13.997","0.00%"
"11/22/2019","13.997","13.997","13.997","13.997","0.00%"
"11/21/2019","13.997","13.997","13.997","13.997","-0.36%"
"11/20/2019","14.048","14.048","14.048","14.048","0.00%"
"11/19/2019","14.048","14.048","14.048","14.048","0.00%"
"11/18/2019","14.048","14.048","14.048","14.048","-0.90%"
"11/15/2019","14.176","14.176","14.176","14.176","0.00%"
"11/14/2019","14.176","14.176","14.176","14.176","-0.56%"
"11/13/2019","14.256","14.256","14.256","14.256","0.00%"
"11/12/2019","14.256","14.256","14.256","14.256","-0.19%"
"11/11/2019","14.283","14.283","14.283","14.283","0.00%"
"11/08/2019","14.283","14.283","14.283","14.283","0.00%"
"11/07/2019","14.283","14.283","14.283","14.283","0.00%"
"11/06/2019","14.283","14.283","14.283","14.283","0.19%"
"11/05/2019","14.256","14.256","14.256","14.256","0.07%"
"11/04/2019","14.246","14.246","14.246","14.246","0.00%"
"11/01/2019","14.246","14.246","14.246","14.246","0.00%"
"10/31/2019","14.246","14.246","14.246","14.246","-0.63%"
"10/30/2019","14.336","14.336","14.336","14.336","0.00%"
"10/29/2019","14.336","14.336","14.336","14.336","0.00%"
"10/28/2019","14.336","14.336","14.336","14.336","-0.55%"
"10/25/2019","14.416","14.416","14.416","14.416","0.00%"
"10/24/2019","14.416","14.416","14.416","14.416","-1.97%"
"10/23/2019","14.705","14.705","14.705","14.705","0.00%"
"10/22/2019","14.705","14.705","14.705","14.705","0.00%"
"10/21/2019","14.705","14.705","14.705","14.705","0.20%"
"10/18/2019","14.675","14.675","14.675","14.675","0.00%"
"10/17/2019","14.675","14.675","14.675","14.675","1.58%"
"10/16/2019","14.447","14.447","14.447","14.447","0.00%"
"10/15/2019","14.447","14.447","14.447","14.447","-0.37%"
"10/14/2019","14.500","14.500","14.500","14.500","-2.48%"
"10/11/2019","14.869","14.869","14.869","14.869","0.00%"
"10/10/2019","14.869","14.869","14.869","14.869","1.18%"
"10/09/2019","14.696","14.696","14.696","14.696","1.56%"
"10/08/2019","14.470","14.470","14.470","14.470","0.00%"
"10/07/2019","14.470","14.470","14.470","14.470","-0.32%"
"10/04/2019","14.516","14.516","14.516","14.516","0.00%"
"10/03/2019","14.516","14.516","14.516","14.516","-0.49%"
"10/02/2019","14.587","14.587","14.587","14.587","-0.21%"
"10/01/2019","14.618","14.618","14.618","14.618","2.52%"
"09/30/2019","14.259","14.259","14.259","14.259","1.77%"
"09/27/2019","14.011","14.011","14.011","14.011","0.00%"
"09/26/2019","14.011","14.011","14.011","14.011","0.21%"
"09/25/2019","13.981","13.981","13.981","13.981","0.00%"
"09/24/2019","13.981","13.981","13.981","13.981","-0.20%"
"09/23/2019","14.009","14.009","14.009","14.009","-3.53%"
"09/20/2019","14.522","14.522","14.522","14.522","0.00%"
"09/19/2019","14.522","14.522","14.522","14.522","0.00%"
"09/18/2019","14.522","14.522","14.522","14.522","1.05%"
"09/17/2019","14.371","14.371","14.371","14.371","-1.64%"
"09/16/2019","14.610","14.610","14.610","14.610","-0.75%"
"09/13/2019","14.720","14.720","14.720","14.720","0.00%"
"09/12/2019","14.720","14.720","14.720","14.720","-0.03%"
"09/11/2019","14.724","14.724","14.724","14.724","-0.27%"
"09/10/2019","14.764","14.764","14.764","14.764","0.00%"
"09/09/2019","14.764","14.764","14.764","14.764","-0.63%"
"09/06/2019","14.858","14.858","14.858","14.858","0.00%"
"09/05/2019","14.858","14.858","14.858","14.858","0.17%"
"09/04/2019","14.833","14.833","14.833","14.833","-0.56%"
"09/03/2019","14.916","14.916","14.916","14.916","0.00%"
"09/02/2019","14.916","14.916","14.916","14.916","-1.46%"
"08/30/2019","15.137","15.137","15.137","15.137","0.00%"
"08/29/2019","15.137","15.137","15.137","15.137","-2.32%"
"08/28/2019","15.496","15.496","15.496","15.496","0.00%"
"08/27/2019","15.496","15.496","15.496","15.496","-1.10%"
"08/26/2019","15.668","15.668","15.668","15.668","-0.48%"
"08/23/2019","15.743","15.743","15.743","15.743","0.00%"
"08/22/2019","15.743","15.743","15.743","15.743","0.03%"
"08/21/2019","15.739","15.739","15.739","15.739","0.00%"
"08/20/2019","15.739","15.739","15.739","15.739","-0.87%"
"08/19/2019","15.877","15.877","15.877","15.877","0.20%"
"08/16/2019","15.845","15.845","15.845","15.845","0.00%"
"08/15/2019","15.845","15.845","15.845","15.845","-0.16%"
"08/14/2019","15.870","15.870","15.870","15.870","0.00%"
"08/13/2019","15.870","15.870","15.870","15.870","0.00%"
"08/12/2019","15.870","15.827","15.870","15.827","0.27%"
"08/09/2019","15.827","15.827","15.827","15.827","0.00%"
"08/08/2019","15.827","15.827","15.827","15.827","-0.10%"
"08/07/2019","15.843","15.843","15.843","15.843","0.00%"
"08/06/2019","15.843","15.843","15.843","15.843","0.00%"
"08/05/2019","15.843","15.843","15.843","15.843","-0.18%"
"08/02/2019","15.872","15.872","15.872","15.872","0.00%"
"08/01/2019","15.872","15.872","15.872","15.872","-0.14%"
"07/31/2019","15.895","15.895","15.895","15.895","0.00%"
"07/30/2019","15.895","15.895","15.895","15.895","0.00%"
"07/29/2019","15.895","15.895","15.895","15.895","0.23%"
"07/26/2019","15.859","15.859","15.859","15.859","0.00%"
"07/25/2019","15.859","15.859","15.859","15.859","0.16%"
"07/24/2019","15.833","15.833","15.833","15.833","0.00%"
"07/23/2019","15.833","15.905","15.905","15.833","-0.45%"
"07/22/2019","15.905","15.905","15.905","15.905","0.00%"
"07/19/2019","15.905","15.905","15.905","15.905","0.00%"
"07/18/2019","15.905","15.905","15.905","15.905","-0.06%"
"07/17/2019","15.915","15.915","15.915","15.915","0.00%"
"07/16/2019","15.915","15.915","15.915","15.915","0.00%"
"07/15/2019","15.915","15.915","15.915","15.915","-1.08%"
"07/12/2019","16.088","16.088","16.088","16.088","0.00%"
"07/11/2019","16.088","16.088","16.088","16.088","-0.19%"
"07/10/2019","16.119","16.119","16.119","16.119","0.00%"
"07/09/2019","16.119","16.119","16.119","16.119","0.00%"
"07/08/2019","16.119","16.119","16.119","16.119","0.32%"
"07/05/2019","16.068","16.068","16.068","16.068","0.00%"
"07/04/2019","16.068","16.068","16.068","16.068","0.19%"
"07/03/2019","16.037","16.037","16.037","16.037","0.00%"
"07/02/2019","16.037","16.037","16.037","16.037","0.01%"
"07/01/2019","16.036","16.036","16.036","16.036","0.00%"
"06/28/2019","16.036","16.036","16.036","16.036","0.00%"
"06/27/2019","16.036","16.036","16.036","16.036","-0.39%"
"06/26/2019","16.099","16.099","16.099","16.099","0.00%"
"06/25/2019","16.099","16.099","16.099","16.099","-0.70%"
"06/24/2019","16.213","16.213","16.213","16.213","0.00%"
"06/21/2019","16.213","16.213","16.213","16.213","0.00%"
"06/20/2019","16.213","16.213","16.213","16.213","-0.13%"
"06/19/2019","16.234","16.234","16.234","16.234","-0.25%"
"06/18/2019","16.274","16.274","16.274","16.274","0.00%"
"06/17/2019","16.274","16.274","16.274","16.274","-0.70%"
"06/14/2019","16.389","16.389","16.389","16.389","0.00%"
"06/13/2019","16.389","16.389","16.389","16.389","0.00%"
"06/12/2019","16.389","16.389","16.389","16.389","0.00%"
"06/11/2019","16.389","16.389","16.389","16.389","0.00%"
"06/10/2019","16.389","16.389","16.389","16.389","1.13%"
"06/07/2019","16.206","16.206","16.206","16.206","0.00%"
"06/06/2019","16.206","16.206","16.206","16.206","0.00%"
"06/05/2019","16.206","16.206","16.206","16.206","0.00%"
"06/04/2019","16.206","16.206","16.206","16.206","0.00%"
"06/03/2019","16.206","16.206","16.206","16.206","0.54%"
"05/31/2019","16.119","16.119","16.119","16.119","0.31%"
"05/30/2019","16.069","16.069","16.069","16.069","0.19%"
"05/29/2019","16.039","16.039","16.039","16.039","0.00%"
"05/28/2019","16.039","16.039","16.039","16.039","0.00%"
"05/27/2019","16.039","16.039","16.039","16.039","-0.87%"
"05/24/2019","16.180","16.180","16.180","16.180","0.00%"
"05/23/2019","16.180","16.180","16.180","16.180","-0.79%"
"05/22/2019","16.309","16.309","16.309","16.309","0.00%"
"05/21/2019","16.309","16.309","16.309","16.309","0.00%"
"05/20/2019","16.309","16.309","16.309","16.309","0.28%"
"05/17/2019","16.263","16.263","16.263","16.263","0.00%"
"05/16/2019","16.263","16.263","16.263","16.263","-0.12%"
"05/15/2019","16.283","16.283","16.283","16.283","-0.33%"
"05/14/2019","16.337","16.337","16.337","16.337","0.00%"
"05/13/2019","16.337","16.337","16.337","16.337","-0.04%"
"05/10/2019","16.344","16.344","16.344","16.344","0.00%"
"05/09/2019","16.344","16.344","16.344","16.344","-0.86%"
"05/08/2019","16.485","16.485","16.485","16.485","0.00%"
"05/07/2019","16.485","16.485","16.485","16.485","0.00%"
"05/06/2019","16.485","16.485","16.485","16.485","0.20%"
"05/03/2019","16.452","16.452","16.452","16.452","0.00%"
"05/02/2019","16.452","16.452","16.452","16.452","-0.22%"
"05/01/2019","16.489","16.489","16.489","16.489","0.00%"
"04/30/2019","16.489","16.489","16.489","16.489","0.21%"
"04/29/2019","16.454","16.454","16.454","16.454","0.00%"
"04/26/2019","16.454","16.454","16.454","16.454","0.00%"
"04/25/2019","16.454","16.438","16.454","16.438","0.10%"
"04/24/2019","16.438","16.438","16.438","16.438","0.00%"
"04/23/2019","16.438","16.438","16.438","16.438","-0.87%"
"04/22/2019","16.582","16.582","16.582","16.582","0.00%"
"04/19/2019","16.582","16.582","16.582","16.582","0.00%"
"04/18/2019","16.582","16.582","16.582","16.582","-0.29%"
"04/17/2019","16.630","16.630","16.630","16.630","0.00%"
"04/16/2019","16.630","16.630","16.630","16.630","-0.14%"
"04/15/2019","16.654","16.654","16.654","16.654","0.00%"
"04/12/2019","16.654","16.654","16.654","16.654","0.00%"
"04/11/2019","16.654","16.654","16.654","16.654","0.00%"
"04/10/2019","16.654","16.654","16.654","16.654","0.00%"
"04/09/2019","16.654","16.654","16.654","16.654","0.14%"
"04/08/2019","16.630","16.630","16.630","16.630","0.00%"
"04/05/2019","16.630","16.630","16.630","16.630","0.00%"
"04/04/2019","16.630","16.630","16.630","16.630","0.00%"
"04/03/2019","16.630","16.630","16.630","16.630","0.00%"
"04/02/2019","16.630","16.630","16.630","16.630","-1.48%"
"04/01/2019","16.879","16.879","16.879","16.879","0.00%"
"03/29/2019","16.879","16.879","16.879","16.879","0.00%"
"03/28/2019","16.879","16.879","16.879","16.879","-0.27%"
"03/27/2019","16.924","16.924","16.924","16.924","0.00%"
"03/26/2019","16.924","16.924","16.924","16.924","0.00%"
"03/25/2019","16.924","16.924","16.924","16.924","0.12%"
"03/22/2019","16.903","16.903","16.903","16.903","0.00%"
"03/21/2019","16.903","16.903","16.903","16.903","0.00%"
"03/20/2019","16.903","16.903","16.903","16.903","0.00%"
"03/19/2019","16.903","16.903","16.903","16.903","0.00%"
"03/18/2019","16.903","16.903","16.903","16.903","-0.17%"
"03/15/2019","16.931","16.931","16.931","16.931","0.00%"
"03/14/2019","16.931","16.931","16.931","16.931","0.00%"
"03/13/2019","16.931","16.931","16.931","16.931","0.00%"
"03/12/2019","16.931","16.931","16.931","16.931","0.00%"
"03/11/2019","16.931","16.931","16.931","16.931","-0.80%"
"03/08/2019","17.067","17.067","17.067","17.067","0.00%"
"03/07/2019","17.067","17.067","17.067","17.067","0.00%"
"03/06/2019","17.067","17.067","17.067","17.067","-1.85%"
"03/05/2019","17.389","17.389","17.389","17.389","0.00%"
"03/04/2019","17.389","17.389","17.389","17.389","-0.29%"
"03/01/2019","17.439","17.439","17.439","17.439","0.00%"
"02/28/2019","17.439","17.439","17.439","17.439","0.60%"
"02/27/2019","17.335","17.335","17.335","17.335","0.00%"
"02/26/2019","17.335","17.335","17.335","17.335","-2.12%"
"02/25/2019","17.711","17.711","17.711","17.711","-0.70%"
"02/22/2019","17.835","17.835","17.835","17.835","-1.41%"
"02/21/2019","18.090","18.090","18.090","18.090","1.40%"
"02/20/2019","17.841","17.841","17.841","17.841","0.00%"
"02/19/2019","17.841","17.841","17.841","17.841","0.00%"
"02/18/2019","17.841","17.841","17.841","17.841","-0.78%"
"02/15/2019","17.981","17.981","17.981","17.981","0.00%"
"02/14/2019","17.981","17.981","17.981","17.981","0.00%"
"02/13/2019","17.981","17.981","17.981","17.981","0.00%"
"02/12/2019","17.981","17.981","17.981","17.981","0.00%"
"02/11/2019","17.981","17.981","17.981","17.981","0.00%"
"02/08/2019","17.981","17.981","17.981","17.981","0.00%"
"02/07/2019","17.981","17.981","17.981","17.981","0.00%"
"02/06/2019","17.981","17.981","17.981","17.981","0.00%"
"02/05/2019","17.981","17.981","17.981","17.981","0.00%"
"02/04/2019","17.981","17.981","17.981","17.981","0.00%"
"02/01/2019","17.981","17.981","17.981","17.981","0.00%"
"01/31/2019","17.981","17.981","17.981","17.981","-0.43%"
"01/30/2019","18.058","18.058","18.058","18.058","0.00%"
"01/29/2019","18.058","18.058","18.058","18.058","0.00%"
"01/28/2019","18.058","18.058","18.058","18.058","0.00%"
"01/25/2019","18.058","18.058","18.058","18.058","-2.37%"
"01/24/2019","18.496","18.496","18.496","18.496","0.00%"
"01/23/2019","18.496","18.496","18.496","18.496","0.00%"
"01/22/2019","18.496","18.496","18.496","18.496","0.00%"
"01/21/2019","18.496","18.496","18.496","18.496","0.00%"
"01/18/2019","18.496","18.496","18.496","18.496","0.00%"
"01/17/2019","18.496","18.496","18.496","18.496","0.23%"
"01/16/2019","18.453","18.453","18.453","18.453","0.00%"
"01/15/2019","18.453","18.453","18.453","18.453","0.00%"
"01/14/2019","18.453","18.453","18.453","18.453","0.76%"
"01/11/2019","18.313","18.313","18.313","18.313","0.00%"
"01/10/2019","18.313","18.313","18.313","18.313","-0.15%"
"01/09/2019","18.341","18.341","18.341","18.341","0.00%"
"01/08/2019","18.341","18.341","18.341","18.341","0.00%"
"01/07/2019","18.341","18.341","18.341","18.341","0.00%"
"01/04/2019","18.341","18.341","18.341","18.341","0.00%"
"01/03/2019","18.341","18.341","18.341","18.341","0.26%"
"01/02/2019","18.294","18.294","18.294","18.294","0.00%"
"01/01/2019","18.294","18.294","18.294","18.294","0.00%"
"12/31/2018","18.294","18.294","18.294","18.294","-0.54%"
"12/28/2018","18.393","18.393","18.393","18.393","0.00%"
"12/27/2018","18.393","18.393","18.393","18.393","0.00%"
"12/26/2018","18.393","18.393","18.393","18.393","0.00%"
"12/25/2018","18.393","18.393","18.393","18.393","0.00%"
"12/24/2018","18.393","18.393","18.393","18.393","0.00%"
"12/21/2018","18.393","18.393","18.393","18.393","0.00%"
"12/20/2018","18.393","18.393","18.393","18.393","0.00%"
"12/19/2018","18.393","18.393","18.393","18.393","0.00%"
"12/18/2018","18.393","18.393","18.393","18.393","0.00%"
"12/17/2018","18.393","18.393","18.393","18.393","-0.81%"
"12/14/2018","18.543","18.543","18.543","18.543","0.00%"
"12/13/2018","18.543","18.543","18.543","18.543","0.00%"
"12/12/2018","18.543","18.543","18.543","18.543","0.00%"
"12/11/2018","18.543","18.543","18.543","18.543","0.00%"
"12/10/2018","18.543","18.543","18.543","18.543","0.05%"
"12/07/2018","18.534","18.534","18.534","18.534","0.00%"
"12/06/2018","18.534","18.534","18.534","18.534","0.00%"
"12/05/2018","18.534","18.534","18.534","18.534","0.67%"
"12/04/2018","18.410","18.410","18.410","18.410","0.00%"
"12/03/2018","18.410","18.410","18.410","18.410","-0.67%"
"11/30/2018","18.534","18.534","18.534","18.534","0.00%"
"11/29/2018","18.534","18.534","18.534","18.534","0.50%"
"11/28/2018","18.441","18.441","18.441","18.441","0.00%"
"11/27/2018","18.441","18.441","18.441","18.441","0.00%"
"11/26/2018","18.441","18.441","18.441","18.441","0.00%"
"11/23/2018","18.441","18.441","18.441","18.441","0.00%"
"11/22/2018","18.441","18.441","18.441","18.441","0.00%"
"11/21/2018","18.441","18.441","18.441","18.441","0.00%"
"11/20/2018","18.441","18.439","18.441","18.439","0.01%"
"11/19/2018","18.439","18.439","18.439","18.439","0.00%"
"11/16/2018","18.439","18.439","18.439","18.439","0.00%"
"11/15/2018","18.439","18.439","18.439","18.439","0.52%"
"11/14/2018","18.344","18.344","18.344","18.344","0.00%"
"11/13/2018","18.344","18.344","18.344","18.344","0.00%"
"11/12/2018","18.344","18.344","18.344","18.344","-1.05%"
"11/09/2018","18.539","18.539","18.539","18.539","0.00%"
"11/08/2018","18.539","18.539","18.539","18.539","0.00%"
"11/07/2018","18.539","18.539","18.539","18.539","0.00%"
"11/06/2018","18.539","18.539","18.539","18.539","0.00%"
"11/05/2018","18.539","18.539","18.539","18.539","-0.24%"
"11/02/2018","18.584","18.584","18.584","18.584","0.00%"
"11/01/2018","18.584","18.584","18.584","18.584","-0.09%"
"10/31/2018","18.600","18.600","18.600","18.600","0.00%"
"10/30/2018","18.600","18.600","18.600","18.600","0.00%"
"10/29/2018","18.600","18.600","18.600","18.600","0.27%"
"10/26/2018","18.550","18.550","18.550","18.550","0.00%"
"10/25/2018","18.550","18.550","18.550","18.550","0.00%"
"10/24/2018","18.550","18.550","18.550","18.550","0.00%"
"10/23/2018","18.550","18.550","18.550","18.550","0.00%"
"10/22/2018","18.550","18.550","18.550","18.550","0.00%"
"10/19/2018","18.550","18.550","18.550","18.550","0.00%"
"10/18/2018","18.550","18.550","18.550","18.550","-0.17%"
"10/17/2018","18.582","18.582","18.582","18.582","0.00%"
"10/16/2018","18.582","18.582","18.582","18.582","0.00%"
"10/15/2018","18.582","18.582","18.582","18.582","0.00%"
"10/12/2018","18.582","18.582","18.582","18.582","0.00%"
"10/11/2018","18.582","18.582","18.582","18.582","0.00%"
"10/10/2018","18.582","18.582","18.582","18.582","0.00%"
"10/09/2018","18.582","18.582","18.582","18.582","0.00%"
"10/08/2018","18.582","18.582","18.582","18.582","-1.60%"
"10/05/2018","18.885","18.885","18.885","18.885","0.00%"
"10/04/2018","18.885","18.885","18.885","18.885","0.00%"
"10/03/2018","18.885","18.885","18.885","18.885","0.00%"
"10/02/2018","18.885","18.885","18.885","18.885","0.00%"
"10/01/2018","18.885","18.885","18.885","18.885","-0.30%"
"09/28/2018","18.941","18.941","18.941","18.941","0.00%"
"09/27/2018","18.941","18.941","18.941","18.941","0.00%"
"09/26/2018","18.941","18.941","18.941","18.941","0.00%"
"09/25/2018","18.941","18.941","18.941","18.941","0.00%"
"09/24/2018","18.941","18.941","18.941","18.941","1.26%"
"09/21/2018","18.705","18.705","18.705","18.705","0.00%"
"09/20/2018","18.705","18.705","18.705","18.705","0.00%"
"09/19/2018","18.705","18.705","18.705","18.705","0.00%"
"09/18/2018","18.705","18.705","18.705","18.705","0.00%"
"09/17/2018","18.705","18.705","18.705","18.705","0.37%"
"09/14/2018","18.636","18.636","18.636","18.636","0.00%"
"09/13/2018","18.636","18.636","18.636","18.636","0.29%"
"09/12/2018","18.582","18.582","18.582","18.582","0.00%"
"09/11/2018","18.582","18.582","18.582","18.582","0.00%"
"09/10/2018","18.582","18.582","18.582","18.582","0.09%"
"09/07/2018","18.565","18.565","18.565","18.565","0.00%"
"09/06/2018","18.565","18.565","18.565","18.565","0.17%"
"09/05/2018","18.534","18.534","18.534","18.534","0.00%"
"09/04/2018","18.534","18.534","18.534","18.534","0.00%"
"09/03/2018","18.534","18.534","18.534","18.534","0.53%"
"08/31/2018","18.437","18.437","18.437","18.437","0.00%"
"08/30/2018","18.437","18.437","18.437","18.437","0.46%"
"08/29/2018","18.352","18.352","18.352","18.352","0.00%"
"08/28/2018","18.352","18.352","18.352","18.352","0.00%"
"08/27/2018","18.352","18.352","18.352","18.352","0.57%"
"08/24/2018","18.248","18.248","18.248","18.248","0.00%"
"08/23/2018","18.248","18.248","18.248","18.248","0.00%"
"08/22/2018","18.248","18.248","18.248","18.248","0.00%"
"08/21/2018","18.248","18.248","18.248","18.248","0.00%"
"08/20/2018","18.248","18.038","18.248","18.038","1.16%"
"08/17/2018","18.038","18.038","18.038","18.038","0.54%"
"08/16/2018","17.942","17.942","17.942","17.942","0.00%"
"08/15/2018","17.942","17.942","17.942","17.942","0.00%"
"08/14/2018","17.942","17.942","17.942","17.942","0.00%"
"08/13/2018","17.942","17.942","17.942","17.942","1.08%"
"08/10/2018","17.751","17.751","17.751","17.751","0.00%"
"08/09/2018","17.751","17.751","17.751","17.751","0.00%"
"08/08/2018","17.751","17.751","17.751","17.751","0.00%"
"08/07/2018","17.751","17.751","17.751","17.751","0.32%"
"08/06/2018","17.695","17.695","17.695","17.695","0.00%"
"08/03/2018","17.695","17.695","17.695","17.695","0.00%"
"08/02/2018","17.695","17.695","17.695","17.695","-0.03%"
"08/01/2018","17.700","17.700","17.700","17.700","0.28%"
"07/31/2018","17.650","17.650","17.650","17.650","0.00%"
"07/30/2018","17.650","17.650","17.650","17.650","-0.70%"
"07/27/2018","17.775","17.775","17.775","17.775","0.00%"
"07/26/2018","17.775","17.775","17.775","17.775","0.00%"
"07/25/2018","17.775","17.775","17.775","17.775","0.00%"
"07/24/2018","17.775","17.775","17.775","17.775","0.00%"
"07/23/2018","17.775","17.775","17.775","17.775","0.00%"
"07/20/2018","17.775","17.775","17.775","17.775","0.00%"
"07/19/2018","17.775","17.775","17.775","17.775","0.00%"
"07/18/2018","17.775","17.775","17.775","17.775","0.14%"
"07/17/2018","17.750","17.750","17.750","17.750","0.00%"
"07/16/2018","17.750","17.750","17.750","17.750","0.00%"
"07/13/2018","17.750","17.750","17.750","17.750","0.00%"
"07/12/2018","17.750","17.750","17.750","17.750","0.00%"
"07/11/2018","17.750","17.750","17.750","17.750","0.00%"
"07/10/2018","17.750","17.750","17.750","17.750","0.00%"
"07/09/2018","17.750","17.750","17.750","17.750","0.00%"
"07/06/2018","17.750","17.750","17.750","17.750","0.00%"
"07/05/2018","17.750","17.750","17.750","17.750","-0.10%"
"07/04/2018","17.767","17.767","17.767","17.767","0.00%"
"07/03/2018","17.767","17.767","17.767","17.767","3.90%"
"07/02/2018","17.100","17.100","17.100","17.100","0.00%"
"06/29/2018","17.100","17.100","17.100","17.100","0.00%"
"06/28/2018","17.100","17.100","17.100","17.100","0.00%"
"06/27/2018","17.100","17.100","17.100","17.100","0.00%"
"06/26/2018","17.100","17.100","17.100","17.100","0.00%"
"06/25/2018","17.100","17.100","17.100","17.100","0.00%"
"06/22/2018","17.100","17.100","17.100","17.100","0.00%"
"06/21/2018","17.100","17.100","17.100","17.100","-0.58%"
"06/20/2018","17.200","17.200","17.200","17.200","5.39%"
"06/19/2018","16.320","16.320","16.320","16.320","0.00%"
"06/18/2018","16.320","16.320","16.320","16.320","0.00%"
"06/15/2018","16.320","16.320","16.320","16.320","0.00%"
"06/14/2018","16.320","16.320","16.320","16.320","2.32%"
"06/13/2018","15.950","15.950","15.950","15.950","0.00%"
"06/12/2018","15.950","15.950","15.950","15.950","0.00%"
"06/11/2018","15.950","15.950","15.950","15.950","0.00%"
"06/08/2018","15.950","15.950","15.950","15.950","0.00%"
"06/07/2018","15.950","15.950","15.950","15.950","0.00%"
"06/06/2018","15.950","15.950","15.950","15.950","0.00%"
"06/05/2018","15.950","15.950","15.950","15.950","-1.85%"
"06/04/2018","16.250","16.250","16.250","16.250","0.00%"
"06/01/2018","16.250","16.250","16.250","16.250","0.00%"
"05/31/2018","16.250","16.250","16.250","16.250","0.00%"
"05/30/2018","16.250","16.250","16.250","16.250","0.00%"
"05/29/2018","16.250","16.250","16.250","16.250","0.00%"
"05/28/2018","16.250","16.250","16.250","16.250","1.72%"
"05/27/2018","15.975","15.975","15.975","15.975","0.00%"
"05/25/2018","15.975","15.975","15.975","15.975","0.00%"
"05/24/2018","15.975","15.975","15.975","15.975","0.00%"
"05/23/2018","15.975","15.975","15.975","15.975","0.00%"
"05/22/2018","15.975","15.975","15.975","15.975","0.00%"
"05/21/2018","15.975","15.975","15.975","15.975","4.93%"
"05/20/2018","15.225","15.225","15.225","15.225","0.00%"
"05/18/2018","15.225","15.225","15.225","15.225","0.00%"
"05/17/2018","15.225","15.225","15.225","15.225","0.00%"
"05/16/2018","15.225","15.225","15.225","15.225","0.00%"
"05/15/2018","15.225","15.225","15.225","15.225","0.00%"
"05/14/2018","15.225","15.225","15.225","15.225","-0.16%"
"05/13/2018","15.250","15.250","15.250","15.250","0.00%"
"05/11/2018","15.250","15.250","15.250","15.250","0.00%"
"05/10/2018","15.250","15.250","15.250","15.250","0.00%"
"05/09/2018","15.250","15.250","15.250","15.250","0.00%"
"05/08/2018","15.250","15.250","15.250","15.250","0.00%"
"05/07/2018","15.250","15.250","15.250","15.250","0.66%"
"05/06/2018","15.150","15.150","15.150","15.150","0.00%"
"05/04/2018","15.150","15.150","15.150","15.150","0.00%"
"05/03/2018","15.150","15.150","15.150","15.150","0.00%"
"05/02/2018","15.150","15.150","15.150","15.150","0.00%"
"05/01/2018","15.150","15.150","15.150","15.150","0.00%"
"04/30/2018","15.150","15.150","15.150","15.150","0.33%"
"04/29/2018","15.100","15.100","15.100","15.100","0.00%"
"04/27/2018","15.100","15.100","15.100","15.100","0.00%"
"04/26/2018","15.100","15.100","15.100","15.100","0.10%"
"04/25/2018","15.085","15.085","15.085","15.085","0.00%"
"04/24/2018","15.085","15.085","15.085","15.085","0.00%"
"04/23/2018","15.085","15.085","15.085","15.085","0.00%"
"04/22/2018","15.085","15.085","15.085","15.085","0.00%"
"04/20/2018","15.085","15.085","15.085","15.085","0.00%"
"04/19/2018","15.085","15.085","15.085","15.085","0.00%"
"04/18/2018","15.085","15.085","15.085","15.085","0.00%"
"04/17/2018","15.085","15.085","15.085","15.085","0.00%"
"04/16/2018","15.085","15.085","15.085","15.085","0.40%"
"04/15/2018","15.025","15.025","15.025","15.025","0.00%"
"04/13/2018","15.025","15.025","15.025","15.025","0.00%"
"04/12/2018","15.025","15.025","15.025","15.025","-0.03%"
"04/11/2018","15.029","15.029","15.029","15.029","0.00%"
"04/10/2018","15.029","15.029","15.029","15.029","0.00%"
"04/09/2018","15.029","15.029","15.029","15.029","0.54%"
"04/06/2018","14.949","14.949","14.949","14.949","0.00%"
"04/05/2018","14.949","14.949","14.949","14.949","0.00%"
"04/04/2018","14.949","14.949","14.949","14.949","0.00%"
"04/03/2018","14.949","14.949","14.949","14.949","0.00%"
"04/02/2018","14.949","14.949","14.949","14.949","0.00%"
"04/01/2018","14.949","14.949","14.949","14.949","0.00%"
"03/30/2018","14.949","14.949","14.949","14.949","0.00%"
"03/29/2018","14.949","14.949","14.949","14.949","0.00%"
"03/28/2018","14.949","14.949","14.949","14.949","0.00%"
"03/27/2018","14.949","14.949","14.949","14.949","0.00%"
"03/26/2018","14.949","14.949","14.949","14.949","0.35%"
"03/25/2018","14.897","14.897","14.897","14.897","0.00%"
"03/23/2018","14.897","14.897","14.897","14.897","0.00%"
"03/22/2018","14.897","14.897","14.897","14.897","0.00%"
"03/21/2018","14.897","14.897","14.897","14.897","0.00%"
"03/20/2018","14.897","14.897","14.897","14.897","0.00%"
"03/19/2018","14.897","14.897","14.897","14.897","0.00%"
"03/18/2018","14.897","14.897","14.897","14.897","0.00%"
"03/16/2018","14.897","14.897","14.897","14.897","0.00%"
"03/15/2018","14.897","14.897","14.897","14.897","0.00%"
"03/14/2018","14.897","14.897","14.897","14.897","0.00%"
"03/13/2018","14.897","14.897","14.897","14.897","0.00%"
"03/12/2018","14.897","14.897","14.897","14.897","-0.11%"
"03/11/2018","14.914","14.914","14.914","14.914","0.00%"
"03/09/2018","14.914","14.914","14.914","14.914","0.00%"
"03/08/2018","14.914","14.914","14.914","14.914","0.00%"
"03/07/2018","14.914","14.914","14.914","14.914","0.00%"
"03/06/2018","14.914","14.914","14.914","14.914","0.00%"
"03/05/2018","14.914","14.914","14.914","14.914","0.00%"
"03/04/2018","14.914","14.914","14.914","14.914","0.00%"
"03/02/2018","14.914","14.914","14.914","14.914","0.00%"
"03/01/2018","14.914","14.914","14.914","14.914","0.00%"
"02/28/2018","14.914","14.914","14.914","14.914","0.00%"
"02/27/2018","14.914","14.914","14.914","14.914","0.00%"
"02/26/2018","14.914","14.914","14.914","14.914","2.16%"
"02/25/2018","14.599","14.599","14.599","14.599","0.00%"
"02/23/2018","14.599","14.599","14.599","14.599","0.00%"
"02/22/2018","14.599","14.599","14.599","14.599","0.00%"
"02/21/2018","14.599","14.599","14.599","14.599","0.00%"
"02/20/2018","14.599","14.599","14.599","14.599","0.00%"
"02/19/2018","14.599","14.599","14.599","14.599","1.07%"
"02/18/2018","14.444","14.444","14.444","14.444","0.00%"
"02/16/2018","14.444","14.444","14.444","14.444","0.00%"
"02/15/2018","14.444","14.444","14.444","14.444","0.00%"
"02/14/2018","14.444","14.444","14.444","14.444","0.00%"
"02/13/2018","14.444","14.444","14.444","14.444","0.47%"
"02/12/2018","14.376","14.376","14.376","14.376","0.00%"
"02/11/2018","14.376","14.376","14.376","14.376","0.00%"
"02/09/2018","14.376","14.376","14.376","14.376","0.00%"
"02/08/2018","14.376","14.376","14.376","14.376","0.00%"
"02/07/2018","14.376","14.376","14.376","14.376","0.00%"
"02/06/2018","14.376","14.376","14.376","14.376","0.00%"
"02/05/2018","14.376","14.376","14.376","14.376","-3.19%"
"02/04/2018","14.850","14.850","14.850","14.850","0.00%"
"02/02/2018","14.850","14.850","14.850","14.850","-0.13%"
"02/01/2018","14.870","14.870","14.870","14.870","0.00%"
"01/31/2018","14.870","14.870","14.870","14.870","0.00%"
"01/30/2018","14.870","14.870","14.870","14.870","0.00%"
"01/29/2018","14.870","14.870","14.870","14.870","-3.69%"
"01/28/2018","15.440","15.440","15.440","15.440","0.00%"
"01/26/2018","15.440","15.440","15.440","15.440","0.00%"
"01/25/2018","15.440","15.450","15.450","15.440","-0.06%"
"01/24/2018","15.450","15.450","15.450","15.450","0.00%"
"01/23/2018","15.450","15.450","15.450","15.450","0.00%"
"01/22/2018","15.450","15.450","15.450","15.450","0.00%"
"01/21/2018","15.450","15.450","15.450","15.450","0.00%"
"01/19/2018","15.450","15.450","15.450","15.450","0.00%"
"01/18/2018","15.450","15.450","15.450","15.450","0.00%"
"01/17/2018","15.450","15.450","15.450","15.450","0.00%"
"01/16/2018","15.450","15.450","15.450","15.450","0.00%"
"01/15/2018","15.450","15.450","15.450","15.450","-2.59%"
"01/14/2018","15.860","15.860","15.860","15.860","0.00%"
"01/12/2018","15.860","15.860","15.860","15.860","0.00%"
"01/11/2018","15.860","15.860","15.860","15.860","0.00%"
"01/10/2018","15.860","15.860","15.860","15.860","0.00%"
"01/09/2018","15.860","15.860","15.860","15.860","0.00%"
"01/08/2018","15.860","15.860","15.860","15.860","-0.19%"
"01/07/2018","15.890","15.890","15.890","15.890","0.00%"
"01/05/2018","15.890","15.890","15.890","15.890","0.00%"
"01/04/2018","15.890","15.890","15.890","15.890","0.06%"
"01/03/2018","15.880","15.880","15.880","15.880","0.00%"
"01/02/2018","15.880","15.880","15.880","15.880","-1.37%"
"01/01/2018","16.100","16.100","16.100","16.100","0.00%"
"12/31/2017","16.100","16.100","16.100","16.100","0.00%"
"12/29/2017","16.100","16.100","16.100","16.100","0.00%"
"12/28/2017","16.100","16.100","16.100","16.100","0.00%"
"12/27/2017","16.100","16.100","16.100","16.100","0.00%"
"12/26/2017","16.100","16.100","16.100","16.100","0.00%"
"12/25/2017","16.100","16.100","16.100","16.100","0.00%"
"12/24/2017","16.100","16.100","16.100","16.100","0.00%"
"12/22/2017","16.100","16.100","16.100","16.100","0.00%"
"12/21/2017","16.100","16.100","16.100","16.100","0.00%"
"12/20/2017","16.100","16.100","16.100","16.100","0.00%"
"12/19/2017","16.100","16.100","16.100","16.100","0.00%"
"12/18/2017","16.100","16.100","16.100","16.100","0.00%"
"12/17/2017","16.100","16.100","16.100","16.100","0.00%"
"12/16/2017","16.100","16.100","16.100","16.100","0.00%"
"12/15/2017","16.100","16.100","16.100","16.100","0.00%"
"12/14/2017","16.100","16.100","16.100","16.100","0.00%"
"12/13/2017","16.100","16.100","16.100","16.100","0.00%"
"12/12/2017","16.100","16.100","16.100","16.100","0.00%"
"12/11/2017","16.100","16.100","16.100","16.100","-1.35%"
"12/08/2017","16.320","16.320","16.320","16.320","0.00%"
"12/07/2017","16.320","16.320","16.320","16.320","0.00%"
"12/06/2017","16.320","16.320","16.320","16.320","0.00%"
"12/05/2017","16.320","16.320","16.320","16.320","0.00%"
"12/04/2017","16.320","16.320","16.320","16.320","0.74%"
"12/03/2017","16.200","16.200","16.200","16.200","0.00%"
"12/01/2017","16.200","16.200","16.200","16.200","0.00%"
"11/29/2017","16.200","16.200","16.200","16.200","0.00%"
"11/28/2017","16.200","16.200","16.200","16.200","0.00%"
"11/27/2017","16.200","16.200","16.200","16.200","1.76%"
"11/26/2017","15.920","15.920","15.920","15.920","0.00%"
"11/24/2017","15.920","15.920","15.920","15.920","0.00%"
"11/23/2017","15.920","15.920","15.920","15.920","0.00%"
"11/22/2017","15.920","15.920","15.920","15.920","0.00%"
"11/21/2017","15.920","15.920","15.920","15.920","0.00%"
"11/20/2017","15.920","15.920","15.920","15.920","0.00%"
"11/19/2017","15.920","15.920","15.920","15.920","0.00%"
"11/17/2017","15.920","15.920","15.920","15.920","0.00%"
"11/16/2017","15.920","15.920","15.920","15.920","0.00%"
"11/15/2017","15.920","15.920","15.920","15.920","0.00%"
"11/14/2017","15.920","15.920","15.920","15.920","0.00%"
"11/13/2017","15.920","15.920","15.920","15.920","0.89%"
"11/12/2017","15.780","15.780","15.780","15.780","0.00%"
"11/10/2017","15.780","15.780","15.780","15.780","0.00%"
"11/09/2017","15.780","15.780","15.780","15.780","0.00%"
"11/08/2017","15.780","15.780","15.780","15.780","0.00%"
"11/07/2017","15.780","15.780","15.780","15.780","0.00%"
"11/06/2017","15.780","15.780","15.780","15.780","1.22%"
"11/05/2017","15.590","15.590","15.590","15.590","0.00%"
"11/03/2017","15.590","15.590","15.590","15.590","0.00%"
"11/02/2017","15.590","15.590","15.590","15.590","0.06%"
"11/01/2017","15.580","15.580","15.580","15.580","0.00%"
"10/31/2017","15.580","15.580","15.580","15.580","0.00%"
"10/30/2017","15.580","15.580","15.580","15.580","0.84%"
"10/29/2017","15.450","15.450","15.450","15.450","0.00%"
"10/27/2017","15.450","15.450","15.450","15.450","0.00%"
"10/26/2017","15.450","15.450","15.450","15.450","0.00%"
"10/25/2017","15.450","15.450","15.450","15.450","0.00%"
"10/24/2017","15.450","15.450","15.450","15.450","0.00%"
"10/23/2017","15.450","15.450","15.450","15.450","0.00%"
"10/22/2017","15.450","15.450","15.450","15.450","0.00%"
"10/20/2017","15.450","15.450","15.450","15.450","0.00%"
"10/19/2017","15.450","15.450","15.450","15.450","0.00%"
"10/18/2017","15.450","15.450","15.450","15.450","0.00%"
"10/17/2017","15.450","15.450","15.450","15.450","0.00%"
"10/16/2017","15.450","15.450","15.450","15.450","0.98%"
"10/13/2017","15.300","15.300","15.300","15.300","0.00%"
"10/12/2017","15.300","15.300","15.300","15.300","0.00%"
"10/11/2017","15.300","15.300","15.300","15.300","0.00%"
"10/10/2017","15.300","15.300","15.300","15.300","0.00%"
"10/09/2017","15.300","15.300","15.300","15.300","0.00%"
"10/08/2017","15.300","15.300","15.300","15.300","0.00%"
"10/06/2017","15.300","15.300","15.300","15.300","0.00%"
"10/05/2017","15.300","15.300","15.300","15.300","0.00%"
"10/04/2017","15.300","15.300","15.300","15.300","0.00%"
"10/03/2017","15.300","15.300","15.300","15.300","0.00%"
"10/02/2017","15.300","15.300","15.300","15.300","-1.29%"
"10/01/2017","15.500","15.500","15.500","15.500","0.00%"
"09/29/2017","15.500","15.500","15.500","15.500","0.00%"
"09/28/2017","15.500","15.500","15.500","15.500","0.00%"
"09/27/2017","15.500","15.500","15.500","15.500","0.00%"
"09/26/2017","15.500","15.500","15.500","15.500","0.00%"
"09/25/2017","15.500","15.500","15.500","15.500","-0.32%"
"09/24/2017","15.550","15.550","15.550","15.550","0.00%"
"09/22/2017","15.550","15.550","15.550","15.550","0.00%"
"09/21/2017","15.550","15.550","15.550","15.550","0.00%"
"09/20/2017","15.550","15.550","15.550","15.550","0.00%"
"09/19/2017","15.550","15.550","15.550","15.550","0.00%"
"09/18/2017","15.550","15.550","15.550","15.550","-3.72%"
"09/17/2017","16.150","16.150","16.150","16.150","0.00%"
"09/15/2017","16.150","16.150","16.150","16.150","0.00%"
"09/14/2017","16.150","16.150","16.150","16.150","-3.64%"
"09/13/2017","16.760","16.760","16.760","16.760","0.00%"
"09/12/2017","16.760","16.760","16.760","16.760","0.00%"
"09/11/2017","16.760","16.760","16.760","16.760","0.12%"
"09/10/2017","16.740","16.740","16.740","16.740","0.00%"
"09/08/2017","16.740","16.740","16.740","16.740","0.00%"
"09/07/2017","16.740","16.740","16.740","16.740","0.00%"
"09/06/2017","16.740","16.740","16.740","16.740","0.00%"
"09/05/2017","16.740","16.740","16.740","16.740","-0.12%"
"09/04/2017","16.760","16.760","16.760","16.760","0.00%"
"08/31/2017","16.760","16.760","16.760","16.760","0.00%"
"08/30/2017","16.760","16.760","16.760","16.760","0.00%"
"08/29/2017","16.760","16.760","16.760","16.760","0.00%"
"08/28/2017","16.760","16.760","16.760","16.760","-1.06%"
"08/27/2017","16.940","16.940","16.940","16.940","0.00%"
"08/25/2017","16.940","16.940","16.940","16.940","0.00%"
"08/24/2017","16.940","16.940","16.940","16.940","0.00%"
"08/23/2017","16.940","16.940","16.940","16.940","0.00%"
"08/22/2017","16.940","16.940","16.940","16.940","0.00%"
"08/21/2017","16.940","16.940","16.940","16.940","-0.35%"
"08/20/2017","17.000","17.000","17.000","17.000","0.00%"
"08/18/2017","17.000","17.000","17.000","17.000","0.00%"
"08/16/2017","17.000","17.000","17.000","17.000","0.00%"
"08/15/2017","17.000","17.000","17.000","17.000","0.00%"
"08/14/2017","17.000","17.000","17.000","17.000","0.53%"
"08/13/2017","16.910","16.910","16.910","16.910","0.00%"
"08/11/2017","16.910","16.910","16.910","16.910","0.00%"
"08/10/2017","16.910","16.910","16.910","16.910","0.00%"
"08/09/2017","16.910","16.910","16.910","16.910","0.00%"
"08/08/2017","16.910","16.910","16.910","16.910","0.00%"
"08/07/2017","16.910","16.910","16.910","16.910","-5.43%"
"08/06/2017","17.880","17.880","17.880","17.880","0.00%"
"08/04/2017","17.880","17.880","17.880","17.880","0.00%"
"08/03/2017","17.880","17.880","17.880","17.880","0.00%"
"08/02/2017","17.880","17.880","17.880","17.880","0.00%"
"08/01/2017","17.880","17.880","17.880","17.880","0.00%"
"07/31/2017","17.880","17.880","17.880","17.880","-4.13%"
"07/30/2017","18.650","18.650","18.650","18.650","0.00%"
"07/28/2017","18.650","18.650","18.650","18.650","0.00%"
"07/27/2017","18.650","18.650","18.650","18.650","0.00%"
"07/26/2017","18.650","18.650","18.650","18.650","0.00%"
"07/25/2017","18.650","18.650","18.650","18.650","0.00%"
"07/24/2017","18.650","18.650","18.650","18.650","-1.74%"
"07/21/2017","18.980","18.980","18.980","18.980","0.00%"
"07/20/2017","18.980","18.980","18.980","18.980","0.00%"
"07/19/2017","18.980","18.980","18.980","18.980","0.00%"
"07/18/2017","18.980","18.980","18.980","18.980","0.00%"
"07/17/2017","18.980","18.980","18.980","18.980","-2.11%"
"07/16/2017","19.390","19.390","19.390","19.390","0.00%"
"07/14/2017","19.390","19.390","19.390","19.390","0.00%"
"07/13/2017","19.390","19.390","19.390","19.390","0.00%"
"07/12/2017","19.390","19.390","19.390","19.390","0.00%"
"07/11/2017","19.390","19.390","19.390","19.390","0.00%"
"07/10/2017","19.390","19.390","19.390","19.390","5.61%"
"07/09/2017","18.360","18.360","18.360","18.360","0.00%"
"07/07/2017","18.360","18.360","18.360","18.360","0.00%"
"07/06/2017","18.360","18.360","18.360","18.360","0.00%"
"07/05/2017","18.360","18.360","18.360","18.360","0.00%"
"07/04/2017","18.360","18.360","18.360","18.360","0.00%"
"07/03/2017","18.360","18.360","18.360","18.360","-0.05%"
"07/02/2017","18.370","18.370","18.370","18.370","0.00%"
"07/01/2017","18.370","18.370","18.370","18.370","0.00%"
"06/30/2017","18.370","18.370","18.370","18.370","0.00%"
"06/29/2017","18.370","18.370","18.370","18.370","0.00%"
"06/28/2017","18.370","18.370","18.370","18.370","0.00%"
"06/26/2017","18.370","18.370","18.370","18.370","0.16%"
"06/25/2017","18.340","18.340","18.340","18.340","0.00%"
"06/23/2017","18.340","18.340","18.340","18.340","0.00%"
"06/22/2017","18.340","18.340","18.340","18.340","0.00%"
"06/21/2017","18.340","18.340","18.340","18.340","0.00%"
"06/20/2017","18.340","18.340","18.340","18.340","0.00%"
"06/19/2017","18.340","18.340","18.340","18.340","0.00%"
"06/18/2017","18.340","18.340","18.340","18.340","0.00%"
"06/16/2017","18.340","18.340","18.340","18.340","0.00%"
"06/15/2017","18.340","18.340","18.340","18.340","0.00%"
"06/14/2017","18.340","18.340","18.340","18.340","0.00%"
"06/13/2017","18.340","18.340","18.340","18.340","0.00%"
"06/12/2017","18.340","18.340","18.340","18.340","-0.70%"
"06/11/2017","18.470","18.470","18.470","18.470","0.00%"
"06/09/2017","18.470","18.470","18.470","18.470","0.00%"
"06/08/2017","18.470","18.470","18.470","18.470","0.00%"
"06/07/2017","18.470","18.470","18.470","18.470","0.00%"
"06/06/2017","18.470","18.470","18.470","18.470","0.00%"
"06/05/2017","18.470","18.470","18.470","18.470","-0.48%"
"06/04/2017","18.560","18.560","18.560","18.560","0.00%"
"06/02/2017","18.560","18.560","18.560","18.560","0.00%"
"06/01/2017","18.560","18.560","18.560","18.560","0.00%"
"05/31/2017","18.560","18.560","18.560","18.560","0.00%"
"05/30/2017","18.560","18.560","18.560","18.560","0.00%"
"05/29/2017","18.560","18.560","18.560","18.560","-1.01%"
"05/28/2017","18.750","18.750","18.750","18.750","0.00%"
"05/26/2017","18.750","18.750","18.750","18.750","0.00%"
"05/25/2017","18.750","18.750","18.750","18.750","0.00%"
"05/24/2017","18.750","18.750","18.750","18.750","0.00%"
"05/23/2017","18.750","18.750","18.750","18.750","0.00%"
"05/22/2017","18.750","18.750","18.750","18.750","8.01%"
"05/21/2017","17.360","17.360","17.360","17.360","0.00%"
"05/19/2017","17.360","17.360","17.360","17.360","0.00%"
"05/18/2017","17.360","17.360","17.360","17.360","0.00%"
"05/17/2017","17.360","17.360","17.360","17.360","0.00%"
"05/16/2017","17.360","17.360","17.360","17.360","0.00%"
"05/15/2017","17.360","17.360","17.360","17.360","0.00%"
"05/14/2017","17.360","17.360","17.360","17.360","0.00%"
"05/12/2017","17.360","17.360","17.360","17.360","0.00%"
"05/11/2017","17.360","17.360","17.360","17.360","0.00%"
"05/10/2017","17.360","17.360","17.360","17.360","0.00%"
"05/09/2017","17.360","17.360","17.360","17.360","0.00%"
"05/08/2017","17.360","17.360","17.360","17.360","0.70%"
"05/07/2017","17.240","17.240","17.240","17.240","0.00%"
"05/05/2017","17.240","17.240","17.240","17.240","0.00%"
"05/04/2017","17.240","17.240","17.240","17.240","0.00%"
"05/03/2017","17.240","17.240","17.240","17.240","0.00%"
"05/02/2017","17.240","17.240","17.240","17.240","0.06%"
"05/01/2017","17.230","17.230","17.230","17.230","0.00%"
"04/30/2017","17.230","17.230","17.230","17.230","0.00%"
"04/28/2017","17.230","17.230","17.230","17.230","0.00%"
"04/27/2017","17.230","17.230","17.230","17.230","0.00%"
"04/26/2017","17.230","17.230","17.230","17.230","0.00%"
"04/25/2017","17.230","17.230","17.230","17.230","0.00%"
"04/24/2017","17.230","17.230","17.230","17.230","0.00%"
"04/23/2017","17.230","17.230","17.230","17.230","0.00%"
"04/22/2017","17.230","17.230","17.230","17.230","0.00%"
"04/21/2017","17.230","17.230","17.230","17.230","0.00%"
"04/20/2017","17.230","17.230","17.230","17.230","0.00%"
"04/19/2017","17.230","17.230","17.230","17.230","0.00%"
"04/18/2017","17.230","17.230","17.230","17.230","0.00%"
"04/17/2017","17.230","17.230","17.230","17.230","0.00%"
"04/14/2017","17.230","17.230","17.230","17.230","0.00%"
"04/13/2017","17.230","17.230","17.230","17.230","0.00%"
"04/12/2017","17.230","17.230","17.230","17.230","0.00%"
"04/11/2017","17.230","17.230","17.230","17.230","0.00%"
"04/10/2017","17.230","17.230","17.230","17.230","0.17%"
"04/09/2017","17.200","17.200","17.200","17.200","0.00%"
"04/07/2017","17.200","17.200","17.200","17.200","0.00%"
"04/06/2017","17.200","17.200","17.200","17.200","0.00%"
"04/05/2017","17.200","17.200","17.200","17.200","0.00%"
"04/04/2017","17.200","17.200","17.200","17.200","0.00%"
"04/03/2017","17.200","17.200","17.200","17.200","0.00%"
"04/02/2017","17.200","17.200","17.200","17.200","0.00%"
"03/31/2017","17.200","17.200","17.200","17.200","0.00%"
"03/30/2017","17.200","17.200","17.200","17.200","0.00%"
"03/29/2017","17.200","17.200","17.200","17.200","0.00%"
"03/28/2017","17.200","17.200","17.200","17.200","0.00%"
"03/27/2017","17.200","17.200","17.200","17.200","-0.06%"
"03/26/2017","17.210","17.210","17.210","17.210","0.00%"
"03/24/2017","17.210","17.210","17.210","17.210","0.00%"
"03/23/2017","17.210","17.210","17.210","17.210","0.00%"
"03/22/2017","17.210","17.210","17.210","17.210","0.00%"
"03/21/2017","17.210","17.210","17.210","17.210","0.00%"
"03/20/2017","17.210","17.210","17.210","17.210","0.29%"
"03/19/2017","17.160","17.160","17.160","17.160","0.00%"
"03/18/2017","17.160","17.160","17.160","17.160","0.00%"
"03/17/2017","17.160","17.160","17.160","17.160","0.00%"
"03/16/2017","17.160","17.160","17.160","17.160","0.00%"
"03/15/2017","17.160","17.160","17.160","17.160","0.00%"
"03/14/2017","17.160","17.160","17.160","17.160","0.00%"
"03/13/2017","17.160","17.160","17.160","17.160","0.00%"
"03/12/2017","17.160","17.160","17.160","17.160","0.00%"
"03/10/2017","17.160","17.160","17.160","17.160","0.00%"
"03/09/2017","17.160","17.160","17.160","17.160","0.00%"
"03/08/2017","17.160","17.160","17.160","17.160","0.00%"
"03/07/2017","17.160","17.160","17.160","17.160","0.00%"
"03/06/2017","17.160","17.160","17.160","17.160","1.90%"
"03/05/2017","16.840","16.840","16.840","16.840","0.00%"
"03/03/2017","16.840","16.840","16.840","16.840","0.00%"
"03/02/2017","16.840","16.840","16.840","16.840","0.00%"
"03/01/2017","16.840","16.840","16.840","16.840","0.00%"
"02/28/2017","16.840","16.840","16.840","16.840","0.00%"
"02/27/2017","16.840","16.840","16.840","16.840","-0.12%"
"02/26/2017","16.860","16.860","16.860","16.860","0.00%"
"02/24/2017","16.860","16.860","16.860","16.860","0.00%"
"02/23/2017","16.860","16.860","16.860","16.860","0.00%"
"02/22/2017","16.860","16.860","16.860","16.860","0.00%"
"02/21/2017","16.860","16.860","16.860","16.860","0.00%"
"02/20/2017","16.860","16.860","16.860","16.860","0.96%"
"02/19/2017","16.700","16.700","16.700","16.700","0.00%"
"02/17/2017","16.700","16.700","16.700","16.700","0.00%"
"02/16/2017","16.700","16.700","16.700","16.700","0.00%"
"02/15/2017","16.700","16.700","16.700","16.700","0.00%"
"02/14/2017","16.700","16.700","16.700","16.700","0.00%"
"02/13/2017","16.700","16.700","16.700","16.700","-2.68%"
"02/12/2017","17.160","17.160","17.160","17.160","0.00%"
"02/10/2017","17.160","17.160","17.160","17.160","0.00%"
"02/09/2017","17.160","17.160","17.160","17.160","0.00%"
"02/08/2017","17.160","17.160","17.160","17.160","0.00%"
"02/07/2017","17.160","17.160","17.160","17.160","0.00%"
"02/06/2017","17.160","17.160","17.160","17.160","-1.72%"
"02/05/2017","17.460","17.460","17.460","17.460","0.00%"
"02/03/2017","17.460","17.460","17.460","17.460","0.00%"
"02/02/2017","17.460","17.460","17.460","17.460","0.00%"
"02/01/2017","17.460","17.460","17.460","17.460","0.00%"
"01/31/2017","17.460","17.460","17.460","17.460","0.00%"
"01/30/2017","17.460","17.460","17.460","17.460","1.10%"
"01/29/2017","17.270","17.270","17.270","17.270","0.00%"
"01/27/2017","17.270","17.270","17.270","17.270","0.00%"
"01/26/2017","17.270","17.270","17.270","17.270","0.00%"
"01/24/2017","17.270","17.270","17.270","17.270","0.00%"
"01/23/2017","17.270","17.270","17.270","17.270","-1.54%"
"01/22/2017","17.540","17.540","17.540","17.540","0.00%"
"01/20/2017","17.540","17.540","17.540","17.540","0.00%"
"01/19/2017","17.540","17.540","17.540","17.540","0.00%"
"01/18/2017","17.540","17.540","17.540","17.540","0.00%"
"01/17/2017","17.540","17.540","17.540","17.540","0.00%"
"01/16/2017","17.540","17.540","17.540","17.540","1.98%"
"01/15/2017","17.200","17.200","17.200","17.200","0.00%"
"01/13/2017","17.200","17.200","17.200","17.200","0.00%"
"01/12/2017","17.200","17.200","17.200","17.200","0.00%"
"01/11/2017","17.200","17.200","17.200","17.200","0.00%"
"01/10/2017","17.200","17.200","17.200","17.200","0.00%"
"01/09/2017","17.200","17.200","17.200","17.200","0.06%"
"01/08/2017","17.190","17.190","17.190","17.190","0.00%"
"01/06/2017","17.190","17.190","17.190","17.190","0.00%"
"01/05/2017","17.190","17.190","17.190","17.190","0.00%"
"01/04/2017","17.190","17.190","17.190","17.190","0.00%"
"01/03/2017","17.190","17.190","17.190","17.190","0.00%"
"01/02/2017","17.190","17.190","17.190","17.190","1.42%"
"12/30/2016","16.950","16.950","16.950","16.950","0.00%"
"12/29/2016","16.950","16.950","16.950","16.950","0.00%"
"12/28/2016","16.950","16.950","16.950","16.950","0.00%"
"12/27/2016","16.950","16.950","16.950","16.950","1.38%"
"12/26/2016","16.720","16.720","16.720","16.720","0.00%"
"12/25/2016","16.720","16.720","16.720","16.720","0.00%"
"12/23/2016","16.720","16.720","16.720","16.720","0.00%"
"12/22/2016","16.720","16.720","16.720","16.720","0.00%"
"12/21/2016","16.720","16.720","16.720","16.720","0.00%"
"12/20/2016","16.720","16.720","16.720","16.720","0.00%"
"12/19/2016","16.720","16.720","16.720","16.720","0.54%"
"12/18/2016","16.630","16.630","16.630","16.630","0.00%"
"12/16/2016","16.630","16.630","16.630","16.630","0.00%"
"12/15/2016","16.630","16.630","16.630","16.630","0.00%"
"12/14/2016","16.630","16.630","16.630","16.630","0.00%"
"12/13/2016","16.630","16.630","16.630","16.630","0.00%"
"12/12/2016","16.630","16.630","16.630","16.630","0.00%"
"12/11/2016","16.630","16.630","16.630","16.630","0.00%"
"12/09/2016","16.630","16.630","16.630","16.630","0.00%"
"12/08/2016","16.630","16.630","16.630","16.630","0.00%"
"12/07/2016","16.630","16.630","16.630","16.630","0.00%"
"12/06/2016","16.630","16.630","16.630","16.630","0.00%"
"12/05/2016","16.630","16.630","16.630","16.630","-1.19%"
"12/04/2016","16.830","16.830","16.830","16.830","0.00%"
"12/02/2016","16.830","16.830","16.830","16.830","0.00%"
"12/01/2016","16.830","16.830","16.830","16.830","0.00%"
"11/30/2016","16.830","16.830","16.830","16.830","0.00%"
"11/29/2016","16.830","16.830","16.830","16.830","0.00%"
"11/28/2016","16.830","16.830","16.830","16.830","0.06%"
"11/27/2016","16.820","16.820","16.820","16.820","0.00%"
"11/25/2016","16.820","16.820","16.820","16.820","0.00%"
"11/24/2016","16.820","16.820","16.820","16.820","0.00%"
"11/23/2016","16.820","16.820","16.820","16.820","0.00%"
"11/22/2016","16.820","16.820","16.820","16.820","0.00%"
"11/21/2016","16.820","16.820","16.820","16.820","-9.08%"
"11/18/2016","18.500","18.500","18.500","18.500","0.00%"
"11/17/2016","18.500","18.500","18.500","18.500","0.00%"
"11/16/2016","18.500","18.500","18.500","18.500","0.00%"
"11/15/2016","18.500","18.500","18.500","18.500","0.00%"
"11/14/2016","18.500","18.500","18.500","18.500","-9.76%"
"11/11/2016","20.500","20.500","20.500","20.500","0.00%"
"11/10/2016","20.500","20.500","20.500","20.500","0.00%"
"11/09/2016","20.500","20.500","20.500","20.500","0.00%"
"11/08/2016","20.500","20.500","20.500","20.500","0.00%"
"11/07/2016","20.500","20.500","20.500","20.500","18.16%"
"11/06/2016","17.350","17.350","17.350","17.350","0.00%"
"11/04/2016","17.350","17.350","17.350","17.350","0.00%"
"11/03/2016","17.350","17.350","17.350","17.350","-0.86%"
"11/02/2016","17.500","17.500","17.500","17.500","0.00%"
"11/01/2016","17.500","17.500","17.500","17.500","0.00%"
"10/31/2016","17.500","17.500","17.500","17.500","1.04%"
"10/30/2016","17.320","17.320","17.320","17.320","0.00%"
"10/28/2016","17.320","17.320","17.320","17.320","0.00%"
"10/27/2016","17.320","17.320","17.320","17.320","0.00%"
"10/26/2016","17.320","17.320","17.320","17.320","0.00%"
"10/25/2016","17.320","17.320","17.320","17.320","0.00%"
"10/24/2016","17.320","17.320","17.320","17.320","0.00%"
"10/23/2016","17.320","17.320","17.320","17.320","0.00%"
"10/21/2016","17.320","17.320","17.320","17.320","0.00%"
"10/20/2016","17.320","17.320","17.320","17.320","0.00%"
"10/19/2016","17.320","17.320","17.320","17.320","0.00%"
"10/18/2016","17.320","17.320","17.320","17.320","0.00%"
"10/17/2016","17.320","17.320","17.320","17.320","0.00%"
"10/15/2016","17.320","17.320","17.320","17.320","0.00%"
"10/14/2016","17.320","17.320","17.320","17.320","-0.29%"
"10/13/2016","17.370","17.370","17.370","17.370","0.00%"
"10/12/2016","17.370","17.370","17.370","17.370","0.00%"
"10/11/2016","17.370","17.370","17.370","17.370","0.00%"
"10/10/2016","17.370","17.370","17.370","17.370","0.00%"
"10/09/2016","17.370","17.370","17.370","17.370","0.00%"
"10/07/2016","17.370","17.370","17.370","17.370","0.00%"
"10/06/2016","17.370","17.370","17.370","17.370","0.00%"
"10/05/2016","17.370","17.370","17.370","17.370","0.00%"
"10/04/2016","17.370","17.370","17.370","17.370","0.00%"
"10/03/2016","17.370","17.370","17.370","17.370","0.23%"
"10/02/2016","17.330","17.330","17.330","17.330","0.00%"
"09/30/2016","17.330","17.330","17.330","17.330","0.00%"
"09/29/2016","17.330","17.330","17.330","17.330","0.00%"
"09/28/2016","17.330","17.330","17.330","17.330","-0.35%"
"09/27/2016","17.390","17.390","17.390","17.390","0.00%"
"09/26/2016","17.390","17.390","17.390","17.390","0.00%"
"09/25/2016","17.390","17.390","17.390","17.390","0.00%"
"09/24/2016","17.390","17.390","17.390","17.390","0.00%"
"09/23/2016","17.390","17.390","17.390","17.390","0.00%"
"09/22/2016","17.390","17.390","17.390","17.390","0.00%"
"09/21/2016","17.390","17.390","17.390","17.390","0.00%"
"09/20/2016","17.390","17.390","17.390","17.390","0.00%"
"09/19/2016","17.390","17.390","17.390","17.390","0.00%"
"09/18/2016","17.390","17.390","17.390","17.390","0.00%"
"09/17/2016","17.390","17.390","17.390","17.390","0.00%"
"09/16/2016","17.390","17.390","17.390","17.390","0.00%"
"09/15/2016","17.390","17.390","17.390","17.390","0.00%"
"09/14/2016","17.390","17.390","17.390","17.390","0.00%"
"09/12/2016","17.390","17.390","17.390","17.390","-0.06%"
"09/09/2016","17.400","17.400","17.400","17.400","0.00%"
"09/08/2016","17.400","17.400","17.400","17.400","0.00%"
"09/07/2016","17.400","17.400","17.400","17.400","0.00%"
"09/06/2016","17.400","17.400","17.400","17.400","0.00%"
"09/05/2016","17.400","17.400","17.400","17.400","0.00%"
"09/04/2016","17.400","17.400","17.400","17.400","0.00%"
"09/02/2016","17.400","17.400","17.400","17.400","0.00%"
"09/01/2016","17.400","17.400","17.400","17.400","0.00%"
"08/31/2016","17.400","17.400","17.400","17.400","0.58%"
"08/30/2016","17.300","17.300","17.300","17.300","1.47%"
"08/29/2016","17.050","17.050","17.050","17.050","0.00%"
"08/28/2016","17.050","17.050","17.050","17.050","0.00%"
"08/26/2016","17.050","17.050","17.050","17.050","0.00%"
"08/25/2016","17.050","17.050","17.050","17.050","0.00%"
"08/24/2016","17.050","17.050","17.050","17.050","0.00%"
"08/23/2016","17.050","17.050","17.050","17.050","1.61%"
"08/22/2016","16.780","16.780","16.780","16.780","0.00%"
"08/19/2016","16.780","16.780","16.780","16.780","0.00%"
"08/18/2016","16.780","16.780","16.780","16.780","0.00%"
"08/17/2016","16.780","16.780","16.780","16.780","0.00%"
"08/16/2016","16.780","16.780","16.780","16.780","-0.83%"
"08/15/2016","16.920","16.920","16.920","16.920","0.00%"
"08/14/2016","16.920","16.920","16.920","16.920","0.00%"
"08/13/2016","16.920","16.920","16.920","16.920","0.00%"
"08/12/2016","16.920","16.920","16.920","16.920","0.00%"
"08/11/2016","16.920","16.920","16.920","16.920","0.00%"
"08/10/2016","16.920","16.920","16.920","16.920","0.00%"
"08/09/2016","16.920","16.920","16.920","16.920","-0.65%"
"08/08/2016","17.030","17.030","17.030","17.030","0.00%"
"08/07/2016","17.030","17.030","17.030","17.030","0.00%"
"08/06/2016","17.030","17.030","17.030","17.030","0.00%"
"08/05/2016","17.030","17.030","17.030","17.030","0.00%"
"08/04/2016","17.030","17.030","17.030","17.030","0.00%"
"08/03/2016","17.030","17.030","17.030","17.030","0.00%"
"08/02/2016","17.030","17.030","17.030","17.030","0.00%"
"08/01/2016","17.030","17.030","17.030","17.030","0.00%"
"07/31/2016","17.030","17.030","17.030","17.030","0.00%"
"07/29/2016","17.030","17.030","17.030","17.030","0.00%"
"07/28/2016","17.030","17.030","17.030","17.030","0.00%"
"07/27/2016","17.030","17.030","17.030","17.030","0.00%"
"07/26/2016","17.030","17.030","17.030","17.030","0.95%"
"07/25/2016","16.870","16.870","16.870","16.870","0.00%"
"07/24/2016","16.870","16.870","16.870","16.870","0.00%"
"07/22/2016","16.870","16.870","16.870","16.870","0.00%"
"07/21/2016","16.870","16.870","16.870","16.870","0.00%"
"07/20/2016","16.870","16.870","16.870","16.870","0.00%"
"07/19/2016","16.870","16.870","16.870","16.870","0.00%"
"07/18/2016","16.870","16.870","16.870","16.870","0.00%"
"07/17/2016","16.870","16.870","16.870","16.870","0.00%"
"07/15/2016","16.870","16.870","16.870","16.870","0.00%"
"07/14/2016","16.870","16.870","16.870","16.870","0.00%"
"07/13/2016","16.870","16.870","16.870","16.870","1.81%"
"07/12/2016","16.570","16.570","16.570","16.570","0.00%"
"07/11/2016","16.570","16.570","16.570","16.570","0.00%"
"07/10/2016","16.570","16.570","16.570","16.570","0.00%"
"07/08/2016","16.570","16.570","16.570","16.570","0.00%"
"07/07/2016","16.570","16.570","16.570","16.570","0.00%"
"07/05/2016","16.570","16.570","16.570","16.570","0.00%"
"07/04/2016","16.570","16.570","16.570","16.570","-0.18%"
"07/03/2016","16.600","16.600","16.600","16.600","0.00%"
"07/01/2016","16.600","16.600","16.600","16.600","0.00%"
"06/30/2016","16.600","16.600","16.600","16.600","0.00%"
"06/29/2016","16.600","16.600","16.600","16.600","0.00%"
"06/28/2016","16.600","16.600","16.600","16.600","0.00%"
"06/27/2016","16.600","16.600","16.600","16.600","-0.24%"
"06/26/2016","16.640","16.640","16.640","16.640","0.00%"
"06/24/2016","16.640","16.640","16.640","16.640","0.00%"
"06/23/2016","16.640","16.640","16.640","16.640","0.48%"
"06/22/2016","16.560","16.560","16.560","16.560","0.00%"
"06/21/2016","16.560","16.560","16.560","16.560","0.00%"
"06/20/2016","16.560","16.560","16.560","16.560","8.16%"
"06/19/2016","15.310","15.310","15.310","15.310","0.00%"
"06/17/2016","15.310","15.310","15.310","15.310","0.00%"
"06/16/2016","15.310","15.310","15.310","15.310","0.00%"
"06/15/2016","15.310","15.310","15.310","15.310","-2.67%"
"06/14/2016","15.730","15.730","15.730","15.730","0.00%"
"06/13/2016","15.730","15.730","15.730","15.730","0.00%"
"06/12/2016","15.730","15.730","15.730","15.730","0.00%"
"06/10/2016","15.730","15.730","15.730","15.730","0.00%"
"06/09/2016","15.730","15.730","15.730","15.730","0.00%"
"06/08/2016","15.730","15.730","15.730","15.730","0.00%"
"06/07/2016","15.730","15.730","15.730","15.730","0.00%"
"06/06/2016","15.730","15.730","15.730","15.730","0.51%"
"06/05/2016","15.650","15.650","15.650","15.650","0.00%"
"06/03/2016","15.650","15.650","15.650","15.650","0.00%"
"06/02/2016","15.650","15.650","15.650","15.650","0.00%"
"06/01/2016","15.650","15.650","15.650","15.650","0.00%"
"05/31/2016","15.650","15.650","15.650","15.650","0.00%"
"05/30/2016","15.650","15.650","15.650","15.650","-0.63%"
"05/29/2016","15.750","15.750","15.750","15.750","0.00%"
"05/27/2016","15.750","15.750","15.750","15.750","0.00%"
"05/26/2016","15.750","15.750","15.750","15.750","0.00%"
"05/25/2016","15.750","15.750","15.750","15.750","0.00%"
"05/24/2016","15.750","15.750","15.750","15.750","0.00%"
"05/23/2016","15.750","15.750","15.750","15.750","0.00%"
"05/22/2016","15.750","15.750","15.750","15.750","0.00%"
"05/20/2016","15.750","15.750","15.750","15.750","0.00%"
"05/19/2016","15.750","15.750","15.750","15.750","0.00%"
"05/18/2016","15.750","15.750","15.750","15.750","0.00%"
"05/17/2016","15.750","15.750","15.750","15.750","0.00%"
"05/16/2016","15.750","15.750","15.750","15.750","0.00%"
"05/15/2016","15.750","15.750","15.750","15.750","0.00%"
"05/13/2016","15.750","15.750","15.750","15.750","0.00%"
"05/12/2016","15.750","15.750","15.750","15.750","-2.36%"
"05/11/2016","16.130","16.130","16.130","16.130","0.00%"
"05/10/2016","16.130","16.130","16.130","16.130","0.00%"
"05/09/2016","16.130","16.130","16.130","16.130","0.00%"
"05/08/2016","16.130","16.130","16.130","16.130","0.00%"
"05/06/2016","16.130","16.130","16.130","16.130","0.00%"
"05/05/2016","16.130","16.130","16.130","16.130","0.00%"
"05/04/2016","16.130","16.130","16.130","16.130","0.00%"
"05/03/2016","16.130","16.130","16.130","16.130","0.00%"
"04/29/2016","16.130","16.130","16.130","16.130","0.00%"
"04/28/2016","16.130","16.130","16.130","16.130","0.00%"
"04/27/2016","16.130","16.130","16.130","16.130","0.00%"
"04/26/2016","16.130","16.130","16.130","16.130","0.00%"
"04/25/2016","16.130","16.330","16.330","16.130","-1.22%"
"04/22/2016","16.330","16.330","16.330","16.330","0.00%"
"04/21/2016","16.330","16.330","16.330","16.330","0.00%"
"04/20/2016","16.330","16.330","16.330","16.330","0.00%"
"04/19/2016","16.330","16.330","16.330","16.330","0.62%"
"04/18/2016","16.230","16.230","16.230","16.230","0.00%"
"04/17/2016","16.230","16.230","16.230","16.230","0.00%"
"04/15/2016","16.230","16.230","16.230","16.230","0.00%"
"04/14/2016","16.230","16.230","16.230","16.230","2.14%"
"04/13/2016","15.890","15.890","15.890","15.890","0.00%"
"04/12/2016","15.890","15.890","15.890","15.890","0.00%"
"04/11/2016","15.890","15.890","15.890","15.890","0.00%"
"04/10/2016","15.890","15.890","15.890","15.890","0.00%"
"04/08/2016","15.890","15.890","15.890","15.890","0.00%"
"04/07/2016","15.890","15.890","15.890","15.890","0.00%"
"04/06/2016","15.890","15.890","15.890","15.890","0.00%"
"04/05/2016","15.890","15.890","15.890","15.890","0.00%"
"04/04/2016","15.890","15.890","15.890","15.890","0.00%"
"04/03/2016","15.890","15.890","15.890","15.890","0.00%"
"04/01/2016","15.890","15.890","15.890","15.890","0.00%"
"03/31/2016","15.890","15.890","15.890","15.890","0.00%"
"03/30/2016","15.890","15.890","15.890","15.890","0.00%"
"03/29/2016","15.890","15.890","15.890","15.890","1.21%"
"03/28/2016","15.700","15.700","15.700","15.700","0.00%"
"03/25/2016","15.700","15.700","15.700","15.700","0.00%"
"03/24/2016","15.700","15.700","15.700","15.700","0.00%"
"03/23/2016","15.700","15.700","15.700","15.700","0.00%"
"03/22/2016","15.700","15.700","15.700","15.700","0.00%"
"03/21/2016","15.700","15.700","15.700","15.700","2.61%"
"03/20/2016","15.300","15.300","15.300","15.300","0.00%"
"03/18/2016","15.300","15.300","15.300","15.300","0.00%"
"03/17/2016","15.300","15.300","15.300","15.300","0.00%"
"03/16/2016","15.300","15.300","15.300","15.300","8.13%"
"03/15/2016","14.150","14.150","14.150","14.150","0.71%"
"03/14/2016","14.050","14.050","14.050","14.050","0.00%"
"03/13/2016","14.050","14.050","14.050","14.050","0.00%"
"03/11/2016","14.050","14.050","14.050","14.050","0.00%"
"03/10/2016","14.050","14.050","14.050","14.050","0.00%"
"03/09/2016","14.050","14.050","14.050","14.050","0.00%"
"03/08/2016","14.050","14.050","14.050","14.050","1.81%"
"03/07/2016","13.800","13.800","13.800","13.800","0.00%"
"03/06/2016","13.800","13.800","13.800","13.800","0.00%"
"03/04/2016","13.800","13.800","13.800","13.800","0.00%"
"03/03/2016","13.800","13.800","13.800","13.800","0.00%"
"03/02/2016","13.800","13.800","13.800","13.800","0.00%"
"03/01/2016","13.800","13.800","13.800","13.800","0.00%"
"02/29/2016","13.800","13.800","13.800","13.800","0.88%"
"02/28/2016","13.680","13.680","13.680","13.680","0.00%"
"02/26/2016","13.680","13.680","13.680","13.680","0.00%"
"02/25/2016","13.680","13.680","13.680","13.680","0.00%"
"02/24/2016","13.680","13.680","13.680","13.680","0.00%"
"02/23/2016","13.680","13.680","13.680","13.680","0.00%"
"02/22/2016","13.680","13.680","13.680","13.680","0.00%"
"02/21/2016","13.680","13.680","13.680","13.680","0.00%"
"02/19/2016","13.680","13.680","13.680","13.680","0.00%"
"02/18/2016","13.680","13.680","13.680","13.680","0.00%"
"02/17/2016","13.680","13.680","13.680","13.680","0.00%"
"02/16/2016","13.680","13.680","13.680","13.680","0.59%"
"02/15/2016","13.600","13.600","13.600","13.600","0.00%"
"02/14/2016","13.600","13.600","13.600","13.600","0.00%"
"02/12/2016","13.600","13.600","13.600","13.600","0.00%"
"02/11/2016","13.600","13.600","13.600","13.600","0.00%"
"02/10/2016","13.600","13.600","13.600","13.600","0.00%"
"02/09/2016","13.600","13.600","13.600","13.600","0.00%"
"02/08/2016","13.600","13.600","13.600","13.600","0.00%"
"02/07/2016","13.600","13.600","13.600","13.600","0.00%"
"02/05/2016","13.600","13.600","13.600","13.600","0.00%"
"02/04/2016","13.600","13.600","13.600","13.600","0.00%"
"02/03/2016","13.600","13.600","13.600","13.600","0.00%"
"02/02/2016","13.600","13.600","13.600","13.600","0.00%"
"02/01/2016","13.600","13.600","13.600","13.600","0.00%"
"01/31/2016","13.600","13.600","13.600","13.600","0.00%"
"01/29/2016","13.600","13.600","13.600","13.600","0.00%"
"01/28/2016","13.600","13.600","13.600","13.600","-0.37%"
"01/27/2016","13.650","13.650","13.650","13.650","0.00%"
"01/26/2016","13.650","13.650","13.650","13.650","0.00%"
"01/25/2016","13.650","13.650","13.650","13.650","0.00%"
"01/22/2016","13.650","13.650","13.650","13.650","0.00%"
"01/21/2016","13.650","13.650","13.650","13.650","0.00%"
"01/20/2016","13.650","13.650","13.650","13.650","0.00%"
"01/19/2016","13.650","13.650","13.650","13.650","1.41%"
"01/18/2016","13.460","13.460","13.460","13.460","0.00%"
"01/17/2016","13.460","13.460","13.460","13.460","0.00%"
"01/15/2016","13.460","13.460","13.460","13.460","0.82%"
"01/14/2016","13.350","13.350","13.350","13.350","0.00%"
"01/13/2016","13.350","13.350","13.350","13.350","0.00%"
"01/12/2016","13.350","13.350","13.350","13.350","0.00%"
"01/11/2016","13.350","13.350","13.350","13.350","0.00%"
"01/10/2016","13.350","13.350","13.350","13.350","0.00%"
"01/08/2016","13.350","13.350","13.350","13.350","0.00%"
"01/07/2016","13.350","13.350","13.350","13.350","0.00%"
"01/06/2016","13.350","13.350","13.350","13.350","0.00%"
"01/05/2016","13.350","13.350","13.350","13.350","0.00%"
"01/04/2016","13.350","13.350","13.350","13.350","0.00%"
"01/03/2016","13.350","13.350","13.350","13.350","0.00%"
"01/01/2016","13.350","13.350","13.350","13.350","0.00%"
"12/31/2015","13.350","13.350","13.350","13.350","0.00%"
"12/30/2015","13.350","13.350","13.350","13.350","0.00%"
"12/29/2015","13.350","13.350","13.350","13.350","0.00%"
"12/28/2015","13.350","13.350","13.350","13.350","1.21%"
"12/27/2015","13.190","13.190","13.190","13.190","0.00%"
"12/25/2015","13.190","13.190","13.190","13.190","0.00%"
"12/24/2015","13.190","13.190","13.190","13.190","0.00%"
"12/23/2015","13.190","13.190","13.190","13.190","0.00%"
"12/22/2015","13.190","13.190","13.190","13.190","0.00%"
"12/21/2015","13.190","13.190","13.190","13.190","0.00%"
"12/20/2015","13.190","13.190","13.190","13.190","0.00%"
"12/18/2015","13.190","13.190","13.190","13.190","0.00%"
"12/17/2015","13.190","13.190","13.190","13.190","0.00%"
"12/16/2015","13.190","13.190","13.190","13.190","0.00%"
"12/15/2015","13.190","13.190","13.190","13.190","0.69%"
"12/14/2015","13.100","13.100","13.100","13.100","0.00%"
"12/13/2015","13.100","13.100","13.100","13.100","0.00%"
"12/11/2015","13.100","13.100","13.100","13.100","0.00%"
"12/10/2015","13.100","13.100","13.100","13.100","0.00%"
"12/09/2015","13.100","13.100","13.100","13.100","0.00%"
"12/08/2015","13.100","13.100","13.100","13.100","0.00%"
"12/07/2015","13.100","13.100","13.100","13.100","-1.50%"
"12/06/2015","13.300","13.300","13.300","13.300","0.00%"
"12/04/2015","13.300","13.300","13.300","13.300","0.00%"
"12/03/2015","13.300","13.300","13.300","13.300","0.00%"
"12/02/2015","13.300","13.300","13.300","13.300","0.00%"
"12/01/2015","13.300","13.300","13.300","13.300","0.00%"
"11/30/2015","13.300","13.300","13.300","13.300","1.53%"
"11/29/2015","13.100","13.100","13.100","13.100","0.00%"
"11/27/2015","13.100","13.100","13.100","13.100","0.00%"
"11/26/2015","13.100","13.100","13.100","13.100","0.00%"
"11/25/2015","13.100","13.100","13.100","13.100","0.00%"
"11/24/2015","13.100","13.100","13.100","13.100","0.00%"
"11/23/2015","13.100","13.100","13.100","13.100","0.00%"
"11/22/2015","13.100","13.100","13.100","13.100","0.00%"
"11/20/2015","13.100","13.100","13.100","13.100","0.00%"
"11/19/2015","13.100","13.100","13.100","13.100","0.00%"
"11/18/2015","13.100","13.100","13.100","13.100","0.00%"
"11/17/2015","13.100","13.100","13.100","13.100","0.00%"
"11/16/2015","13.100","13.100","13.100","13.100","0.00%"
"11/15/2015","13.100","13.100","13.100","13.100","0.00%"
"11/13/2015","13.100","13.100","13.100","13.100","0.00%"
"11/12/2015","13.100","13.100","13.100","13.100","0.00%"
"11/11/2015","13.100","13.100","13.100","13.100","0.00%"
"11/10/2015","13.100","13.100","13.100","13.100","0.00%"
"11/09/2015","13.100","13.100","13.100","13.100","0.00%"
"11/08/2015","13.100","13.100","13.100","13.100","0.00%"
"11/06/2015","13.100","13.100","13.100","13.100","-0.83%"
"11/05/2015","13.210","13.210","13.210","13.210","0.00%"
"11/04/2015","13.210","13.210","13.210","13.210","0.00%"
"11/03/2015","13.210","13.210","13.210","13.210","0.00%"
"11/02/2015","13.210","13.210","13.210","13.210","0.00%"
"11/01/2015","13.210","13.210","13.210","13.210","0.00%"
"10/30/2015","13.210","13.210","13.210","13.210","0.00%"
"10/29/2015","13.210","13.210","13.210","13.210","0.00%"
"10/28/2015","13.210","13.210","13.210","13.210","0.00%"
"10/27/2015","13.210","13.210","13.210","13.210","0.00%"
"10/26/2015","13.210","13.210","13.210","13.210","-0.97%"
"10/25/2015","13.340","13.340","13.340","13.340","0.00%"
"10/23/2015","13.340","13.340","13.340","13.340","0.00%"
"10/22/2015","13.340","13.340","13.340","13.340","0.00%"
"10/21/2015","13.340","13.340","13.340","13.340","0.00%"
"10/20/2015","13.340","13.340","13.340","13.340","0.00%"
"10/19/2015","13.340","13.340","13.340","13.340","0.00%"
"10/18/2015","13.340","13.340","13.340","13.340","0.00%"
"10/16/2015","13.340","13.340","13.340","13.340","0.00%"
"10/15/2015","13.340","13.340","13.340","13.340","0.68%"
"10/14/2015","13.250","13.250","13.250","13.250","0.00%"
"10/13/2015","13.250","13.250","13.250","13.250","0.00%"
"10/12/2015","13.250","13.250","13.250","13.250","0.00%"
"10/11/2015","13.250","13.250","13.250","13.250","0.00%"
"10/09/2015","13.250","13.250","13.250","13.250","0.00%"
"10/08/2015","13.250","13.250","13.250","13.250","0.00%"
"10/07/2015","13.250","13.250","13.250","13.250","0.00%"
"10/06/2015","13.250","13.360","13.360","13.250","-0.82%"
"10/05/2015","13.360","13.360","13.360","13.360","0.00%"
"10/04/2015","13.360","13.360","13.360","13.360","0.00%"
"10/03/2015","13.360","13.360","13.360","13.360","0.00%"
"10/02/2015","13.360","13.360","13.360","13.360","0.00%"
"10/01/2015","13.360","13.360","13.360","13.360","0.00%"
"09/30/2015","13.360","13.360","13.360","13.360","-3.82%"
"09/29/2015","13.890","13.890","13.890","13.890","0.00%"
"09/28/2015","13.890","13.890","13.890","13.890","0.00%"
"09/27/2015","13.890","13.890","13.890","13.890","0.00%"
"09/25/2015","13.890","13.890","13.890","13.890","0.00%"
"09/22/2015","13.890","13.890","13.890","13.890","0.00%"
"09/21/2015","13.890","13.890","13.890","13.890","0.00%"
"09/20/2015","13.890","13.890","13.890","13.890","0.00%"
"09/18/2015","13.890","13.890","13.890","13.890","0.00%"
"09/17/2015","13.890","13.890","13.890","13.890","0.00%"
"09/16/2015","13.890","13.890","13.890","13.890","0.00%"
"09/15/2015","13.890","13.890","13.890","13.890","0.00%"
"09/14/2015","13.890","13.890","13.890","13.890","0.00%"
"09/12/2015","13.890","13.890","13.890","13.890","0.00%"
"09/11/2015","13.890","13.890","13.890","13.890","0.00%"
"09/10/2015","13.890","13.890","13.890","13.890","0.00%"
"09/09/2015","13.890","13.890","13.890","13.890","0.00%"
"09/08/2015","13.890","13.890","13.890","13.890","0.00%"
"09/07/2015","13.890","13.890","13.890","13.890","0.00%"
"09/06/2015","13.890","13.890","13.890","13.890","0.00%"
"09/04/2015","13.890","13.890","13.890","13.890","0.00%"
"09/03/2015","13.890","13.890","13.890","13.890","0.00%"
"09/02/2015","13.890","13.890","13.890","13.890","1.02%"
"09/01/2015","13.750","13.750","13.750","13.750","0.00%"
"08/31/2015","13.750","13.750","13.750","13.750","0.00%"
"08/28/2015","13.750","13.750","13.750","13.750","-1.79%"
"08/27/2015","14.000","14.000","14.000","14.000","0.00%"
"08/26/2015","14.000","14.000","14.000","14.000","0.00%"
"08/25/2015","14.000","14.000","14.000","14.000","0.00%"
"08/24/2015","14.000","14.000","14.000","14.000","0.00%"
"08/23/2015","14.000","14.000","14.000","14.000","0.00%"
"08/21/2015","14.000","14.000","14.000","14.000","0.00%"
"08/20/2015","14.000","14.000","14.000","14.000","0.00%"
"08/19/2015","14.000","14.000","14.000","14.000","0.00%"
"08/18/2015","14.000","14.000","14.000","14.000","0.00%"
"08/17/2015","14.000","14.000","14.000","14.000","0.00%"
"08/16/2015","14.000","14.000","14.000","14.000","0.00%"
"08/14/2015","14.000","14.000","14.000","14.000","0.00%"
"08/13/2015","14.000","14.000","14.000","14.000","0.00%"
"08/12/2015","14.000","14.000","14.000","14.000","0.00%"
"08/11/2015","14.000","14.000","14.000","14.000","0.00%"
"08/10/2015","14.000","14.000","14.000","14.000","0.00%"
"08/07/2015","14.000","14.000","14.000","14.000","0.00%"
"08/06/2015","14.000","14.000","14.000","14.000","0.00%"
"08/05/2015","14.000","14.000","14.000","14.000","0.00%"
"08/04/2015","14.000","14.000","14.000","14.000","0.00%"
"08/03/2015","14.000","14.000","14.000","14.000","0.00%"
"08/02/2015","14.000","14.000","14.000","14.000","0.00%"
"07/31/2015","14.000","14.000","14.000","14.000","0.00%"
"07/30/2015","14.000","14.000","14.000","14.000","1.08%"
"07/29/2015","13.850","13.850","13.850","13.850","0.00%"
"07/28/2015","13.850","13.850","13.850","13.850","0.00%"
"07/27/2015","13.850","13.850","13.850","13.850","0.00%"
"07/26/2015","13.850","13.850","13.850","13.850","0.00%"
"07/24/2015","13.850","13.850","13.850","13.850","0.00%"
"07/23/2015","13.850","13.850","13.850","13.850","0.00%"
"07/22/2015","13.850","13.850","13.850","13.850","0.00%"
"07/21/2015","13.850","13.850","13.850","13.850","0.00%"
"07/20/2015","13.850","13.850","13.850","13.850","0.00%"
"07/18/2015","13.850","13.850","13.850","13.850","0.00%"
"07/17/2015","13.850","13.850","13.850","13.850","0.00%"
"07/16/2015","13.850","13.850","13.850","13.850","0.00%"
"07/15/2015","13.850","13.850","13.850","13.850","0.00%"
"07/14/2015","13.850","13.850","13.850","13.850","0.00%"
"07/13/2015","13.850","13.850","13.850","13.850","0.00%"
"07/12/2015","13.850","13.850","13.850","13.850","0.00%"
"07/10/2015","13.850","13.850","13.850","13.850","2.59%"
"07/09/2015","13.500","13.500","13.500","13.500","0.00%"
"07/08/2015","13.500","13.500","13.500","13.500","0.00%"
"07/07/2015","13.500","13.500","13.500","13.500","0.00%"
"07/06/2015","13.500","13.500","13.500","13.500","0.00%"
"07/03/2015","13.500","13.500","13.500","13.500","0.00%"
"07/02/2015","13.500","13.500","13.500","13.500","0.00%"
"07/01/2015","13.500","13.500","13.500","13.500","0.00%"
"06/30/2015","13.500","12.970","13.500","12.970","4.09%"
"06/29/2015","12.970","12.970","12.970","12.970","0.00%"
"06/28/2015","12.970","12.970","12.970","12.970","0.00%"
"06/26/2015","12.970","12.970","12.970","12.970","0.00%"
"06/25/2015","12.970","12.970","12.970","12.970","0.00%"
"06/24/2015","12.970","12.970","12.970","12.970","0.00%"
"06/23/2015","12.970","12.970","12.970","12.970","0.00%"
"06/22/2015","12.970","12.970","12.970","12.970","0.00%"
"06/21/2015","12.970","12.970","12.970","12.970","0.00%"
"06/19/2015","12.970","12.970","12.970","12.970","0.00%"
"06/18/2015","12.970","12.970","12.970","12.970","0.00%"
"06/17/2015","12.970","12.970","12.970","12.970","0.00%"
"06/16/2015","12.970","12.970","12.970","12.970","0.00%"
"06/15/2015","12.970","12.970","12.970","12.970","0.00%"
"06/14/2015","12.970","12.970","12.970","12.970","0.00%"
"06/12/2015","12.970","12.970","12.970","12.970","0.00%"
"06/11/2015","12.970","12.970","12.970","12.970","0.00%"
"06/10/2015","12.970","12.970","12.970","12.970","0.00%"
"06/09/2015","12.970","12.970","12.970","12.970","0.00%"
"06/08/2015","12.970","12.970","12.970","12.970","0.00%"
"06/07/2015","12.970","12.970","12.970","12.970","0.00%"
"06/05/2015","12.970","12.970","12.970","12.970","0.00%"
"06/04/2015","12.970","12.970","12.970","12.970","0.00%"
"06/03/2015","12.970","12.970","12.970","12.970","0.00%"
"06/02/2015","12.970","12.970","12.970","12.970","0.00%"
"06/01/2015","12.970","12.970","12.970","12.970","0.00%"
"05/31/2015","12.970","12.970","12.970","12.970","0.00%"
"05/30/2015","12.970","12.970","12.970","12.970","0.00%"
"05/29/2015","12.970","12.970","12.970","12.970","0.00%"
"05/28/2015","12.970","12.970","12.970","12.970","2.77%"
"05/27/2015","12.620","12.620","12.620","12.620","0.00%"
"05/26/2015","12.620","12.620","12.620","12.620","0.00%"
"05/25/2015","12.620","12.620","12.620","12.620","0.00%"
"05/24/2015","12.620","12.620","12.620","12.620","0.00%"
"05/22/2015","12.620","12.620","12.620","12.620","0.00%"
"05/21/2015","12.620","12.620","12.620","12.620","0.00%"
"05/20/2015","12.620","12.620","12.620","12.620","0.00%"
"05/19/2015","12.620","12.620","12.620","12.620","0.00%"
"05/18/2015","12.620","12.620","12.620","12.620","0.00%"
"05/17/2015","12.620","12.620","12.620","12.620","0.00%"
"05/15/2015","12.620","12.620","12.620","12.620","0.00%"
"05/14/2015","12.620","12.620","12.620","12.620","0.00%"
"05/13/2015","12.620","12.620","12.620","12.620","0.00%"
"05/12/2015","12.620","12.620","12.620","12.620","0.00%"
"05/11/2015","12.620","12.620","12.620","12.620","0.00%"
"05/10/2015","12.620","12.620","12.620","12.620","0.00%"
"05/08/2015","12.620","12.620","12.620","12.620","0.32%"
"05/07/2015","12.580","12.580","12.580","12.580","0.00%"
"05/06/2015","12.580","12.580","12.580","12.580","0.00%"
"05/05/2015","12.580","12.580","12.580","12.580","0.00%"
"05/04/2015","12.580","12.580","12.580","12.580","0.00%"
"05/01/2015","12.580","12.580","12.580","12.580","0.00%"
"04/30/2015","12.580","12.580","12.580","12.580","0.00%"
"04/29/2015","12.580","12.580","12.580","12.580","-0.94%"
"04/28/2015","12.700","12.700","12.700","12.700","0.00%"
"04/27/2015","12.700","12.700","12.700","12.700","0.00%"
"04/24/2015","12.700","12.700","12.700","12.700","0.00%"
"04/23/2015","12.700","12.700","12.700","12.700","0.00%"
"04/22/2015","12.700","12.700","12.700","12.700","0.00%"
"04/21/2015","12.700","12.700","12.700","12.700","0.00%"
"04/20/2015","12.700","12.700","12.700","12.700","0.00%"
"04/19/2015","12.700","12.700","12.700","12.700","0.00%"
"04/17/2015","12.700","12.700","12.700","12.700","0.00%"
"04/16/2015","12.700","12.700","12.700","12.700","0.00%"
"04/15/2015","12.700","12.700","12.700","12.700","0.00%"
"04/14/2015","12.700","12.700","12.700","12.700","0.00%"
"04/13/2015","12.700","12.700","12.700","12.700","0.00%"
"04/10/2015","12.700","12.700","12.700","12.700","0.00%"
"04/09/2015","12.700","12.700","12.700","12.700","0.00%"
"04/08/2015","12.700","12.700","12.700","12.700","0.00%"
"04/07/2015","12.700","12.700","12.700","12.700","0.00%"
"04/06/2015","12.700","12.700","12.700","12.700","0.00%"
"04/03/2015","12.700","12.700","12.700","12.700","0.00%"
"04/02/2015","12.700","12.700","12.700","12.700","0.00%"
"04/01/2015","12.700","12.700","12.700","12.700","0.00%"
"03/31/2015","12.700","12.700","12.700","12.700","2.42%"
"03/30/2015","12.400","12.400","12.400","12.400","0.00%"
"03/29/2015","12.400","12.400","12.400","12.400","0.00%"
"03/27/2015","12.400","12.400","12.400","12.400","0.00%"
"03/26/2015","12.400","12.400","12.400","12.400","0.00%"
"03/25/2015","12.400","12.400","12.400","12.400","0.00%"
"03/24/2015","12.400","12.400","12.400","12.400","0.00%"
"03/23/2015","12.400","12.400","12.400","12.400","0.00%"
"03/22/2015","12.400","12.400","12.400","12.400","0.00%"
"03/20/2015","12.400","12.400","12.400","12.400","0.00%"
"03/19/2015","12.400","12.400","12.400","12.400","0.00%"
"03/18/2015","12.400","12.400","12.400","12.400","0.00%"
"03/17/2015","12.400","12.400","12.400","12.400","0.00%"
"03/16/2015","12.400","12.400","12.400","12.400","0.00%"
"03/15/2015","12.400","12.400","12.400","12.400","0.00%"
"03/13/2015","12.400","12.400","12.400","12.400","0.00%"
"03/12/2015","12.400","12.400","12.400","12.400","0.00%"
"03/11/2015","12.400","12.400","12.400","12.400","0.00%"
"03/10/2015","12.400","12.400","12.400","12.400","0.00%"
"03/09/2015","12.400","12.400","12.400","12.400","0.00%"
"03/06/2015","12.400","12.400","12.400","12.400","0.00%"
"03/05/2015","12.400","12.400","12.400","12.400","0.00%"
"03/04/2015","12.400","12.400","12.400","12.400","0.00%"
"03/03/2015","12.400","12.400","12.400","12.400","0.00%"
"03/02/2015","12.400","12.400","12.400","12.400","-1.20%"
"03/01/2015","12.550","12.400","12.550","12.400","1.21%"
"02/27/2015","12.400","12.400","12.400","12.400","0.00%"
"02/26/2015","12.400","12.400","12.400","12.400","0.00%"
"02/25/2015","12.400","12.400","12.400","12.400","0.00%"
"02/24/2015","12.400","12.400","12.400","12.400","0.00%"
"02/23/2015","12.400","12.400","12.400","12.400","0.00%"
"02/22/2015","12.400","12.400","12.400","12.400","0.00%"
"02/20/2015","12.400","12.400","12.400","12.400","0.00%"
"02/19/2015","12.400","12.400","12.400","12.400","-5.49%"
"02/18/2015","13.120","13.120","13.120","13.120","0.00%"
"02/17/2015","13.120","13.120","13.120","13.120","0.00%"
"02/16/2015","13.120","13.120","13.120","13.120","0.00%"
"02/15/2015","13.120","13.120","13.120","13.120","0.00%"
"02/13/2015","13.120","13.120","13.120","13.120","0.00%"
"02/12/2015","13.120","13.120","13.120","13.120","0.00%"
"02/11/2015","13.120","13.120","13.120","13.120","0.00%"
"02/10/2015","13.120","13.120","13.120","13.120","0.00%"
"02/09/2015","13.120","13.120","13.120","13.120","0.00%"
"02/08/2015","13.120","13.120","13.120","13.120","0.00%"
"02/06/2015","13.120","13.120","13.120","13.120","0.00%"
"02/05/2015","13.120","13.120","13.120","13.120","0.00%"
"02/04/2015","13.120","13.120","13.120","13.120","0.00%"
"02/03/2015","13.120","13.120","13.120","13.120","0.00%"
"02/02/2015","13.120","13.120","13.120","13.120","0.00%"
"02/01/2015","13.120","13.120","13.120","13.120","0.00%"
"01/30/2015","13.120","13.120","13.120","13.120","0.00%"
"01/29/2015","13.120","13.120","13.120","13.120","-7.02%"
"01/28/2015","14.110","14.110","14.110","14.110","0.00%"
"01/26/2015","14.110","14.110","14.110","14.110","0.00%"
"01/23/2015","14.110","14.110","14.110","14.110","-0.63%"
"01/22/2015","14.200","14.200","14.200","14.200","0.00%"
"01/21/2015","14.200","14.200","14.200","14.200","0.00%"
"01/20/2015","14.200","14.200","14.200","14.200","7.98%"
"01/19/2015","13.150","13.150","13.150","13.150","-7.39%"
"01/18/2015","14.200","14.200","14.200","14.200","0.00%"
"01/16/2015","14.200","14.200","14.200","14.200","0.00%"
"01/15/2015","14.200","14.200","14.200","14.200","0.00%"
"01/14/2015","14.200","14.200","14.200","14.200","0.00%"
"01/13/2015","14.200","14.200","14.200","14.200","0.00%"
"01/12/2015","14.200","14.200","14.200","14.200","1.79%"
"01/11/2015","13.950","13.950","13.950","13.950","0.00%"
"01/10/2015","13.950","13.950","13.950","13.950","0.00%"
"01/09/2015","13.950","13.950","13.950","13.950","0.00%"
"01/08/2015","13.950","13.950","13.950","13.950","0.00%"
"01/07/2015","13.950","13.950","14.200","13.950","0.00%"
"01/06/2015","13.950","13.950","13.950","13.950","-1.76%"
"01/05/2015","14.200","14.200","14.200","14.200","4.41%"
"01/04/2015","13.600","13.600","13.600","13.600","0.00%"
"01/03/2015","13.600","13.600","13.600","13.600","0.00%"
"01/02/2015","13.600","13.600","13.600","13.600","0.01%"
"01/01/2015","13.599","13.599","14.200","13.599","0.00%"
"12/31/2014","13.599","13.599","13.599","13.599","-0.01%"
"12/30/2014","13.600","13.600","13.600","13.600","-4.23%"
"12/29/2014","14.200","14.200","14.200","14.200","4.42%"
"12/28/2014","13.599","13.599","13.599","13.599","0.00%"
"12/25/2014","13.599","13.599","13.599","13.599","-7.05%"
"12/24/2014","14.630","14.630","14.630","14.630","0.00%"
"12/23/2014","14.630","14.630","14.630","14.630","6.79%"
"12/21/2014","13.700","13.700","13.700","13.700","0.00%"
"12/20/2014","13.700","13.700","13.700","13.700","0.00%"
"12/19/2014","13.700","13.700","13.700","13.700","0.01%"
"12/18/2014","13.699","13.699","13.699","13.699","-0.01%"
"12/17/2014","13.700","13.700","13.700","13.700","0.00%"
"12/16/2014","13.700","13.700","13.700","13.700","-1.79%"
"12/15/2014","13.950","13.950","13.950","13.950","1.82%"
"12/14/2014","13.700","13.700","13.700","13.700","0.00%"
"12/13/2014","13.700","13.950","13.950","13.700","0.00%"
"12/12/2014","13.700","13.700","13.700","13.700","0.01%"
"12/11/2014","13.699","13.699","13.699","13.699","-1.80%"
"12/10/2014","13.950","13.950","13.950","13.950","-0.36%"
"12/09/2014","14.000","14.000","14.000","14.000","0.00%"
"12/08/2014","14.000","14.000","14.000","14.000","-0.36%"
"12/07/2014","14.050","14.050","14.050","14.050","0.00%"
"12/06/2014","14.050","14.050","14.050","14.050","0.00%"
"12/05/2014","14.050","14.050","14.050","14.050","0.01%"
"12/04/2014","14.049","14.049","14.049","14.049","-0.01%"
"12/03/2014","14.050","14.050","14.050","14.050","0.00%"
"12/02/2014","14.050","14.050","14.050","14.050","0.00%"
"12/01/2014","14.050","14.050","14.050","14.050","0.00%"
"11/30/2014","14.050","14.630","14.630","14.050","-3.96%"
"11/28/2014","14.630","14.630","14.630","14.630","4.14%"
"11/27/2014","14.049","14.049","14.049","14.049","-3.97%"
"11/26/2014","14.630","14.630","14.630","14.630","0.00%"
"11/25/2014","14.630","14.630","14.630","14.630","0.00%"
"11/24/2014","14.630","14.630","14.630","14.630","0.00%"
"11/23/2014","14.630","14.630","14.630","14.630","0.00%"
"11/21/2014","14.630","14.630","14.630","14.630","0.00%"
"11/20/2014","14.630","14.630","14.630","14.630","0.00%"
"11/19/2014","14.630","14.630","14.630","14.630","0.00%"
"11/18/2014","14.630","14.630","14.630","14.630","0.00%"
"11/17/2014","14.630","14.630","14.630","14.630","0.00%"
"11/16/2014","14.630","14.630","14.630","14.630","0.00%"
"11/14/2014","14.630","14.630","14.630","14.630","0.00%"
"11/13/2014","14.630","14.630","14.630","14.630","0.00%"
"11/12/2014","14.630","14.630","14.630","14.630","0.00%"
"11/11/2014","14.630","14.630","14.630","14.630","2.67%"
"11/10/2014","14.250","14.250","14.250","14.250","0.00%"
"11/09/2014","14.250","14.250","14.250","14.250","0.00%"
"11/08/2014","14.250","14.250","14.250","14.250","0.00%"
"11/07/2014","14.250","14.250","14.250","14.250","-0.01%"
"11/06/2014","14.251","14.251","14.251","14.251","0.01%"
"11/05/2014","14.250","14.250","14.250","14.250","-1.04%"
"11/04/2014","14.400","14.400","14.400","14.400","0.00%"
"11/03/2014","14.400","14.400","14.400","14.400","0.00%"
"11/02/2014","14.400","14.630","14.630","14.400","-1.57%"
"10/31/2014","14.630","14.630","14.630","14.630","0.00%"
"10/30/2014","14.630","14.630","14.630","14.630","-0.95%"
"10/29/2014","14.770","14.770","14.770","14.770","0.00%"
"10/28/2014","14.770","14.770","14.770","14.770","0.00%"
"10/27/2014","14.770","14.770","14.770","14.770","0.00%"
"10/26/2014","14.770","14.770","14.770","14.770","0.00%"
"10/24/2014","14.770","14.770","14.770","14.770","2.56%"
"10/23/2014","14.401","14.401","14.401","14.401","-2.50%"
"10/22/2014","14.770","14.770","14.770","14.770","0.00%"
"10/21/2014","14.770","14.770","14.770","14.770","0.00%"
"10/20/2014","14.770","14.770","14.770","14.770","0.00%"
"10/17/2014","14.770","14.770","14.770","14.770","0.00%"
"10/16/2014","14.770","14.770","14.770","14.770","0.00%"
"10/15/2014","14.770","14.770","14.770","14.770","0.00%"
"10/14/2014","14.770","14.770","14.770","14.770","0.75%"
"10/13/2014","14.660","14.660","14.660","14.660","0.00%"
"10/12/2014","14.660","14.660","14.660","14.660","0.00%"
"10/10/2014","14.660","14.660","14.660","14.660","0.00%"
"10/09/2014","14.660","14.660","14.660","14.660","0.00%"
"10/08/2014","14.660","14.660","14.660","14.660","0.00%"
"10/07/2014","14.660","14.660","14.660","14.660","0.00%"
"10/03/2014","14.660","14.660","14.660","14.660","0.00%"
"10/02/2014","14.660","14.660","14.660","14.660","0.00%"
"10/01/2014","14.660","14.660","14.660","14.660","0.00%"
"09/30/2014","14.660","14.660","14.660","14.660","1.73%"
"09/29/2014","14.410","14.410","14.410","14.410","0.00%"
"09/28/2014","14.410","14.410","14.410","14.410","0.00%"
"09/27/2014","14.410","14.410","14.410","14.410","0.00%"
"09/26/2014","14.410","14.410","14.410","14.410","0.00%"
"09/25/2014","14.410","14.410","14.410","14.410","0.00%"
"09/24/2014","14.410","14.410","14.410","14.410","0.00%"
"09/23/2014","14.410","14.410","14.410","14.410","0.00%"
"09/22/2014","14.410","14.410","14.410","14.410","0.00%"
"09/21/2014","14.410","14.410","14.410","14.410","0.00%"
"09/19/2014","14.410","14.410","14.410","14.410","0.00%"
"09/18/2014","14.410","14.410","14.410","14.410","0.00%"
"09/17/2014","14.410","14.410","14.410","14.410","0.00%"
"09/16/2014","14.410","14.410","14.410","14.410","0.00%"
"09/15/2014","14.410","14.410","14.410","14.410","0.00%"
"09/14/2014","14.410","14.410","14.410","14.410","0.00%"
"09/13/2014","14.410","14.410","14.410","14.410","0.00%"
"09/12/2014","14.410","14.410","14.410","14.410","0.00%"
"09/11/2014","14.410","14.410","14.410","14.410","0.00%"
"09/10/2014","14.410","14.410","14.410","14.410","0.00%"
"09/09/2014","14.410","14.410","14.410","14.410","0.00%"
"09/08/2014","14.410","14.410","14.410","14.410","0.00%"
"09/07/2014","14.410","14.410","14.410","14.410","0.00%"
"09/05/2014","14.410","14.410","14.410","14.410","0.00%"
"09/04/2014","14.410","14.410","14.410","14.410","0.00%"
"09/03/2014","14.410","14.410","14.410","14.410","0.00%"
"09/02/2014","14.410","14.410","14.410","14.410","0.00%"
"09/01/2014","14.410","14.410","14.410","14.410","0.00%"
"08/31/2014","14.410","14.410","14.410","14.410","0.00%"
"08/29/2014","14.410","14.410","14.410","14.410","0.00%"
"08/28/2014","14.410","14.410","14.410","14.410","0.00%"
"08/27/2014","14.410","14.410","14.410","14.410","-3.29%"
"08/26/2014","14.900","14.900","14.900","14.900","0.00%"
"08/25/2014","14.900","14.900","14.900","14.900","0.00%"
"08/24/2014","14.900","14.900","14.900","14.900","0.00%"
"08/22/2014","14.900","14.900","14.900","14.900","0.00%"
"08/21/2014","14.900","14.900","14.900","14.900","0.00%"
"08/20/2014","14.900","14.900","14.900","14.900","0.00%"
"08/19/2014","14.900","14.900","14.900","14.900","0.00%"
"08/15/2014","14.900","14.900","14.900","14.900","0.00%"
"08/14/2014","14.900","14.900","14.900","14.900","0.00%"
"08/13/2014","14.900","14.900","14.900","14.900","0.00%"
"08/12/2014","14.900","14.900","14.900","14.900","0.00%"
"08/11/2014","14.900","14.900","14.900","14.900","0.00%"
"08/10/2014","14.900","14.900","14.900","14.900","0.00%"
"08/08/2014","14.900","14.900","14.900","14.900","0.00%"
"08/07/2014","14.900","14.900","14.900","14.900","0.00%"
"08/06/2014","14.900","14.900","14.900","14.900","0.00%"
"08/05/2014","14.900","14.900","14.900","14.900","0.00%"
"08/04/2014","14.900","14.900","14.900","14.900","0.00%"
"08/03/2014","14.900","14.900","14.900","14.900","0.00%"
"08/02/2014","14.900","14.900","14.900","14.900","0.00%"
"08/01/2014","14.900","14.900","14.900","14.900","0.00%"
"07/31/2014","14.900","14.900","14.900","14.900","0.00%"
"07/30/2014","14.900","14.900","14.900","14.900","0.00%"
"07/28/2014","14.900","14.900","14.900","14.900","1.22%"
"07/27/2014","14.720","14.720","14.720","14.720","0.00%"
"07/25/2014","14.720","14.720","14.720","14.720","8.66%"
"07/24/2014","13.547","13.547","13.547","13.547","-7.97%"
"07/23/2014","14.720","13.470","14.720","13.470","9.28%"
"07/22/2014","13.470","13.470","13.470","13.470","0.00%"
"07/21/2014","13.470","13.470","13.470","13.470","0.00%"
"07/20/2014","13.470","13.470","13.470","13.470","0.00%"
"07/18/2014","13.470","13.470","13.470","13.470","0.00%"
"07/17/2014","13.470","13.470","13.470","13.470","0.00%"
"07/16/2014","13.470","13.470","13.470","13.470","-0.59%"
"07/15/2014","13.550","13.550","13.550","13.550","0.00%"
"07/14/2014","13.550","13.550","13.550","13.550","0.00%"
"07/13/2014","13.550","13.550","13.550","13.550","0.00%"
"07/12/2014","13.550","13.549","13.550","13.549","0.01%"
"07/11/2014","13.549","13.549","13.549","13.549","0.01%"
"07/10/2014","13.548","13.548","13.548","13.548","-0.01%"
"07/09/2014","13.550","13.550","13.550","13.550","0.00%"
"07/08/2014","13.550","13.550","13.550","13.550","0.00%"
"07/07/2014","13.550","13.550","13.550","13.550","0.59%"
"07/06/2014","13.470","13.470","13.470","13.470","0.00%"
"07/04/2014","13.470","13.470","13.470","13.470","-0.57%"
"07/03/2014","13.547","13.547","13.547","13.547","0.57%"
"07/02/2014","13.470","13.470","13.470","13.470","0.00%"
"07/01/2014","13.470","13.470","13.470","13.470","0.00%"
"06/30/2014","13.470","13.470","13.470","13.470","0.00%"
"06/29/2014","13.470","13.470","13.470","13.470","0.00%"
"06/27/2014","13.470","13.470","13.470","13.470","0.00%"
"06/26/2014","13.470","13.470","13.470","13.470","-0.07%"
"06/25/2014","13.480","13.480","13.480","13.480","0.00%"
"06/24/2014","13.480","13.480","13.480","13.480","0.00%"
"06/23/2014","13.480","13.480","13.480","13.480","0.00%"
"06/22/2014","13.480","13.480","13.480","13.480","0.00%"
"06/20/2014","13.480","13.480","13.480","13.480","0.00%"
"06/19/2014","13.480","13.480","13.480","13.480","0.00%"
"06/18/2014","13.480","13.480","13.480","13.480","0.00%"
"06/17/2014","13.480","13.480","13.480","13.480","0.00%"
"06/16/2014","13.480","13.480","13.480","13.480","0.00%"
"06/13/2014","13.480","13.480","13.480","13.480","0.00%"
"06/12/2014","13.480","13.480","13.480","13.480","0.00%"
"06/11/2014","13.480","13.480","13.480","13.480","0.00%"
"06/10/2014","13.480","13.480","13.480","13.480","0.00%"
"06/09/2014","13.480","13.480","13.480","13.480","0.00%"
"06/08/2014","13.480","13.480","13.480","13.480","0.00%"
"06/06/2014","13.480","13.480","13.480","13.480","0.00%"
"06/05/2014","13.480","13.480","13.480","13.480","0.00%"
"06/04/2014","13.480","13.480","13.480","13.480","0.00%"
"06/03/2014","13.480","13.480","13.480","13.480","0.00%"
"06/02/2014","13.480","13.480","13.480","13.480","0.00%"
"06/01/2014","13.480","13.480","13.480","13.480","0.00%"
"05/30/2014","13.480","13.480","13.480","13.480","0.00%"
"05/29/2014","13.480","13.480","13.480","13.480","3.30%"
"05/28/2014","13.050","13.050","13.050","13.050","0.00%"
"05/27/2014","13.050","13.050","13.050","13.050","0.00%"
"05/26/2014","13.050","13.050","13.050","13.050","0.00%"
"05/25/2014","13.050","13.610","13.610","13.049","-4.11%"
"05/23/2014","13.610","13.610","13.610","13.610","0.00%"
"05/22/2014","13.610","13.610","13.610","13.610","0.00%"
"05/21/2014","13.610","13.610","13.610","13.610","0.00%"
"05/20/2014","13.610","13.610","13.610","13.610","0.00%"
"05/19/2014","13.610","13.610","13.610","13.610","0.00%"
"05/18/2014","13.610","13.610","13.610","13.610","0.00%"
"05/16/2014","13.610","13.610","13.610","13.610","0.00%"
"05/15/2014","13.610","13.610","13.610","13.610","0.00%"
"05/14/2014","13.610","13.610","13.610","13.610","0.00%"
"05/13/2014","13.610","13.610","13.610","13.610","0.00%"
"05/12/2014","13.610","13.610","13.610","13.610","0.00%"
"05/11/2014","13.610","13.610","13.610","13.610","0.00%"
"05/09/2014","13.610","13.610","13.610","13.610","0.00%"
"05/08/2014","13.610","13.610","13.610","13.610","0.00%"
"05/07/2014","13.610","13.610","13.610","13.610","0.00%"
"05/06/2014","13.610","13.610","13.610","13.610","0.00%"
"05/05/2014","13.610","13.610","13.610","13.610","0.00%"
"05/04/2014","13.610","13.610","13.610","13.610","0.00%"
"05/02/2014","13.610","13.610","13.610","13.610","0.00%"
"05/01/2014","13.610","13.610","13.610","13.610","0.00%"
"04/30/2014","13.610","13.610","13.610","13.610","0.00%"
"04/29/2014","13.610","13.610","13.610","13.610","2.64%"
"04/28/2014","13.260","13.260","13.260","13.260","0.00%"
"04/27/2014","13.260","13.260","13.260","13.260","0.00%"
"04/25/2014","13.260","13.260","13.260","13.260","0.00%"
"04/24/2014","13.260","13.260","13.260","13.260","0.00%"
"04/23/2014","13.260","13.260","13.260","13.260","0.00%"
"04/22/2014","13.260","13.260","13.260","13.260","0.00%"
"04/18/2014","13.260","13.260","13.260","13.260","0.00%"
"04/17/2014","13.260","13.260","13.260","13.260","0.00%"
"04/16/2014","13.260","13.260","13.260","13.260","0.00%"
"04/15/2014","13.260","13.260","13.260","13.260","1.61%"
"04/14/2014","13.050","13.050","13.050","13.050","-1.58%"
"04/13/2014","13.260","13.260","13.260","13.260","0.00%"
"04/11/2014","13.260","13.260","13.260","13.260","0.00%"
"04/10/2014","13.260","13.260","13.260","13.260","0.00%"
"04/09/2014","13.260","13.260","13.260","13.260","0.00%"
"04/08/2014","13.260","13.260","13.260","13.260","0.00%"
"04/07/2014","13.260","13.260","13.260","13.260","0.00%"
"04/06/2014","13.260","13.260","13.260","13.260","0.00%"
"04/04/2014","13.260","13.260","13.260","13.260","0.00%"
"04/03/2014","13.260","13.260","13.260","13.260","0.00%"
"04/02/2014","13.260","13.260","13.260","13.260","0.00%"
"04/01/2014","13.260","13.260","13.260","13.260","0.84%"
"03/31/2014","13.150","13.150","13.150","13.150","-0.75%"
"03/30/2014","13.250","13.250","13.250","13.250","0.00%"
"03/28/2014","13.250","13.250","13.250","13.250","0.00%"
"03/27/2014","13.250","13.250","13.250","13.250","0.00%"
"03/26/2014","13.250","13.250","13.250","13.250","-0.08%"
"03/25/2014","13.260","13.260","13.260","13.260","0.00%"
"03/24/2014","13.260","13.260","13.260","13.260","1.62%"
"03/23/2014","13.049","13.260","13.260","13.049","-1.59%"
"03/21/2014","13.260","13.260","13.260","13.260","0.00%"
"03/20/2014","13.260","13.260","13.260","13.260","0.00%"
"03/19/2014","13.260","13.260","13.260","13.260","0.00%"
"03/18/2014","13.260","13.260","13.260","13.260","0.00%"
"03/17/2014","13.260","13.260","13.260","13.260","1.14%"
"03/14/2014","13.110","13.110","13.110","13.110","0.07%"
"03/13/2014","13.101","13.101","13.101","13.101","0.01%"
"03/12/2014","13.100","13.100","13.100","13.100","-0.08%"
"03/11/2014","13.110","13.110","13.110","13.110","0.00%"
"03/10/2014","13.110","13.110","13.110","13.110","0.00%"
"03/09/2014","13.110","13.110","13.110","13.110","0.00%"
"03/07/2014","13.110","13.110","13.110","13.110","0.00%"
"03/06/2014","13.110","13.110","13.110","13.110","0.00%"
"03/05/2014","13.110","13.110","13.110","13.110","0.00%"
"03/04/2014","13.110","13.110","13.110","13.110","0.00%"
"03/03/2014","13.110","13.110","13.110","13.110","0.00%"
"02/28/2014","13.110","13.110","13.110","13.110","0.00%"
"02/27/2014","13.110","13.110","13.110","13.110","0.85%"
"02/26/2014","13.000","13.000","13.000","13.000","0.00%"
"02/25/2014","13.000","13.000","13.000","13.000","0.00%"
"02/24/2014","13.000","13.000","13.000","13.000","0.00%"
"02/23/2014","13.000","13.100","13.100","13.000","-0.76%"
"02/21/2014","13.100","13.100","13.100","13.100","0.00%"
"02/20/2014","13.100","13.100","13.100","13.100","2.34%"
"02/19/2014","12.800","12.800","12.800","12.800","-2.29%"
"02/18/2014","13.100","13.100","13.100","13.100","0.00%"
"02/17/2014","13.100","13.100","13.100","13.100","0.00%"
"02/16/2014","13.100","13.100","13.100","13.100","0.00%"
"02/14/2014","13.100","13.100","13.100","13.100","0.76%"
"02/13/2014","13.001","13.001","13.001","13.001","0.01%"
"02/12/2014","13.000","13.000","13.000","13.000","-1.89%"
"02/11/2014","13.250","13.250","13.250","13.250","0.00%"
"02/10/2014","13.250","13.250","13.250","13.250","0.00%"
"02/09/2014","13.250","13.250","13.250","13.250","0.00%"
"02/07/2014","13.250","13.250","13.250","13.250","0.00%"
"02/06/2014","13.250","13.250","13.250","13.250","0.00%"
"02/05/2014","13.250","13.250","13.250","13.250","0.00%"
"02/04/2014","13.250","13.250","13.250","13.250","0.00%"
"02/03/2014","13.250","13.250","13.250","13.250","0.00%"
"02/02/2014","13.250","13.250","13.250","13.250","0.00%"
"01/31/2014","13.250","13.250","13.250","13.250","0.00%"
"01/30/2014","13.250","13.250","13.250","13.250","0.00%"
"01/29/2014","13.250","13.250","13.250","13.250","0.00%"
"01/28/2014","13.250","13.250","13.250","13.250","0.38%"
"01/27/2014","13.200","13.200","13.200","13.200","0.00%"
"01/26/2014","13.200","13.200","13.200","13.200","0.00%"
"01/24/2014","13.200","13.200","13.200","13.200","0.00%"
"01/23/2014","13.200","13.200","13.200","13.200","0.00%"
"01/22/2014","13.200","13.200","13.200","13.200","0.00%"
"01/21/2014","13.200","13.200","13.200","13.200","0.00%"
"01/20/2014","13.200","13.200","13.200","13.200","0.00%"
"01/19/2014","13.200","13.200","13.200","13.200","0.00%"
"01/17/2014","13.200","13.200","13.200","13.200","0.00%"
"01/16/2014","13.200","13.200","13.200","13.200","0.00%"
"01/15/2014","13.200","13.200","13.200","13.200","0.00%"
"01/14/2014","13.200","13.200","13.200","13.200","0.00%"
"01/13/2014","13.200","13.200","13.200","13.200","0.00%"
"01/12/2014","13.200","13.200","13.200","13.200","0.00%"
"01/10/2014","13.200","13.200","13.200","13.200","0.00%"
"01/09/2014","13.200","13.200","13.200","13.200","0.00%"
"01/08/2014","13.200","13.200","13.200","13.200","0.00%"
"01/06/2014","13.200","13.200","13.200","13.200","0.00%"
"01/05/2014","13.200","13.200","13.200","13.200","0.00%"
"01/03/2014","13.200","13.200","13.200","13.200","0.00%"
"01/02/2014","13.200","13.200","13.200","13.200","0.00%"
"01/01/2014","13.200","13.200","13.200","13.200","0.00%"
"12/31/2013","13.200","13.200","13.200","13.200","0.00%"
"12/30/2013","13.200","13.200","13.200","13.200","0.00%"
"12/29/2013","13.200","13.200","13.200","13.200","0.00%"
"12/27/2013","13.200","13.200","13.200","13.200","0.00%"
"12/26/2013","13.200","13.200","13.200","13.200","0.00%"
"12/25/2013","13.200","13.200","13.200","13.200","0.00%"
"12/24/2013","13.200","13.200","13.200","13.200","3.53%"
"12/23/2013","12.750","12.750","12.750","12.750","0.00%"
"12/22/2013","12.750","12.750","12.750","12.750","0.00%"
"12/21/2013","12.750","12.750","12.750","12.750","0.00%"
"12/20/2013","12.750","12.750","12.750","12.750","0.00%"
"12/19/2013","12.750","12.750","12.750","12.750","-3.41%"
"12/18/2013","13.200","13.200","13.200","13.200","0.00%"
"12/17/2013","13.200","13.200","13.200","13.200","0.00%"
"12/16/2013","13.200","13.200","13.200","13.200","3.12%"
"12/15/2013","12.800","13.200","13.200","12.800","-3.03%"
"12/13/2013","13.200","13.200","13.200","13.200","0.00%"
"12/12/2013","13.200","13.200","13.200","13.200","0.00%"
"12/11/2013","13.200","13.200","13.200","13.200","0.00%"
"12/10/2013","13.200","13.200","13.200","13.200","0.00%"
"12/09/2013","13.200","13.200","13.200","13.200","0.00%"
"12/07/2013","13.200","13.200","13.200","13.200","0.00%"
"12/06/2013","13.200","13.200","13.200","13.200","0.00%"
"12/05/2013","13.200","13.200","13.200","13.200","0.00%"
"12/04/2013","13.200","13.200","13.200","13.200","0.00%"
"12/03/2013","13.200","13.200","13.200","13.200","0.00%"
"12/02/2013","13.200","13.200","13.200","13.200","0.00%"
"11/29/2013","13.200","13.200","13.200","13.200","0.00%"
"11/28/2013","13.200","13.200","13.200","13.200","0.00%"
"11/27/2013","13.200","13.200","13.200","13.200","0.00%"
"11/26/2013","13.200","13.200","13.200","13.200","0.08%"
"11/25/2013","13.190","13.190","13.190","13.190","-12.01%"
"11/22/2013","14.990","14.990","14.990","14.990","0.00%"
"11/21/2013","14.990","14.990","14.990","14.990","-1.68%"
"11/20/2013","15.246","15.246","15.246","15.246","0.00%"
"11/19/2013","15.246","15.246","15.246","15.246","0.00%"
"11/18/2013","15.246","15.246","15.246","15.246","0.00%"
"11/17/2013","15.246","15.246","15.246","15.246","0.00%"
"11/15/2013","15.246","15.246","15.246","15.246","0.00%"
"11/14/2013","15.246","15.246","15.246","15.246","0.00%"
"11/13/2013","15.246","15.246","15.246","15.246","0.00%"
"11/12/2013","15.246","15.246","15.246","15.246","0.00%"
"11/11/2013","15.246","15.246","15.246","15.246","0.00%"
"11/08/2013","15.246","15.246","15.246","15.246","0.00%"
"11/07/2013","15.246","15.246","15.246","15.246","21.50%"
"11/03/2013","12.548","12.548","12.548","12.548","0.00%"
"11/01/2013","12.548","12.548","12.548","12.548","-17.70%"
"10/31/2013","15.246","15.246","15.246","15.246","0.00%"
"10/30/2013","15.246","15.246","15.246","15.246","0.00%"
"10/29/2013","15.246","15.246","15.246","15.246","0.00%"
"10/28/2013","15.246","15.246","15.246","15.246","0.00%"
"10/27/2013","15.246","15.246","15.246","15.246","0.00%"
"10/25/2013","15.246","15.246","15.246","15.246","0.00%"
"10/24/2013","15.246","15.246","15.246","15.246","0.00%"
"10/23/2013","15.246","15.246","15.246","15.246","0.00%"
"10/22/2013","15.246","15.246","15.246","15.246","0.00%"
"10/21/2013","15.246","15.246","15.246","15.246","0.00%"
"10/18/2013","15.246","15.246","15.246","15.246","0.00%"
"10/17/2013","15.246","15.246","15.246","15.246","0.00%"
"10/16/2013","15.246","15.246","15.246","15.246","0.00%"
"10/15/2013","15.246","15.246","15.246","15.246","0.00%"
"10/14/2013","15.246","15.246","15.246","15.246","0.00%"
"10/11/2013","15.246","15.246","15.246","15.246","0.00%"
"10/10/2013","15.246","15.246","15.246","15.246","0.00%"
"10/09/2013","15.246","15.246","15.246","15.246","0.00%"
"10/08/2013","15.246","15.246","15.246","15.246","0.00%"
"10/07/2013","15.246","15.246","15.246","15.246","0.00%"
"10/04/2013","15.246","15.246","15.246","15.246","-1.00%"
"10/03/2013","15.400","15.400","15.400","15.400","0.00%"
"10/02/2013","15.400","15.400","15.400","15.400","0.00%"
"10/01/2013","15.400","15.400","15.400","15.400","0.00%"
"09/30/2013","15.400","15.400","15.400","15.400","0.00%"
"09/29/2013","15.400","15.400","15.400","15.400","0.00%"
"09/27/2013","15.400","15.400","15.400","15.400","0.00%"
"09/26/2013","15.400","15.400","15.400","15.400","0.00%"
"09/25/2013","15.400","15.400","15.400","15.400","0.00%"
"09/24/2013","15.400","15.400","15.400","15.400","0.00%"
"09/23/2013","15.400","15.400","15.400","15.400","0.00%"
"09/22/2013","15.400","15.400","15.400","15.400","0.00%"
"09/20/2013","15.400","15.400","15.400","15.400","0.00%"
"09/19/2013","15.400","15.400","15.400","15.400","0.00%"
"09/18/2013","15.400","15.400","15.400","15.400","0.00%"
"09/17/2013","15.400","15.400","15.400","15.400","0.00%"
"09/16/2013","15.400","15.400","15.400","15.400","0.00%"
"09/15/2013","15.400","15.400","15.400","15.400","0.00%"
"09/13/2013","15.400","15.400","15.400","15.400","0.00%"
"09/12/2013","15.400","15.400","15.400","15.400","0.00%"
"09/11/2013","15.400","15.400","15.400","15.400","0.00%"
"09/10/2013","15.400","15.400","15.400","15.400","0.00%"
"09/09/2013","15.400","15.400","15.400","15.400","0.00%"
"09/08/2013","15.400","15.400","15.400","15.400","0.00%"
"09/07/2013","15.400","15.400","15.400","15.400","0.00%"
"09/06/2013","15.400","15.400","15.400","15.400","0.00%"
"09/05/2013","15.400","15.400","15.400","15.400","0.00%"
"09/04/2013","15.400","15.400","15.400","15.400","0.00%"
"09/03/2013","15.400","15.400","15.400","15.400","0.00%"
"09/02/2013","15.400","15.400","15.400","15.400","0.00%"
"09/01/2013","15.400","15.400","15.400","15.400","0.00%"
"08/30/2013","15.400","15.400","15.400","15.400","0.00%"
"08/29/2013","15.400","15.400","15.400","15.400","0.00%"
"08/28/2013","15.400","15.400","15.400","15.400","1.99%"
"08/27/2013","15.100","15.100","15.100","15.100","-1.95%"
"08/26/2013","15.400","15.400","15.400","15.400","0.00%"
"08/23/2013","15.400","15.400","15.400","15.400","1.98%"
"08/22/2013","15.101","15.101","15.101","15.101","-1.94%"
"08/21/2013","15.400","15.400","15.400","15.400","0.00%"
"08/20/2013","15.400","15.400","15.400","15.400","0.00%"
"08/19/2013","15.400","15.400","15.400","15.400","0.00%"
"08/16/2013","15.400","15.400","15.400","15.400","0.00%"
"08/15/2013","15.400","15.400","15.400","15.400","0.00%"
"08/14/2013","15.400","15.400","15.400","15.400","0.00%"
"08/13/2013","15.400","15.400","15.400","15.400","0.00%"
"08/12/2013","15.400","15.400","15.400","15.400","0.00%"
"08/11/2013","15.400","15.400","15.400","15.400","0.00%"
"08/10/2013","15.400","15.400","15.400","15.400","0.00%"
"08/09/2013","15.400","15.400","15.400","15.400","0.00%"
"08/08/2013","15.400","15.400","15.400","15.400","0.00%"
"08/07/2013","15.400","15.400","15.400","15.400","0.00%"
"08/06/2013","15.400","15.400","15.400","15.400","0.00%"
"08/05/2013","15.400","15.400","15.400","15.400","0.00%"
"08/02/2013","15.400","15.400","15.400","15.400","0.00%"
"08/01/2013","15.400","15.400","15.400","15.400","0.00%"
"07/31/2013","15.400","15.400","15.400","15.400","0.00%"
"07/30/2013","15.400","15.400","15.400","15.400","0.00%"
"07/29/2013","15.400","15.400","15.400","15.400","0.00%"
"07/26/2013","15.400","15.400","15.400","15.400","0.00%"
"07/25/2013","15.400","15.400","15.400","15.400","0.00%"
"07/24/2013","15.400","15.400","15.400","15.400","0.00%"
"07/23/2013","15.400","15.400","15.400","15.400","0.00%"
"07/22/2013","15.400","15.400","15.400","15.400","0.00%"
"07/19/2013","15.400","15.400","15.400","15.400","0.00%"
"07/18/2013","15.400","15.400","15.400","15.400","0.00%"
"07/17/2013","15.400","15.400","15.400","15.400","0.00%"
"07/16/2013","15.400","15.400","15.400","15.400","0.00%"
"07/15/2013","15.400","15.400","15.400","15.400","0.00%"
"07/12/2013","15.400","15.400","15.400","15.400","0.00%"
"07/11/2013","15.400","15.400","15.400","15.400","0.00%"
"07/10/2013","15.400","15.400","15.400","15.400","0.00%"
"07/09/2013","15.400","15.400","15.400","15.400","0.00%"
"07/08/2013","15.400","15.400","15.400","15.400","0.00%"
"07/05/2013","15.400","15.400","15.400","15.400","0.00%"
"07/04/2013","15.400","15.400","15.400","15.400","0.00%"
"07/03/2013","15.400","15.400","15.400","15.400","0.00%"
"07/02/2013","15.400","15.400","15.400","15.400","0.00%"
"07/01/2013","15.400","15.400","15.400","15.400","0.00%"
"06/28/2013","15.400","15.400","15.400","15.400","0.00%"
"06/27/2013","15.400","15.400","15.400","15.400","0.00%"
"06/26/2013","15.400","15.400","15.400","15.400","0.00%"
"06/25/2013","15.400","15.400","15.400","15.400","0.00%"
"06/24/2013","15.400","15.400","15.400","15.400","0.00%"
"06/23/2013","15.400","15.400","15.400","15.400","0.00%"
"06/21/2013","15.400","15.400","15.400","15.400","0.00%"
"06/20/2013","15.400","15.400","15.400","15.400","0.00%"
"06/19/2013","15.400","15.400","15.400","15.400","0.00%"
"06/18/2013","15.400","15.400","15.400","15.400","0.00%"
"06/17/2013","15.400","15.400","15.400","15.400","0.00%"
"06/16/2013","15.400","15.400","15.400","15.400","0.00%"
"06/14/2013","15.400","15.400","15.400","15.400","0.00%"
"06/13/2013","15.400","15.400","15.400","15.400","0.00%"
"06/12/2013","15.400","15.400","15.400","15.400","0.00%"
"06/11/2013","15.400","15.400","15.400","15.400","0.00%"
"06/10/2013","15.400","15.400","15.400","15.400","0.00%"
"06/08/2013","15.400","15.400","15.400","15.400","0.00%"
"06/07/2013","15.400","15.400","15.400","15.400","0.00%"
"06/06/2013","15.400","15.400","15.400","15.400","0.00%"
"06/05/2013","15.400","15.400","15.400","15.400","0.00%"
"06/04/2013","15.400","15.400","15.400","15.400","0.00%"
"06/03/2013","15.400","15.400","15.400","15.400","0.00%"
"05/31/2013","15.400","15.400","15.400","15.400","0.00%"
"05/30/2013","15.400","15.400","15.400","15.400","0.00%"
"05/29/2013","15.400","15.400","15.400","15.400","0.00%"
"05/28/2013","15.400","15.400","15.400","15.400","0.00%"
"05/27/2013","15.400","15.400","15.400","15.400","0.00%"
"05/24/2013","15.400","15.400","15.400","15.400","0.00%"
"05/23/2013","15.400","15.400","15.400","15.400","0.00%"
"05/22/2013","15.400","15.400","15.400","15.400","0.00%"
"05/21/2013","15.400","15.400","15.400","15.400","0.00%"
"05/20/2013","15.400","15.400","15.400","15.400","0.00%"
"05/17/2013","15.400","15.400","15.400","15.400","0.00%"
"05/16/2013","15.400","15.400","15.400","15.400","0.00%"
"05/15/2013","15.400","15.400","15.400","15.400","0.00%"
"05/14/2013","15.400","15.400","15.400","15.400","0.00%"
"05/13/2013","15.400","15.400","15.400","15.400","0.00%"
"05/10/2013","15.400","15.400","15.400","15.400","0.00%"
"05/09/2013","15.400","15.400","15.400","15.400","0.00%"
"05/08/2013","15.400","15.400","15.400","15.400","0.00%"
"05/07/2013","15.400","15.400","15.400","15.400","0.00%"
"05/03/2013","15.400","15.400","15.400","15.400","0.00%"
"05/02/2013","15.400","15.400","15.400","15.400","0.00%"
"04/30/2013","15.400","15.400","15.400","15.400","0.00%"
"04/29/2013","15.400","15.400","15.400","15.400","0.00%"
"04/26/2013","15.400","15.400","15.400","15.400","0.00%"
"04/24/2013","15.400","15.400","15.400","15.400","0.00%"
"04/23/2013","15.400","15.400","15.400","15.400","0.00%"
"04/22/2013","15.400","15.400","15.400","15.400","0.00%"
"04/19/2013","15.400","15.400","15.400","15.400","0.00%"
"04/18/2013","15.400","15.400","15.400","15.400","0.00%"
"04/17/2013","15.400","15.400","15.400","15.400","0.00%"
"04/16/2013","15.400","15.400","15.400","15.400","0.00%"
"04/15/2013","15.400","15.400","15.400","15.400","0.00%"
"04/12/2013","15.400","15.400","15.400","15.400","0.00%"
"04/11/2013","15.400","15.400","15.400","15.400","0.00%"
"04/10/2013","15.400","15.400","15.400","15.400","0.00%"
"04/09/2013","15.400","15.400","15.400","15.400","0.00%"
"04/08/2013","15.400","15.400","15.400","15.400","0.00%"
"04/05/2013","15.400","15.400","15.400","15.400","0.00%"
"04/04/2013","15.400","15.400","15.400","15.400","0.00%"
"04/03/2013","15.400","15.400","15.400","15.400","0.00%"
"04/02/2013","15.400","15.400","15.400","15.400","0.00%"
"04/01/2013","15.400","15.400","15.400","15.400","0.00%"
"03/29/2013","15.400","15.400","15.400","15.400","0.00%"
"03/28/2013","15.400","15.400","15.400","15.400","0.00%"
"03/27/2013","15.400","15.400","15.400","15.400","0.00%"
"03/26/2013","15.400","15.400","15.400","15.400","0.00%"
"03/25/2013","15.400","15.400","15.400","15.400","0.00%"
"03/22/2013","15.400","15.400","15.400","15.400","14.24%"
"03/20/2013","13.480","13.480","13.480","13.480","-12.47%"
"03/19/2013","15.400","15.400","15.400","15.400","20.31%"
"03/18/2013","12.800","12.800","12.800","12.800","0.00%"
"03/15/2013","12.800","12.800","12.800","12.800","0.00%"
"03/14/2013","12.800","12.800","12.800","12.800","0.00%"
"03/13/2013","12.800","12.800","12.800","12.800","0.00%"
"03/12/2013","12.800","12.800","12.800","12.800","0.00%"
"03/11/2013","12.800","12.800","12.800","12.800","0.00%"
"03/08/2013","12.800","12.800","12.800","12.800","0.00%"
"03/07/2013","12.800","12.800","12.800","12.800","0.00%"
"03/06/2013","12.800","12.800","12.800","12.800","0.00%"
"03/05/2013","12.800","12.800","12.800","12.800","0.00%"
"03/04/2013","12.800","12.800","12.800","12.800","0.00%"
"03/01/2013","12.800","12.800","12.800","12.800","0.00%"
"02/28/2013","12.800","12.800","12.800","12.800","0.00%"
"02/27/2013","12.800","12.800","12.800","12.800","0.00%"
"02/26/2013","12.800","12.800","12.800","12.800","0.00%"
"02/25/2013","12.800","12.800","12.800","12.800","0.00%"
"02/22/2013","12.800","12.800","12.800","12.800","0.00%"
"02/21/2013","12.800","12.800","12.800","12.800","0.00%"
"02/20/2013","12.800","12.800","12.800","12.800","0.00%"
"02/19/2013","12.800","12.800","12.800","12.800","0.00%"
"02/18/2013","12.800","12.800","12.800","12.800","0.00%"
"02/15/2013","12.800","12.800","12.800","12.800","0.00%"
"02/14/2013","12.800","12.800","12.800","12.800","0.00%"
"02/13/2013","12.800","12.800","12.800","12.800","0.00%"
"02/12/2013","12.800","12.800","12.800","12.800","0.00%"
"02/11/2013","12.800","12.800","12.800","12.800","0.00%"
"02/08/2013","12.800","12.800","12.800","12.800","0.00%"
"02/07/2013","12.800","12.800","12.800","12.800","0.00%"
"02/06/2013","12.800","12.800","12.800","12.800","3.23%"
"02/05/2013","12.400","12.400","12.400","12.400","-3.13%"
"02/04/2013","12.800","12.800","12.800","12.800","0.00%"
"02/01/2013","12.800","12.800","12.800","12.800","0.00%"
"01/31/2013","12.800","12.800","12.800","12.800","0.00%"
"01/30/2013","12.800","12.800","12.800","12.800","0.00%"
"01/29/2013","12.800","12.800","12.800","12.800","0.00%"
"01/28/2013","12.800","12.800","12.800","12.800","0.00%"
"01/22/2013","12.800","12.800","12.800","12.800","0.00%"
"01/21/2013","12.800","12.800","12.800","12.800","-16.29%"
"01/18/2013","15.290","15.290","15.290","15.290","0.00%"
"01/17/2013","15.290","15.290","15.290","15.290","0.00%"
"01/16/2013","15.290","15.290","15.290","15.290","0.00%"
"01/15/2013","15.290","15.290","15.290","15.290","0.00%"
"01/14/2013","15.290","15.290","15.290","15.290","0.00%"
"01/11/2013","15.290","15.290","15.290","15.290","0.00%"
"01/10/2013","15.290","15.290","15.290","15.290","0.00%"
"01/09/2013","15.290","15.290","15.290","15.290","0.00%"
"01/08/2013","15.290","15.290","15.290","15.290","-1.99%"
"01/04/2013","15.600","15.600","15.600","15.600","0.00%"
"01/03/2013","15.600","15.600","15.600","15.600","0.00%"
"01/02/2013","15.600","15.600","15.600","15.600","0.00%"
"12/31/2012","15.600","15.600","15.600","15.600","0.00%"
"12/28/2012","15.600","15.600","15.600","15.600","0.00%"
"12/27/2012","15.600","15.600","15.600","15.600","0.00%"
"12/26/2012","15.600","15.600","15.600","15.600","0.00%"
"12/25/2012","15.600","15.600","15.600","15.600","0.00%"
"12/24/2012","15.600","15.600","15.600","15.600","0.00%"
"12/21/2012","15.600","15.600","15.600","15.600","0.00%"
"12/20/2012","15.600","15.600","15.600","15.600","0.00%"
"12/19/2012","15.600","15.600","15.600","15.600","0.00%"
"12/18/2012","15.600","15.600","15.600","15.600","0.00%"
"12/17/2012","15.600","15.600","15.600","15.600","0.00%"
"12/14/2012","15.600","15.600","15.600","15.600","0.00%"
"12/13/2012","15.600","15.600","15.600","15.600","0.00%"
"12/12/2012","15.600","15.600","15.600","15.600","0.00%"
"12/11/2012","15.600","15.600","15.600","15.600","0.00%"
"12/10/2012","15.600","15.600","15.600","15.600","0.00%"
"12/07/2012","15.600","15.600","15.600","15.600","0.00%"
"12/06/2012","15.600","15.600","15.600","15.600","0.00%"
"12/05/2012","15.600","15.600","15.600","15.600","0.00%"
"12/04/2012","15.600","15.600","15.600","15.600","0.00%"
"12/03/2012","15.600","15.600","15.600","15.600","0.00%"
"11/30/2012","15.600","15.600","15.600","15.600","9.86%"
"11/29/2012","14.200","14.200","14.200","14.200","0.00%"
"11/28/2012","14.200","14.200","14.200","14.200","0.00%"
"11/27/2012","14.200","14.200","14.200","14.200","0.00%"
"11/26/2012","14.200","14.200","14.200","14.200","0.00%"
"11/23/2012","14.200","14.200","14.200","14.200","0.00%"
"11/22/2012","14.200","14.200","14.200","14.200","0.00%"
"11/21/2012","14.200","14.200","14.200","14.200","-8.39%"
"11/20/2012","15.500","15.500","15.500","15.500","0.00%"
"11/19/2012","15.500","15.500","15.500","15.500","0.00%"
"11/16/2012","15.500","15.500","15.500","15.500","0.00%"
"11/14/2012","15.500","15.500","15.500","15.500","0.00%"
"11/13/2012","15.500","15.500","15.500","15.500","0.00%"
"11/12/2012","15.500","15.500","15.500","15.500","0.00%"
"11/09/2012","15.500","15.500","15.500","15.500","0.00%"
"11/08/2012","15.500","15.500","15.500","15.500","0.00%"
"11/07/2012","15.500","15.500","15.500","15.500","0.00%"
"11/06/2012","15.500","15.500","15.500","15.500","0.00%"
"11/05/2012","15.500","15.500","15.500","15.500","0.00%"
"11/02/2012","15.500","15.500","15.500","15.500","0.00%"
"11/01/2012","15.500","15.500","15.500","15.500","0.00%"
"10/31/2012","15.500","15.500","15.500","15.500","0.00%"
"10/30/2012","15.500","15.500","15.500","15.500","0.00%"
"10/29/2012","15.500","15.500","15.500","15.500","0.00%"
"10/24/2012","15.500","15.500","15.500","15.500","0.00%"
"10/23/2012","15.500","15.500","15.500","15.500","-8.01%"
"10/22/2012","16.850","16.850","16.850","16.850","0.00%"
"10/19/2012","16.850","16.850","16.850","16.850","0.00%"
"10/18/2012","16.850","16.850","16.850","16.850","0.00%"
"10/17/2012","16.850","16.850","16.850","16.850","0.00%"
"10/16/2012","16.850","16.850","16.850","16.850","0.00%"
"10/15/2012","16.850","16.850","16.850","16.850","0.00%"
"10/12/2012","16.850","16.850","16.850","16.850","0.00%"
"10/11/2012","16.850","16.850","16.850","16.850","0.00%"
"10/10/2012","16.850","16.850","16.850","16.850","0.00%"
"10/09/2012","16.850","16.850","16.850","16.850","0.00%"
"10/08/2012","16.850","16.850","16.850","16.850","0.00%"
"10/05/2012","16.850","16.850","16.850","16.850","0.00%"
"10/04/2012","16.850","16.850","16.850","16.850","0.00%"
"10/03/2012","16.850","16.850","16.850","16.850","0.00%"
"10/02/2012","16.850","16.850","16.850","16.850","0.00%"
"10/01/2012","16.850","16.850","16.850","16.850","0.00%"
"09/28/2012","16.850","16.850","16.850","16.850","0.00%"
"09/27/2012","16.850","16.850","16.850","16.850","0.00%"
"09/26/2012","16.850","16.850","16.850","16.850","0.00%"
"09/25/2012","16.850","16.850","16.850","16.850","0.00%"
"09/24/2012","16.850","16.850","16.850","16.850","0.00%"
"09/21/2012","16.850","16.850","16.850","16.850","0.00%"
"09/20/2012","16.850","16.850","16.850","16.850","0.00%"
"09/19/2012","16.850","16.850","16.850","16.850","0.00%"
"09/18/2012","16.850","16.850","16.850","16.850","0.00%"
"09/17/2012","16.850","16.850","16.850","16.850","1.20%"
"09/14/2012","16.650","16.650","16.650","16.650","0.00%"
"09/13/2012","16.650","16.650","16.650","16.650","0.00%"
"09/12/2012","16.650","16.650","16.650","16.650","0.00%"
"09/11/2012","16.650","16.650","16.650","16.650","0.00%"
"09/10/2012","16.650","16.650","16.650","16.650","0.00%"
"09/07/2012","16.650","16.650","16.650","16.650","0.00%"
"09/06/2012","16.650","16.650","16.650","16.650","0.00%"
"09/05/2012","16.650","16.650","16.650","16.650","0.00%"
"09/04/2012","16.650","16.650","16.650","16.650","0.00%"
"09/03/2012","16.650","16.650","16.650","16.650","0.00%"
"08/31/2012","16.650","16.650","16.650","16.650","0.00%"
"08/30/2012","16.650","16.650","16.650","16.650","0.00%"
"08/29/2012","16.650","16.650","16.650","16.650","0.00%"
"08/28/2012","16.650","16.650","16.650","16.650","0.00%"
"08/27/2012","16.650","16.650","16.650","16.650","0.00%"
"08/24/2012","16.650","16.650","16.650","16.650","0.00%"
"08/23/2012","16.650","16.650","16.650","16.650","0.00%"
"08/22/2012","16.650","16.650","16.650","16.650","0.00%"
"08/21/2012","16.650","16.650","16.650","16.650","0.00%"
"08/17/2012","16.650","16.650","16.650","16.650","0.00%"
"08/16/2012","16.650","16.650","16.650","16.650","0.00%"
"08/15/2012","16.650","16.650","16.650","16.650","0.00%"
"08/14/2012","16.650","16.650","16.650","16.650","0.00%"
"08/13/2012","16.650","16.650","16.650","16.650","0.00%"
"08/10/2012","16.650","16.650","16.650","16.650","0.00%"
"08/09/2012","16.650","16.650","16.650","16.650","0.00%"
"08/08/2012","16.650","16.650","16.650","16.650","0.00%"
"08/07/2012","16.650","16.650","16.650","16.650","0.00%"
"08/06/2012","16.650","16.650","16.650","16.650","0.00%"
"08/03/2012","16.650","16.650","16.650","16.650","0.00%"
"08/02/2012","16.650","16.650","16.650","16.650","0.00%"
"08/01/2012","16.650","16.650","16.650","16.650","0.00%"
"07/31/2012","16.650","16.650","16.650","16.650","0.00%"
"07/30/2012","16.650","16.650","16.650","16.650","0.00%"
"07/27/2012","16.650","16.650","16.650","16.650","0.00%"
"07/26/2012","16.650","16.650","16.650","16.650","0.00%"
"07/25/2012","16.650","16.650","16.650","16.650","0.00%"
"07/24/2012","16.650","16.650","16.650","16.650","0.00%"
"07/20/2012","16.650","16.650","16.650","16.650","0.00%"
"07/19/2012","16.650","16.650","16.650","16.650","0.00%"
"07/18/2012","16.650","16.650","16.650","16.650","0.00%"
"07/17/2012","16.650","16.650","16.650","16.650","0.00%"
"07/16/2012","16.650","16.650","16.650","16.650","0.00%"
"07/13/2012","16.650","16.650","16.650","16.650","0.00%"
"07/12/2012","16.650","16.650","16.650","16.650","0.00%"
"07/11/2012","16.650","16.650","16.650","16.650","0.00%"
"07/10/2012","16.650","16.650","16.650","16.650","0.00%"
"07/09/2012","16.650","16.650","16.650","16.650","0.00%"
"07/06/2012","16.650","16.650","16.650","16.650","0.00%"
"07/05/2012","16.650","16.650","16.650","16.650","0.00%"
"07/04/2012","16.650","16.650","16.650","16.650","0.00%"
"07/03/2012","16.650","16.650","16.650","16.650","0.00%"
"07/02/2012","16.650","16.650","16.650","16.650","0.00%"
"06/29/2012","16.650","16.650","16.650","16.650","0.00%"
"06/28/2012","16.650","16.650","16.650","16.650","0.00%"
"06/27/2012","16.650","16.650","16.650","16.650","0.00%"
"06/26/2012","16.650","16.650","16.650","16.650","0.00%"
"06/25/2012","16.650","16.650","16.650","16.650","-1.19%"
"06/22/2012","16.850","16.850","16.850","16.850","0.00%"
"06/21/2012","16.850","16.850","16.850","16.850","0.00%"
"06/20/2012","16.850","16.850","16.850","16.850","0.00%"
"06/19/2012","16.850","16.850","16.850","16.850","0.00%"
"06/18/2012","16.850","16.850","16.850","16.850","0.00%"
"06/15/2012","16.850","16.850","16.850","16.850","0.00%"
"06/14/2012","16.850","16.850","16.850","16.850","0.00%"
"06/13/2012","16.850","16.850","16.850","16.850","0.00%"
"06/12/2012","16.850","16.850","16.850","16.850","0.00%"
"06/11/2012","16.850","16.850","16.850","16.850","0.00%"
"06/08/2012","16.850","16.850","16.850","16.850","0.00%"
"06/07/2012","16.850","16.850","16.850","16.850","0.00%"
"06/06/2012","16.850","16.850","16.850","16.850","0.00%"
"06/05/2012","16.850","16.850","16.850","16.850","0.00%"
"06/04/2012","16.850","16.850","16.850","16.850","0.00%"
"06/01/2012","16.850","16.850","16.850","16.850","0.00%"
"05/31/2012","16.850","16.850","16.850","16.850","0.00%"
"05/30/2012","16.850","16.850","16.850","16.850","0.00%"
"05/29/2012","16.850","16.850","16.850","16.850","0.00%"
"05/28/2012","16.850","16.850","16.850","16.850","0.00%"
"05/25/2012","16.850","16.850","16.850","16.850","0.00%"
"05/24/2012","16.850","16.850","16.850","16.850","0.00%"
"05/23/2012","16.850","16.850","16.850","16.850","0.00%"
"05/22/2012","16.850","16.850","16.850","16.850","0.00%"
"05/21/2012","16.850","16.850","16.850","16.850","0.00%"
"05/18/2012","16.850","16.850","16.850","16.850","0.00%"
"05/17/2012","16.850","16.850","16.850","16.850","0.00%"
"05/16/2012","16.850","16.850","16.850","16.850","0.00%"
"05/15/2012","16.850","16.850","16.850","16.850","0.30%"
"05/14/2012","16.800","16.800","16.800","16.800","0.00%"
"05/11/2012","16.800","16.800","16.800","16.800","0.00%"
"05/10/2012","16.800","16.800","16.800","16.800","0.00%"
"05/09/2012","16.800","16.800","16.800","16.800","0.00%"
"05/08/2012","16.800","16.800","16.800","16.800","0.00%"
"05/07/2012","16.800","16.800","16.800","16.800","0.00%"
"05/04/2012","16.800","16.800","16.800","16.800","0.00%"
"05/03/2012","16.800","16.800","16.800","16.800","0.00%"
"05/02/2012","16.800","16.800","16.800","16.800","-0.30%"
"04/30/2012","16.850","16.850","16.850","16.850","0.00%"
"04/27/2012","16.850","16.850","16.850","16.850","0.88%"
"04/26/2012","16.703","16.703","16.703","16.703","0.01%"
"04/24/2012","16.702","16.702","16.702","16.702","0.01%"
"04/23/2012","16.700","16.700","16.700","16.700","-0.89%"
"04/20/2012","16.850","16.850","16.850","16.850","-0.02%"
"04/19/2012","16.853","16.853","16.853","16.853","0.02%"
"04/18/2012","16.850","16.850","16.850","16.850","-0.01%"
"04/17/2012","16.851","16.851","16.851","16.851","-0.01%"
"04/13/2012","16.852","16.852","16.852","16.852","0.00%"
"04/12/2012","16.852","16.852","16.852","16.852","0.01%"
"04/11/2012","16.850","16.850","16.850","16.850","0.00%"
"04/10/2012","16.850","16.850","16.850","16.850","0.00%"
"04/09/2012","16.850","16.850","16.850","16.850","0.01%"
"04/06/2012","16.848","16.848","16.848","16.848","0.00%"
"04/05/2012","16.848","16.848","16.848","16.848","-0.02%"
"04/04/2012","16.852","16.852","16.852","16.852","0.01%"
"04/03/2012","16.850","16.850","16.850","16.850","0.00%"
"04/02/2012","16.850","16.850","16.850","16.850","0.00%"
"03/30/2012","16.850","16.850","16.850","16.850","0.58%"
"03/29/2012","16.753","16.753","16.753","16.753","-0.58%"
"03/28/2012","16.850","16.850","16.850","16.850","0.00%"
"03/27/2012","16.850","16.850","16.850","16.850","0.00%"
"03/26/2012","16.850","16.850","16.850","16.850","0.00%"
"03/23/2012","16.850","16.850","16.850","16.850","0.00%"
"03/22/2012","16.850","16.850","16.850","16.850","0.00%"
"03/21/2012","16.850","16.850","16.850","16.850","0.00%"
"03/20/2012","16.850","16.850","16.850","16.850","0.00%"
"03/19/2012","16.850","16.850","16.850","16.850","0.00%"
"03/16/2012","16.850","16.850","16.850","16.850","0.00%"
"03/15/2012","16.850","16.850","16.850","16.850","0.00%"
"03/14/2012","16.850","16.850","16.850","16.850","0.00%"
"03/13/2012","16.850","16.850","16.850","16.850","0.00%"
"03/12/2012","16.850","16.850","16.850","16.850","0.00%"
"03/09/2012","16.850","16.850","16.850","16.850","0.00%"
"03/08/2012","16.850","16.850","16.850","16.850","0.00%"
"03/07/2012","16.850","16.850","16.850","16.850","0.00%"
"03/06/2012","16.850","16.850","16.850","16.850","0.00%"
"03/05/2012","16.850","16.850","16.850","16.850","0.00%"
"03/02/2012","16.850","16.850","16.850","16.850","0.00%"
"03/01/2012","16.850","16.850","16.850","16.850","0.00%"
"02/29/2012","16.850","16.850","16.850","16.850","0.00%"
"02/28/2012","16.850","16.850","16.850","16.850","0.00%"
"02/27/2012","16.850","16.850","16.850","16.850","0.30%"
"02/24/2012","16.800","16.800","16.800","16.800","0.00%"
"02/20/2012","16.800","16.800","16.800","16.800","0.00%"
"02/16/2012","16.800","16.800","16.800","16.800","0.00%"
"02/15/2012","16.800","16.800","16.800","16.800","0.00%"
"02/14/2012","16.800","16.800","16.800","16.800","0.00%"
"02/13/2012","16.800","16.800","16.800","16.800","0.00%"
"02/10/2012","16.800","16.800","16.800","16.800","0.00%"
"02/09/2012","16.800","16.800","16.800","16.800","0.90%"
"02/08/2012","16.650","16.650","16.650","16.650","0.00%"
"02/07/2012","16.650","16.650","16.650","16.650","0.00%"
"02/06/2012","16.650","16.650","16.650","16.650","0.00%"
"02/03/2012","16.650","16.650","16.650","16.650","0.00%"
"02/02/2012","16.650","16.650","16.650","16.650","0.00%"
"02/01/2012","16.650","16.650","16.650","16.650","0.00%"
"01/31/2012","16.650","16.650","16.650","16.650","0.00%"
"01/30/2012","16.650","16.650","16.650","16.650","-0.72%"
"01/27/2012","16.770","16.770","16.770","16.770","0.00%"
"01/26/2012","16.770","16.770","16.770","16.770","0.00%"
"01/24/2012","16.770","16.770","16.770","16.770","0.72%"
"01/23/2012","16.650","16.650","16.650","16.650","0.00%"
"01/20/2012","16.650","16.650","16.650","16.650","0.00%"
"01/19/2012","16.650","16.650","16.650","16.650","0.00%"
"01/18/2012","16.650","16.650","16.650","16.650","0.00%"
"01/17/2012","16.650","16.650","16.650","16.650","2.78%"
"12/21/2011","16.200","16.200","16.200","16.200","28.06%"
"11/17/2011","12.650","12.650","12.650","12.650","0.00%"
"11/15/2011","12.650","12.650","12.650","12.650","0.00%"
"11/14/2011","12.650","12.650","12.650","12.650","0.00%"
"10/31/2011","12.650","12.650","12.650","12.650","0.00%"
"10/27/2011","12.650","12.650","12.650","12.650","0.00%"
"10/24/2011","12.650","12.650","12.650","12.650","0.00%"
"09/27/2011","12.650","12.650","12.650","12.650","0.00%"
"09/26/2011","12.650","12.650","12.650","12.650","-0.78%"
"09/21/2011","12.750","12.750","12.750","12.750","0.79%"
"09/08/2011","12.650","12.650","12.650","12.650","0.00%"
"09/07/2011","12.650","12.650","12.650","12.650","0.00%"
"08/25/2011","12.650","12.650","12.650","12.650","0.00%"
"08/22/2011","12.650","12.650","12.650","12.650","0.00%"
"08/16/2011","12.650","12.650","12.650","12.650","0.00%"
"08/11/2011","12.650","12.650","12.650","12.650","9.05%"
"06/30/2011","11.600","11.600","11.600","11.600","-25.88%"
"06/29/2011","15.650","15.650","15.650","15.650","34.91%"
"06/27/2011","11.600","11.600","11.600","11.600","0.00%"
"06/23/2011","11.600","11.600","11.600","11.600","0.00%"
"06/22/2011","11.600","11.600","11.600","11.600","-28.62%"
"06/13/2011","16.250","16.250","16.250","16.250","0.00%"
"06/08/2011","16.250","16.250","16.250","16.250","42.54%"
"04/19/2011","11.400","11.400","11.400","11.400","0.00%"
"04/14/2011","11.400","11.400","11.400","11.400","0.00%"
"04/13/2011","11.400","11.400","11.400","11.400","0.00%"
"04/11/2011","11.400","11.400","11.400","11.400","0.00%"
"04/06/2011","11.400","11.400","11.400","11.400","0.00%"
"04/05/2011","11.400","11.400","11.400","11.400","-0.45%"
"04/04/2011","11.452","11.452","11.452","11.452","-2.95%"
"03/09/2011","11.800","11.800","11.800","11.800","0.00%"
"03/08/2011","11.800","11.800","11.800","11.800","-4.22%"
"01/24/2011","12.320","12.320","12.320","12.320","0.00%"
"01/20/2011","12.320","12.320","12.320","12.320","0.00%"
"01/19/2011","12.320","12.320","12.320","12.320","0.00%"
"01/17/2011","12.320","12.320","12.320","12.320","-1.44%"
"01/12/2011","12.500","12.500","12.500","12.500","0.00%"
"01/11/2011","12.500","12.500","12.500","12.500","1.46%"
"01/10/2011","12.320","12.320","12.320","12.320","0.00%"
"01/06/2011","12.320","12.320","12.320","12.320","0.00%"
"01/04/2011","12.320","12.320","12.320","12.320","0.00%"
"01/03/2011","12.320","12.320","12.320","12.320","0.00%"
"12/29/2010","12.320","12.320","12.320","12.320","0.00%"
"12/28/2010","12.320","12.320","12.320","12.320","0.00%"
"12/27/2010","12.320","12.320","12.320","12.320","0.00%"
"12/23/2010","12.320","12.320","12.320","12.320","0.00%"
"12/22/2010","12.320","12.320","12.320","12.320","0.00%"
"12/21/2010","12.320","12.320","12.320","12.320","-1.44%"
"12/20/2010","12.500","12.500","12.500","12.500","0.00%"
"12/16/2010","12.500","12.500","12.500","12.500","0.89%"
"12/15/2010","12.390","12.390","12.390","12.390","-0.88%"
"12/14/2010","12.500","12.500","12.500","12.500","0.89%"
"12/09/2010","12.390","12.390","12.390","12.390","-0.88%"
"12/02/2010","12.500","12.500","12.500","12.500","0.89%"
"11/30/2010","12.390","12.390","12.390","12.390","-0.48%"
"11/29/2010","12.450","12.450","12.450","12.450","0.48%"
"11/24/2010","12.390","12.390","12.390","12.390","-0.48%"
"11/10/2010","12.450","12.450","12.450","12.450","0.48%"
"11/08/2010","12.390","12.390","12.390","12.390","0.00%"
"11/01/2010","12.390","12.390","12.390","12.390","-2.06%"
"10/26/2010","12.650","12.650","12.650","12.650","2.10%"
"10/25/2010","12.390","12.390","12.390","12.390","0.00%"
"10/20/2010","12.390","12.390","12.390","12.390","-0.88%"
"10/19/2010","12.500","12.500","12.500","12.500","0.89%"
"10/18/2010","12.390","12.390","12.390","12.390","0.00%"
"10/14/2010","12.390","12.390","12.390","12.390","0.00%"
"10/13/2010","12.390","12.390","12.390","12.390","-0.88%"
"10/12/2010","12.500","12.500","12.500","12.500","0.89%"
"10/11/2010","12.390","12.390","12.390","12.390","-0.88%"
"10/07/2010","12.500","12.500","12.500","12.500","0.89%"
"10/05/2010","12.390","12.390","12.390","12.390","-0.88%"
"10/04/2010","12.500","12.500","12.500","12.500","0.89%"
"09/30/2010","12.390","12.390","12.390","12.390","0.00%"
"09/29/2010","12.390","12.390","12.390","12.390","0.00%"
"09/28/2010","12.390","12.390","12.390","12.390","-0.08%"
"09/27/2010","12.400","12.400","12.400","12.400","0.65%"
"09/23/2010","12.320","12.320","12.320","12.320","0.00%"
"09/21/2010","12.320","12.320","12.320","12.320","0.00%"
"09/16/2010","12.320","12.320","12.320","12.320","0.00%"
"09/15/2010","12.320","12.320","12.320","12.320","0.00%"
"09/14/2010","12.320","12.320","12.320","12.320","1.23%"
"09/13/2010","12.170","12.170","12.170","12.170","0.00%"
"09/08/2010","12.170","12.170","12.170","12.170","0.00%"
"09/07/2010","12.170","12.170","12.170","12.170","0.00%"
"09/06/2010","12.170","12.170","12.170","12.170","-0.08%"
"09/02/2010","12.180","12.180","12.180","12.180","0.00%"
"09/01/2010","12.180","12.180","12.180","12.180","0.00%"
"08/31/2010","12.180","12.180","12.180","12.180","-2.64%"
"08/30/2010","12.510","12.510","12.510","12.510","-0.32%"
"08/26/2010","12.550","12.550","12.550","12.550","0.32%"
"08/25/2010","12.510","12.510","12.510","12.510","0.00%"
"08/24/2010","12.510","12.510","12.510","12.510","0.00%"
"08/23/2010","12.510","12.510","12.510","12.510","0.00%"
"08/19/2010","12.510","12.510","12.510","12.510","0.00%"
"08/10/2010","12.510","12.510","12.510","12.510","0.00%"
"08/05/2010","12.510","12.510","12.510","12.510","0.00%"