"Date","Price","Open","High","Low","Vol.","Change %"
"03/18/2026","35.89","37.32","37.74","35.89","40.95M","-3.83%"
"03/17/2026","37.32","37.10","37.59","37.00","1.79M","0.59%"
"03/16/2026","37.10","37.05","37.29","36.57","480.94K","0.27%"
"03/15/2026","37.00","37.39","37.44","36.75","122.15K","-0.30%"
"03/12/2026","37.11","37.48","38.01","36.56","441.03K","6.03%"
"03/11/2026","35.00","38.19","38.24","35.00","1.07M","-7.53%"
"03/10/2026","37.85","37.86","38.00","37.59","480.93K","0.69%"
"03/09/2026","37.59","37.99","38.20","37.41","1.51M","-0.79%"
"03/08/2026","37.89","38.53","38.88","37.75","502.25K","-1.20%"
"03/05/2026","38.35","38.18","39.59","38.06","1.60M","1.32%"
"03/04/2026","37.85","39.29","39.48","37.85","1.08M","-3.67%"
"03/03/2026","39.29","39.80","39.99","38.60","399.06K","-1.75%"
"03/02/2026","39.99","40.50","40.85","39.90","519.35K","-1.26%"
"03/01/2026","40.50","38.50","40.75","37.51","1.21M","-1.22%"
"02/26/2026","41.00","41.50","41.50","40.25","7.29M","-4.21%"
"02/25/2026","42.80","40.88","42.80","39.50","1.30M","4.67%"
"02/24/2026","40.89","40.30","40.89","39.52","847.90K","1.46%"
"02/23/2026","40.30","39.60","40.30","39.26","574.50K","2.00%"
"02/22/2026","39.51","40.15","40.57","38.93","620.37K","-1.32%"
"02/19/2026","40.04","41.19","41.28","39.80","407.69K","-2.79%"
"02/18/2026","41.19","40.83","41.29","40.40","1.33M","0.54%"
"02/17/2026","40.97","41.47","41.50","40.80","361.13K","-1.23%"
"02/16/2026","41.48","40.55","41.95","40.25","1.38M","2.29%"
"02/15/2026","40.55","40.70","40.87","40.09","659.73K","-0.27%"
"02/12/2026","40.66","39.99","40.68","39.50","1.61M","1.65%"
"02/11/2026","40.00","40.90","41.00","39.90","1.72M","-1.72%"
"02/10/2026","40.70","41.12","42.20","40.54","760.19K","-1.00%"
"02/09/2026","41.11","40.14","41.50","40.00","974.32K","2.72%"
"02/08/2026","40.02","41.30","41.49","39.85","643.30K","-3.10%"
"02/05/2026","41.30","40.99","41.49","39.62","781.52K","0.73%"
"02/04/2026","41.00","40.69","41.00","40.20","1.34M","0.74%"
"02/03/2026","40.70","40.00","40.84","39.90","1.13M","2.18%"
"02/02/2026","39.83","38.10","40.00","38.10","11.30M","4.82%"
"02/01/2026","38.00","37.51","38.28","37.12","1.06M","0.53%"
"01/28/2026","37.80","37.02","37.90","36.72","1.09M","2.16%"
"01/27/2026","37.00","38.00","38.00","37.00","2.62M","-2.63%"
"01/26/2026","38.00","37.00","38.00","36.15","1.46M","2.70%"
"01/25/2026","37.00","37.88","37.90","36.61","910.08K","-1.86%"
"01/22/2026","37.70","37.73","38.00","37.26","2.18M","0.72%"
"01/21/2026","37.43","37.71","37.89","37.02","1.65M","-0.72%"
"01/20/2026","37.70","37.50","38.49","37.50","2.20M","0.53%"
"01/19/2026","37.50","36.99","37.67","36.41","1.11M","1.38%"
"01/18/2026","36.99","36.94","36.99","36.10","503.93K","1.15%"
"01/15/2026","36.57","35.87","36.93","35.50","2.20M","1.89%"
"01/14/2026","35.89","36.10","36.10","35.01","3.21M","-0.31%"
"01/13/2026","36.00","36.48","37.00","35.56","2.24M","-0.55%"
"01/12/2026","36.20","37.19","37.49","36.00","3.46M","-2.53%"
"01/11/2026","37.14","37.90","38.25","37.10","848.74K","-1.75%"
"01/08/2026","37.80","37.51","38.04","37.10","3.99M","0.75%"
"01/06/2026","37.52","36.05","38.12","35.55","1.11M","4.22%"
"01/05/2026","36.00","36.02","36.25","34.85","1.85M","0.00%"
"01/04/2026","36.00","37.10","37.40","36.00","594.06K","-2.96%"
"12/31/2025","37.10","37.32","37.44","37.01","530.23K","-0.54%"
"12/30/2025","37.30","37.90","37.99","37.25","874.60K","-1.58%"
"12/29/2025","37.90","38.09","38.09","37.50","1.23M","0.08%"
"12/28/2025","37.87","37.80","38.00","37.68","1.04M","0.45%"
"12/25/2025","37.70","37.90","38.15","37.65","733.34K","-0.48%"
"12/24/2025","37.88","38.00","38.00","37.61","854.05K","-0.18%"
"12/23/2025","37.95","38.50","38.50","37.80","924.48K","-1.43%"
"12/22/2025","38.50","38.79","39.20","37.75","2.32M","-0.65%"
"12/21/2025","38.75","40.00","40.14","38.71","10.11M","-2.88%"
"12/18/2025","39.90","42.48","42.65","39.90","9.47M","-5.61%"
"12/17/2025","42.27","43.40","43.70","42.10","1.01M","-2.04%"
"12/16/2025","43.15","42.39","43.60","42.37","747.08K","1.77%"
"12/15/2025","42.40","42.37","42.65","42.02","2.10M","0.00%"
"12/14/2025","42.40","42.15","42.47","41.81","209.94K","0.59%"
"12/11/2025","42.15","49.30","49.30","41.67","922.26K","0.48%"
"12/10/2025","41.95","42.28","42.48","41.90","457.51K","-0.12%"
"12/09/2025","42.00","42.98","43.90","41.70","1.99M","-6.04%"
"12/08/2025","44.70","45.88","45.88","44.60","2.45M","-2.61%"
"12/07/2025","45.90","45.48","46.24","44.87","481.39K","0.90%"
"12/04/2025","45.49","45.32","45.90","44.70","2.13M","0.44%"
"12/03/2025","45.29","45.95","45.95","45.00","1.30M","-1.01%"
"12/02/2025","45.75","45.77","45.89","45.20","505.53K","-0.04%"
"12/01/2025","45.77","45.99","46.30","45.00","893.92K","-0.48%"
"11/30/2025","45.99","46.05","46.50","45.80","200.48K","-0.24%"
"11/27/2025","46.10","45.35","46.10","45.10","623.09K","1.65%"
"11/26/2025","45.35","45.99","45.99","45.00","477.63K","0.42%"
"11/25/2025","45.16","46.40","46.40","45.16","2.94M","0.44%"
"11/24/2025","44.96","48.00","48.15","44.96","6.18M","-6.31%"
"11/23/2025","47.99","47.50","48.10","47.00","258.38K","1.03%"
"11/20/2025","47.50","48.00","48.40","46.27","809.11K","-0.81%"
"11/19/2025","47.89","47.98","48.49","47.60","1.86M","0.40%"
"11/18/2025","47.70","47.95","48.90","47.61","317.30K","0.00%"
"11/17/2025","47.70","48.50","48.50","47.37","2.06M","-1.71%"
"11/16/2025","48.53","45.80","49.95","45.50","1.59M","7.37%"
"11/13/2025","45.20","45.50","46.40","45.09","1.15M","-0.37%"
"11/12/2025","45.37","47.00","47.90","44.30","1.04M","-3.47%"
"11/11/2025","47.00","46.94","47.68","46.53","601.74K","1.08%"
"11/10/2025","46.50","49.49","49.99","46.50","1.98M","-6.04%"
"11/09/2025","49.49","48.00","49.50","47.00","234.81K","5.28%"
"11/06/2025","47.01","45.10","49.00","44.30","984.59K","4.58%"
"11/05/2025","44.95","45.50","45.95","44.70","1.20M","-0.11%"
"11/04/2025","45.00","45.18","45.50","44.60","217.82K","0.00%"
"11/03/2025","45.00","44.80","45.19","44.02","877.90K","0.83%"
"11/02/2025","44.63","45.00","45.35","44.63","420.97K","-0.80%"
"10/30/2025","44.99","45.00","45.49","44.71","1.65M","0.00%"
"10/29/2025","44.99","45.29","45.60","44.26","648.08K","-0.35%"
"10/28/2025","45.15","43.30","45.50","43.01","966.17K","4.27%"
"10/27/2025","43.30","43.01","43.44","42.96","1.34M","0.07%"
"10/26/2025","43.27","43.19","43.60","42.90","89.79K","0.19%"
"10/23/2025","43.19","43.00","43.50","42.80","77.92K","0.44%"
"10/22/2025","43.00","43.00","43.08","42.60","208.41K","0.00%"
"10/21/2025","43.00","42.00","43.60","42.00","154.34K","-0.51%"
"10/20/2025","43.22","43.00","43.88","42.80","287.38K","0.51%"
"10/19/2025","43.00","42.70","43.69","42.25","222.63K","1.18%"
"10/16/2025","42.50","42.55","42.72","42.00","163.42K","0.90%"
"10/15/2025","42.12","41.85","42.60","41.80","349.71K","0.77%"
"10/14/2025","41.80","42.15","42.50","41.63","94.26K","-0.52%"
"10/13/2025","42.02","42.26","42.74","42.02","194.72K","-0.57%"
"10/12/2025","42.26","42.50","42.75","41.50","49.37K","-0.33%"
"10/08/2025","42.40","42.32","42.50","41.70","1.05M","0.95%"
"10/07/2025","42.00","42.20","42.60","42.00","729.57K","-0.40%"
"10/06/2025","42.17","42.60","42.75","42.00","209.18K","-0.89%"
"10/05/2025","42.55","42.60","43.10","42.50","294.51K","0.12%"
"10/02/2025","42.50","41.88","42.90","41.75","604.15K","1.19%"
"10/01/2025","42.00","42.65","43.00","41.01","670.12K","-1.41%"
"09/30/2025","42.60","43.40","43.45","42.51","459.02K","-0.93%"
"09/29/2025","43.00","43.40","43.45","42.30","793.57K","-0.51%"
"09/28/2025","43.22","43.49","43.49","42.50","207.69K","1.60%"
"09/25/2025","42.54","43.94","43.94","42.54","345.72K","-3.19%"
"09/24/2025","43.94","43.40","43.94","42.26","486.24K","1.17%"
"09/23/2025","43.43","42.00","43.43","41.10","144.15K","3.40%"
"09/22/2025","42.00","41.00","42.00","40.50","111.35K","3.07%"
"09/21/2025","40.75","41.00","41.35","40.20","235.06K","-0.61%"
"09/18/2025","41.00","38.50","41.00","38.25","1.68M","7.36%"
"09/17/2025","38.19","38.50","38.50","38.00","116.85K","-0.29%"
"09/16/2025","38.30","38.25","38.33","37.97","76.86K","0.79%"
"09/15/2025","38.00","38.10","38.34","37.61","728.35K","0.00%"
"09/14/2025","38.00","38.23","38.49","37.21","163.31K","-0.60%"
"09/11/2025","38.23","38.50","38.85","37.63","779.33K","-0.70%"
"09/10/2025","38.50","38.50","38.75","37.20","91.44K","-1.26%"
"09/09/2025","38.99","37.55","38.99","36.88","566.18K","4.87%"
"09/08/2025","37.18","36.95","37.33","36.90","127.58K","0.41%"
"09/07/2025","37.03","37.23","37.97","36.70","64.57K","-0.54%"
"09/03/2025","37.23","38.00","38.00","36.75","361.25K","-0.98%"
"09/02/2025","37.60","38.39","38.40","37.50","901.24K","-2.08%"
"09/01/2025","38.40","37.70","38.50","37.65","117.63K","1.08%"
"08/31/2025","37.99","38.70","38.70","37.73","67.45K","-1.83%"
"08/28/2025","38.70","39.00","39.00","37.52","579.06K","-0.77%"
"08/27/2025","39.00","37.15","39.00","37.10","568.90K","4.06%"
"08/26/2025","37.48","37.65","37.65","37.05","2.29M","-0.05%"
"08/25/2025","37.50","37.98","38.00","37.00","186.10K","-0.90%"
"08/24/2025","37.84","36.50","37.84","36.30","123.94K","3.67%"
"08/21/2025","36.50","36.74","36.84","36.30","349.30K","-0.05%"
"08/20/2025","36.52","36.75","37.20","36.30","541.63K","-1.03%"
"08/19/2025","36.90","37.00","37.39","36.59","172.22K","0.33%"
"08/18/2025","36.78","38.30","38.65","36.05","768.74K","-3.79%"
"08/17/2025","38.23","38.00","38.73","37.71","55.23K","0.61%"
"08/14/2025","38.00","38.27","38.60","37.63","198.17K","-0.71%"
"08/13/2025","38.27","38.71","38.99","38.02","59.53K","-1.11%"
"08/12/2025","38.70","38.49","39.00","38.49","4.22M","0.76%"
"08/11/2025","38.41","39.00","39.00","37.02","998.79K","-1.44%"
"08/10/2025","38.97","39.00","39.00","38.70","89.55K","-0.59%"
"08/07/2025","39.20","38.50","39.20","37.60","733.24K","1.84%"
"08/06/2025","38.49","37.96","38.49","36.52","749.34K","1.37%"
"08/05/2025","37.97","36.00","37.97","35.62","1.46M","5.47%"
"08/04/2025","36.00","35.00","36.25","35.00","1.20M","2.74%"
"08/03/2025","35.04","34.00","35.05","34.00","184.45K","3.21%"
"07/31/2025","33.95","33.77","34.00","33.40","955.24K","-0.15%"
"07/30/2025","34.00","32.73","34.15","32.73","1.45M","3.03%"
"07/29/2025","33.00","32.48","33.67","32.46","2.37M","1.66%"
"07/28/2025","32.46","33.00","33.00","32.13","1.24M","-1.64%"
"07/27/2025","33.00","33.00","33.29","32.80","96.94K","0.00%"
"07/23/2025","33.00","32.89","33.00","32.53","1.84M","1.23%"
"07/22/2025","32.60","33.00","33.44","32.60","564.65K","-1.21%"
"07/21/2025","33.00","33.10","33.45","32.00","5.21M","-0.03%"
"07/20/2025","33.01","32.50","33.25","32.33","187.81K","1.57%"
"07/17/2025","32.50","32.59","32.85","31.53","8.56M","1.25%"
"07/16/2025","32.10","33.39","33.39","32.06","284.49K","-2.73%"
"07/15/2025","33.00","33.50","33.88","32.81","4.11M","-2.65%"
"07/14/2025","33.90","32.00","33.90","31.46","3.47M","5.84%"
"07/13/2025","32.03","31.99","32.20","31.98","181.30K","0.13%"
"07/10/2025","31.99","31.90","32.32","31.49","5.76M","0.28%"
"07/09/2025","31.90","31.97","31.97","31.35","3.50M","-0.22%"
"07/07/2025","31.97","31.78","32.00","31.31","504.00K","0.53%"
"07/06/2025","31.80","31.25","31.81","31.02","276.59K","1.76%"
"07/02/2025","31.25","31.60","31.70","30.81","1.88M","0.84%"
"07/01/2025","30.99","30.47","30.99","29.80","19.41M","3.30%"
"06/30/2025","30.00","30.50","31.90","29.91","4.34M","-0.33%"
"06/29/2025","30.10","30.40","30.78","30.10","539.85K","-1.31%"
"06/25/2025","30.50","30.50","30.78","30.00","2.36M","0.00%"
"06/24/2025","30.50","29.40","30.50","29.19","1.50M","4.63%"
"06/23/2025","29.15","29.15","29.44","28.90","3.05M","0.34%"
"06/22/2025","29.05","27.67","29.10","26.60","1.10M","4.31%"
"06/19/2025","27.85","29.03","29.49","27.55","6.20M","-3.97%"
"06/18/2025","29.00","29.88","29.88","29.00","630.08K","-2.98%"
"06/17/2025","29.89","29.73","30.00","29.01","3.28M","-0.37%"
"06/16/2025","30.00","30.23","30.50","29.50","741.80K","-0.76%"
"06/15/2025","30.23","29.10","30.47","28.41","713.47K","-3.23%"
"06/12/2025","31.24","30.90","31.24","29.72","824.66K","1.10%"
"06/11/2025","30.90","31.80","31.90","30.78","1.08M","-2.83%"
"06/10/2025","31.80","32.30","32.39","31.64","952.97K","-1.55%"
"06/04/2025","32.30","32.29","32.30","31.86","3.98M","0.40%"
"06/03/2025","32.17","32.18","32.50","31.81","1.18M","0.00%"
"06/02/2025","32.17","32.61","33.24","31.75","1.27M","-1.35%"
"06/01/2025","32.61","33.35","33.38","32.50","286.63K","-2.22%"
"05/29/2025","33.35","32.24","33.35","31.86","1.03M","2.65%"
"05/28/2025","32.49","32.45","32.49","31.75","204.65K","0.87%"
"05/27/2025","32.21","32.59","32.89","32.21","503.08K","-1.20%"
"05/26/2025","32.60","32.58","33.34","32.56","203.80K","0.06%"
"05/25/2025","32.58","32.83","32.83","32.53","27.24K","0.06%"
"05/22/2025","32.56","32.60","32.78","32.53","804.58K","-0.12%"
"05/21/2025","32.60","32.98","32.98","32.52","270.99K","-1.21%"
"05/20/2025","33.00","34.00","34.00","31.65","827.23K","-2.88%"
"05/19/2025","33.98","34.07","34.47","33.50","149.00K","-0.21%"
"05/18/2025","34.05","34.50","34.93","34.00","551.64K","-2.41%"
"05/15/2025","34.89","34.50","34.89","34.34","167.27K","0.26%"
"05/14/2025","34.80","34.98","34.98","34.20","133.24K","0.75%"
"05/13/2025","34.54","34.50","35.00","34.29","541.32K","0.12%"
"05/12/2025","34.50","34.35","34.60","34.32","74.82K","0.82%"
"05/11/2025","34.22","34.68","34.70","34.00","139.53K","-1.33%"
"05/08/2025","34.68","34.51","34.70","34.20","85.83K","0.00%"
"05/07/2025","34.68","35.00","35.00","34.45","16.77M","-0.40%"
"05/06/2025","34.82","34.89","35.00","34.52","85.24K","0.90%"
"05/05/2025","34.51","35.30","35.50","34.40","1.02M","-2.73%"
"05/04/2025","35.48","35.00","35.50","35.00","114.27K","1.37%"
"04/30/2025","35.00","35.00","35.00","34.70","1.24M","0.00%"
"04/29/2025","35.00","35.10","35.49","34.80","286.46K","-0.28%"
"04/28/2025","35.10","34.83","35.84","34.50","1.30M","1.77%"
"04/27/2025","34.49","34.00","34.65","34.00","57.48K","1.05%"
"04/23/2025","34.13","33.48","35.00","33.25","1.66M","3.36%"
"04/22/2025","33.02","33.52","33.52","33.02","400.31K","-2.31%"
"04/17/2025","33.80","33.79","33.80","33.16","758.08K","0.00%"
"04/16/2025","33.80","33.98","33.98","33.20","725.29K","0.90%"
"04/15/2025","33.50","34.40","34.40","33.50","450.76K","-1.47%"
"04/14/2025","34.00","34.82","34.82","33.80","399.60K","-2.38%"
"04/13/2025","34.83","33.53","34.85","33.53","260.85K","3.91%"
"04/10/2025","33.52","33.80","34.29","33.52","376.46K","-0.24%"
"04/09/2025","33.60","34.00","34.99","33.06","5.15M","-1.21%"
"04/08/2025","34.01","32.00","34.10","32.00","6.85M","7.05%"
"04/07/2025","31.77","32.12","32.12","31.20","264.60K","-1.12%"
"04/06/2025","32.13","32.37","32.38","31.00","196.82K","-2.10%"
"04/03/2025","32.82","32.90","32.98","32.19","230.26K","-1.29%"
"03/27/2025","33.25","32.50","33.25","32.19","963.89K","2.21%"
"03/26/2025","32.53","32.75","32.75","32.17","5.31M","-0.67%"
"03/25/2025","32.75","32.35","33.00","32.00","222.76K","1.24%"
"03/24/2025","32.35","32.27","32.92","32.05","895.75K","0.25%"
"03/23/2025","32.27","33.00","33.45","32.17","171.41K","-2.21%"
"03/20/2025","33.00","30.75","33.00","30.75","1.29M","6.45%"
"03/19/2025","31.00","30.88","31.25","30.61","724.64K","-0.80%"
"03/18/2025","31.25","30.85","31.25","30.52","1.42M","1.20%"
"03/17/2025","30.88","30.30","30.88","30.26","160.17K","2.08%"
"03/16/2025","30.25","31.11","31.17","30.25","303.72K","-2.76%"
"03/13/2025","31.11","30.50","31.11","30.50","4.27M","1.34%"
"03/12/2025","30.70","30.80","30.98","30.50","3.66M","0.00%"
"03/11/2025","30.70","30.70","30.88","30.00","3.65M","0.00%"
"03/10/2025","30.70","30.75","31.00","30.45","3.99M","0.16%"
"03/09/2025","30.65","31.20","31.55","30.55","117.49K","-1.92%"
"03/06/2025","31.25","31.48","31.50","31.03","6.48M","-0.76%"
"03/05/2025","31.49","31.39","31.49","30.65","163.19K","2.24%"
"03/04/2025","30.80","31.00","31.50","30.70","581.73K","-0.68%"
"03/03/2025","31.01","31.65","31.70","30.56","636.56K","-0.61%"
"03/02/2025","31.20","31.10","32.00","31.00","674.48K","0.65%"
"02/27/2025","31.00","31.47","31.47","30.85","3.59M","-1.59%"
"02/26/2025","31.50","31.30","31.50","31.01","1.27M","0.64%"
"02/25/2025","31.30","31.30","31.50","31.00","1.15M","0.00%"
"02/24/2025","31.30","31.01","31.30","30.88","3.50M","0.13%"
"02/23/2025","31.26","31.25","31.59","30.77","207.06K","0.19%"
"02/20/2025","31.20","31.00","31.32","30.70","3.77M","0.65%"
"02/19/2025","31.00","31.01","31.03","30.50","1.06M","0.00%"
"02/18/2025","31.00","31.00","31.17","30.51","431.36K","0.00%"
"02/17/2025","31.00","31.85","31.97","30.85","3.56M","-2.85%"
"02/16/2025","31.91","31.50","32.00","31.06","209.21K","1.14%"
"02/13/2025","31.55","29.90","31.70","29.90","3.08M","5.45%"
"02/12/2025","29.92","29.93","29.93","29.06","251.21K","-0.03%"
"02/11/2025","29.93","30.00","30.22","29.26","1.74M","-0.23%"
"02/10/2025","30.00","30.05","30.44","29.85","555.38K","-1.48%"
"02/09/2025","30.45","29.95","30.95","29.06","824.02K","1.67%"
"02/06/2025","29.95","28.10","30.13","27.90","923.09K","6.58%"
"02/05/2025","28.10","28.00","28.26","27.86","375.99K","0.72%"
"02/04/2025","27.90","28.40","28.40","27.90","672.99K","-1.76%"
"02/03/2025","28.40","28.50","29.00","27.91","553.96K","-0.39%"
"02/02/2025","28.51","29.13","29.69","28.50","356.85K","-2.13%"
"01/30/2025","29.13","28.96","29.33","28.56","566.51K","1.15%"
"01/29/2025","28.80","28.50","28.80","28.20","394.28K","1.41%"
"01/28/2025","28.40","28.42","28.90","28.35","711.50K","-0.04%"
"01/27/2025","28.41","28.40","28.67","28.10","149.75K","0.92%"
"01/26/2025","28.15","28.80","28.90","28.06","173.39K","-2.09%"
"01/23/2025","28.75","27.71","30.20","27.71","498.17K","3.60%"
"01/22/2025","27.75","27.94","27.98","27.70","2.31M","-0.68%"
"01/21/2025","27.94","27.63","27.94","27.01","1.61M","1.05%"
"01/20/2025","27.65","27.99","27.99","27.58","1.30M","-1.11%"
"01/19/2025","27.96","27.60","28.00","27.60","74.82K","1.60%"
"01/16/2025","27.52","28.00","28.18","27.50","222.67K","-1.71%"
"01/15/2025","28.00","27.52","28.00","27.07","1.36M","1.74%"
"01/14/2025","27.52","27.71","27.88","27.40","1.64M","-0.65%"
"01/13/2025","27.70","28.00","28.08","27.50","648.81K","-0.36%"
"01/12/2025","27.80","27.45","28.00","27.00","168.47K","1.46%"
"01/09/2025","27.40","27.55","28.00","27.40","995.68K","-0.54%"
"01/08/2025","27.55","28.05","28.30","24.00","1.66M","-1.68%"
"01/06/2025","28.02","29.23","29.25","28.00","806.11K","-4.14%"
"01/05/2025","29.23","29.50","29.50","29.15","95.53K","0.00%"
"01/02/2025","29.23","29.50","29.69","29.15","102.71K","-0.92%"
"12/31/2024","29.50","28.88","29.50","28.55","344.77K","2.11%"
"12/30/2024","28.89","28.80","29.09","28.50","566.17K","1.37%"
"12/29/2024","28.50","29.45","29.45","28.40","541.41K","-3.09%"
"12/26/2024","29.41","29.53","29.53","29.00","65.98K","0.03%"
"12/25/2024","29.40","29.46","29.50","29.25","52.26K","-0.20%"
"12/24/2024","29.46","29.60","29.60","29.13","97.83K","-0.24%"
"12/23/2024","29.53","29.27","29.62","29.21","231.47K","0.89%"
"12/22/2024","29.27","29.45","29.85","29.27","90.65K","-0.61%"
"12/19/2024","29.45","29.50","29.80","29.05","1.23M","-1.44%"
"12/18/2024","29.88","29.70","29.88","29.12","181.82K","1.08%"
"12/17/2024","29.56","29.99","29.99","29.40","338.17K","-1.47%"
"12/16/2024","30.00","29.51","30.00","29.31","182.93K","0.84%"
"12/15/2024","29.75","29.60","30.00","29.50","67.81K","-0.83%"
"12/12/2024","30.00","29.79","30.00","29.50","978.49K","-0.79%"
"12/11/2024","30.24","28.71","30.24","28.51","3.30M","4.28%"
"12/10/2024","29.00","29.54","29.54","28.60","741.14K","-1.83%"
"12/09/2024","29.54","29.47","29.63","28.70","3.68M","0.68%"
"12/08/2024","29.34","28.91","29.50","28.63","362.24K","1.52%"
"12/05/2024","28.90","29.50","30.09","28.40","866.50K","-2.03%"
"12/04/2024","29.50","30.00","32.00","29.42","4.14M","-1.67%"
"12/03/2024","30.00","29.49","30.00","28.85","5.12M","1.73%"
"12/02/2024","29.49","27.92","29.49","27.50","4.70M","5.62%"
"12/01/2024","27.92","27.20","28.00","27.03","1.04M","2.91%"
"11/28/2024","27.13","27.50","27.60","27.03","467.49K","-0.37%"
"11/27/2024","27.23","27.45","27.80","27.10","1.06M","-0.77%"
"11/26/2024","27.44","27.00","28.00","26.80","630.09K","1.63%"
"11/25/2024","27.00","27.03","27.40","26.80","5.54M","-0.63%"
"11/24/2024","27.17","27.50","27.50","27.02","57.18K","-1.20%"
"11/21/2024","27.50","27.03","27.50","26.60","343.27K","1.81%"
"11/20/2024","27.01","27.46","27.60","27.01","592.19K","-1.64%"
"11/19/2024","27.46","27.70","27.70","27.17","158.82K","-0.87%"
"11/18/2024","27.70","27.61","27.70","27.41","671.83K","0.91%"
"11/17/2024","27.45","27.50","27.63","27.01","467.14K","0.18%"
"11/14/2024","27.40","27.00","27.45","27.00","224.88K","1.48%"
"11/13/2024","27.00","27.01","27.33","26.91","858.70K","0.00%"
"11/12/2024","27.00","27.50","27.80","26.51","724.24K","-1.35%"
"11/11/2024","27.37","27.66","27.95","27.32","452.54K","-1.12%"
"11/10/2024","27.68","28.00","28.25","27.65","1.64M","-1.84%"
"11/07/2024","28.20","27.86","28.20","27.77","1.56M","0.71%"
"11/06/2024","28.00","28.00","28.33","27.81","1.40M","0.07%"
"11/05/2024","27.98","27.03","27.98","27.00","2.36M","3.55%"
"11/04/2024","27.02","27.20","27.35","26.96","1.53M","-0.66%"
"11/03/2024","27.20","27.03","27.39","27.03","400.11K","-0.37%"
"10/31/2024","27.30","27.50","27.55","27.00","1.77M","-0.73%"
"10/30/2024","27.50","27.52","27.78","27.20","1.46M","-1.01%"
"10/29/2024","27.78","27.50","27.78","27.40","2.83M","1.02%"
"10/28/2024","27.50","27.63","27.65","27.31","835.15K","0.00%"
"10/27/2024","27.50","27.80","27.80","27.41","462.77K","-0.72%"
"10/24/2024","27.70","27.50","27.70","27.27","2.86M","0.73%"
"10/23/2024","27.50","27.75","27.86","27.32","3.39M","0.00%"
"10/22/2024","27.50","27.89","27.89","27.33","1.21M","-1.68%"
"10/21/2024","27.97","27.80","27.98","24.00","300.81K","1.56%"
"10/20/2024","27.54","27.01","28.40","27.01","2.79M","2.00%"
"10/17/2024","27.00","26.49","27.12","26.15","831.25K","-6.28%"
"10/16/2024","28.81","28.30","29.97","28.25","4.35M","2.16%"
"10/15/2024","28.20","27.40","28.25","27.20","973.97K","3.87%"
"10/14/2024","27.15","26.55","27.50","26.50","542.30K","2.41%"
"10/13/2024","26.51","27.61","27.89","26.31","343.30K","-3.60%"
"10/10/2024","27.50","27.26","28.00","27.00","1.24M","0.92%"
"10/09/2024","27.25","27.06","27.59","27.03","482.56K","0.93%"
"10/08/2024","27.00","27.60","27.80","26.91","1.82M","-2.17%"
"10/07/2024","27.60","26.80","27.70","26.80","2.62M","3.22%"
"10/03/2024","26.74","25.99","26.74","25.70","2.07M","3.64%"
"10/02/2024","25.80","26.00","26.05","25.53","2.64M","-0.77%"
"10/01/2024","26.00","25.99","26.48","25.60","1.30M","0.00%"
"09/30/2024","26.00","25.89","26.00","25.02","1.90M","1.72%"
"09/29/2024","25.56","26.16","26.16","25.56","494.71K","-1.77%"
"09/26/2024","26.02","25.80","26.02","25.66","706.63K","0.85%"
"09/25/2024","25.80","25.85","25.90","25.29","655.14K","-0.15%"
"09/24/2024","25.84","25.71","26.00","25.52","964.75K","0.51%"
"09/23/2024","25.71","25.99","26.10","25.56","1.45M","-1.12%"
"09/22/2024","26.00","26.00","26.20","25.80","470.62K","0.00%"
"09/19/2024","26.00","25.50","26.00","25.12","9.53M","1.96%"
"09/18/2024","25.50","25.80","25.80","24.91","1.12M","0.00%"
"09/17/2024","25.50","25.90","25.92","25.34","4.45M","-0.78%"
"09/16/2024","25.70","25.45","25.99","25.31","6.05M","1.22%"
"09/12/2024","25.39","24.49","25.50","24.40","2.26M","4.49%"
"09/11/2024","24.30","24.20","24.90","23.90","1.14M","1.25%"
"09/10/2024","24.00","24.20","24.20","23.79","2.98M","0.00%"
"09/09/2024","24.00","23.99","24.22","23.80","2.39M","0.04%"
"09/08/2024","23.99","24.50","24.60","23.90","7.51M","-2.08%"
"09/05/2024","24.50","24.40","25.00","24.25","4.31M","0.00%"
"09/04/2024","24.50","24.80","24.90","24.25","2.84M","-0.41%"
"09/03/2024","24.60","24.98","25.50","24.31","5.40M","-1.60%"
"09/02/2024","25.00","25.34","25.89","24.85","12.11M","-1.26%"
"09/01/2024","25.32","25.60","26.44","25.10","5.38M","-0.51%"
"08/29/2024","25.45","24.65","26.00","24.40","8.08M","3.25%"
"08/28/2024","24.65","23.00","25.10","22.80","5.74M","7.17%"
"08/27/2024","23.00","22.90","23.18","22.65","2.70M","0.00%"
"08/26/2024","23.00","22.80","23.00","22.46","718.07K","0.88%"
"08/25/2024","22.80","23.38","23.38","22.77","572.21K","-2.98%"
"08/22/2024","23.50","22.67","23.50","22.10","1.69M","3.57%"
"08/21/2024","22.69","22.00","22.69","21.69","878.34K","3.14%"
"08/20/2024","22.00","22.01","22.30","21.93","323.21K","0.14%"
"08/19/2024","21.97","22.06","22.49","21.83","1.93M","-1.21%"
"08/18/2024","22.24","22.05","22.80","22.05","345.28K","0.63%"
"08/15/2024","22.10","22.31","22.50","21.90","1.57M","-0.14%"
"08/14/2024","22.13","22.82","22.99","22.13","1.96M","-2.90%"
"08/13/2024","22.79","23.35","23.59","22.60","812.71K","-2.40%"
"08/12/2024","23.35","23.30","24.00","23.05","2.66M","-0.21%"
"08/11/2024","23.40","22.15","23.77","22.15","2.21M","6.12%"
"08/08/2024","22.05","21.70","23.00","21.33","1.93M","1.71%"
"08/07/2024","21.68","21.50","21.80","21.11","1.13M","1.78%"
"08/06/2024","21.30","21.00","21.43","20.70","810.39K","1.43%"
"08/05/2024","21.00","22.30","22.30","20.61","2.23M","-5.83%"
"08/04/2024","22.30","22.30","22.40","21.07","1.72M","-2.87%"
"08/01/2024","22.96","22.15","23.00","22.15","3.66M","2.73%"
"07/31/2024","22.35","21.98","22.60","21.60","4.29M","1.59%"
"07/30/2024","22.00","21.91","22.20","21.19","1.23M","0.46%"
"07/29/2024","21.90","22.41","22.44","21.86","2.53M","-2.58%"
"07/28/2024","22.48","22.39","22.85","22.04","482.61K","-0.04%"
"07/24/2024","22.49","21.80","22.60","21.60","2.64M","3.17%"
"07/23/2024","21.80","21.24","21.98","21.08","938.14K","2.64%"
"07/22/2024","21.24","21.00","21.50","20.96","1.52M","1.14%"
"07/21/2024","21.00","21.10","21.20","20.72","741.32K","0.00%"
"07/18/2024","21.00","20.08","21.70","19.87","3.37M","5.74%"
"07/17/2024","19.86","18.80","20.40","18.70","4.09M","6.20%"
"07/16/2024","18.70","18.60","18.85","18.60","2.23M","0.97%"
"07/15/2024","18.52","18.80","18.98","18.52","8.86M","-1.44%"
"07/14/2024","18.79","18.46","18.94","18.46","886.61K","1.73%"
"07/10/2024","18.47","18.28","18.57","18.08","2.51M","1.04%"
"07/09/2024","18.28","18.46","18.55","17.91","990.17K","-0.98%"
"07/08/2024","18.46","18.54","18.69","18.00","733.00K","-0.32%"
"07/07/2024","18.52","18.50","18.97","18.41","1.12M","0.65%"
"07/04/2024","18.40","17.80","18.40","17.80","1.82M","3.08%"
"07/03/2024","17.85","17.60","17.96","17.60","1.29M","1.88%"
"07/02/2024","17.52","18.06","18.15","17.52","1.52M","-2.94%"
"07/01/2024","18.05","18.18","18.29","17.90","1.53M","-0.72%"
"06/27/2024","18.18","17.95","18.28","17.76","3.81M","1.85%"
"06/26/2024","17.85","17.91","17.93","17.69","4.50M","0.56%"
"06/25/2024","17.75","17.65","17.95","17.65","3.30M","0.40%"
"06/24/2024","17.68","17.76","17.98","17.61","4.61M","-0.51%"
"06/23/2024","17.77","17.27","17.92","17.20","2.84M","4.22%"
"06/13/2024","17.05","18.20","18.29","17.05","5.87M","-5.28%"
"06/12/2024","18.00","18.90","18.90","17.91","1.15M","-3.74%"
"06/11/2024","18.70","19.33","19.60","18.70","1.17M","-3.26%"
"06/10/2024","19.33","19.45","19.60","19.10","271.64K","-1.28%"
"06/09/2024","19.58","20.27","20.68","19.01","848.06K","-5.55%"
"06/06/2024","20.73","19.80","20.98","19.50","1.71M","4.84%"
"06/05/2024","19.77","20.20","20.44","19.33","775.46K","-2.13%"
"06/04/2024","20.20","19.33","21.16","19.33","4.06M","2.95%"
"06/03/2024","19.62","19.59","19.62","19.10","620.51K","1.54%"
"06/02/2024","19.33","20.37","20.37","19.28","1.49M","-5.80%"
"05/30/2024","20.52","19.06","20.52","18.64","9.29M","7.39%"
"05/29/2024","19.10","19.22","19.29","18.63","576.38K","0.00%"
"05/28/2024","19.10","18.95","19.14","18.06","644.68K","0.43%"
"05/27/2024","19.02","19.10","19.64","18.99","2.19M","-0.43%"
"05/26/2024","19.10","18.47","19.33","18.43","2.54M","2.92%"
"05/23/2024","18.56","17.86","18.56","17.62","3.45M","5.27%"
"05/22/2024","17.63","17.43","17.99","17.14","2.34M","3.58%"
"05/21/2024","17.02","17.45","17.45","16.91","682.59K","-1.46%"
"05/20/2024","17.28","18.14","18.40","16.75","1.45M","-4.75%"
"05/19/2024","18.14","17.62","18.51","17.33","1.44M","1.67%"
"05/16/2024","17.84","16.99","17.84","16.66","941.49K","4.35%"
"05/15/2024","17.10","16.76","17.10","16.40","476.25K","3.79%"
"05/14/2024","16.47","17.02","17.02","16.47","422.24K","-2.16%"
"05/13/2024","16.84","17.75","17.75","16.38","422.81K","-3.58%"
"05/12/2024","17.46","17.83","17.83","17.10","332.88K","-2.13%"
"05/09/2024","17.84","17.83","17.84","17.30","751.07K","1.87%"
"05/08/2024","17.51","18.47","18.49","17.48","1.50M","-4.42%"
"05/07/2024","18.32","17.91","18.95","17.84","767.75K","-1.83%"
"05/02/2024","18.67","17.10","18.67","16.91","1.10M","9.13%"
"05/01/2024","17.10","16.34","17.19","15.61","485.26K","4.59%"
"04/30/2024","16.35","17.86","18.36","16.35","4.22M","-8.33%"
"04/29/2024","17.84","17.83","17.93","17.12","1.51M","0.00%"
"04/28/2024","17.84","18.75","18.88","17.47","531.80K","-4.46%"
"04/24/2024","18.67","18.67","18.77","17.91","869.40K","0.00%"
"04/23/2024","18.67","19.17","19.57","18.67","419.18K","-2.60%"
"04/22/2024","19.17","19.65","19.69","19.17","485.46K","-2.46%"
"04/21/2024","19.65","19.32","19.98","19.41","751.27K","1.73%"
"04/18/2024","19.32","19.89","20.25","18.96","3.00M","-2.88%"
"04/17/2024","19.89","19.45","20.32","19.48","3.53M","2.25%"
"04/16/2024","19.45","19.50","19.88","19.41","1.27M","-0.23%"
"04/15/2024","19.50","19.62","20.07","19.40","2.64M","-0.61%"
"04/08/2024","19.62","19.53","19.74","19.33","270.13K","0.46%"
"04/07/2024","19.53","19.70","20.07","19.53","472.34K","-0.87%"
"04/04/2024","19.70","19.10","19.77","19.25","1.28M","3.11%"
"04/03/2024","19.10","19.77","19.95","19.04","2.03M","-3.38%"
"04/02/2024","19.77","19.57","20.07","19.55","1.47M","1.03%"
"04/01/2024","19.57","18.85","20.81","18.97","1.21M","3.82%"
"03/31/2024","18.85","20.07","20.25","18.85","259.53K","-6.07%"
"03/28/2024","20.07","20.14","20.30","19.87","1.03M","-0.37%"
"03/27/2024","20.14","20.44","20.37","19.98","1.45M","-1.45%"
"03/26/2024","20.44","20.73","20.96","20.07","1.92M","-1.40%"
"03/25/2024","20.73","20.21","20.81","19.85","699.59K","2.57%"
"03/24/2024","20.21","19.85","20.66","19.88","238.42K","1.80%"
"03/21/2024","19.85","19.78","20.11","19.33","1.12M","0.38%"
"03/20/2024","19.78","19.56","20.43","19.58","7.47M","1.10%"
"03/19/2024","19.56","19.77","20.07","19.39","3.06M","-1.05%"
"03/18/2024","19.77","20.81","20.81","19.13","3.01M","-5.00%"
"03/17/2024","20.81","21.92","22.26","20.81","1.01M","-5.05%"
"03/14/2024","21.92","21.93","22.45","20.52","4.91M","-0.03%"
"03/13/2024","21.93","23.64","23.79","21.93","3.03M","-7.23%"
"03/12/2024","23.64","25.21","25.53","23.64","1.76M","-6.22%"
"03/11/2024","25.21","25.86","25.86","25.20","4.96M","-2.53%"
"03/10/2024","25.86","26.39","26.76","25.57","1.65M","-2.00%"
"03/07/2024","26.39","26.75","26.75","25.35","869.35K","-1.36%"
"03/06/2024","26.75","25.72","26.76","24.78","2.56M","4.02%"
"03/05/2024","25.72","25.88","26.75","25.50","1.09M","-0.60%"
"03/04/2024","25.88","26.25","27.58","25.65","2.39M","-1.42%"
"03/03/2024","26.25","26.89","26.83","25.76","525.74K","-2.38%"
"02/29/2024","26.89","25.20","26.89","23.64","1.75M","6.70%"
"02/28/2024","25.20","25.30","26.02","24.91","672.28K","-0.38%"
"02/27/2024","25.30","26.21","27.09","25.30","1.35M","-3.49%"
"02/26/2024","26.21","24.53","26.46","24.16","1.92M","6.85%"
"02/25/2024","24.53","25.46","26.39","23.16","3.86M","-3.65%"
"02/22/2024","25.46","24.53","25.49","24.46","2.87M","3.79%"
"02/21/2024","24.53","24.11","24.54","23.44","2.92M","1.73%"
"02/20/2024","24.11","23.91","24.34","23.82","1.21M","0.87%"
"02/19/2024","23.91","23.79","24.08","23.70","787.58K","0.50%"
"02/18/2024","23.79","23.97","24.38","23.57","1.59M","-0.78%"
"02/15/2024","23.97","23.82","24.27","23.79","1.96M","0.62%"
"02/14/2024","23.82","23.79","24.53","23.66","1.13M","0.16%"
"02/13/2024","23.79","23.41","24.16","23.41","3.76M","1.59%"
"02/12/2024","23.41","23.94","24.41","23.41","1.24M","-2.17%"
"02/11/2024","23.94","24.11","24.51","23.79","1.13M","-0.74%"
"02/08/2024","24.11","23.33","24.14","23.19","2.04M","3.35%"
"02/07/2024","23.33","23.04","23.74","23.21","1.30M","1.26%"
"02/06/2024","23.04","24.08","24.23","22.48","15.38M","-4.32%"
"02/05/2024","24.08","24.23","24.89","23.79","3.43M","-0.61%"
"02/04/2024","24.23","24.16","25.42","23.04","2.29M","0.31%"
"02/01/2024","24.16","24.72","25.50","21.63","5.13M","-2.26%"
"01/31/2024","24.72","27.64","27.64","24.72","4.38M","-10.62%"
"01/30/2024","27.65","26.48","27.87","26.02","1.93M","4.58%"
"01/29/2024","26.44","27.50","28.59","26.02","2.21M","-2.68%"
"01/28/2024","27.17","26.09","29.73","25.54","3.56M","4.43%"
"01/24/2024","26.02","25.79","26.02","25.09","2.09M","1.42%"
"01/23/2024","25.65","26.95","27.50","25.65","1.95M","-4.93%"
"01/22/2024","26.98","27.61","27.61","26.76","1.38M","-1.28%"
"01/21/2024","27.33","25.08","28.25","24.90","1.22M","9.05%"
"01/18/2024","25.07","25.98","25.98","24.98","1.99M","-1.98%"
"01/17/2024","25.57","25.65","26.02","25.12","1.56M","-0.12%"
"01/16/2024","25.60","24.16","26.76","24.16","2.98M","5.97%"
"01/15/2024","24.16","23.04","24.49","22.74","2.36M","4.84%"
"01/14/2024","23.04","22.40","23.15","22.30","1.27M","2.75%"
"01/11/2024","22.43","22.60","22.87","22.05","1.52M","-0.26%"
"01/10/2024","22.49","22.97","23.26","22.30","1.66M","-2.20%"
"01/09/2024","22.99","22.46","23.41","22.46","1.61M","2.76%"
"01/08/2024","22.37","22.60","23.04","22.30","2.34M","-0.66%"
"01/04/2024","22.52","23.17","23.41","22.49","1.78M","-2.32%"
"01/03/2024","23.06","23.34","23.79","22.89","2.19M","0.06%"
"01/02/2024","23.04","21.33","23.04","21.11","4.29M","9.15%"
"12/31/2023","21.11","20.87","21.93","20.81","2.72M","1.18%"
"12/28/2023","20.87","19.85","21.17","19.48","2.24M","4.90%"
"12/27/2023","19.89","19.32","19.89","19.06","3.04M","3.72%"
"12/26/2023","19.18","19.82","19.82","19.03","4.77M","-2.46%"
"12/25/2023","19.66","19.70","19.83","19.33","2.55M","1.19%"
"12/24/2023","19.43","20.00","20.22","19.33","455.85K","-0.80%"
"12/21/2023","19.59","20.44","20.44","19.55","1.85M","-2.80%"
"12/20/2023","20.15","20.63","20.81","20.00","1.72M","-2.13%"
"12/19/2023","20.59","21.10","21.36","20.59","1.19M","-2.40%"
"12/18/2023","21.10","20.81","21.11","20.54","1.48M","2.20%"
"12/17/2023","20.64","21.06","21.11","20.52","300.24K","-0.82%"
"12/14/2023","20.81","21.26","21.37","20.81","2.03M","-1.93%"
"12/13/2023","21.22","20.17","21.47","20.07","4.28M","5.74%"
"12/12/2023","20.07","20.05","20.22","19.81","1.33M","0.63%"
"12/11/2023","19.94","19.80","20.08","19.71","2.15M","-0.52%"
"12/10/2023","20.05","20.00","20.37","19.74","1.95M","0.26%"
"12/07/2023","20.00","19.79","20.03","19.25","1.04M","0.37%"
"12/06/2023","19.92","19.85","20.00","19.62","576.08K","0.00%"
"12/05/2023","19.92","20.00","20.29","19.64","685.50K","-0.30%"
"12/04/2023","19.98","19.33","20.47","19.10","3.35M","3.27%"
"12/03/2023","19.35","19.16","19.48","18.77","702.04K","0.50%"
"11/30/2023","19.25","19.33","19.70","18.21","5.79M","-1.15%"
"11/29/2023","19.48","19.01","19.48","18.84","1.42M","2.46%"
"11/28/2023","19.01","20.07","20.07","19.01","2.83M","-4.38%"
"11/27/2023","19.88","20.26","20.55","19.63","3.73M","-1.69%"
"11/26/2023","20.22","20.26","20.32","19.77","2.92M","0.74%"
"11/23/2023","20.07","20.33","20.65","20.03","2.41M","-1.17%"
"11/22/2023","20.31","20.82","21.00","20.31","4.56M","-2.43%"
"11/21/2023","20.81","20.81","21.07","20.56","2.85M","0.00%"
"11/20/2023","20.81","20.90","21.13","20.74","1.33M","0.00%"
"11/19/2023","20.81","21.07","21.33","20.70","1.08M","0.18%"
"11/16/2023","20.78","20.81","21.01","20.46","2.63M","0.90%"
"11/15/2023","20.59","21.04","21.21","20.38","2.07M","-1.98%"
"11/14/2023","21.01","21.63","21.83","20.89","2.30M","-2.55%"
"11/13/2023","21.56","20.07","21.72","19.88","3.10M","7.29%"
"11/12/2023","20.09","20.07","20.14","19.80","656.21K","0.11%"
"11/09/2023","20.07","20.07","20.32","19.77","3.29M","0.37%"
"11/08/2023","20.00","20.29","20.38","19.67","4.02M","-0.04%"
"11/07/2023","20.00","19.41","20.63","19.41","2.01M","3.10%"
"11/06/2023","19.40","20.07","20.22","18.95","1.71M","-1.51%"
"11/05/2023","19.70","19.92","20.50","19.55","2.07M","1.92%"
"11/02/2023","19.33","18.95","20.44","18.95","2.80M","2.97%"
"11/01/2023","18.77","20.06","20.09","18.62","8.22M","-3.99%"
"10/31/2023","19.55","20.81","22.21","19.55","10.31M","-5.97%"
"10/30/2023","20.79","18.67","21.41","18.67","4.66M","11.61%"
"10/29/2023","18.63","18.88","18.95","18.46","3.22M","-1.18%"
"10/26/2023","18.85","18.58","18.85","17.89","3.07M","2.59%"
"10/25/2023","18.38","18.14","18.58","18.08","2.51M","1.73%"
"10/24/2023","18.06","17.84","18.81","17.62","3.54M","-10.99%"
"10/23/2023","20.29","20.81","20.81","19.71","3.44M","-1.76%"
"10/22/2023","20.66","19.69","20.74","19.36","1.30M","6.88%"
"10/19/2023","19.33","20.78","21.03","19.19","2.18M","-4.76%"
"10/18/2023","20.29","20.06","22.08","19.77","3.09M","1.49%"
"10/17/2023","20.00","18.72","20.22","18.06","4.52M","8.03%"
"10/16/2023","18.51","18.22","19.33","18.14","2.49M","1.88%"
"10/15/2023","18.17","18.21","18.39","18.07","621.94K","-0.45%"
"10/12/2023","18.25","18.03","18.29","17.80","1.44M","2.21%"
"10/11/2023","17.85","18.14","18.41","17.82","529.14K","-1.56%"
"10/10/2023","18.14","17.31","18.56","17.31","1.45M","5.40%"
"10/09/2023","17.21","17.73","17.77","17.21","401.11K","-1.49%"
"10/08/2023","17.47","17.54","17.84","16.80","1.64M","-0.25%"
"10/04/2023","17.51","17.88","17.88","17.51","2.25M","-2.20%"
"10/03/2023","17.91","18.10","18.39","17.89","309.82K","-0.86%"
"10/02/2023","18.06","18.58","18.77","17.85","459.69K","-2.57%"
"10/01/2023","18.54","18.20","18.54","18.03","1.32M","3.57%"
"09/27/2023","17.90","18.21","18.26","17.88","995.14K","-0.70%"
"09/26/2023","18.03","18.29","18.45","18.03","852.36K","-1.02%"
"09/25/2023","18.21","18.43","18.50","18.17","476.40K","0.00%"
"09/24/2023","18.21","18.52","18.66","18.21","933.51K","-1.41%"
"09/21/2023","18.47","18.43","18.69","18.14","1.93M","0.65%"
"09/20/2023","18.35","18.77","19.10","18.00","2.88M","-1.91%"
"09/19/2023","18.71","18.29","18.90","18.25","3.59M","1.66%"
"09/18/2023","18.40","18.36","18.46","18.22","918.27K","0.36%"
"09/17/2023","18.34","18.21","18.49","18.17","1.96M","0.69%"
"09/14/2023","18.21","18.12","18.22","18.09","1.98M","0.53%"
"09/13/2023","18.12","18.06","18.28","17.99","1.70M","0.45%"
"09/12/2023","18.03","17.73","18.14","17.55","4.19M","1.51%"
"09/11/2023","17.77","18.29","18.55","17.52","4.05M","-2.45%"
"09/10/2023","18.21","17.54","18.59","17.52","4.06M","4.66%"
"09/07/2023","17.40","17.10","17.61","17.10","4.91M","2.59%"
"09/06/2023","16.96","17.47","17.80","16.72","4.11M","-2.02%"
"09/05/2023","17.31","16.35","17.83","16.35","5.49M","7.33%"
"09/04/2023","16.13","17.09","18.43","16.08","4.00M","0.93%"
"09/03/2023","15.98","15.24","16.35","15.14","2.03M","5.91%"
"08/31/2023","15.09","15.05","15.30","14.96","903.45K","-0.64%"
"08/30/2023","15.19","15.16","15.41","14.89","367.11K","1.95%"
"08/29/2023","14.90","14.79","15.60","14.79","884.80K","1.26%"
"08/28/2023","14.71","14.61","15.22","14.58","1.26M","0.92%"
"08/27/2023","14.58","14.87","14.87","14.56","6.64M","1.29%"
"08/24/2023","14.39","14.83","14.87","14.39","3.33M","-2.22%"
"08/23/2023","14.72","14.87","15.08","14.51","2.58M","0.00%"
"08/22/2023","14.72","13.89","15.24","13.83","4.58M","8.49%"
"08/21/2023","13.57","13.66","14.12","13.53","1.89M","1.39%"
"08/20/2023","13.38","13.21","13.80","13.21","1.65M","2.86%"
"08/17/2023","13.01","13.10","13.29","12.94","1.73M","-0.06%"
"08/16/2023","13.02","13.45","13.45","13.02","358.25K","-2.72%"
"08/15/2023","13.38","13.38","13.51","12.93","1.25M","1.12%"
"08/14/2023","13.23","13.52","13.83","13.23","702.48K","-1.39%"
"08/13/2023","13.42","13.53","13.53","13.19","979.65K","0.33%"
"08/10/2023","13.37","13.41","13.63","13.34","1.15M","-1.15%"
"08/09/2023","13.53","13.60","13.63","13.37","1.14M","2.25%"
"08/08/2023","13.23","13.63","13.90","13.23","1.05M","-2.84%"
"08/07/2023","13.62","13.64","13.93","13.42","1.58M","0.33%"
"08/06/2023","13.57","13.58","13.71","13.23","1.12M","2.87%"
"08/03/2023","13.19","13.57","13.75","13.19","391.44K","-1.39%"
"08/02/2023","13.38","13.34","13.60","13.13","3.30M","2.56%"
"08/01/2023","13.05","13.90","13.90","12.95","1.41M","-6.05%"
"07/31/2023","13.89","13.90","14.12","13.75","1.56M","-0.90%"
"07/30/2023","14.01","13.01","14.12","12.94","910.26K","8.65%"
"07/27/2023","12.90","13.27","13.71","12.86","1.27M","-2.20%"
"07/26/2023","13.19","13.68","13.75","13.19","957.51K","-2.95%"
"07/25/2023","13.59","13.79","14.12","13.49","538.22K","-1.88%"
"07/24/2023","13.85","14.12","14.12","13.64","355.29K","-1.90%"
"07/19/2023","14.12","14.35","14.35","13.91","201.52K","-1.09%"
"07/18/2023","14.27","14.34","14.35","14.19","2.69M","0.37%"
"07/17/2023","14.22","14.05","14.43","13.92","1.40M","1.16%"
"07/16/2023","14.06","14.23","14.31","13.84","255.26K","-0.47%"
"07/13/2023","14.12","13.71","14.35","13.65","555.97K","4.17%"
"07/12/2023","13.56","13.86","13.86","13.49","3.17M","0.50%"
"07/11/2023","13.49","14.01","14.05","13.39","2.48M","-2.68%"
"07/10/2023","13.86","14.12","14.12","13.57","2.31M","-2.41%"
"07/09/2023","14.21","14.64","14.64","13.75","95.02K","-0.47%"
"07/06/2023","14.27","14.86","14.86","14.13","361.40K","-3.03%"
"07/05/2023","14.72","15.37","15.60","14.64","271.42K","-4.26%"
"07/04/2023","15.37","15.86","15.86","14.58","1.59M","-3.09%"
"06/26/2023","15.86","15.54","15.86","15.13","1.53M","1.62%"
"06/25/2023","15.61","15.46","15.61","14.94","1.41M","0.00%"
"06/22/2023","15.61","15.79","15.79","15.24","1.98M","0.00%"
"06/21/2023","15.61","15.89","15.89","15.54","596.81K","-1.78%"
"06/20/2023","15.89","15.61","16.04","15.54","370.31K","1.57%"
"06/19/2023","15.65","15.61","16.16","15.50","1.17M","-0.09%"
"06/18/2023","15.66","15.16","15.91","14.88","399.50K","5.35%"
"06/15/2023","14.87","14.49","14.87","14.31","1.57M","3.90%"
"06/14/2023","14.31","14.12","14.49","13.94","2.20M","1.48%"
"06/13/2023","14.10","14.01","14.12","13.94","2.54M","-0.11%"
"06/12/2023","14.12","13.97","14.12","13.94","830.61K","1.28%"
"06/11/2023","13.94","14.05","14.05","13.91","525.87K","-0.42%"
"06/08/2023","14.00","13.86","14.12","13.65","2.17M","1.02%"
"06/07/2023","13.86","14.12","14.12","13.57","1.23M","-1.89%"
"06/06/2023","14.12","13.62","14.20","13.62","4.88M","4.68%"
"06/05/2023","13.49","13.97","13.97","13.49","905.17K","-1.25%"
"06/04/2023","13.66","14.42","14.42","13.57","103.77K","-3.26%"
"06/01/2023","14.12","14.66","14.66","13.63","642.69K","-0.37%"
"05/31/2023","14.18","14.12","14.72","14.12","3.21M","-0.21%"
"05/30/2023","14.21","13.64","14.31","13.61","502.34K","3.41%"
"05/29/2023","13.74","13.34","13.74","13.05","665.30K","2.67%"
"05/28/2023","13.38","13.08","13.45","12.86","197.31K","1.93%"
"05/25/2023","13.13","12.64","13.60","12.64","375.16K","-1.89%"
"05/24/2023","13.38","12.56","13.38","12.35","765.18K","6.51%"
"05/23/2023","12.56","12.60","12.67","12.41","98.98K","0.84%"
"05/22/2023","12.46","12.79","12.79","12.23","217.38K","-3.07%"
"05/21/2023","12.85","12.04","12.93","12.04","609.82K","6.73%"
"05/18/2023","12.04","11.74","12.04","11.45","1.73M","3.32%"
"05/17/2023","11.66","11.78","12.04","11.34","754.19K","-1.38%"
"05/16/2023","11.82","11.89","12.04","11.74","898.69K","-0.62%"
"05/15/2023","11.89","12.26","12.53","11.89","748.13K","-3.73%"
"05/14/2023","12.35","12.34","12.49","12.26","119.34K","0.12%"
"05/11/2023","12.34","12.58","12.62","12.12","697.50K","-1.31%"
"05/10/2023","12.50","12.56","12.64","12.41","138.88K","-0.47%"
"05/09/2023","12.56","12.58","12.71","12.53","425.12K","0.00%"
"05/08/2023","12.56","12.64","12.71","12.45","1.32M","0.96%"
"05/07/2023","12.44","12.67","12.79","12.41","248.90K","-1.82%"
"05/03/2023","12.67","12.93","13.00","12.67","148.24K","-2.01%"
"05/02/2023","12.93","12.93","13.07","12.64","1.58M","0.12%"
"05/01/2023","12.92","12.73","12.97","12.45","767.84K","1.46%"
"04/30/2023","12.73","13.01","13.16","12.56","304.49K","-1.55%"
"04/27/2023","12.93","12.90","13.09","12.70","1.14M","0.29%"
"04/26/2023","12.90","12.64","12.90","12.56","385.93K","2.00%"
"04/19/2023","12.64","12.85","12.86","12.49","998.26K","0.06%"
"04/18/2023","12.64","12.64","12.86","12.60","821.62K","0.12%"
"04/13/2023","12.62","12.64","12.82","12.50","210.49K","0.59%"
"04/12/2023","12.55","12.93","12.93","12.45","823.48K","-3.49%"
"04/11/2023","13.00","12.38","13.00","12.31","853.45K","6.19%"
"04/10/2023","12.24","12.24","12.41","12.20","57.94K","0.12%"
"04/09/2023","12.23","12.41","12.49","12.19","174.81K","-0.48%"
"04/06/2023","12.29","12.53","12.63","12.28","111.32K","-2.48%"
"04/05/2023","12.60","12.64","12.64","12.26","471.54K","-0.29%"
"04/04/2023","12.64","13.01","13.01","12.26","645.72K","-2.69%"
"04/03/2023","12.99","12.93","13.37","12.86","2.04M","0.98%"
"04/02/2023","12.86","13.05","13.05","12.64","466.93K","-1.14%"
"03/30/2023","13.01","13.01","13.01","11.91","1.67M","0.00%"
"03/29/2023","13.01","12.25","13.01","11.78","2.10M","6.12%"
"03/28/2023","12.26","11.78","12.33","11.60","1.34M","4.30%"
"03/27/2023","11.75","11.00","13.00","10.92","3.99M","7.40%"
"03/26/2023","10.94","10.82","11.15","10.70","1.02M","3.88%"
"03/23/2023","10.53","10.05","10.70","10.05","1.05M","2.16%"
"03/22/2023","10.31","10.17","10.31","10.03","1.71M","2.51%"
"03/21/2023","10.06","10.07","10.15","9.92","867.80K","1.35%"
"03/20/2023","9.92","9.93","10.09","9.81","1.07M","-0.07%"
"03/19/2023","9.93","10.18","10.18","9.51","588.65K","0.45%"
"03/16/2023","9.89","10.59","10.59","9.89","14.98M","-6.34%"
"03/15/2023","10.56","10.52","10.70","10.37","3.21M","2.38%"
"03/14/2023","10.31","10.49","10.63","10.31","5.79M","-1.00%"
"03/13/2023","10.41","10.90","10.93","10.30","6.58M","-3.38%"
"03/12/2023","10.78","11.37","11.37","10.41","1.71M","-4.67%"
"03/09/2023","11.31","11.51","11.63","11.31","4.65M","0.40%"
"03/08/2023","11.26","12.64","12.64","11.15","4.21M","-10.88%"
"03/07/2023","12.64","13.08","13.37","12.08","710.56K","-3.41%"
"03/06/2023","13.08","13.56","13.56","13.05","892.90K","-1.90%"
"03/05/2023","13.34","13.60","13.60","13.23","37.28K","-0.33%"
"03/02/2023","13.38","13.97","13.97","13.38","5.55M","-4.71%"
"03/01/2023","14.04","13.77","14.04","13.39","3.03M","2.00%"
"02/28/2023","13.77","13.56","13.77","13.23","3.99M","2.04%"
"02/27/2023","13.49","13.16","13.56","13.14","1.41M","0.83%"
"02/26/2023","13.38","13.42","13.42","13.23","77.51K","0.00%"
"02/23/2023","13.38","13.42","13.42","13.12","1.23M","0.00%"
"02/22/2023","13.38","13.37","13.38","12.64","2.33M","0.06%"
"02/21/2023","13.37","13.38","13.38","13.21","2.96M","0.00%"
"02/20/2023","13.37","13.44","13.44","13.35","474.66K","-0.83%"
"02/19/2023","13.48","13.48","13.52","13.38","13.00K","0.00%"
"02/16/2023","13.48","13.54","13.54","13.38","1.09M","0.78%"
"02/15/2023","13.38","13.37","13.51","13.23","1.13M","-0.28%"
"02/14/2023","13.42","13.53","13.53","13.38","570.50K","0.28%"
"02/13/2023","13.38","13.54","13.54","13.26","2.46M","0.00%"
"02/12/2023","13.38","13.49","13.75","13.38","2.84M","-0.99%"
"02/09/2023","13.51","13.45","13.79","13.16","1.35M","0.89%"
"02/08/2023","13.39","13.38","13.45","13.23","3.17M","-0.17%"
"02/07/2023","13.42","13.02","13.52","13.02","3.65M","1.40%"
"02/06/2023","13.23","13.01","13.27","13.01","2.44M","1.71%"
"02/05/2023","13.01","13.34","13.34","12.64","1.14M","-2.72%"
"02/02/2023","13.37","13.38","13.38","13.23","10.36M","-0.06%"
"02/01/2023","13.38","13.23","13.38","13.23","3.59M","0.56%"
"01/31/2023","13.31","13.19","13.38","12.94","5.58M","0.85%"
"01/30/2023","13.19","12.86","13.31","12.64","5.06M","4.41%"
"01/29/2023","12.64","12.19","12.73","12.19","885.37K","4.94%"
"01/25/2023","12.04","12.56","12.61","12.04","1.79M","-3.28%"
"01/24/2023","12.45","12.41","12.67","12.00","1.50M","-0.30%"
"01/23/2023","12.49","12.60","12.86","12.42","1.43M","-0.88%"
"01/22/2023","12.60","12.84","12.84","12.53","68.12K","-1.91%"
"01/19/2023","12.84","12.97","13.16","12.49","984.15K","-0.40%"
"01/18/2023","12.90","12.62","13.30","12.53","1.21M","-0.63%"
"01/17/2023","12.98","12.53","12.99","12.26","2.63M","3.62%"
"01/16/2023","12.53","11.56","12.53","11.52","2.57M","6.71%"
"01/15/2023","11.74","11.92","11.92","11.42","700.40K","-1.19%"
"01/12/2023","11.88","11.71","11.89","11.08","5.01M","1.46%"
"01/11/2023","11.71","11.43","11.84","11.25","2.49M","2.41%"
"01/10/2023","11.43","12.15","12.19","11.23","2.32M","-5.93%"
"01/09/2023","12.15","11.89","12.60","11.82","2.56M","0.68%"
"01/05/2023","12.07","10.77","12.07","10.70","2.05M","14.29%"
"01/04/2023","10.56","10.67","10.78","10.20","1.25M","0.21%"
"01/03/2023","10.54","10.74","10.78","10.41","906.82K","-1.60%"
"01/02/2023","10.71","10.56","10.78","10.49","999.86K","0.70%"
"12/29/2022","10.64","10.59","10.64","10.41","832.46K","0.77%"
"12/28/2022","10.56","10.48","10.59","10.19","1.20M","0.00%"
"12/27/2022","10.56","10.61","10.61","10.45","1.39M","0.00%"
"12/26/2022","10.56","10.53","10.68","10.41","548.96K","-0.07%"
"12/25/2022","10.56","10.78","10.78","10.41","426.08K","-2.00%"
"12/22/2022","10.78","11.15","11.22","10.76","909.28K","-3.46%"
"12/21/2022","11.16","11.19","11.26","10.99","1.58M","-0.27%"
"12/20/2022","11.19","11.14","11.51","11.02","1.65M","2.38%"
"12/19/2022","10.93","11.14","11.26","10.93","2.24M","-1.41%"
"12/18/2022","11.09","11.15","11.33","10.70","359.93K","-0.53%"
"12/15/2022","11.15","10.85","11.41","10.56","4.28M","5.56%"
"12/14/2022","10.56","10.99","10.99","10.48","3.80M","-3.99%"
"12/13/2022","11.00","10.15","11.00","10.06","2.97M","8.27%"
"12/12/2022","10.16","10.03","10.22","9.90","2.10M","1.33%"
"12/11/2022","10.03","9.90","10.40","9.90","928.49K","-3.57%"
"12/08/2022","10.40","10.32","10.40","10.07","5.02M","0.79%"
"12/07/2022","10.32","9.89","10.35","9.82","4.11M","4.60%"
"12/06/2022","9.86","10.11","10.14","9.82","1.47M","-1.70%"
"12/05/2022","10.03","10.15","10.25","9.94","1.97M","-0.74%"
"12/04/2022","10.11","10.18","10.18","9.86","1.60M","-1.09%"
"12/01/2022","10.22","9.60","10.22","9.60","2.47M","6.51%"
"11/30/2022","9.60","10.33","10.37","9.60","6.09M","-7.12%"
"11/29/2022","10.33","10.30","10.33","10.15","3.03M","0.36%"
"11/28/2022","10.30","10.26","10.37","10.03","2.03M","-0.14%"
"11/27/2022","10.31","10.31","10.33","10.12","912.69K","0.00%"
"11/24/2022","10.31","10.07","10.40","10.07","1.90M","0.51%"
"11/23/2022","10.26","10.41","10.41","10.07","2.46M","-0.72%"
"11/22/2022","10.33","10.03","10.48","9.98","5.12M","2.28%"
"11/21/2022","10.10","9.78","10.10","9.66","3.93M","-7.49%"
"11/20/2022","10.92","10.83","11.04","10.57","1.66M","0.62%"
"11/17/2022","10.85","10.11","10.85","10.11","3.40M","7.43%"
"11/16/2022","10.10","9.85","10.10","9.77","1.02M","2.57%"
"11/15/2022","9.85","9.98","9.98","9.67","1.07M","-0.82%"
"11/14/2022","9.93","9.55","10.10","9.52","4.36M","3.57%"
"11/13/2022","9.59","9.57","9.66","9.51","1.41M","0.39%"
"11/10/2022","9.55","9.48","9.74","9.29","1.47M","-4.18%"
"11/09/2022","9.97","8.62","9.97","8.57","4.23M","15.60%"
"11/08/2022","8.62","8.70","8.70","8.59","3.18M","-0.94%"
"11/07/2022","8.70","8.61","8.70","8.52","2.53M","1.91%"
"11/06/2022","8.54","8.59","8.62","8.51","164.79K","-0.61%"
"11/03/2022","8.59","8.62","8.62","8.48","1.12M","0.09%"
"11/02/2022","8.59","8.62","8.62","8.47","1.49M","-0.35%"
"11/01/2022","8.62","8.56","8.77","8.56","2.89M","-2.52%"
"10/31/2022","8.84","8.53","8.84","8.41","4.24M","5.22%"
"10/30/2022","8.40","8.62","8.62","8.38","1.64M","-1.74%"
"10/27/2022","8.55","8.40","8.62","8.33","3.04M","2.22%"
"10/26/2022","8.36","8.40","8.47","8.36","1.21M","0.00%"
"10/25/2022","8.36","8.47","8.51","8.33","1.56M","-1.32%"
"10/24/2022","8.47","8.10","8.53","8.10","2.62M","4.59%"
"10/23/2022","8.10","8.18","8.18","8.07","104.76K","-0.46%"
"10/20/2022","8.14","8.01","8.16","8.01","1.24M","1.39%"
"10/19/2022","8.03","8.10","8.15","7.95","685.60K","-0.74%"
"10/18/2022","8.09","7.87","8.15","7.84","1.46M","3.62%"
"10/17/2022","7.80","7.86","7.87","7.80","294.87K","0.00%"
"10/16/2022","7.80","7.80","7.88","7.77","5.68M","0.00%"
"10/13/2022","7.80","7.86","7.88","7.76","454.98K","-0.66%"
"10/12/2022","7.86","7.80","7.88","7.80","3.63M","0.76%"
"10/11/2022","7.80","7.93","7.93","7.80","132.44K","-0.29%"
"10/10/2022","7.82","7.86","7.98","7.80","1.76M","0.00%"
"10/09/2022","7.82","7.80","7.91","7.66","523.07K","1.29%"
"10/05/2022","7.72","7.77","7.80","7.63","5.11M","-0.39%"
"10/04/2022","7.75","7.62","7.80","7.62","647.25K","1.71%"
"10/03/2022","7.62","7.63","7.68","7.54","1.36M","1.33%"
"10/02/2022","7.52","7.66","7.66","7.51","328.09K","-1.83%"
"09/29/2022","7.66","7.47","7.66","7.47","1.89M","2.82%"
"09/28/2022","7.45","7.57","7.57","7.40","1.71M","-1.19%"
"09/27/2022","7.54","7.50","7.56","7.43","10.60M","2.31%"
"09/26/2022","7.37","7.44","7.72","7.37","2.25M","-3.28%"
"09/25/2022","7.62","7.57","7.80","7.43","763.26K","2.01%"
"09/22/2022","7.47","7.29","7.66","7.29","1.81M","2.61%"
"09/21/2022","7.28","7.43","7.54","7.28","2.17M","-1.62%"
"09/20/2022","7.40","7.53","7.62","7.40","996.35K","-1.20%"
"09/19/2022","7.49","7.62","7.62","7.43","2.10M","0.40%"
"09/18/2022","7.46","7.66","7.66","7.43","840.35K","-2.10%"
"09/15/2022","7.62","7.95","7.95","7.49","4.49M","-2.81%"
"09/14/2022","7.84","7.80","8.01","7.75","2.37M","0.38%"
"09/13/2022","7.81","7.83","7.83","7.73","698.72K","-0.26%"
"09/12/2022","7.83","7.69","7.83","7.64","715.86K","2.76%"
"09/11/2022","7.62","7.64","7.73","7.51","478.65K","1.06%"
"09/08/2022","7.54","7.57","7.66","7.44","548.27K","-1.57%"
"09/07/2022","7.66","7.56","7.66","7.51","518.42K","1.86%"
"09/06/2022","7.52","7.66","7.77","7.51","2.43M","-1.31%"
"09/05/2022","7.62","7.73","7.75","7.58","807.35K","-0.52%"
"09/04/2022","7.66","7.58","7.87","7.50","1.37M","3.10%"
"09/01/2022","7.43","7.43","7.56","7.33","2.92M","2.48%"
"08/31/2022","7.25","7.73","7.73","7.25","4.85M","-6.09%"
"08/30/2022","7.72","7.73","7.87","7.63","329.09K","1.18%"
"08/29/2022","7.63","7.95","7.95","7.58","426.89K","-2.18%"
"08/28/2022","7.80","7.95","7.98","7.77","238.90K","-0.13%"
"08/25/2022","7.81","7.80","7.88","7.80","797.70K","0.39%"
"08/24/2022","7.78","7.88","7.88","7.77","2.89M","-0.13%"
"08/23/2022","7.79","7.92","7.94","7.79","2.09M","-0.64%"
"08/22/2022","7.84","7.95","7.95","7.80","861.60K","-1.38%"
"08/21/2022","7.95","7.80","7.98","7.78","120.48K","1.66%"
"08/18/2022","7.82","7.88","7.88","7.76","1.61M","-0.76%"
"08/17/2022","7.88","7.76","7.88","7.69","2.01M","1.55%"
"08/16/2022","7.76","7.66","7.80","7.66","2.12M","0.91%"
"08/15/2022","7.69","7.72","7.73","7.63","4.07M","-0.52%"
"08/14/2022","7.73","7.69","7.73","7.60","603.04K","0.65%"
"08/11/2022","7.68","7.69","7.69","7.45","1.63M","2.26%"
"08/10/2022","7.51","7.43","7.56","7.43","3.96M","0.00%"
"08/09/2022","7.51","7.60","7.60","7.43","1.29M","-0.92%"
"08/08/2022","7.58","7.40","7.58","7.36","10.14M","2.43%"
"08/07/2022","7.40","7.28","7.40","7.28","5.40M","0.68%"
"08/04/2022","7.35","7.19","7.38","7.14","5.45M","2.37%"
"08/03/2022","7.18","7.39","7.40","7.08","2.23M","-2.58%"
"08/02/2022","7.37","7.28","7.37","7.28","3.12M","1.24%"
"08/01/2022","7.28","7.31","7.31","7.22","1.21M","0.41%"
"07/31/2022","7.25","7.32","7.39","7.23","1.58M","-0.96%"
"07/28/2022","7.32","7.32","7.38","7.15","709.81K","0.00%"
"07/27/2022","7.32","7.37","7.43","7.32","2.59M","-0.54%"
"07/26/2022","7.36","7.51","7.51","7.36","3.86M","-0.94%"
"07/25/2022","7.43","7.46","7.47","7.40","573.11K","0.00%"
"07/24/2022","7.43","7.43","7.43","7.29","204.31K","0.54%"
"07/21/2022","7.39","7.43","7.43","7.39","1.20M","-0.54%"
"07/20/2022","7.43","8.03","8.03","7.40","725.23K","-1.07%"
"07/19/2022","7.51","7.28","7.57","7.28","484.51K","3.02%"
"07/18/2022","7.29","7.43","7.43","7.25","6.29M","0.00%"
"07/17/2022","7.29","7.43","7.43","7.25","215.65K","-1.88%"
"07/07/2022","7.43","7.40","7.64","7.36","357.70K","0.00%"
"07/06/2022","7.43","7.47","7.51","7.40","393.21K","-1.07%"
"07/05/2022","7.51","7.46","7.51","7.40","1.05M","0.54%"
"07/04/2022","7.47","7.57","7.57","7.46","671.32K","-0.53%"
"07/03/2022","7.51","7.76","7.76","7.51","430.83K","-1.96%"
"06/29/2022","7.66","7.69","7.69","7.51","601.64K","0.00%"
"06/28/2022","7.66","7.66","7.73","7.47","1.23M","0.00%"
"06/27/2022","7.66","7.62","7.68","7.55","422.98K","0.52%"
"06/26/2022","7.62","7.66","7.73","7.62","110.65K","0.00%"
"06/23/2022","7.62","7.70","7.80","7.62","513.20K","-2.31%"
"06/22/2022","7.80","7.98","7.98","7.69","1.05M","0.00%"
"06/21/2022","7.80","7.98","7.98","7.76","768.84K","-1.76%"
"06/20/2022","7.94","7.89","7.95","7.84","5.52M","0.51%"
"06/19/2022","7.90","7.98","8.16","7.88","730.87K","-2.11%"
"06/16/2022","8.07","8.10","8.10","7.97","1.39M","0.37%"
"06/15/2022","8.04","8.19","8.19","8.02","1.09M","-1.95%"
"06/14/2022","8.20","8.03","8.21","8.03","684.43K","-1.56%"
"06/13/2022","8.33","8.41","8.41","8.03","154.69K","1.83%"
"06/12/2022","8.18","8.40","8.40","8.18","41.97K","-4.10%"
"06/09/2022","8.53","8.07","8.53","8.00","603.97K","4.79%"
"06/08/2022","8.14","7.95","8.14","7.95","420.16K","2.78%"
"06/07/2022","7.92","8.01","8.01","7.88","1.59M","-1.12%"
"06/06/2022","8.01","8.10","8.10","8.00","477.71K","-0.74%"
"06/05/2022","8.07","8.07","8.09","7.89","13.17K","0.00%"
"06/02/2022","8.07","8.02","8.07","7.88","1.75M","0.50%"
"06/01/2022","8.03","8.17","8.17","7.88","973.37K","1.90%"
"05/31/2022","7.88","8.12","8.12","7.88","4.96M","-2.72%"
"05/30/2022","8.10","8.12","8.12","7.96","3.85M","0.87%"
"05/29/2022","8.03","8.18","8.18","7.95","1.70K","0.00%"
"05/26/2022","8.03","7.98","8.06","7.98","72.97K","0.00%"
"05/25/2022","8.03","8.14","8.14","7.95","88.10K","-1.35%"
"05/24/2022","8.14","8.18","8.24","8.02","515.71K","-1.21%"
"05/23/2022","8.24","8.05","8.33","8.05","172.95K","1.48%"
"05/22/2022","8.12","8.18","8.18","8.03","26.76K","0.00%"
"05/19/2022","8.12","8.08","8.14","8.04","129.46K","0.25%"
"05/18/2022","8.10","8.04","8.18","8.04","487.98K","0.00%"
"05/17/2022","8.10","8.18","8.19","8.10","183.56K","-0.25%"
"05/16/2022","8.12","7.99","8.36","7.99","1.78M","0.37%"
"05/15/2022","8.09","8.03","8.18","7.90","79.92K","1.25%"
"05/12/2022","7.99","8.17","8.18","7.86","4.76M","-0.50%"
"05/11/2022","8.03","8.20","8.20","8.02","1.36M","-1.83%"
"05/10/2022","8.18","8.26","8.26","7.95","4.63M","-1.45%"
"05/09/2022","8.30","8.27","8.62","8.18","1.89M","-1.31%"
"05/08/2022","8.41","8.11","8.50","8.03","196.91K","4.99%"
"04/28/2022","8.01","8.23","8.39","8.01","2.82M","-3.49%"
"04/27/2022","8.30","8.40","8.40","8.19","555.75K","-1.19%"
"04/26/2022","8.40","8.19","8.40","8.19","681.53K","2.69%"
"04/21/2022","8.18","8.47","8.47","8.18","400.55K","-1.80%"
"04/20/2022","8.33","8.33","8.39","8.19","1.51M","0.00%"
"04/19/2022","8.33","8.32","8.44","8.25","986.28K","0.12%"
"04/18/2022","8.32","8.47","8.53","8.21","933.53K","-1.42%"
"04/17/2022","8.44","8.39","8.55","8.19","98.80K","0.60%"
"04/14/2022","8.39","8.33","8.39","8.19","1.37M","-0.12%"
"04/13/2022","8.40","8.41","8.47","8.18","1.85M","0.00%"
"04/12/2022","8.40","8.77","8.77","8.40","1.31M","-2.55%"
"04/11/2022","8.62","8.77","8.77","8.62","580.10K","-1.71%"
"04/10/2022","8.77","8.85","8.85","8.77","10.83K","0.00%"
"04/07/2022","8.77","8.91","8.91","8.77","1.63M","-1.57%"
"04/06/2022","8.91","8.92","8.92","8.77","800.79K","1.48%"
"04/05/2022","8.78","8.80","8.99","8.73","344.69K","-1.79%"
"04/04/2022","8.94","8.92","9.07","8.76","567.12K","0.11%"
"04/03/2022","8.93","8.92","8.93","8.78","46.35K","0.00%"
"03/31/2022","8.93","8.77","8.93","8.77","650.49K","1.82%"
"03/30/2022","8.77","8.92","8.99","8.77","173.37K","-1.68%"
"03/29/2022","8.92","8.85","8.92","8.77","442.86K","2.18%"
"03/28/2022","8.73","8.85","8.93","8.73","1.93M","-2.13%"
"03/27/2022","8.92","8.92","9.11","8.67","383.14K","0.00%"
"03/24/2022","8.92","8.55","8.92","8.55","1.06M","4.33%"
"03/23/2022","8.55","8.51","8.73","8.50","3.01M","0.59%"
"03/22/2022","8.50","8.73","8.73","8.44","3.27M","-0.58%"
"03/21/2022","8.55","8.38","8.77","8.27","2.19M","2.27%"
"03/20/2022","8.36","8.40","8.44","8.25","11.28K","0.00%"
"03/17/2022","8.36","8.25","8.47","8.18","7.34M","2.20%"
"03/16/2022","8.18","8.03","8.33","8.03","24.14M","2.63%"
"03/15/2022","7.97","8.03","8.24","7.92","4.49M","-0.25%"
"03/14/2022","7.99","8.03","8.03","7.92","2.55M","0.63%"
"03/13/2022","7.94","8.08","8.18","7.88","187.80K","-2.58%"
"03/10/2022","8.15","8.15","8.24","8.14","3.45M","-0.37%"
"03/09/2022","8.18","8.21","8.30","8.10","2.23M","-0.37%"
"03/08/2022","8.21","8.25","8.31","8.10","1.73M","-2.15%"
"03/07/2022","8.39","8.56","8.60","8.33","507.31K","-2.67%"
"03/06/2022","8.62","8.73","8.73","8.62","214.90K","-0.46%"
"03/03/2022","8.66","8.62","8.82","8.62","3.48M","1.05%"
"03/02/2022","8.57","8.37","8.70","8.37","1.54M","-1.49%"
"03/01/2022","8.70","8.18","8.73","8.18","2.78M","7.81%"
"02/28/2022","8.07","7.85","8.24","7.80","7.12M","3.07%"
"02/27/2022","7.83","7.80","7.86","7.73","472.14K","1.03%"
"02/24/2022","7.75","7.74","7.86","7.63","2.65M","-1.65%"
"02/23/2022","7.88","7.84","7.90","7.76","1.20M","0.00%"
"02/22/2022","7.88","7.74","7.92","7.74","858.24K","1.42%"
"02/21/2022","7.77","7.80","7.83","7.74","527.08K","0.26%"
"02/20/2022","7.75","7.81","7.81","7.73","117.70K","-0.64%"
"02/17/2022","7.80","7.83","7.88","7.77","1.25M","0.00%"
"02/16/2022","7.80","7.89","7.89","7.80","2.34M","-0.13%"
"02/15/2022","7.81","7.80","7.91","7.80","3.49M","-0.13%"
"02/14/2022","7.82","7.88","7.92","7.73","1.02M","0.26%"
"02/13/2022","7.80","7.92","7.98","7.79","617.36K","-1.52%"
"02/10/2022","7.92","7.80","7.92","7.77","1.38M","1.54%"
"02/09/2022","7.80","7.88","7.88","7.78","1.41M","-0.51%"
"02/08/2022","7.84","7.90","7.92","7.83","690.44K","0.00%"
"02/07/2022","7.84","7.86","7.89","7.81","520.06K","-0.51%"
"02/06/2022","7.88","7.92","7.92","7.86","82.06K","-0.13%"
"02/03/2022","7.89","7.88","7.91","7.86","1.71M","0.13%"
"02/02/2022","7.88","7.88","7.98","7.88","2.13M","0.00%"
"02/01/2022","7.88","7.77","7.99","7.75","1.01M","2.07%"
"01/31/2022","7.72","7.80","7.80","7.70","1.03M","-0.26%"
"01/30/2022","7.74","7.87","7.87","7.73","131.56K","0.13%"
"01/26/2022","7.73","7.92","7.92","7.73","1.37M","-2.03%"
"01/25/2022","7.89","7.88","7.97","7.85","981.53K","-0.75%"
"01/24/2022","7.95","7.86","7.95","7.86","2.56M","1.15%"
"01/23/2022","7.86","7.95","7.95","7.85","284.34K","-2.12%"
"01/20/2022","8.03","8.03","8.03","7.95","443.03K","0.00%"
"01/19/2022","8.03","8.03","8.03","7.98","972.00K","0.00%"
"01/18/2022","8.03","7.96","8.10","7.95","2.63M","0.00%"
"01/17/2022","8.03","7.92","8.03","7.92","436.99K","1.77%"
"01/16/2022","7.89","7.97","8.03","7.88","182.69K","-1.74%"
"01/13/2022","8.03","7.96","8.09","7.92","1.53M","-0.50%"
"01/12/2022","8.07","8.14","8.14","7.95","2.00M","0.50%"
"01/11/2022","8.03","8.12","8.16","7.95","1.28M","-1.11%"
"01/10/2022","8.12","8.04","8.21","8.04","975.63K","0.37%"
"01/09/2022","8.09","8.05","8.16","7.95","244.18K","1.00%"
"01/05/2022","8.01","7.95","8.05","7.95","674.25K","1.65%"
"01/04/2022","7.88","7.93","7.98","7.84","1.63M","-0.51%"
"01/03/2022","7.92","7.90","7.95","7.90","2.36M","0.00%"
"01/02/2022","7.92","7.95","7.95","7.88","227.75K","-0.63%"
"12/30/2021","7.97","7.95","7.98","7.83","799.22K","1.66%"
"12/29/2021","7.84","7.89","7.98","7.83","476.58K","-0.63%"
"12/28/2021","7.89","7.78","7.99","7.69","162.62K","1.41%"
"12/27/2021","7.78","7.95","7.95","7.73","565.83K","-2.14%"
"12/26/2021","7.95","8.03","8.03","7.93","121.07K","-1.00%"
"12/23/2021","8.03","8.02","8.05","7.92","1.14M","1.26%"
"12/22/2021","7.93","8.03","8.03","7.92","1.10M","-1.25%"
"12/21/2021","8.03","8.03","8.05","7.96","1.64M","0.50%"
"12/20/2021","7.99","7.95","8.05","7.95","1.68M","-0.37%"
"12/19/2021","8.02","8.03","8.08","7.99","113.49K","-0.12%"
"12/16/2021","8.03","8.09","8.09","7.99","2.72M","-0.12%"
"12/15/2021","8.04","8.04","8.10","8.01","3.32M","-0.12%"
"12/14/2021","8.05","8.16","8.16","7.97","2.33M","0.12%"
"12/13/2021","8.04","8.03","8.10","8.01","3.74M","0.12%"
"12/12/2021","8.03","8.25","8.25","8.02","474.69K","-0.12%"
"12/09/2021","8.04","8.04","8.07","8.03","13.58M","0.00%"
"12/08/2021","8.04","8.47","8.47","7.95","3.89M","-5.41%"
"12/07/2021","8.50","8.45","8.55","8.34","4.58M","0.59%"
"12/06/2021","8.45","8.32","8.47","8.24","2.40M","2.30%"
"12/05/2021","8.26","8.40","8.40","8.25","2.88M","-1.67%"
"12/02/2021","8.40","8.29","8.52","8.29","1.13M","0.24%"
"12/01/2021","8.38","8.31","8.38","8.18","2.20M","0.72%"
"11/30/2021","8.32","8.02","8.32","7.96","13.28M","4.65%"
"11/29/2021","7.95","8.01","8.41","7.80","6.14M","-10.17%"
"11/28/2021","8.85","8.92","8.92","8.73","1.43M","-0.34%"
"11/25/2021","8.88","8.86","9.03","8.86","2.57M","0.23%"
"11/24/2021","8.86","8.84","8.99","8.82","614.41K","0.11%"
"11/23/2021","8.85","8.87","8.92","8.82","3.35M","-0.78%"
"11/22/2021","8.92","8.92","9.06","8.86","16.09M","0.00%"
"11/21/2021","8.92","8.88","8.92","8.85","713.36K","0.90%"
"11/18/2021","8.84","8.87","8.87","8.77","2.86M","0.00%"
"11/17/2021","8.84","8.73","8.90","8.73","1.91M","1.03%"
"11/16/2021","8.75","8.85","8.85","8.75","4.03M","-0.68%"
"11/15/2021","8.81","8.85","8.96","8.70","2.10M","0.46%"
"11/14/2021","8.77","8.81","8.91","8.70","650.21K","0.11%"
"11/11/2021","8.76","8.73","8.82","8.73","1.34M","0.11%"
"11/10/2021","8.75","8.73","8.81","8.70","350.92K","0.23%"
"11/09/2021","8.73","8.66","8.84","8.63","1.55M","0.81%"
"11/08/2021","8.66","8.77","8.84","8.63","888.83K","-1.25%"
"11/07/2021","8.77","8.59","8.77","8.59","1.83M","0.11%"
"11/04/2021","8.76","8.69","8.76","8.56","2.22M","1.62%"
"11/03/2021","8.62","8.69","8.69","8.59","1.68M","0.00%"
"11/02/2021","8.62","8.68","8.70","8.55","1.85M","0.00%"
"11/01/2021","8.62","8.70","8.70","8.54","4.52M","0.00%"
"10/31/2021","8.62","8.70","8.70","8.47","676.04K","0.00%"
"10/28/2021","8.62","8.76","8.76","8.40","3.93M","0.70%"
"10/27/2021","8.56","8.65","8.75","8.53","962.23K","-0.70%"
"10/26/2021","8.62","8.76","8.77","8.62","2.47M","-1.71%"
"10/25/2021","8.77","8.84","8.92","8.62","7.76M","-0.79%"
"10/24/2021","8.84","9.03","9.03","8.77","386.83K","-0.11%"
"10/20/2021","8.85","8.88","9.03","8.85","993.08K","-0.78%"
"10/19/2021","8.92","9.10","9.10","8.88","517.13K","-1.11%"
"10/18/2021","9.02","9.12","9.14","8.85","9.77M","-0.11%"
"10/17/2021","9.03","9.16","9.18","8.92","592.26K","-1.85%"
"10/14/2021","9.20","9.14","9.20","8.99","333.55K","2.68%"
"10/13/2021","8.96","9.11","9.12","8.96","748.36K","-1.97%"
"10/12/2021","9.14","9.02","9.14","8.99","854.80K","1.67%"
"10/11/2021","8.99","9.00","9.22","8.99","449.73K","-1.64%"
"10/10/2021","9.14","9.39","9.39","8.99","92.20K","0.00%"
"10/06/2021","9.14","8.92","9.14","8.85","1.76M","2.12%"
"10/05/2021","8.95","9.10","9.10","8.89","68.94K","-0.11%"
"10/04/2021","8.96","8.96","9.17","8.88","227.29K","-1.75%"
"10/03/2021","9.12","8.92","9.14","8.87","53.18K","0.22%"
"09/30/2021","9.10","9.18","9.18","8.86","926.26K","1.22%"
"09/29/2021","8.99","9.33","9.33","8.96","61.69K","-3.23%"
"09/28/2021","9.29","9.36","9.36","9.07","226.82K","2.43%"
"09/27/2021","9.07","9.22","9.38","9.07","934.77K","-2.89%"
"09/26/2021","9.34","9.14","9.44","9.08","635.98K","2.86%"
"09/23/2021","9.08","9.14","9.22","8.93","816.69K","0.67%"
"09/22/2021","9.02","8.99","9.07","8.92","642.10K","0.00%"
"09/21/2021","9.02","8.85","9.22","8.70","218.12K","-1.20%"
"09/20/2021","9.13","9.27","9.27","8.93","135.36K","-1.30%"
"09/19/2021","9.25","9.37","9.43","8.99","26.94K","0.00%"
"09/16/2021","9.25","9.48","9.49","9.25","1.93M","-2.22%"
"09/15/2021","9.46","9.25","9.48","9.22","1.24M","0.64%"
"09/14/2021","9.40","9.08","9.43","9.08","11.52M","1.18%"
"09/13/2021","9.29","9.14","9.33","8.98","224.45K","1.64%"
"09/12/2021","9.14","9.37","9.37","8.93","110.68K","-2.45%"
"09/09/2021","9.37","8.58","9.37","8.58","2.56M","6.84%"
"09/08/2021","8.77","8.70","8.77","8.66","1.69M","1.86%"
"09/07/2021","8.61","8.59","8.70","8.55","2.02M","-0.58%"
"09/06/2021","8.66","8.63","8.70","8.55","186.72K","0.35%"
"09/05/2021","8.63","8.56","8.68","8.56","84.30K","-0.46%"
"09/02/2021","8.67","8.73","8.73","8.55","714.34K","-0.69%"
"09/01/2021","8.73","8.73","8.80","8.66","2.99M","-0.23%"
"08/31/2021","8.75","8.77","8.82","8.66","3.43M","1.04%"
"08/30/2021","8.66","8.59","8.81","8.55","599.91K","1.29%"
"08/29/2021","8.55","8.69","8.69","8.55","89.05K","0.12%"
"08/26/2021","8.54","8.55","8.67","8.47","4.78M","0.83%"
"08/25/2021","8.47","8.47","8.52","8.40","590.28K","0.00%"
"08/24/2021","8.47","8.50","8.50","8.38","940.56K","0.00%"
"08/23/2021","8.47","8.47","8.50","8.44","413.36K","0.59%"
"08/22/2021","8.42","8.43","8.50","8.36","60.99K","-0.94%"
"08/19/2021","8.50","8.44","8.55","8.40","1.21M","0.47%"
"08/18/2021","8.46","8.52","8.62","8.36","1.13M","-1.86%"
"08/17/2021","8.62","8.54","8.67","8.54","1.05M","1.65%"
"08/16/2021","8.48","8.51","8.55","8.47","857.69K","-0.24%"
"08/15/2021","8.50","8.57","8.57","8.47","239.44K","0.00%"
"08/11/2021","8.50","8.57","8.59","8.46","927.97K","0.35%"
"08/10/2021","8.47","8.50","8.53","8.41","126.66K","-0.35%"
"08/09/2021","8.50","8.55","8.57","8.43","37.57K","0.95%"
"08/08/2021","8.42","8.44","8.49","8.40","174.89K","-1.06%"
"08/05/2021","8.51","8.60","8.62","8.37","3.62M","-1.85%"
"08/04/2021","8.67","8.65","8.71","8.61","652.71K","0.23%"
"08/03/2021","8.65","8.73","8.76","8.60","601.77K","-1.26%"
"08/02/2021","8.76","8.81","8.81","8.70","1.54M","1.15%"
"08/01/2021","8.66","8.82","8.82","8.59","334.52K","-1.03%"
"07/29/2021","8.75","8.91","8.92","8.70","1.04M","-1.13%"
"07/28/2021","8.85","8.76","8.89","8.76","147.95K","0.00%"
"07/27/2021","8.85","8.87","8.96","8.62","880.74K","1.26%"
"07/26/2021","8.74","8.88","8.88","8.65","1.08M","-1.24%"
"07/25/2021","8.85","8.88","8.91","8.67","128.41K","-0.11%"
"07/18/2021","8.86","8.91","8.91","8.70","304.37K","0.11%"
"07/15/2021","8.85","8.89","8.99","8.64","1.55M","0.23%"
"07/14/2021","8.83","8.62","8.92","8.62","1.94M","3.52%"
"07/13/2021","8.53","8.70","8.70","8.47","707.93K","-1.39%"
"07/12/2021","8.65","8.69","8.73","8.62","2.56M","0.00%"
"07/11/2021","8.65","8.44","8.70","8.44","45.64K","0.82%"
"07/08/2021","8.58","8.68","8.70","8.47","893.02K","-1.15%"
"07/07/2021","8.68","8.67","8.70","8.59","957.49K","1.40%"
"07/06/2021","8.56","8.73","8.73","8.40","350.44K","-1.95%"
"07/05/2021","8.73","8.78","8.88","8.59","735.53K","-0.91%"
"07/04/2021","8.81","8.89","8.89","8.78","375.68K","0.00%"
"06/30/2021","8.81","8.88","8.92","8.64","1.09M","0.57%"
"06/29/2021","8.76","8.84","8.84","8.66","371.11K","-0.90%"
"06/28/2021","8.84","8.91","8.91","8.78","897.20K","-0.34%"
"06/27/2021","8.87","8.85","8.92","8.82","100.36K","0.00%"
"06/24/2021","8.87","8.95","8.99","8.84","657.80K","-0.34%"
"06/23/2021","8.90","8.85","8.96","8.78","422.30K","-0.22%"
"06/22/2021","8.92","8.88","8.96","8.81","1.07M","-0.11%"
"06/21/2021","8.93","8.77","8.99","8.77","838.61K","3.60%"
"06/20/2021","8.62","8.70","8.77","8.55","69.84K","-3.58%"
"06/17/2021","8.94","8.99","9.07","8.40","2.18M","-0.56%"
"06/16/2021","8.99","8.92","9.06","8.92","897.19K","0.56%"
"06/15/2021","8.94","8.89","8.99","8.85","709.05K","-0.22%"
"06/14/2021","8.96","8.83","8.99","8.83","635.57K","1.36%"
"06/13/2021","8.84","8.85","8.85","8.72","97.72K","1.96%"
"06/10/2021","8.67","8.74","8.77","8.62","877.70K","-1.14%"
"06/09/2021","8.77","8.85","8.85","8.73","835.67K","0.46%"
"06/08/2021","8.73","8.91","8.91","8.67","1.54M","-1.58%"
"06/07/2021","8.87","8.72","8.90","8.72","710.60K","0.45%"
"06/06/2021","8.83","8.85","8.85","8.69","53.16K","0.80%"
"06/03/2021","8.76","8.85","8.92","8.61","1.56M","0.00%"
"06/02/2021","8.76","8.72","8.99","8.72","2.04M","-0.23%"
"06/01/2021","8.78","8.68","8.88","8.68","232.95K","0.23%"
"05/31/2021","8.76","8.85","8.92","8.70","432.78K","-0.90%"
"05/30/2021","8.84","9.10","9.10","8.76","397.07K","-2.00%"
"05/27/2021","9.02","9.05","9.11","8.92","5.74M","1.35%"
"05/26/2021","8.90","8.90","8.92","8.85","1.13M","-0.11%"
"05/25/2021","8.91","9.02","9.02","8.85","1.01M","-1.66%"
"05/24/2021","9.06","9.11","9.11","8.99","863.56K","0.44%"
"05/23/2021","9.02","9.08","9.08","8.92","17.34K","-0.66%"
"05/20/2021","9.08","9.11","9.11","9.00","229.20K","0.55%"
"05/19/2021","9.03","8.99","9.10","8.99","1.20M","0.44%"
"05/18/2021","8.99","8.92","9.07","8.92","2.18M","0.67%"
"05/17/2021","8.93","9.10","9.10","8.86","592.62K","0.00%"
"05/11/2021","8.93","8.93","9.07","8.87","200.00K","-0.22%"
"05/10/2021","8.95","8.93","8.99","8.92","543.22K","0.45%"
"05/09/2021","8.91","9.14","9.14","8.85","71.86K","-0.89%"
"05/06/2021","8.99","8.92","9.08","8.92","243.78K","1.58%"
"05/05/2021","8.85","8.92","8.98","8.85","2.66M","0.34%"
"05/04/2021","8.82","8.80","8.88","8.77","813.68K","1.73%"
"04/28/2021","8.67","8.88","8.88","8.62","374.30K","-0.34%"
"04/27/2021","8.70","8.63","8.77","8.63","360.04K","-0.68%"
"04/26/2021","8.76","8.76","8.85","8.57","213.41K","1.62%"
"04/25/2021","8.62","8.66","8.66","8.56","136.21K","-0.35%"
"04/22/2021","8.65","8.68","8.73","8.59","831.41K","-0.57%"
"04/21/2021","8.70","8.59","8.83","8.55","302.65K","-2.25%"
"04/20/2021","8.90","8.99","8.99","8.58","2.84M","0.56%"
"04/19/2021","8.85","8.82","8.97","8.73","714.57K","0.34%"
"04/18/2021","8.82","8.85","8.85","8.43","49.15K","1.38%"
"04/15/2021","8.70","8.69","8.81","8.37","555.76K","2.96%"
"04/14/2021","8.45","8.80","8.80","8.36","1.63M","-2.87%"
"04/13/2021","8.70","8.70","8.70","8.50","1.74M","0.23%"
"04/12/2021","8.68","8.76","8.85","8.49","4.36M","-0.23%"
"04/11/2021","8.70","8.73","8.85","8.67","27.99K","-1.69%"
"04/08/2021","8.85","8.91","8.96","8.83","1.93M","0.00%"
"04/07/2021","8.85","8.92","8.93","8.56","3.44M","-0.45%"
"04/06/2021","8.89","8.99","8.99","8.63","798.10K","0.91%"
"04/05/2021","8.81","8.53","8.92","8.40","914.19K","2.09%"
"04/04/2021","8.63","8.81","8.85","8.48","189.27K","1.53%"
"04/01/2021","8.50","8.56","8.56","8.47","4.04M","0.12%"
"03/31/2021","8.49","8.85","8.85","8.47","6.29M","0.12%"
"03/30/2021","8.48","8.92","8.92","8.44","12.87M","-2.53%"
"03/29/2021","8.70","9.12","9.12","8.59","8.97M","-3.65%"
"03/28/2021","9.03","8.96","9.28","8.56","40.19K","-2.06%"
"03/25/2021","9.22","8.55","9.29","8.55","3.09M","7.71%"
"03/24/2021","8.56","8.40","8.85","8.36","5.42M","2.51%"
"03/23/2021","8.35","8.53","8.73","8.18","6.19M","-4.13%"
"03/22/2021","8.71","9.14","9.16","8.30","2.29M","-5.53%"
"03/21/2021","9.22","9.08","9.36","9.08","155.05K","1.88%"
"03/18/2021","9.05","9.74","9.74","9.03","7.18M","-9.77%"
"03/17/2021","10.03","10.03","10.03","9.74","1.93M","0.00%"
"03/16/2021","10.03","10.20","10.20","10.03","1.89M","-1.47%"
"03/15/2021","10.18","10.26","10.26","9.74","686.84K","1.19%"
"03/14/2021","10.06","10.41","10.41","9.76","18.47K","-3.18%"
"03/11/2021","10.39","10.41","10.56","10.34","696.71K","0.19%"
"03/10/2021","10.37","10.39","10.39","10.18","1.17M","-0.19%"
"03/09/2021","10.39","10.41","10.41","10.30","2.19M","-1.70%"
"03/08/2021","10.57","10.70","10.70","10.41","2.92M","-1.40%"
"03/07/2021","10.72","10.70","10.77","10.41","1.31M","-0.19%"
"03/04/2021","10.74","10.84","10.85","10.41","3.04M","-1.01%"
"03/03/2021","10.85","10.92","10.94","10.79","3.79M","-0.82%"
"03/02/2021","10.94","11.00","11.00","10.85","1.37M","-0.18%"
"03/01/2021","10.96","11.00","11.00","10.67","2.42M","-0.81%"
"02/28/2021","11.05","11.11","11.11","10.51","348.28K","0.09%"
"02/25/2021","11.04","10.93","11.08","10.93","3.66M","2.03%"
"02/24/2021","10.82","10.63","10.93","10.44","2.01M","0.46%"
"02/23/2021","10.77","10.52","10.82","10.52","1.49M","-0.19%"
"02/22/2021","10.79","10.85","11.07","10.48","1.70M","3.06%"
"02/21/2021","10.47","10.56","10.99","10.41","1.77M","0.67%"
"02/18/2021","10.40","10.41","10.67","10.05","2.14M","-1.89%"
"02/17/2021","10.60","10.67","10.70","10.33","444.41K","-0.93%"
"02/16/2021","10.70","10.75","10.78","10.64","394.11K","-0.93%"
"02/15/2021","10.80","10.64","11.04","10.64","44.50K","0.37%"
"02/14/2021","10.76","11.08","11.08","10.63","365.78K","-2.89%"
"02/11/2021","11.08","11.11","11.15","11.02","1.21M","0.64%"
"02/10/2021","11.01","10.78","11.11","10.78","500.88K","1.57%"
"02/09/2021","10.84","10.78","11.00","10.61","28.06K","1.03%"
"02/08/2021","10.73","10.92","10.93","10.59","301.26K","-1.65%"
"02/07/2021","10.91","10.89","11.01","10.78","144.90K","-0.82%"
"02/04/2021","11.00","10.96","11.08","10.93","171.79K","-0.18%"
"02/03/2021","11.02","11.15","11.15","10.97","1.17M","-0.54%"
"02/02/2021","11.08","11.15","11.15","10.93","4.20M","0.27%"
"02/01/2021","11.05","11.14","11.15","10.97","731.24K","0.00%"
"01/31/2021","11.05","11.16","11.17","10.85","2.27M","-0.90%"
"01/27/2021","11.15","10.78","11.44","10.78","3.02M","3.62%"
"01/26/2021","10.76","10.50","10.85","10.50","500.94K","1.03%"
"01/25/2021","10.65","10.70","10.93","10.43","341.98K","-2.56%"
"01/24/2021","10.93","11.07","11.07","10.85","394.11K","-0.09%"
"01/21/2021","10.94","10.82","11.05","10.82","1.70M","1.30%"
"01/20/2021","10.80","10.63","10.96","10.63","1.76M","2.18%"
"01/19/2021","10.57","10.56","10.70","10.41","1.86M","0.48%"
"01/18/2021","10.52","10.63","10.64","10.44","938.56K","1.06%"
"01/17/2021","10.41","10.48","10.61","10.11","1.48M","1.07%"
"01/14/2021","10.30","9.89","10.48","9.89","2.19M","3.83%"
"01/13/2021","9.92","9.68","10.09","9.68","2.41M","0.71%"
"01/12/2021","9.85","9.74","9.89","9.74","3.28M","1.34%"
"01/11/2021","9.72","9.54","9.81","9.54","2.31M","0.52%"
"01/10/2021","9.67","9.66","9.85","9.66","130.15K","0.10%"
"01/06/2021","9.66","9.66","9.69","9.60","1.41M","-0.92%"
"01/05/2021","9.75","9.74","9.89","9.63","2.23M","0.52%"
"01/04/2021","9.70","9.66","9.74","9.60","741.98K","-0.41%"
"01/03/2021","9.74","9.74","9.75","9.72","74.72K","0.52%"
"12/31/2020","9.69","9.59","9.83","9.59","1.58M","-0.21%"
"12/30/2020","9.71","9.70","9.81","9.70","1.67M","0.41%"
"12/29/2020","9.67","9.39","9.81","9.39","816.04K","2.98%"
"12/28/2020","9.39","9.55","9.55","9.37","90.93K","0.86%"
"12/27/2020","9.31","9.29","9.37","9.26","13.95K","-1.17%"
"12/24/2020","9.42","9.36","9.52","9.36","435.21K","0.21%"
"12/23/2020","9.40","9.44","9.66","9.37","562.47K","-0.53%"
"12/22/2020","9.45","9.33","9.59","9.33","222.86K","0.00%"
"12/21/2020","9.45","9.59","9.60","9.31","3.05M","-2.17%"
"12/20/2020","9.66","9.87","9.87","9.32","313.44K","0.00%"
"12/17/2020","9.66","9.66","9.92","9.51","2.54M","-0.31%"
"12/16/2020","9.69","9.66","9.85","9.51","1.95M","-0.31%"
"12/15/2020","9.72","10.00","10.00","9.50","1.79M","-2.31%"
"12/14/2020","9.95","9.70","10.22","9.46","2.80M","3.00%"
"12/13/2020","9.66","9.63","9.74","9.52","1.90M","0.52%"
"12/10/2020","9.61","9.18","9.67","9.18","4.32M","3.33%"
"12/09/2020","9.30","9.12","9.40","9.09","4.99M","4.14%"
"12/08/2020","8.93","8.87","9.14","8.85","790.58K","0.90%"
"12/07/2020","8.85","8.84","8.88","8.67","2.21M","0.68%"
"12/06/2020","8.79","8.77","8.85","8.66","503.62K","0.57%"
"12/03/2020","8.74","8.65","8.88","8.64","730.04K","1.39%"
"12/02/2020","8.62","8.25","8.70","8.25","5.66M","4.99%"
"12/01/2020","8.21","8.18","8.43","8.04","5.64M","2.50%"
"11/30/2020","8.01","8.21","8.25","7.73","9.08M","-2.20%"
"11/29/2020","8.19","8.25","8.25","8.11","477.02K","1.24%"
"11/26/2020","8.09","8.17","8.21","8.02","11.29M","1.38%"
"11/25/2020","7.98","8.04","8.21","7.92","13.00M","0.63%"
"11/24/2020","7.93","7.92","8.03","7.88","2.38M","0.13%"
"11/23/2020","7.92","7.99","7.99","7.89","3.38M","0.13%"
"11/22/2020","7.91","8.03","8.06","7.86","1.83M","-1.86%"
"11/19/2020","8.06","8.18","8.18","8.02","1.80M","-0.86%"
"11/18/2020","8.13","8.09","8.18","8.07","3.87M","0.25%"
"11/17/2020","8.11","8.18","8.18","8.07","2.91M","-0.12%"
"11/16/2020","8.12","8.25","8.25","8.05","4.20M","-0.37%"
"11/15/2020","8.15","8.16","8.25","8.09","401.59K","-0.12%"
"11/12/2020","8.16","8.16","8.18","8.07","2.66M","0.00%"
"11/11/2020","8.16","8.41","8.41","7.56","1.78M","-12.45%"
"11/10/2020","9.32","9.37","9.43","9.25","2.88M","0.65%"
"11/09/2020","9.26","9.25","9.43","9.15","8.86M","2.66%"
"11/08/2020","9.02","8.99","9.22","8.86","657.45K","1.92%"
"11/05/2020","8.85","8.85","8.88","8.81","2.13M","0.91%"
"11/04/2020","8.77","8.85","8.85","8.74","1.66M","-0.23%"
"11/03/2020","8.79","8.85","8.88","8.76","1.59M","-1.01%"
"11/02/2020","8.88","8.92","8.95","8.79","800.74K","-0.11%"
"11/01/2020","8.89","8.92","8.92","8.81","432.14K","-0.11%"
"10/28/2020","8.90","9.03","9.03","8.78","1.43M","-0.34%"
"10/27/2020","8.93","8.93","8.93","8.89","1.58M","0.00%"
"10/26/2020","8.93","8.92","8.96","8.86","2.99M","0.22%"
"10/25/2020","8.91","8.77","9.06","8.77","1.38M","0.56%"
"10/22/2020","8.86","8.85","8.91","8.79","3.30M","-0.56%"
"10/21/2020","8.91","8.47","9.05","8.47","1.54M","-0.11%"
"10/20/2020","8.92","9.06","9.06","8.88","6.22M","-1.11%"
"10/19/2020","9.02","9.01","9.18","8.92","3.21M","-0.22%"
"10/18/2020","9.04","9.00","9.14","8.99","94.11K","-0.44%"
"10/15/2020","9.08","9.17","9.17","8.98","1.08M","-0.87%"
"10/14/2020","9.16","9.13","9.21","9.11","2.98M","0.00%"
"10/13/2020","9.16","9.18","9.18","9.12","1.95M","0.11%"
"10/12/2020","9.15","9.07","9.18","9.07","2.05M","1.10%"
"10/11/2020","9.05","9.19","9.22","8.92","2.23M","-1.31%"
"10/07/2020","9.17","9.14","9.22","9.11","1.97M","0.99%"
"10/06/2020","9.08","9.17","9.17","9.03","4.29M","1.68%"
"10/05/2020","8.93","9.07","9.07","8.92","3.96M","-1.76%"
"10/04/2020","9.09","8.98","9.18","8.98","246.47K","1.79%"
"10/01/2020","8.93","8.92","8.98","8.92","794.38K","-0.33%"
"09/30/2020","8.96","9.11","9.11","8.88","596.89K","-1.10%"
"09/29/2020","9.06","8.96","9.11","8.96","1.45M","0.78%"
"09/28/2020","8.99","8.76","9.11","8.62","2.28M","4.29%"
"09/27/2020","8.62","8.85","8.85","8.47","382.55K","-2.16%"
"09/24/2020","8.81","8.81","8.90","8.69","443.01K","0.69%"
"09/23/2020","8.75","8.76","8.88","8.67","1.04M","0.69%"
"09/22/2020","8.69","8.64","8.80","8.64","197.82K","-0.34%"
"09/21/2020","8.72","8.83","8.83","8.65","1.55M","-0.91%"
"09/20/2020","8.80","8.92","8.92","8.74","252.95K","0.00%"
"09/17/2020","8.80","8.85","8.85","8.75","2.05M","-0.56%"
"09/16/2020","8.85","8.92","8.92","8.79","2.11M","0.00%"
"09/15/2020","8.85","8.86","8.90","8.80","428.83K","-0.23%"
"09/14/2020","8.87","8.99","8.99","8.85","1.28M","-0.22%"
"09/13/2020","8.89","8.89","8.99","8.85","51.26K","-0.22%"
"09/10/2020","8.91","8.93","8.96","8.85","946.13K","-0.22%"
"09/09/2020","8.93","8.99","8.99","8.88","1.71M","-0.89%"
"09/08/2020","9.01","9.10","9.11","8.93","1.21M","-1.42%"
"09/07/2020","9.14","9.07","9.22","8.98","641.38K","0.77%"
"09/06/2020","9.07","9.03","9.11","8.98","258.65K","-0.66%"
"09/03/2020","9.13","9.14","9.16","9.11","900.55K","-0.33%"
"09/02/2020","9.16","9.07","9.37","9.05","1.19M","-0.65%"
"09/01/2020","9.22","9.46","9.46","8.96","1.63M","-2.54%"
"08/31/2020","9.46","9.31","9.59","9.29","2.00M","1.61%"
"08/30/2020","9.31","9.30","9.47","9.26","187.68K","-1.79%"
"08/27/2020","9.48","9.48","9.51","9.29","946.22K","0.96%"
"08/26/2020","9.39","9.48","9.48","9.26","1.36M","-0.95%"
"08/25/2020","9.48","9.48","9.54","9.36","3.20M","1.07%"
"08/24/2020","9.38","9.08","9.70","9.08","6.41M","1.74%"
"08/23/2020","9.22","9.29","9.29","9.19","203.75K","0.66%"
"08/19/2020","9.16","9.07","9.22","9.07","799.35K","2.23%"
"08/18/2020","8.96","8.99","9.06","8.89","450.72K","0.34%"
"08/17/2020","8.93","9.22","9.22","8.85","955.24K","-1.98%"
"08/16/2020","9.11","9.29","9.29","9.04","41.07K","1.00%"
"08/13/2020","9.02","9.08","9.21","8.92","792.17K","-2.28%"
"08/12/2020","9.23","9.18","9.27","9.04","875.35K","-0.86%"
"08/11/2020","9.31","9.14","9.51","9.14","1.42M","3.22%"
"08/10/2020","9.02","8.82","9.28","8.82","5.02M","2.27%"
"08/09/2020","8.82","8.88","8.88","8.79","113.86K","-0.56%"
"08/06/2020","8.87","8.78","8.92","8.77","841.88K","1.37%"
"08/05/2020","8.75","8.70","8.81","8.64","232.14K","1.16%"
"08/04/2020","8.65","8.96","8.96","8.62","5.72M","-1.26%"
"07/29/2020","8.76","8.74","8.92","8.74","6.65M","0.00%"
"07/28/2020","8.76","8.77","8.77","8.73","1.75M","0.00%"
"07/27/2020","8.76","8.85","8.85","8.67","1.10M","-1.13%"
"07/26/2020","8.86","8.88","8.92","8.85","8.44K","0.00%"
"07/22/2020","8.86","8.92","8.92","8.78","591.54K","-0.56%"
"07/21/2020","8.91","8.92","8.99","8.73","1.24M","1.48%"
"07/20/2020","8.78","8.81","8.85","8.77","6.22M","-0.45%"
"07/19/2020","8.82","8.73","8.92","8.73","13.05K","-1.12%"
"07/16/2020","8.92","8.70","8.96","8.70","3.42M","0.45%"
"07/15/2020","8.88","8.92","8.92","8.70","2.17M","-0.45%"
"07/14/2020","8.92","9.02","9.04","8.73","2.58M","-3.15%"
"07/13/2020","9.21","9.36","9.37","8.92","2.00M","-0.54%"
"07/12/2020","9.26","9.22","9.32","9.15","145.27K","0.43%"
"07/09/2020","9.22","9.25","9.37","9.07","2.27M","0.66%"
"07/08/2020","9.16","9.32","9.39","9.03","533.03K","-1.61%"
"07/07/2020","9.31","9.37","9.44","9.14","1.40M","-2.00%"
"07/06/2020","9.50","9.53","9.55","9.36","2.56M","0.32%"
"07/05/2020","9.47","9.66","9.66","9.33","978.01K","-0.11%"
"06/30/2020","9.48","9.51","9.66","9.31","2.04M","1.50%"
"06/29/2020","9.34","9.31","9.51","9.28","1.02M","-0.32%"
"06/28/2020","9.37","9.54","9.54","9.37","68.80K","0.00%"
"06/25/2020","9.37","9.52","9.52","9.30","342.45K","-2.09%"
"06/24/2020","9.57","9.63","9.67","9.40","1.94M","1.16%"
"06/23/2020","9.46","9.48","9.59","9.39","82.94K","-1.56%"
"06/22/2020","9.61","9.89","9.89","9.37","989.72K","-2.83%"
"06/21/2020","9.89","9.66","10.10","9.64","730.30K","2.38%"
"06/18/2020","9.66","9.66","9.68","9.53","2.11M","0.73%"
"06/17/2020","9.59","9.47","9.66","9.46","994.23K","0.95%"
"06/16/2020","9.50","9.48","9.57","9.33","1.37M","0.21%"
"06/15/2020","9.48","9.37","9.63","9.22","959.19K","1.17%"
"06/14/2020","9.37","9.74","9.74","9.29","298.04K","-3.20%"
"06/11/2020","9.68","9.85","9.86","9.66","3.08M","-0.10%"
"06/10/2020","9.69","10.03","10.03","9.53","3.29M","-3.20%"
"06/09/2020","10.01","9.66","10.33","9.66","2.92M","2.67%"
"06/08/2020","9.75","9.67","9.94","9.66","2.15M","0.72%"
"06/07/2020","9.68","9.29","9.96","9.29","396.60K","4.31%"
"06/04/2020","9.28","9.29","9.37","9.25","3.33M","0.43%"
"06/03/2020","9.24","9.19","9.30","9.19","3.21M","0.65%"
"06/02/2020","9.18","9.29","9.31","9.11","3.21M","1.44%"
"06/01/2020","9.05","8.98","9.25","8.96","3.04M","0.89%"
"05/31/2020","8.97","9.37","9.43","8.91","1.21M","-3.03%"
"05/21/2020","9.25","9.11","9.31","9.08","5.52M","1.87%"
"05/20/2020","9.08","9.29","9.29","9.07","1.52M","-2.89%"
"05/19/2020","9.35","9.46","9.51","9.29","4.98M","-0.21%"
"05/18/2020","9.37","9.63","9.63","9.23","4.55M","-2.70%"
"05/17/2020","9.63","9.44","9.66","9.44","774.35K","2.99%"
"05/14/2020","9.35","9.33","9.44","9.29","1.76M","0.21%"
"05/13/2020","9.33","9.40","9.48","9.22","564.47K","-1.06%"
"05/12/2020","9.43","9.63","9.63","9.29","3.01M","-1.36%"
"05/11/2020","9.56","8.93","9.74","8.92","2.87M","6.82%"
"05/10/2020","8.95","9.07","9.12","8.92","189.87K","0.45%"
"05/07/2020","8.91","9.28","9.28","8.81","2.74M","-3.99%"
"05/06/2020","9.28","9.21","9.43","9.03","1.35M","1.20%"
"05/05/2020","9.17","8.96","9.29","8.93","226.70K","1.89%"
"05/04/2020","9.00","8.81","9.13","8.81","239.93K","1.35%"
"05/03/2020","8.88","8.92","8.92","8.85","685.32K","-1.44%"
"04/30/2020","9.01","9.05","9.07","8.92","1.58M","-0.44%"
"04/29/2020","9.05","9.03","9.08","9.00","1.92M","0.67%"
"04/28/2020","8.99","9.13","9.13","8.93","1.33M","-0.11%"
"04/27/2020","9.00","9.11","9.11","8.96","111.15K","0.45%"
"04/26/2020","8.96","9.03","9.14","8.90","561.64K","0.45%"
"04/23/2020","8.92","8.99","9.11","8.85","360.41K","0.45%"
"04/22/2020","8.88","8.85","9.10","8.77","9.43M","-2.63%"
"04/21/2020","9.12","9.40","9.40","8.92","1.48M","-1.72%"
"04/16/2020","9.28","9.29","9.29","9.11","505.91K","0.00%"
"04/15/2020","9.28","9.42","9.51","9.22","6.28M","-2.42%"
"04/14/2020","9.51","9.40","9.59","9.23","571.00K","1.82%"
"04/13/2020","9.34","9.37","9.44","9.26","158.98K","-0.21%"
"04/12/2020","9.36","9.29","9.37","9.29","10.09K","0.00%"
"04/09/2020","9.36","9.58","9.58","9.30","731.45K","0.21%"
"04/08/2020","9.34","9.29","9.51","9.28","1.74M","0.76%"
"04/07/2020","9.27","9.18","9.51","9.18","2.72M","1.53%"
"04/06/2020","9.13","9.11","9.18","9.10","496.05K","0.88%"
"04/05/2020","9.05","9.11","9.11","8.96","38.04K","-0.66%"
"04/02/2020","9.11","9.11","9.14","9.07","2.13M","0.11%"
"04/01/2020","9.10","9.19","9.19","8.91","13.44M","-0.87%"
"03/31/2020","9.18","9.28","9.29","9.17","15.27M","0.77%"
"03/30/2020","9.11","9.08","9.22","8.92","6.27M","0.00%"
"03/29/2020","9.11","9.03","9.18","8.96","1.51M","-0.11%"
"03/26/2020","9.12","9.22","9.28","9.07","2.64M","-1.30%"
"03/25/2020","9.24","8.96","9.37","8.89","1.75M","4.76%"
"03/24/2020","8.82","8.33","8.92","8.33","7.73M","-1.78%"
"03/23/2020","8.98","9.31","9.33","8.07","5.54M","5.90%"
"03/22/2020","8.48","8.18","8.49","8.18","503.43K","9.84%"
"03/19/2020","7.72","7.43","8.32","7.43","6.08M","1.98%"
"03/18/2020","7.57","7.80","7.81","7.43","2.50M","-2.95%"
"03/17/2020","7.80","7.92","7.95","7.75","5.48M","0.78%"
"03/16/2020","7.74","8.59","8.59","7.72","2.24M","-9.68%"
"03/15/2020","8.57","9.37","9.37","8.54","1.30M","-9.60%"
"03/11/2020","9.48","9.80","9.80","9.25","875.83K","1.61%"
"03/10/2020","9.33","9.29","9.66","9.29","1.12M","0.86%"
"03/09/2020","9.25","9.89","9.89","9.11","2.06M","-8.33%"
"03/08/2020","10.09","10.11","10.24","10.07","106.39K","-2.13%"
"03/05/2020","10.31","10.32","10.41","10.22","5.64M","2.59%"
"03/04/2020","10.05","10.24","10.24","10.03","609.88K","0.10%"
"03/03/2020","10.04","9.45","10.78","9.45","3.99M","1.83%"
"03/02/2020","9.86","10.04","10.07","9.15","1.84M","-1.20%"
"03/01/2020","9.98","10.48","10.48","9.74","37.24K","-6.38%"
"02/27/2020","10.66","10.79","10.79","10.26","2.65M","-1.20%"
"02/26/2020","10.79","10.93","10.96","10.67","1.02M","-1.64%"
"02/25/2020","10.97","11.16","11.16","10.96","3.54M","-1.70%"
"02/24/2020","11.16","11.31","11.31","11.00","334.82K","-2.11%"
"02/23/2020","11.40","11.30","11.41","11.30","33.49K","-1.38%"
"02/20/2020","11.56","11.40","11.56","11.40","3.61M","0.00%"
"02/19/2020","11.56","11.51","11.63","11.51","8.82M","0.96%"
"02/18/2020","11.45","11.44","11.52","11.44","2.60M","0.09%"
"02/17/2020","11.44","11.44","11.45","11.43","584.42K","0.00%"
"02/16/2020","11.44","11.70","11.70","11.34","30.37K","-0.87%"
"02/13/2020","11.54","11.53","11.63","11.53","908.08K","0.09%"
"02/12/2020","11.53","11.49","11.56","11.46","1.80M","-1.11%"
"02/11/2020","11.66","11.39","11.71","11.39","1.81M","1.92%"
"02/10/2020","11.44","11.41","11.48","11.41","237.83K","-2.31%"
"02/09/2020","11.71","11.45","11.74","11.45","1.04M","0.00%"
"02/06/2020","11.71","11.40","11.93","11.40","3.70M","3.54%"
"02/05/2020","11.31","11.04","11.40","11.04","1.59M","2.91%"
"02/04/2020","10.99","10.98","11.01","10.93","3.00M","0.09%"
"02/03/2020","10.98","11.04","11.05","10.94","3.08M","-1.17%"
"02/02/2020","11.11","11.08","11.19","10.93","144.52K","-0.45%"
"01/30/2020","11.16","11.08","11.22","11.00","2.25M","1.82%"
"01/29/2020","10.96","10.95","11.05","10.95","535.47K","1.01%"
"01/28/2020","10.85","10.82","10.89","10.78","2.51M","0.28%"
"01/27/2020","10.82","10.82","10.91","10.78","1.22M","0.09%"
"01/26/2020","10.81","11.14","11.14","10.82","5.08K","0.00%"
"01/23/2020","10.81","11.07","11.08","10.76","1.02M","-1.73%"
"01/22/2020","11.00","11.11","11.11","10.90","1.42M","-0.18%"
"01/21/2020","11.02","11.08","11.08","10.96","229.35K","-1.17%"
"01/20/2020","11.15","11.19","11.19","11.08","3.39M","0.00%"
"01/19/2020","11.15","11.11","11.16","11.11","333.40K","-0.18%"
"01/16/2020","11.17","11.19","11.22","11.15","2.25M","-0.18%"
"01/15/2020","11.19","11.13","11.24","11.13","1.04M","-0.27%"
"01/14/2020","11.22","11.19","11.25","11.19","1.01M","0.00%"
"01/13/2020","11.22","11.26","11.30","11.16","830.88K","0.72%"
"01/12/2020","11.14","11.08","11.19","11.08","53.04K","-0.27%"
"01/09/2020","11.17","11.15","11.26","11.14","4.02M","0.27%"
"01/08/2020","11.14","10.96","11.28","10.96","2.69M","1.27%"
"01/06/2020","11.00","10.78","11.11","10.78","1.26M","-0.27%"
"01/05/2020","11.03","11.19","11.19","10.64","800.53K","-2.65%"
"01/02/2020","11.33","11.19","11.54","11.19","693.65K","-2.16%"
"12/31/2019","11.58","11.44","11.89","11.24","1.47M","1.58%"
"12/30/2019","11.40","10.89","11.45","10.89","556.53K","2.61%"
"12/29/2019","11.11","11.12","11.15","11.08","1.56M","-0.09%"
"12/26/2019","11.12","11.12","11.29","11.00","43.81K","1.00%"
"12/25/2019","11.01","11.32","11.45","10.85","436.58K","-3.25%"
"12/24/2019","11.38","11.48","11.48","11.19","186.39K","1.79%"
"12/23/2019","11.18","11.13","11.56","11.12","1.85M","0.45%"
"12/22/2019","11.13","10.90","11.14","10.90","163.74K","0.54%"
"12/19/2019","11.07","11.16","11.16","10.89","1.52M","-0.81%"
"12/18/2019","11.16","11.21","11.22","11.15","1.37M","0.00%"
"12/17/2019","11.16","11.14","11.19","11.14","1.09M","0.72%"
"12/16/2019","11.08","11.01","11.15","11.00","1.08M","0.27%"
"12/15/2019","11.05","11.14","11.14","11.02","63.51K","-0.18%"
"12/12/2019","11.07","11.08","11.08","11.03","1.73M","-0.09%"
"12/11/2019","11.08","11.08","11.14","11.05","1.05M","-0.27%"
"12/10/2019","11.11","10.98","11.15","10.98","1.05M","0.18%"
"12/09/2019","11.09","11.08","11.15","10.97","229.58K","-0.27%"
"12/08/2019","11.12","10.87","11.22","10.86","297.47K","1.18%"
"12/05/2019","10.99","10.93","11.11","10.85","1.03M","0.27%"
"12/04/2019","10.96","10.86","11.07","10.85","10.70M","1.29%"
"12/03/2019","10.82","10.87","10.87","10.78","1.24M","-0.82%"
"12/02/2019","10.91","11.05","11.14","10.85","748.42K","-2.24%"
"12/01/2019","11.16","11.17","11.22","11.05","629.27K","0.27%"
"11/28/2019","11.13","11.11","11.34","11.08","270.86K","-0.18%"
"11/27/2019","11.15","11.15","11.15","11.11","378.06K","-0.62%"
"11/26/2019","11.22","11.21","11.32","11.14","8.27M","-1.23%"
"11/25/2019","11.36","11.44","11.44","11.19","2.19M","0.18%"
"11/24/2019","11.34","11.44","11.44","11.26","203.64K","0.80%"
"11/21/2019","11.25","11.16","11.47","11.15","902.35K","0.90%"
"11/20/2019","11.15","11.15","11.25","11.11","3.63M","0.00%"
"11/19/2019","11.15","11.17","11.17","11.11","1.37M","-0.09%"
"11/18/2019","11.16","11.16","11.24","11.12","2.91M","-0.62%"
"11/17/2019","11.23","11.45","11.45","11.14","301.30K","-0.62%"
"11/14/2019","11.30","11.20","11.52","11.19","1.08M","0.36%"
"11/13/2019","11.26","11.25","11.37","11.15","964.06K","-0.35%"
"11/12/2019","11.30","11.47","11.47","11.25","452.59K","-4.96%"
"11/11/2019","11.89","11.86","12.00","11.82","5.85M","1.28%"
"11/07/2019","11.74","11.67","11.75","11.67","1.42M","0.43%"
"11/06/2019","11.69","11.78","11.78","11.64","761.21K","-1.18%"
"11/05/2019","11.83","11.97","11.97","11.78","1.69M","-1.00%"
"11/04/2019","11.95","12.04","12.04","11.82","460.01K","-0.17%"
"11/03/2019","11.97","12.04","12.04","11.95","5.15K","0.00%"
"10/31/2019","11.97","12.03","12.03","11.89","2.86M","0.08%"
"10/30/2019","11.96","11.89","12.04","11.86","2.16M","0.67%"
"10/29/2019","11.88","11.89","11.97","11.83","1.23M","-0.08%"
"10/28/2019","11.89","12.03","12.04","11.77","1.32M","-1.08%"
"10/27/2019","12.02","12.00","12.04","11.89","147.29K","0.84%"
"10/24/2019","11.92","11.62","12.02","11.61","985.54K","3.03%"
"10/23/2019","11.57","11.57","11.74","11.38","1.07M","1.85%"
"10/22/2019","11.36","11.38","11.62","11.34","3.20M","-0.35%"
"10/21/2019","11.40","11.45","11.46","11.37","609.95K","-0.70%"
"10/20/2019","11.48","11.46","11.57","11.40","367.42K","-0.78%"
"10/17/2019","11.57","11.82","11.82","11.34","2.10M","-2.03%"
"10/16/2019","11.81","11.89","11.89","11.67","738.59K","-0.42%"
"10/15/2019","11.86","11.89","11.90","11.74","715.88K","-0.84%"
"10/14/2019","11.96","12.02","12.19","11.86","1.07M","-0.42%"
"10/13/2019","12.01","11.90","12.12","11.90","16.28K","-0.25%"
"10/10/2019","12.04","12.15","12.15","11.97","2.27M","0.84%"
"10/09/2019","11.94","12.23","12.23","11.89","439.06K","-2.21%"
"10/08/2019","12.21","12.41","12.41","12.12","81.53K","-0.49%"
"10/07/2019","12.27","12.32","12.41","12.19","479.45K","0.16%"
"10/03/2019","12.25","12.34","12.34","12.04","3.83M","-0.41%"
"10/02/2019","12.30","12.30","12.38","12.12","3.28M","-1.84%"
"10/01/2019","12.53","12.56","12.56","12.38","740.28K","-0.87%"
"09/30/2019","12.64","12.64","12.82","12.26","1.74M","0.00%"
"09/29/2019","12.64","12.64","12.95","12.41","124.01K","0.88%"
"09/26/2019","12.53","12.56","12.64","12.30","621.77K","-0.48%"
"09/25/2019","12.59","12.63","12.64","12.26","517.40K","4.66%"
"09/24/2019","12.03","12.93","12.93","11.78","2.58M","-7.03%"
"09/23/2019","12.94","12.28","13.02","12.28","3.33M","3.85%"
"09/22/2019","12.46","12.67","12.69","12.19","3.42M","-4.30%"
"09/19/2019","13.02","12.83","13.16","12.82","4.20M","1.17%"
"09/18/2019","12.87","12.71","13.23","12.64","2.40M","1.74%"
"09/17/2019","12.65","12.50","12.70","12.49","1.64M","0.00%"
"09/16/2019","12.65","12.18","12.86","12.16","3.32M","2.43%"
"09/15/2019","12.35","12.34","12.39","12.26","1.64M","1.06%"
"09/12/2019","12.22","11.89","12.40","11.89","12.19M","3.04%"
"09/11/2019","11.86","11.71","12.12","11.71","8.31M","2.33%"
"09/10/2019","11.59","11.60","11.73","11.51","4.74M","0.61%"
"09/09/2019","11.52","11.54","11.74","11.45","1.99M","-0.43%"
"09/08/2019","11.57","11.60","11.63","11.54","160.72K","0.35%"
"09/05/2019","11.53","11.51","11.80","11.45","6.39M","0.87%"
"09/04/2019","11.43","11.28","11.55","11.28","1.62M","0.62%"
"09/03/2019","11.36","11.53","11.60","11.25","1.59M","-2.99%"
"09/02/2019","11.71","11.22","11.97","11.17","1.29M","2.72%"
"09/01/2019","11.40","11.40","11.48","11.40","435.70K","0.00%"
"08/29/2019","11.40","11.52","11.67","11.16","3.40M","-0.70%"
"08/28/2019","11.48","11.58","11.59","11.37","425.93K","2.04%"
"08/27/2019","11.25","11.15","11.52","11.00","7.04M","-0.09%"
"08/26/2019","11.26","11.40","11.40","10.85","1.02M","-1.31%"
"08/25/2019","11.41","11.45","11.52","11.36","126.52K","-0.35%"
"08/22/2019","11.45","11.52","11.52","11.37","943.21K","-0.61%"
"08/21/2019","11.52","11.60","11.63","11.43","3.62M","-1.12%"
"08/20/2019","11.65","11.60","11.74","11.57","962.32K","0.34%"
"08/19/2019","11.61","11.82","11.82","11.56","1.50M","-2.27%"
"08/18/2019","11.88","12.18","12.18","11.74","255.23K","1.63%"
"08/15/2019","11.69","12.26","12.26","11.52","718.88K","-4.65%"
"08/14/2019","12.26","12.18","12.34","12.18","1.61M","0.00%"
"08/08/2019","12.26","12.33","12.34","11.89","2.06M","1.91%"
"08/07/2019","12.03","11.60","12.39","11.60","4.19M","3.71%"
"08/06/2019","11.60","11.60","11.67","11.53","1.42M","0.00%"
"08/05/2019","11.60","11.60","11.77","11.59","1.27M","0.00%"
"08/04/2019","11.60","11.60","11.60","11.60","24.28K","-1.19%"
"08/01/2019","11.74","11.74","11.82","11.56","2.62M","0.51%"
"07/31/2019","11.68","11.49","11.83","11.44","1.46M","-0.68%"
"07/30/2019","11.76","11.71","11.87","11.57","1.98M","2.53%"
"07/29/2019","11.47","11.45","11.66","11.45","155.56K","0.17%"
"07/28/2019","11.45","11.45","11.45","11.45","183.18K","0.00%"
"07/25/2019","11.45","11.52","11.52","11.42","2.98M","0.00%"
"07/24/2019","11.45","11.45","11.52","11.41","4.79M","0.00%"
"07/22/2019","11.45","11.41","11.45","11.41","1.65M","0.35%"
"07/21/2019","11.41","11.41","11.41","11.41","33.21K","-0.26%"
"07/18/2019","11.44","11.45","11.45","11.40","1.31M","-0.26%"
"07/17/2019","11.47","11.48","11.52","11.45","49.08K","0.17%"
"07/16/2019","11.45","11.43","11.48","11.41","1.94M","0.17%"
"07/15/2019","11.43","11.38","11.48","11.37","1.49M","0.26%"
"07/14/2019","11.40","11.37","11.45","11.37","206.99K","0.26%"
"07/11/2019","11.37","11.45","11.45","11.28","335.62K","-1.30%"
"07/10/2019","11.52","11.57","11.60","11.46","1.65M","-1.87%"
"07/09/2019","11.74","11.81","11.81","11.67","938.29K","-1.10%"
"07/08/2019","11.87","11.74","11.89","11.72","4.94M","0.59%"
"07/07/2019","11.80","11.37","11.89","11.34","536.31K","3.42%"
"07/04/2019","11.41","11.35","11.48","11.35","2.94M","-0.44%"
"07/03/2019","11.46","11.51","11.51","11.40","1.14M","-0.17%"
"07/02/2019","11.48","11.52","11.52","11.34","2.68M","0.00%"
"06/27/2019","11.48","11.48","11.62","11.42","4.63M","0.79%"
"06/26/2019","11.39","11.48","11.52","11.34","2.78M","0.18%"
"06/25/2019","11.37","11.45","11.45","11.30","3.58M","-0.70%"
"06/24/2019","11.45","11.53","11.53","11.40","3.61M","-0.26%"
"06/23/2019","11.48","11.58","11.74","11.45","363.98K","0.88%"
"06/20/2019","11.38","11.54","11.54","11.27","5.66M","-1.81%"
"06/19/2019","11.59","11.88","11.88","11.45","2.23M","-0.69%"
"06/18/2019","11.67","11.71","11.71","11.66","1.05M","-1.10%"
"06/17/2019","11.80","11.87","11.89","11.73","386.52K","-0.76%"
"06/16/2019","11.89","11.87","11.89","11.87","373.95K","0.00%"
"06/13/2019","11.89","11.82","11.89","11.78","1.37M","0.00%"
"06/12/2019","11.89","12.16","12.16","11.79","1.62M","-2.30%"
"06/11/2019","12.17","12.41","12.41","12.12","3.85M","-0.08%"
"06/10/2019","12.18","11.89","12.40","11.89","7.57M","2.35%"
"06/09/2019","11.90","11.86","11.96","11.82","331.10K","1.88%"
"06/03/2019","11.68","11.74","11.86","11.52","233.38K","1.21%"
"06/02/2019","11.54","12.02","12.02","11.52","58.56K","0.00%"
"05/30/2019","11.54","11.74","11.81","11.37","1.39M","-2.53%"
"05/29/2019","11.84","11.87","12.00","11.78","2.19M","0.17%"
"05/28/2019","11.82","12.06","12.12","11.29","6.27M","-3.59%"
"05/27/2019","12.26","12.64","12.64","12.04","184.89K","-3.01%"
"05/26/2019","12.64","12.60","12.80","12.26","86.94K","4.46%"
"05/23/2019","12.10","11.97","12.64","11.97","920.91K","0.67%"
"05/22/2019","12.02","11.95","12.26","11.95","405.58K","0.59%"
"05/21/2019","11.95","11.97","12.08","11.89","908.73K","1.53%"
"05/20/2019","11.77","11.82","11.89","11.65","1.26M","0.00%"
"05/19/2019","11.77","11.89","11.95","11.66","707.93K","-1.51%"
"05/16/2019","11.95","12.09","12.09","11.89","842.21K","-1.48%"
"05/15/2019","12.13","12.09","12.14","12.08","2.01M","-1.06%"
"05/14/2019","12.26","12.26","12.38","12.08","2.47M","1.66%"
"05/13/2019","12.06","11.91","12.19","11.89","421.57K","0.17%"
"05/12/2019","12.04","11.98","12.08","11.89","1.21M","-0.82%"
"05/09/2019","12.14","11.97","12.64","11.89","1.24M","1.00%"
"05/08/2019","12.02","12.18","12.18","11.89","1.27M","-1.31%"
"05/07/2019","12.18","11.60","12.26","11.60","3.35M","1.25%"
"05/06/2019","12.03","12.56","12.56","11.27","1.19M","-3.91%"
"05/05/2019","12.52","13.06","13.07","12.37","390.39K","-6.36%"
"05/02/2019","13.37","13.75","13.75","12.79","1.27M","-1.04%"
"04/30/2019","13.51","13.57","13.85","13.48","1.35M","-1.60%"
"04/24/2019","13.73","13.57","13.86","13.57","2.41M","1.25%"
"04/23/2019","13.56","13.55","13.60","13.54","646.42K","-0.07%"
"04/22/2019","13.57","13.57","13.60","13.53","781.23K","-1.45%"
"04/21/2019","13.77","13.86","13.86","13.57","8.50K","0.00%"
"04/18/2019","13.77","13.75","13.83","13.61","884.58K","0.15%"
"04/17/2019","13.75","13.71","13.89","13.68","327.54K","0.07%"
"04/16/2019","13.74","13.79","13.90","13.53","3.61M","-0.15%"
"04/15/2019","13.76","13.71","13.96","13.53","4.78M","1.33%"
"04/14/2019","13.58","13.56","13.60","13.47","65.35K","-0.95%"
"04/11/2019","13.71","13.55","13.76","13.54","4.03M","1.18%"
"04/10/2019","13.55","13.46","13.60","13.46","306.29K","0.07%"
"04/09/2019","13.54","13.45","13.57","13.45","553.92K","0.30%"
"04/08/2019","13.50","13.56","13.60","13.46","659.24K","0.60%"
"04/07/2019","13.42","13.43","13.51","13.42","40.35K","0.00%"
"04/04/2019","13.42","13.42","13.49","13.38","524.63K","0.15%"
"04/03/2019","13.40","13.74","13.74","13.38","1.43M","-2.47%"
"04/02/2019","13.74","13.53","13.75","13.53","1.68M","-0.29%"
"04/01/2019","13.78","13.60","13.86","13.50","1.20M","0.95%"
"03/31/2019","13.65","13.56","13.68","13.42","745.95K","0.89%"
"03/28/2019","13.53","13.38","13.68","13.38","595.83K","1.12%"
"03/27/2019","13.38","13.16","13.45","13.16","2.30M","0.30%"
"03/26/2019","13.34","13.38","13.39","13.16","507.27K","-0.74%"
"03/25/2019","13.44","13.39","13.48","13.37","1.69M","-1.03%"
"03/24/2019","13.58","13.60","13.68","13.38","220.63K","1.42%"
"03/21/2019","13.39","13.31","13.48","13.31","1.09M","0.00%"
"03/20/2019","13.39","13.39","13.45","13.38","986.66K","0.00%"
"03/19/2019","13.39","13.38","13.44","13.38","4.25M","-0.22%"
"03/18/2019","13.42","13.45","13.67","13.38","1.74M","-0.81%"
"03/17/2019","13.53","13.57","13.77","13.42","398.83K","-0.51%"
"03/14/2019","13.60","13.39","13.79","13.38","4.16M","1.42%"
"03/13/2019","13.41","13.53","13.53","13.38","1.25M","0.15%"
"03/12/2019","13.39","13.38","13.60","13.38","7.45M","0.30%"
"03/11/2019","13.35","12.97","13.60","12.96","10.84M","2.61%"
"03/10/2019","13.01","13.07","13.08","12.93","7.33M","0.08%"
"03/07/2019","13.00","12.84","13.19","12.71","9.07M","2.12%"
"03/06/2019","12.73","12.84","12.98","12.64","2.21M","-1.09%"
"03/05/2019","12.87","13.06","13.23","12.77","1.33M","-1.08%"
"03/04/2019","13.01","12.93","13.23","12.93","2.09M","0.39%"
"03/03/2019","12.96","13.01","13.10","12.73","1.35M","4.43%"
"02/28/2019","12.41","12.63","12.68","12.04","4.01M","-1.74%"
"02/27/2019","12.63","12.50","12.71","12.50","329.02K","-0.08%"
"02/26/2019","12.64","13.01","13.08","12.49","1.12M","-1.86%"
"02/25/2019","12.88","12.53","13.15","12.53","1.85M","2.71%"
"02/24/2019","12.54","12.64","12.64","12.41","387.82K","0.00%"
"02/21/2019","12.54","12.28","12.76","12.20","2.95M","2.70%"
"02/20/2019","12.21","12.12","12.44","12.03","5.83M","1.58%"
"02/19/2019","12.02","11.98","12.15","11.97","746.37K","0.00%"
"02/18/2019","12.02","12.03","12.12","11.89","2.75M","-0.41%"
"02/17/2019","12.07","12.23","12.44","11.82","1.56M","-1.55%"
"02/14/2019","12.26","12.47","12.47","12.21","398.23K","-1.53%"
"02/13/2019","12.45","12.33","12.52","12.12","4.75M","0.81%"
"02/12/2019","12.35","12.27","12.39","12.27","2.43M","0.65%"
"02/11/2019","12.27","12.13","12.34","12.13","1.56M","-0.16%"
"02/10/2019","12.29","12.42","12.49","12.14","2.57M","-1.29%"
"02/07/2019","12.45","12.55","12.55","12.40","2.75M","0.48%"
"02/06/2019","12.39","12.35","12.53","12.34","2.05M","0.32%"
"02/05/2019","12.35","12.26","12.48","12.21","3.83M","1.15%"
"02/04/2019","12.21","12.46","12.46","12.04","511.22K","-2.16%"
"02/03/2019","12.48","12.56","12.56","12.34","357.29K","-0.40%"
"01/31/2019","12.53","12.41","12.61","12.34","861.53K","0.97%"
"01/30/2019","12.41","12.09","12.47","12.09","1.70M","2.31%"
"01/29/2019","12.13","12.05","12.27","11.97","2.38M","1.08%"
"01/28/2019","12.00","12.07","12.18","11.89","5.54M","0.42%"
"01/27/2019","11.95","11.67","12.12","11.67","609.78K","3.55%"
"01/23/2019","11.54","11.60","11.69","11.45","1.79M","-0.86%"
"01/22/2019","11.64","12.04","12.04","11.50","1.53M","-1.85%"
"01/21/2019","11.86","11.86","11.91","11.81","1.39M","-0.25%"
"01/20/2019","11.89","11.92","11.98","11.82","1.01M","-0.92%"
"01/17/2019","12.00","12.20","12.26","11.87","622.81K","-1.88%"
"01/16/2019","12.23","12.26","12.26","12.19","189.15K","-0.41%"
"01/15/2019","12.28","12.19","12.35","12.19","203.07K","0.66%"
"01/14/2019","12.20","12.32","12.32","12.12","1.33M","-2.17%"
"01/13/2019","12.47","12.34","12.56","12.31","1.20M","1.22%"
"01/10/2019","12.32","12.26","12.51","12.08","1.50M","0.24%"
"01/09/2019","12.29","12.41","12.42","12.05","1.23M","-1.68%"
"01/08/2019","12.50","12.53","12.61","12.35","1.36M","-0.24%"
"01/06/2019","12.53","12.53","12.61","12.41","343.72K","1.29%"
"01/03/2019","12.37","12.05","12.63","12.05","1.73M","1.31%"
"01/02/2019","12.21","12.26","12.26","12.14","179.38K","0.99%"
"12/31/2018","12.09","11.95","12.26","11.89","1.08M","0.75%"
"12/30/2018","12.00","12.18","12.20","11.92","208.53K","-0.66%"
"12/27/2018","12.08","11.98","12.19","11.98","1.19M","2.20%"
"12/26/2018","11.82","11.86","11.95","11.74","378.78K","1.90%"
"12/25/2018","11.60","11.60","11.74","11.52","600.73K","-1.19%"
"12/24/2018","11.74","11.74","11.89","11.60","871.37K","-0.76%"
"12/23/2018","11.83","12.09","12.09","11.74","292.79K","-0.34%"
"12/20/2018","11.87","11.87","12.18","11.64","2.64M","-0.50%"
"12/19/2018","11.93","12.26","12.41","11.74","4.58M","-2.45%"
"12/18/2018","12.23","12.12","12.41","12.08","651.76K","-2.16%"
"12/17/2018","12.50","12.45","12.64","12.34","1.76M","0.48%"
"12/16/2018","12.44","12.16","12.75","12.06","1.05M","2.30%"
"12/13/2018","12.16","12.26","12.26","12.08","761.22K","2.79%"
"12/12/2018","11.83","12.41","12.41","11.35","3.90M","-4.90%"
"12/11/2018","12.44","12.60","12.60","12.34","810.71K","-2.12%"
"12/10/2018","12.71","13.00","13.05","12.45","1.96M","1.52%"
"12/09/2018","12.52","12.71","12.71","12.26","120.38K","-3.32%"
"12/06/2018","12.95","13.01","13.01","12.67","2.39M","-0.38%"
"12/05/2018","13.00","13.02","13.02","12.90","368.37K","-2.26%"
"12/04/2018","13.30","13.39","13.39","13.16","513.56K","-1.92%"
"12/03/2018","13.56","13.73","13.75","13.31","3.85M","-1.24%"
"12/02/2018","13.73","13.61","13.83","13.61","57.62K","0.00%"
"11/29/2018","13.73","13.37","14.09","13.37","2.75M","3.78%"
"11/28/2018","13.23","12.84","13.38","12.84","2.08M","1.46%"
"11/27/2018","13.04","12.79","13.26","12.79","103.33K","2.60%"
"11/26/2018","12.71","12.73","13.10","12.56","615.54K","-3.20%"
"11/25/2018","13.13","13.38","13.38","12.65","94.47K","-1.87%"
"11/22/2018","13.38","13.38","13.51","13.21","2.01M","0.00%"
"11/21/2018","13.38","13.40","13.53","13.12","1.99M","-0.96%"
"11/19/2018","13.51","13.94","14.12","13.31","701.73K","-2.31%"
"11/18/2018","13.83","13.23","14.01","13.23","334.93K","4.54%"
"11/15/2018","13.23","12.50","13.57","12.50","1.24M","4.58%"
"11/14/2018","12.65","12.75","12.79","12.60","3.89M","-0.78%"
"11/13/2018","12.75","12.71","12.82","12.61","1.10M","2.25%"
"11/12/2018","12.47","12.14","13.01","12.14","2.64M","2.21%"
"11/11/2018","12.20","12.64","12.64","12.06","158.51K","-2.48%"
"11/08/2018","12.51","12.55","12.61","12.41","673.74K","1.30%"
"11/07/2018","12.35","12.16","12.56","12.08","1.43M","2.24%"
"11/06/2018","12.08","11.89","12.15","11.89","170.05K","1.60%"
"11/05/2018","11.89","11.76","12.01","11.76","924.43K","0.08%"
"11/04/2018","11.88","11.89","12.04","11.71","321.90K","-0.59%"
"11/01/2018","11.95","11.96","11.96","11.57","3.19M","-0.08%"
"10/31/2018","11.96","12.18","12.24","11.60","2.81M","0.50%"
"10/30/2018","11.90","11.38","12.12","11.38","518.13K","1.97%"
"10/29/2018","11.67","11.45","11.80","11.45","329.71K","0.95%"
"10/28/2018","11.56","11.82","11.82","11.30","176.74K","-2.03%"
"10/25/2018","11.80","11.85","11.85","11.67","1.30M","-0.59%"
"10/24/2018","11.87","12.06","12.06","11.67","3.03M","-1.98%"
"10/23/2018","12.11","12.09","12.29","11.89","883.98K","0.58%"
"10/22/2018","12.04","12.32","12.32","11.90","1.81M","-0.17%"
"10/21/2018","12.06","11.45","12.33","11.37","1.15M","3.43%"
"10/18/2018","11.66","11.65","11.83","11.60","1.72M","-1.19%"
"10/17/2018","11.80","11.71","11.97","11.67","1.06M","3.42%"
"10/16/2018","11.41","10.91","11.89","10.85","1.04M","0.18%"
"10/15/2018","11.39","11.38","11.45","11.31","4.20M","-1.56%"
"10/14/2018","11.57","11.60","11.67","11.45","1.05M","0.00%"
"10/11/2018","11.57","11.63","11.74","11.38","3.29M","-2.61%"
"10/10/2018","11.88","12.26","12.27","11.67","4.76M","0.68%"
"10/09/2018","11.80","11.88","12.19","11.52","1.01M","-0.51%"
"10/08/2018","11.86","12.61","12.61","11.56","626.27K","-3.97%"
"10/04/2018","12.35","12.15","12.53","12.15","725.97K","-2.53%"
"10/03/2018","12.67","13.01","13.03","12.26","765.73K","-2.76%"
"10/02/2018","13.03","13.04","13.38","12.93","2.08M","-2.91%"
"10/01/2018","13.42","13.38","13.66","13.25","1.37M","-1.32%"
"09/30/2018","13.60","14.70","14.73","13.37","636.11K","-3.41%"
"09/27/2018","14.08","14.70","14.70","13.68","248.76K","5.00%"
"09/26/2018","13.41","12.93","13.83","12.93","1.38M","2.52%"
"09/25/2018","13.08","12.85","13.23","12.85","755.13K","2.83%"
"09/24/2018","12.72","12.75","12.93","12.64","1.98M","-1.62%"
"09/23/2018","12.93","12.73","13.01","12.73","200.26K","0.86%"
"09/20/2018","12.82","13.22","13.22","11.89","4.64M","-0.08%"
"09/19/2018","12.83","13.09","13.23","12.53","2.35M","-3.53%"
"09/18/2018","13.30","13.07","13.38","13.07","1.63M","3.83%"
"09/17/2018","12.81","13.23","13.23","12.50","1.43M","-4.26%"
"09/16/2018","13.38","13.83","13.83","13.16","495.02K","-6.17%"
"09/13/2018","14.26","14.62","14.62","13.82","3.04M","-2.26%"
"09/12/2018","14.59","14.84","14.84","14.12","1.55M","-1.82%"
"09/10/2018","14.86","14.87","14.87","14.78","1.06M","-0.93%"
"09/09/2018","15.00","15.02","15.02","14.87","381.12K","-0.20%"
"09/06/2018","15.03","14.88","15.16","14.88","338.83K","-0.07%"
"09/05/2018","15.04","15.16","15.16","14.87","728.85K","-0.86%"
"09/04/2018","15.17","15.39","15.39","15.15","1.06M","-0.91%"
"09/03/2018","15.31","15.46","15.46","15.09","735.72K","-0.33%"
"09/02/2018","15.36","15.46","15.46","15.31","70.89K","-0.39%"
"08/30/2018","15.42","15.60","15.61","14.87","1.29M","-0.32%"
"08/29/2018","15.47","15.46","15.61","15.42","1.46M","0.45%"
"08/28/2018","15.40","15.31","15.58","15.31","1.05M","2.74%"
"08/27/2018","14.99","14.87","15.61","14.87","957.28K","-0.40%"
"08/26/2018","15.05","15.30","15.31","14.88","377.76K","-0.79%"
"08/19/2018","15.17","15.17","15.46","15.16","56.63K","-0.13%"
"08/16/2018","15.19","15.16","15.46","15.02","100.71K","-2.94%"
"08/15/2018","15.65","15.86","15.86","15.44","1.45M","-0.19%"
"08/14/2018","15.68","14.97","15.86","14.97","1.57M","-2.85%"
"08/13/2018","16.14","15.99","16.35","14.36","939.91K","1.19%"
"08/12/2018","15.95","16.34","16.34","15.86","24.94K","-1.36%"
"08/09/2018","16.17","16.12","16.35","16.06","648.58K","2.34%"
"08/08/2018","15.80","16.16","16.16","15.66","1.30M","-2.53%"
"08/07/2018","16.21","16.35","16.35","16.11","161.59K","-0.86%"
"08/06/2018","16.35","16.35","16.35","16.30","1.87M","-0.06%"
"08/05/2018","16.36","16.42","16.42","16.31","309.48K","0.06%"
"08/02/2018","16.35","16.35","16.41","16.35","598.71K","0.06%"
"08/01/2018","16.34","16.60","16.70","16.20","545.01K","0.06%"
"07/31/2018","16.33","16.41","16.65","16.25","1.01M","-1.21%"
"07/30/2018","16.53","16.73","16.73","16.45","950.07K","-1.31%"
"07/29/2018","16.75","16.75","16.84","16.55","320.20K","5.28%"
"07/26/2018","15.91","15.76","16.85","15.76","2.71M","0.19%"
"07/25/2018","15.88","15.82","15.96","15.66","485.24K","0.57%"
"07/24/2018","15.79","15.76","15.96","15.66","833.52K","0.96%"
"07/22/2018","15.64","15.57","15.76","15.57","80.83K","0.26%"
"07/19/2018","15.60","15.88","15.88","15.56","2.47M","-2.38%"
"07/18/2018","15.98","15.86","16.06","15.86","1.15M","0.57%"
"07/17/2018","15.89","16.12","16.33","15.76","4.26M","-2.46%"
"07/16/2018","16.29","16.55","16.55","15.96","992.85K","-1.63%"
"07/15/2018","16.56","16.55","16.58","16.55","448.84K","-0.24%"
"07/12/2018","16.60","16.75","16.85","16.46","508.94K","1.10%"
"07/11/2018","16.42","16.20","16.46","16.18","2.73M","0.86%"
"07/10/2018","16.28","16.16","16.55","15.86","2.19M","-0.97%"
"07/09/2018","16.44","16.16","17.05","15.76","1.31M","-0.42%"
"07/08/2018","16.51","17.25","17.25","16.35","97.81K","-2.54%"
"07/05/2018","16.94","17.32","17.33","16.85","654.68K","-1.22%"
"07/04/2018","17.15","17.05","17.20","17.05","1.16M","-1.10%"
"07/03/2018","17.34","17.63","17.63","17.16","1.61M","-0.46%"
"07/02/2018","17.42","17.84","17.84","16.88","641.23K","-2.63%"
"06/28/2018","17.89","17.84","18.02","17.64","2.27M","2.93%"
"06/27/2018","17.38","17.13","17.64","17.13","3.42M","1.46%"
"06/26/2018","17.13","17.52","18.43","16.85","2.68M","0.18%"
"06/25/2018","17.10","16.25","17.26","16.25","977.29K","5.82%"
"06/24/2018","16.16","16.01","16.34","16.01","389.19K","0.37%"
"06/21/2018","16.10","16.14","16.14","15.86","423.61K","2.09%"
"06/20/2018","15.77","15.56","15.86","15.56","467.25K","-1.31%"
"06/19/2018","15.98","16.01","16.16","15.82","1.33M","0.31%"
"06/14/2018","15.93","15.76","16.35","15.76","2.40M","0.89%"
"06/13/2018","15.79","15.56","15.86","15.56","489.79K","2.13%"
"06/12/2018","15.46","15.68","15.86","15.36","2.16M","-1.84%"
"06/11/2018","15.75","15.86","15.86","15.36","1.07M","-4.31%"
"06/10/2018","16.46","16.70","16.70","16.35","721.43K","-0.06%"
"06/07/2018","16.47","16.35","16.60","16.35","884.24K","-1.38%"
"06/06/2018","16.70","16.85","16.85","16.57","1.39M","-0.77%"
"06/05/2018","16.83","16.65","17.05","16.65","1.31M","-1.98%"
"06/04/2018","17.17","17.64","17.64","16.75","1.12M","-1.94%"
"06/03/2018","17.51","17.89","18.13","17.36","123.88K","0.00%"
"05/31/2018","17.51","17.34","17.99","17.25","9.76M","1.39%"
"05/30/2018","17.27","17.44","17.44","16.87","796.48K","0.58%"
"05/29/2018","17.17","16.95","17.54","16.95","1.80M","1.72%"
"05/28/2018","16.88","16.85","17.47","16.85","625.54K","-0.82%"
"05/27/2018","17.02","16.99","17.44","16.36","134.11K","5.13%"
"05/24/2018","16.19","16.35","17.14","16.06","1.76M","-1.70%"
"05/23/2018","16.47","16.85","16.85","16.06","810.65K","-1.61%"
"05/22/2018","16.74","16.66","16.85","16.58","972.22K","-1.18%"
"05/21/2018","16.94","17.44","17.52","16.75","489.69K","-2.31%"
"05/20/2018","17.34","17.29","17.44","17.20","354.86K","2.66%"
"05/17/2018","16.89","16.85","17.34","16.65","332.90K","-2.71%"
"05/16/2018","17.36","17.09","17.30","16.90","25.64K","0.00%"
"05/15/2018","17.36","17.84","17.84","17.25","5.22M","0.12%"
"05/14/2018","17.34","17.36","17.64","17.06","9.47M","-0.12%"
"05/13/2018","17.36","17.84","18.14","17.05","432.96K","-2.85%"
"05/10/2018","17.87","18.63","18.63","17.64","1.94M","-4.28%"
"05/09/2018","18.67","19.22","19.22","18.45","1.74M","-2.20%"
"05/08/2018","19.09","18.98","19.33","18.83","892.92K","0.10%"
"05/07/2018","19.07","19.57","19.57","18.63","845.94K","-2.36%"
"05/06/2018","19.53","20.02","20.12","19.23","55.19K","-1.31%"
"05/03/2018","19.79","20.03","20.03","19.72","588.88K","-2.56%"
"05/02/2018","20.31","20.42","20.42","20.13","1.20M","-0.15%"
"04/30/2018","20.34","19.83","20.52","19.82","2.04M","2.52%"
"04/29/2018","19.84","19.82","20.15","19.82","67.20K","0.10%"
"04/26/2018","19.82","19.82","19.82","19.16","2.84M","0.15%"
"04/24/2018","19.79","19.82","19.82","19.66","1.01M","-0.10%"
"04/23/2018","19.81","19.81","19.82","19.69","2.03M","0.30%"
"04/22/2018","19.75","19.89","19.89","19.49","714.47K","-0.80%"
"04/19/2018","19.91","19.95","20.31","19.56","1.49M","0.45%"
"04/18/2018","19.82","19.82","19.82","19.67","1.54M","-0.10%"
"04/17/2018","19.84","19.95","19.95","19.49","1.20M","-0.20%"
"04/16/2018","19.88","19.95","19.95","19.49","414.81K","-0.20%"
"04/15/2018","19.92","19.82","20.32","19.82","492.96K","0.50%"
"04/12/2018","19.82","19.81","19.82","19.71","1.85M","0.05%"
"04/11/2018","19.81","19.79","19.95","19.56","6.68M","1.28%"
"04/10/2018","19.56","19.19","19.82","19.16","3.76M","2.09%"
"04/05/2018","19.16","19.33","19.43","18.50","4.78M","-1.08%"
"04/04/2018","19.37","19.49","19.49","19.19","719.28K","-0.05%"
"04/03/2018","19.38","19.66","19.66","18.83","530.62K","2.27%"
"04/02/2018","18.95","19.33","19.33","18.73","232.83K","-3.46%"
"04/01/2018","19.63","19.49","19.65","19.49","202.29K","-0.10%"
"03/29/2018","19.65","19.65","19.66","19.53","2.33M","-0.15%"
"03/28/2018","19.68","19.82","19.82","19.46","5.68M","-0.71%"
"03/27/2018","19.82","19.99","19.99","19.76","3.60M","-0.50%"
"03/26/2018","19.92","20.43","20.43","19.82","3.59M","0.50%"
"03/25/2018","19.82","19.82","20.12","19.66","738.99K","-2.60%"
"03/22/2018","20.35","20.17","20.42","20.15","2.83M","0.39%"
"03/21/2018","20.27","20.38","20.44","20.16","2.62M","-0.30%"
"03/20/2018","20.33","20.35","20.38","20.15","1.90M","0.25%"
"03/19/2018","20.28","20.15","20.35","20.15","3.78M","0.65%"
"03/18/2018","20.15","20.15","20.30","19.99","6.47M","0.50%"
"03/15/2018","20.05","19.72","20.15","19.62","32.05M","1.93%"
"03/14/2018","19.67","20.61","20.63","19.49","15.83M","-1.55%"
"03/13/2018","19.98","19.33","20.48","19.16","7.53M","2.78%"
"03/12/2018","19.44","20.45","20.48","19.05","7.86M","-1.77%"
"03/11/2018","19.79","21.74","21.74","19.05","5.03M","-6.47%"
"03/08/2018","21.16","20.65","22.40","20.65","8.36M","3.88%"
"03/07/2018","20.37","19.79","20.75","19.49","6.79M","6.76%"
"03/06/2018","19.08","18.67","19.82","18.67","8.06M","3.30%"
"03/05/2018","18.47","18.43","18.63","18.34","9.60M","1.60%"
"03/04/2018","18.18","18.14","18.34","18.14","6.67M","-0.05%"
"03/01/2018","18.19","18.30","18.34","18.07","17.69M","-0.38%"
"02/28/2018","18.26","19.15","19.81","17.25","81.64M","1.39%"
"02/27/2018","18.01","17.67","18.15","17.67","3.72M","3.45%"
"02/26/2018","17.41","17.18","17.51","17.01","1.53M","-0.23%"
"02/25/2018","17.45","17.51","17.64","17.15","647.46K","6.53%"
"02/22/2018","16.38","16.19","16.52","16.19","6.33M","-0.73%"
"02/21/2018","16.50","16.52","16.52","16.45","4.19M","1.73%"
"02/20/2018","16.22","15.89","16.52","15.89","3.38M","2.14%"
"02/19/2018","15.88","15.86","15.96","15.69","3.93M","-0.31%"
"02/18/2018","15.93","16.15","16.16","15.69","3.88M","-1.55%"
"02/15/2018","16.18","16.35","16.35","16.02","4.13M","-1.04%"
"02/14/2018","16.35","16.35","16.35","16.20","5.91M","-0.79%"
"02/13/2018","16.48","16.11","17.25","16.11","8.04M","4.17%"
"02/12/2018","15.82","15.81","15.82","15.81","1.35M","0.00%"
"02/11/2018","15.82","15.83","15.83","15.82","797.32K","-0.06%"
"02/08/2018","15.83","15.86","15.86","15.73","8.90M","-0.13%"
"02/07/2018","15.85","15.91","15.91","15.69","2.37M","-0.38%"
"02/06/2018","15.91","15.28","16.02","15.26","2.96M","-0.62%"
"02/05/2018","16.01","15.76","16.45","15.76","4.19M","1.65%"
"02/04/2018","15.75","15.53","16.19","15.53","10.04M","2.01%"
"02/01/2018","15.44","15.30","15.86","15.30","1.88M","0.98%"
"01/31/2018","15.29","15.20","15.53","15.20","1.78M","0.86%"
"01/30/2018","15.16","14.87","15.53","14.87","1.92M","1.88%"
"01/29/2018","14.88","14.79","15.53","14.79","4.24M","0.61%"
"01/28/2018","14.79","14.79","14.80","14.79","2.49M","0.00%"
"01/24/2018","14.79","14.87","14.87","14.70","3.10M","-0.60%"
"01/23/2018","14.88","15.06","15.06","14.87","1.62M","-1.20%"
"01/22/2018","15.06","15.03","15.06","15.00","4.77M","1.21%"
"01/21/2018","14.88","15.03","15.03","14.87","67.95K","-0.87%"
"01/18/2018","15.01","14.87","15.06","14.87","205.56K","-0.46%"
"01/17/2018","15.08","15.03","15.10","14.87","1.08M","-0.20%"
"01/16/2018","15.11","15.15","15.15","15.03","142.57K","0.33%"
"01/15/2018","15.06","14.87","15.15","14.87","483.91K","-0.46%"
"01/14/2018","15.13","14.64","14.64","14.57","7.63K","0.00%"
"01/11/2018","15.13","15.20","15.20","14.04","915.03K","-0.46%"
"01/10/2018","15.20","15.03","15.20","15.03","1.33M","1.13%"
"01/09/2018","15.03","15.03","15.13","15.03","546.75K","0.00%"
"01/08/2018","15.03","15.03","15.16","15.00","607.05K","0.87%"
"01/04/2018","14.90","14.85","15.03","14.85","5.37M","0.68%"
"01/03/2018","14.80","14.78","14.80","14.54","2.04M","0.07%"
"01/02/2018","14.79","15.52","15.52","14.21","92.50K","-0.34%"
"12/31/2017","14.84","14.47","15.20","14.47","60.99K","2.27%"
"12/28/2017","14.51","14.54","14.54","13.58","2.52M","-0.14%"
"12/27/2017","14.53","14.50","14.54","13.88","1.95M","0.21%"
"12/26/2017","14.50","14.21","14.57","14.21","2.86M","2.04%"
"12/25/2017","14.21","14.21","14.37","14.21","1.77M","1.07%"
"12/24/2017","14.06","14.04","14.21","14.04","258.13K","0.07%"
"12/21/2017","14.05","13.71","14.87","13.71","1.74M","2.41%"
"12/20/2017","13.72","13.71","13.84","13.71","686.47K","0.44%"
"12/19/2017","13.66","13.61","13.71","13.61","1.13M","0.52%"
"12/18/2017","13.59","13.58","13.64","13.55","809.03K","1.34%"
"12/17/2017","13.41","13.23","13.71","13.23","30.33K","-1.03%"
"12/14/2017","13.55","13.68","13.68","13.35","2.79M","2.50%"
"12/13/2017","13.22","13.22","13.22","13.22","91.38K","0.00%"
"12/12/2017","13.22","13.15","13.38","13.15","3.35M","1.38%"
"12/11/2017","13.04","12.79","13.18","12.72","267.06K","0.54%"
"12/10/2017","12.97","12.88","13.05","12.88","6.06M","1.81%"
"12/07/2017","12.74","12.56","13.21","12.55","2.20M","1.43%"
"12/06/2017","12.56","12.56","12.65","12.55","2.22M","0.00%"
"12/05/2017","12.56","12.55","12.57","12.55","12.33M","0.00%"
"12/04/2017","12.56","12.55","12.88","12.55","548.48K","0.08%"
"12/03/2017","12.55","12.55","12.62","12.55","1.05M","-0.08%"
"11/29/2017","12.56","12.55","12.72","12.55","2.03M","0.08%"
"11/28/2017","12.55","12.55","12.59","12.55","3.50M","0.00%"
"11/27/2017","12.55","13.15","13.15","12.39","7.53M","1.29%"
"11/26/2017","12.39","12.16","12.72","12.16","1.93M","3.86%"
"11/23/2017","11.93","11.55","12.17","11.53","7.11M","7.87%"
"11/22/2017","11.06","10.90","11.53","10.90","8.24M","5.23%"
"11/21/2017","10.51","10.44","10.57","10.44","2.62M","0.57%"
"11/20/2017","10.45","10.47","10.47","10.24","2.44M","-0.85%"
"11/19/2017","10.54","10.57","10.57","10.24","320.85K","-0.19%"
"11/16/2017","10.56","10.59","10.59","10.08","3.98M","-0.28%"
"11/15/2017","10.59","10.60","10.60","10.41","2.71M","-0.47%"
"11/14/2017","10.64","10.59","10.65","10.59","3.16M","-0.93%"
"11/13/2017","10.74","10.74","10.74","10.58","258.95K","1.32%"
"11/12/2017","10.60","10.59","10.61","10.59","1.79M","0.09%"
"11/09/2017","10.59","10.58","10.74","10.58","3.14M","0.09%"
"11/08/2017","10.58","10.58","10.74","10.58","4.04M","0.00%"
"11/07/2017","10.58","10.24","10.90","10.24","6.76M","0.86%"
"11/06/2017","10.49","10.36","10.57","10.36","7.04M","1.45%"
"11/02/2017","10.34","10.57","10.57","10.34","756.79K","0.00%"
"11/01/2017","10.34","10.47","10.49","10.27","1.95M","-1.34%"
"10/31/2017","10.48","10.28","10.57","10.28","3.48M","2.34%"
"10/30/2017","10.24","10.24","10.31","10.24","204.32K","-0.97%"
"10/26/2017","10.34","10.41","10.41","10.08","898.99K","1.08%"
"10/25/2017","10.23","10.21","10.24","10.21","100.16K","1.49%"
"10/24/2017","10.08","9.98","10.09","9.98","338.83K","-1.56%"
"10/23/2017","10.24","10.08","10.24","10.08","2.53M","0.00%"
"10/22/2017","10.24","10.24","10.24","10.08","234.89K","1.89%"
"10/19/2017","10.05","9.94","10.09","9.94","1.99M","1.11%"
"10/18/2017","9.94","10.21","10.21","9.91","528.89K","-3.68%"
"10/17/2017","10.32","10.41","10.41","10.24","327.97K","-1.15%"
"10/16/2017","10.44","10.41","10.57","9.94","269.18K","-1.23%"
"10/15/2017","10.57","10.57","10.57","10.56","250.33K","0.00%"
"10/12/2017","10.57","10.57","10.57","10.41","1.16M","0.00%"
"10/11/2017","10.57","10.57","10.57","10.57","7.12M","-1.49%"
"10/10/2017","10.73","10.60","10.74","10.57","996.49K","-0.09%"
"10/09/2017","10.74","10.74","10.74","10.73","4.16M","0.00%"
"10/08/2017","10.74","10.90","10.90","10.27","2.50M","-1.47%"
"10/04/2017","10.90","10.90","10.90","10.90","1.79M","-1.09%"
"10/03/2017","11.02","10.87","11.23","10.87","8.47M","3.67%"
"10/02/2017","10.63","10.08","11.09","10.08","16.81M","5.46%"
"10/01/2017","10.08","10.01","10.24","10.01","106.79K","1.92%"
"09/28/2017","9.89","9.65","9.91","9.65","948.24K","2.59%"
"09/27/2017","9.64","9.51","9.68","9.51","39.68K","2.77%"
"09/26/2017","9.38","9.38","9.38","9.38","1.34M","0.00%"
"09/25/2017","9.38","9.25","9.38","9.25","1.10M","-1.37%"
"09/24/2017","9.51","9.28","9.28","8.59","7.51K","0.00%"
"09/20/2017","9.51","9.51","9.51","9.51","3.38M","0.32%"
"09/19/2017","9.48","9.48","9.51","8.57","6.35M","-0.11%"
"09/14/2017","9.49","9.75","9.75","9.45","793.99K","0.74%"
"09/13/2017","9.42","9.42","9.45","9.41","950.66K","-0.32%"
"09/12/2017","9.45","9.45","9.45","9.45","824.32K","-0.63%"
"09/11/2017","9.51","9.51","9.51","9.51","2.48M","0.00%"
"09/10/2017","9.51","9.58","9.58","9.25","759.15K","-0.42%"
"09/07/2017","9.55","9.55","9.55","9.54","1.53M","0.00%"
"09/06/2017","9.55","9.31","9.31","9.29","12.11K","0.00%"
"09/05/2017","9.55","9.55","9.55","9.28","1.67M","-0.31%"
"08/30/2017","9.58","9.58","9.58","9.58","870.84K","0.00%"
"08/29/2017","9.58","9.58","9.58","9.57","570.42K","0.00%"
"08/28/2017","9.58","9.58","9.58","9.58","3.36M","0.00%"
"08/27/2017","9.58","9.58","9.58","9.58","2.13M","0.00%"
"08/24/2017","9.58","9.58","9.58","9.56","829.37K","0.00%"
"08/23/2017","9.58","9.58","9.58","9.57","960.04K","0.00%"
"08/22/2017","9.58","9.58","9.58","9.42","1.04M","0.00%"
"08/21/2017","9.58","9.28","9.73","9.28","1.54M","0.00%"
"08/20/2017","9.58","9.42","9.58","9.25","553.32K","0.00%"
"08/17/2017","9.58","9.58","9.88","9.42","2.69M","1.27%"
"08/16/2017","9.46","9.42","9.58","9.42","2.60M","1.07%"
"08/15/2017","9.36","9.37","9.37","9.27","911.28K","-0.64%"
"08/14/2017","9.42","9.42","9.42","9.35","679.21K","-1.88%"
"08/13/2017","9.60","9.51","9.51","9.51","1.51K","0.00%"
"08/10/2017","9.60","9.91","9.91","9.58","364.44K","-1.44%"
"08/09/2017","9.74","9.75","9.75","9.61","862.64K","-1.22%"
"08/08/2017","9.86","9.91","9.91","9.68","1.72M","-0.50%"
"08/07/2017","9.91","9.91","9.91","9.91","315.22K","0.00%"
"08/06/2017","9.91","9.91","9.91","9.91","31.09K","-1.59%"
"08/03/2017","10.07","10.08","10.24","10.02","3.03M","-0.10%"
"08/02/2017","10.08","10.04","10.08","10.04","226.11K","0.00%"
"08/01/2017","10.08","10.08","10.08","9.91","8.20M","-1.56%"
"07/31/2017","10.24","10.09","10.09","10.08","4.21K","0.00%"
"07/30/2017","10.24","10.24","10.24","10.08","112.09K","0.00%"
"07/27/2017","10.24","10.24","10.24","10.22","1.82M","0.00%"
"07/26/2017","10.24","10.24","10.24","10.11","1.54M","0.00%"
"07/25/2017","10.24","10.24","10.24","10.08","1.59M","0.00%"
"07/24/2017","10.24","10.22","10.27","10.22","1.47M","1.99%"
"07/20/2017","10.04","10.04","10.04","10.04","786.78K","0.30%"
"07/19/2017","10.01","10.01","10.04","10.01","1.62M","0.91%"
"07/18/2017","9.92","9.98","9.98","9.91","474.32K","0.10%"
"07/17/2017","9.91","9.88","10.70","9.78","1.29M","1.64%"
"07/13/2017","9.75","9.89","10.08","9.75","1.69M","0.00%"
"07/12/2017","9.75","9.45","9.89","9.45","1.38M","1.88%"
"07/11/2017","9.57","9.35","9.58","9.35","328.72K","-0.10%"
"07/10/2017","9.58","9.58","9.58","9.58","508.52K","-0.10%"
"07/09/2017","9.59","9.71","9.89","9.27","651.88K","0.10%"
"07/06/2017","9.58","9.58","9.58","9.58","3.04M","-0.10%"
"07/05/2017","9.59","9.38","9.75","9.38","66.59K","2.24%"
"07/04/2017","9.38","9.38","9.38","9.38","15.13K","0.32%"
"07/03/2017","9.35","9.33","9.47","9.33","411.66K","0.21%"
"07/02/2017","9.33","9.33","9.42","9.28","1.40M","-0.11%"
"06/28/2017","9.34","9.42","9.58","9.25","1.86M","-5.75%"
"06/22/2017","9.91","9.91","9.91","9.91","281.32K","2.16%"
"06/21/2017","9.70","9.70","9.70","9.70","98.56K","2.75%"
"06/20/2017","9.44","9.88","9.91","9.25","13.14K","-4.74%"
"06/19/2017","9.91","9.42","9.91","9.42","5.39K","0.00%"
"06/18/2017","9.91","9.75","9.91","9.75","6.88M","3.55%"
"06/15/2017","9.57","9.32","9.58","9.32","5.49M","4.25%"
"06/14/2017","9.18","8.99","9.25","8.99","1.31M","2.46%"
"06/13/2017","8.96","8.92","9.00","8.92","626.42K","1.13%"
"06/12/2017","8.86","8.75","8.92","8.75","5.65M","1.61%"
"06/11/2017","8.72","8.70","8.92","8.70","9.14K","-0.46%"
"06/08/2017","8.76","8.42","8.92","8.42","2.98M","0.11%"
"06/07/2017","8.75","8.75","8.75","8.75","11.41M","0.00%"
"06/06/2017","8.75","8.79","8.79","8.36","1.26M","0.00%"
"06/05/2017","8.75","8.52","8.75","8.52","4.33M","2.10%"
"06/04/2017","8.57","8.52","8.92","8.52","215.76K","0.59%"
"06/01/2017","8.52","8.42","8.59","8.42","1.64M","0.83%"
"05/31/2017","8.45","8.36","8.46","8.36","210.31K","0.00%"
"05/30/2017","8.45","8.34","8.51","8.34","7.64M","1.32%"
"05/29/2017","8.34","8.50","8.50","8.34","2.91M","-1.88%"
"05/28/2017","8.50","8.09","8.51","8.09","27.18K","0.00%"
"05/25/2017","8.50","8.44","8.52","8.36","481.46K","1.67%"
"05/24/2017","8.36","8.36","8.42","8.36","1.20M","0.00%"
"05/23/2017","8.36","8.36","8.36","8.01","2.59M","0.24%"
"05/22/2017","8.34","8.34","8.34","8.34","6.41M","0.00%"
"05/21/2017","8.34","8.34","8.34","8.34","8.55M","-0.12%"
"05/18/2017","8.35","8.42","8.42","7.96","12.49M","1.09%"
"05/17/2017","8.26","8.14","8.26","7.83","2.86M","3.12%"
"05/16/2017","8.01","7.93","8.09","7.93","7.60M","2.43%"
"05/15/2017","7.82","7.65","7.93","7.65","2.03M","2.22%"
"05/14/2017","7.65","7.65","7.65","7.65","1.03M","0.26%"
"05/11/2017","7.63","7.60","7.65","7.60","70.86K","0.39%"
"05/10/2017","7.60","7.27","7.60","7.27","8.54M","0.80%"
"05/09/2017","7.54","7.54","7.54","7.54","6.93M","0.00%"
"05/08/2017","7.54","7.41","7.54","7.41","1.39M","1.75%"
"05/07/2017","7.41","7.28","7.28","7.27","1.82K","0.00%"
"05/04/2017","7.41","7.43","7.53","7.41","2.62M","1.79%"
"05/03/2017","7.28","7.29","7.30","7.27","2.53M","0.14%"
"05/02/2017","7.27","7.27","7.52","7.27","4.62M","0.00%"
"04/30/2017","7.27","7.27","7.27","6.64","5.15M","-0.95%"
"04/27/2017","7.34","7.53","7.60","7.27","3.21M","0.96%"
"04/26/2017","7.27","7.27","7.37","7.27","7.14M","0.00%"
"04/24/2017","7.27","7.27","7.27","7.27","917.91K","0.00%"
"04/23/2017","7.27","6.94","7.27","6.94","4.01M","-3.84%"
"04/20/2017","7.56","7.60","7.70","7.43","373.31K","-0.53%"
"04/19/2017","7.60","7.60","7.60","7.43","393.59K","-0.13%"
"04/18/2017","7.61","7.60","7.66","7.31","510.00K","4.68%"
"04/13/2017","7.27","7.24","7.81","7.24","1.03M","2.39%"
"04/12/2017","7.10","7.10","7.27","7.10","2.67M","0.00%"
"04/11/2017","7.10","7.09","7.10","7.09","12.11K","0.14%"
"04/09/2017","7.09","7.09","7.09","7.09","9.33M","0.00%"
"04/06/2017","7.09","7.08","7.10","6.62","3.49M","0.14%"
"04/05/2017","7.08","7.07","7.10","6.77","1.10M","-0.28%"
"04/04/2017","7.10","7.10","7.10","7.10","5.66M","-0.14%"
"04/03/2017","7.11","7.04","7.15","7.04","68.77K","0.99%"
"03/30/2017","7.04","7.10","7.10","7.04","1.93M","0.43%"
"03/29/2017","7.01","6.94","7.10","6.94","1.46M","3.70%"
"03/28/2017","6.76","6.74","6.94","6.74","457.61K","1.96%"
"03/27/2017","6.63","6.64","6.74","6.61","1.02M","-0.30%"
"03/26/2017","6.65","6.61","6.66","6.61","1.18M","-0.15%"
"03/23/2017","6.66","6.61","6.67","6.61","1.94M","0.00%"
"03/22/2017","6.66","6.61","6.67","6.44","2.53M","0.76%"
"03/21/2017","6.61","6.61","6.61","6.61","13.44K","0.00%"
"03/20/2017","6.61","6.61","6.61","6.61","2.05M","0.00%"
"03/19/2017","6.61","6.61","6.61","6.61","12.53K","-1.78%"
"03/16/2017","6.73","6.61","6.74","6.61","256.62K","-0.15%"
"03/15/2017","6.74","6.74","6.74","6.67","323.15K","0.00%"
"03/14/2017","6.74","6.74","6.74","6.74","4.35M","0.00%"
"03/13/2017","6.74","6.61","6.84","6.61","9.39M","-0.44%"
"03/12/2017","6.77","6.61","6.77","6.61","1.32M","2.42%"
"03/09/2017","6.61","6.61","6.64","6.61","567.03K","0.00%"
"03/08/2017","6.61","6.57","6.64","6.57","3.74M","1.54%"
"03/07/2017","6.51","6.44","6.51","6.44","5.27M","0.15%"
"03/06/2017","6.50","6.18","6.57","6.16","45.68K","-1.07%"
"03/05/2017","6.57","6.57","6.57","6.57","7.57K","2.02%"
"03/02/2017","6.44","6.44","6.44","6.44","1.81M","-2.28%"
"03/01/2017","6.59","6.67","6.67","6.44","971.91K","-1.05%"
"02/28/2017","6.66","6.38","6.67","6.38","273.84K","1.06%"
"02/27/2017","6.59","6.28","6.28","6.28","3.03K","0.00%"
"02/26/2017","6.59","6.31","6.69","6.28","17.80K","-1.49%"
"02/23/2017","6.69","6.51","6.81","6.28","179.77K","-1.62%"
"02/22/2017","6.80","6.82","6.82","6.51","2.82K","0.00%"
"02/21/2017","6.80","6.87","6.87","6.87","1.30K","0.00%"
"02/20/2017","6.80","6.71","6.86","6.71","18.22K","-0.58%"
"02/16/2017","6.84","6.66","6.87","6.39","85.21K","-0.44%"
"02/14/2017","6.87","7.20","7.20","6.87","4.59M","-1.01%"
"02/13/2017","6.94","6.89","6.94","6.89","3.80M","-1.84%"
"02/12/2017","7.07","7.07","7.10","7.07","121.08K","0.14%"
"02/09/2017","7.06","6.87","7.27","6.87","5.16M","1.00%"
"02/08/2017","6.99","6.97","7.07","6.94","214.37K","-1.13%"
"02/07/2017","7.07","7.07","7.27","6.94","1.36M","0.00%"
"02/06/2017","7.07","7.07","7.27","6.94","12.02M","0.00%"
"02/05/2017","7.07","7.25","7.27","7.07","6.46M","2.32%"
"02/02/2017","6.91","6.61","7.07","6.61","4.81M","5.18%"
"02/01/2017","6.57","6.57","7.22","6.44","14.77M","0.00%"
"01/31/2017","6.57","6.41","6.61","6.41","73.74K","8.24%"
"01/30/2017","6.07","6.58","6.58","6.05","4.21M","0.66%"
"01/26/2017","6.03","5.62","6.07","5.62","10.48M","9.24%"
"01/24/2017","5.52","5.52","5.52","5.52","2.78M","0.00%"
"01/23/2017","5.52","5.45","5.58","5.45","1.91M","1.85%"
"01/22/2017","5.42","5.42","5.42","5.29","3.76M","0.00%"
"01/19/2017","5.42","5.25","5.45","5.25","149.38K","2.85%"
"01/18/2017","5.27","5.20","5.30","5.19","6.75M","2.13%"
"01/17/2017","5.16","5.12","5.19","5.12","877.56K","0.98%"
"01/16/2017","5.11","4.96","5.12","4.96","5.29M","0.20%"
"01/15/2017","5.10","5.29","5.29","5.01","14.74K","-0.39%"
"01/12/2017","5.12","5.25","5.29","4.96","1.37M","3.64%"
"01/11/2017","4.94","4.94","4.96","4.92","103.88K","2.49%"
"01/10/2017","4.82","4.64","4.96","4.64","143.48K","4.33%"
"01/09/2017","4.62","4.63","4.71","4.29","532.92K","-0.22%"
"01/08/2017","4.63","4.66","4.71","4.63","333.20K","0.00%"
"01/05/2017","4.63","4.63","4.84","4.63","3.99M","0.00%"
"01/04/2017","4.63","4.71","4.71","4.63","1.28M","0.00%"
"01/03/2017","4.63","4.63","4.94","4.63","2.75M","1.09%"
"01/02/2017","4.58","4.63","4.63","4.58","149.47K","-0.22%"
"12/29/2016","4.59","4.57","4.63","4.57","835.12K","0.66%"
"12/28/2016","4.56","4.74","4.74","4.54","1.12M","-1.94%"
"12/27/2016","4.65","4.66","4.72","4.63","515.30K","0.43%"
"12/26/2016","4.63","4.63","4.63","4.63","345.07K","0.00%"
"12/22/2016","4.63","4.63","4.63","4.63","1.86M","0.00%"
"12/21/2016","4.63","4.62","4.63","4.62","1.78M","0.00%"
"12/20/2016","4.63","4.63","4.64","4.61","3.18M","0.43%"
"12/19/2016","4.61","4.62","4.62","4.61","1.36M","-0.22%"
"12/18/2016","4.62","4.58","4.62","4.58","788.21K","0.00%"
"12/15/2016","4.62","4.62","4.62","4.38","638.44K","0.00%"
"12/14/2016","4.62","4.62","4.62","4.62","385.99K","0.43%"
"12/13/2016","4.60","4.60","4.60","4.60","265.46K","0.00%"
"12/12/2016","4.60","4.60","4.60","4.60","1.09M","0.00%"
"12/08/2016","4.60","4.62","4.63","4.21","318.31K","-1.08%"
"12/07/2016","4.65","4.71","4.71","4.49","5.01M","-1.27%"
"12/06/2016","4.71","4.71","4.71","4.71","767.26K","1.29%"
"12/05/2016","4.65","4.79","4.79","4.63","1.83M","-2.31%"
"12/04/2016","4.76","4.70","4.70","4.70","1.21K","0.00%"
"12/01/2016","4.76","4.76","4.79","4.66","8.01M","0.00%"
"11/30/2016","4.76","4.79","4.79","4.76","2.73M","0.00%"
"11/29/2016","4.76","4.76","4.76","4.66","2.28M","0.00%"
"11/28/2016","4.76","4.76","4.76","4.66","3.80M","0.00%"
"11/27/2016","4.76","4.64","4.64","4.64","5.33K","0.00%"
"11/24/2016","4.76","4.76","4.76","4.76","4.84M","0.00%"
"11/23/2016","4.76","4.71","4.76","4.71","5.22M","0.85%"
"11/22/2016","4.72","4.64","4.77","4.64","2.49M","0.64%"
"11/21/2016","4.69","4.64","4.71","4.63","452.40K","1.30%"
"11/20/2016","4.63","4.63","4.66","4.63","406.15K","0.00%"
"11/17/2016","4.63","4.63","4.66","4.63","1.26M","1.98%"
"11/16/2016","4.54","4.54","4.54","4.54","455.61K","0.00%"
"11/15/2016","4.54","4.54","4.55","4.54","521.66K","-2.16%"
"11/14/2016","4.64","4.63","4.71","4.63","661.92K","-1.49%"
"11/13/2016","4.71","4.81","4.81","4.71","6.23M","-0.63%"
"11/10/2016","4.74","4.74","4.74","4.46","10.06M","9.98%"
"11/09/2016","4.31","4.34","4.34","4.29","13.83M","9.11%"
"11/08/2016","3.95","3.80","3.96","3.80","7.25M","9.72%"
"11/07/2016","3.60","3.56","3.80","3.56","4.27M","2.86%"
"11/06/2016","3.50","3.39","3.55","3.39","2.88M","3.24%"
"11/03/2016","3.39","3.35","3.47","3.30","1.86M","2.42%"
"11/02/2016","3.31","3.34","3.34","3.30","836.64K","-3.78%"
"11/01/2016","3.44","3.47","3.47","3.44","95.35K","-0.58%"
"10/31/2016","3.46","3.36","3.47","3.35","409.06K","0.00%"
"10/30/2016","3.46","3.36","3.36","3.36","0.30K","0.00%"
"10/27/2016","3.46","3.30","3.47","3.30","1.14M","-0.57%"
"10/26/2016","3.48","3.49","3.49","3.30","2.07M","-0.57%"
"10/25/2016","3.50","3.50","3.50","3.49","1.51M","0.00%"
"10/24/2016","3.50","3.47","3.62","3.47","4.04M","0.86%"
"10/20/2016","3.47","3.50","3.50","3.47","1.11M","-0.29%"
"10/19/2016","3.48","3.50","3.50","3.47","155.95K","-0.57%"
"10/18/2016","3.50","3.50","3.50","3.50","922.60K","0.00%"
"10/17/2016","3.50","3.50","3.50","3.49","1.69M","0.00%"
"10/16/2016","3.50","3.51","3.51","3.50","917.46K","0.00%"
"10/13/2016","3.50","3.50","3.51","3.50","4.30M","0.00%"
"10/12/2016","3.50","3.50","3.50","3.50","5.21M","0.00%"
"10/11/2016","3.50","3.50","3.63","3.50","3.92M","0.00%"
"10/10/2016","3.50","3.50","3.63","3.50","2.24M","0.00%"
"10/09/2016","3.50","3.50","3.50","3.50","770.05K","-0.28%"
"10/05/2016","3.51","3.50","3.61","3.50","3.20M","1.15%"
"10/04/2016","3.47","3.47","3.70","3.47","3.36M","1.46%"
"09/29/2016","3.42","3.30","3.55","3.30","246.15K","3.64%"
"09/28/2016","3.30","3.30","3.30","3.30","1.11M","0.00%"
"09/27/2016","3.30","3.30","3.31","3.25","1.75M","-1.49%"
"09/25/2016","3.35","3.47","3.48","3.29","1.12M","-5.63%"
"09/22/2016","3.55","3.53","3.55","3.53","2.16M","0.00%"
"09/21/2016","3.55","3.45","3.55","3.45","1.32M","-1.66%"
"09/20/2016","3.61","3.49","3.49","3.45","1.63K","0.00%"
"09/19/2016","3.61","3.62","3.62","3.52","1.88K","0.00%"
"09/18/2016","3.61","3.50","3.55","3.50","0.91K","0.00%"
"09/15/2016","3.61","3.63","3.63","3.47","313.04K","-2.43%"
"09/14/2016","3.70","3.51","3.51","3.51","0.91K","0.00%"
"09/08/2016","3.70","3.80","3.80","3.70","500.53K","1.93%"
"09/07/2016","3.63","3.63","3.63","3.63","46.61K","-2.16%"
"09/06/2016","3.71","3.72","3.72","3.63","28.51K","-0.27%"
"09/05/2016","3.72","3.72","3.72","3.72","151.28K","-2.62%"
"09/04/2016","3.82","3.88","3.88","3.78","13.08K","7.61%"
"09/01/2016","3.55","3.55","3.55","3.55","323.46K","0.00%"
"08/31/2016","3.55","3.55","3.57","3.55","5.35M","0.00%"
"08/30/2016","3.55","3.55","3.55","3.47","238.88K","0.00%"
"08/29/2016","3.55","3.58","3.58","3.55","484.79K","0.00%"
"08/25/2016","3.55","3.48","3.55","3.48","4.50M","2.31%"
"08/22/2016","3.47","3.47","3.47","3.47","6.38M","2.97%"
"08/17/2016","3.37","3.31","3.37","3.31","1.04M","2.12%"
"08/15/2016","3.30","3.39","3.39","3.30","257.89K","0.00%"
"08/14/2016","3.30","3.30","3.30","3.30","1.82K","0.00%"
"08/10/2016","3.30","3.30","3.30","3.30","9.45M","-0.90%"
"08/08/2016","3.33","3.32","3.35","3.32","7.57K","4.72%"
"08/07/2016","3.18","3.18","3.23","3.18","1.37M","0.32%"
"08/04/2016","3.17","3.17","3.17","3.17","111.69K","0.00%"
"08/03/2016","3.17","3.09","3.17","3.09","75.07K","2.59%"
"08/02/2016","3.09","3.09","3.09","3.09","2.30M","2.32%"
"08/01/2016","3.02","3.02","3.02","3.02","253.23K","-1.95%"
"07/31/2016","3.08","3.08","3.08","3.08","32.21K","0.00%"
"07/28/2016","3.08","3.06","3.09","3.06","765.38K","2.33%"
"07/27/2016","3.01","3.10","3.10","3.10","4.00K","0.00%"
"07/25/2016","3.01","3.01","3.01","3.01","40.26K","0.00%"
"07/24/2016","3.01","3.01","3.01","3.01","60.54K","0.00%"
"07/20/2016","3.01","3.01","3.01","3.01","10.24M","0.00%"
"07/19/2016","3.01","3.01","3.01","3.01","62.96K","0.00%"
"07/18/2016","3.01","3.00","3.06","3.00","16.95K","0.67%"
"07/14/2016","2.99","2.99","2.99","2.99","738.57K","0.00%"
"07/13/2016","2.99","2.99","3.06","2.99","2.06M","0.00%"
"07/12/2016","2.99","2.99","2.99","2.97","57.87K","0.67%"
"07/11/2016","2.97","2.97","2.97","2.97","6.85M","0.00%"
"07/10/2016","2.97","2.97","2.97","2.97","4.16M","0.00%"
"07/04/2016","2.97","2.97","2.97","2.97","12.11K","0.00%"
"07/03/2016","2.97","2.97","2.97","2.97","1.77M","0.00%"
"06/29/2016","2.97","2.97","2.97","2.97","151.35K","0.00%"
"06/28/2016","2.97","2.97","2.97","2.97","121.08K","0.00%"
"06/27/2016","2.97","2.97","2.97","2.91","18.36M","0.00%"
"06/23/2016","2.97","2.97","2.97","2.97","2.54M","0.00%"
"06/22/2016","2.97","2.97","2.97","2.97","60.54K","0.00%"
"06/21/2016","2.97","2.97","2.97","2.94","2.41M","0.00%"
"06/20/2016","2.97","2.97","2.97","2.97","53.76K","0.00%"
"06/15/2016","2.97","2.91","2.91","2.91","3.75K","0.00%"
"06/13/2016","2.97","2.97","2.97","2.92","1.39M","0.00%"
"06/12/2016","2.97","2.97","2.97","2.97","8.35K","0.00%"
"06/09/2016","2.97","2.97","2.97","2.97","17.80M","-1.66%"
"06/08/2016","3.02","3.02","3.03","3.02","28.21K","0.00%"
"06/06/2016","3.02","3.02","3.02","3.02","75.31K","0.00%"
"06/05/2016","3.02","3.02","3.02","3.02","71.01K","-0.66%"
"06/02/2016","3.04","3.02","3.06","3.02","205.65K","0.66%"
"06/01/2016","3.02","2.97","3.06","2.97","83.24K","1.68%"
"05/31/2016","2.97","2.97","2.97","2.97","110.60K","-1.00%"
"05/30/2016","3.00","2.81","3.00","2.81","308.14K","0.00%"
"05/29/2016","3.00","2.87","2.87","2.87","1.94K","0.00%"
"05/26/2016","3.00","2.97","3.00","2.97","173.14K","0.00%"
"05/25/2016","3.00","2.97","3.00","2.97","66.96K","1.01%"
"05/24/2016","2.97","2.97","2.97","2.97","3.33K","0.00%"
"05/23/2016","2.97","2.97","2.97","2.97","575.11K","0.00%"
"05/22/2016","2.97","2.97","2.97","2.97","1.23M","0.00%"
"05/19/2016","2.97","2.97","2.97","2.81","3.55M","0.00%"
"05/18/2016","2.97","2.90","3.00","2.87","397.25K","0.00%"
"05/17/2016","2.97","2.97","2.97","2.96","601.02K","-0.67%"
"05/12/2016","2.99","2.99","2.99","2.99","1.11M","0.00%"
"05/11/2016","2.99","2.99","2.99","2.99","870.36K","0.00%"
"05/10/2016","2.99","2.99","2.99","2.90","915.22K","0.67%"
"05/09/2016","2.97","2.97","3.04","2.97","371.83K","0.00%"
"05/05/2016","2.97","2.97","2.97","2.97","8.79M","2.77%"
"05/04/2016","2.89","2.96","2.96","2.89","4.46M","0.00%"
"05/03/2016","2.89","2.97","2.97","2.89","4.31M","-2.69%"
"04/28/2016","2.97","2.94","3.06","2.94","3.10M","0.68%"
"04/27/2016","2.95","3.06","3.06","2.81","744.80K","-3.59%"
"04/26/2016","3.06","3.06","3.06","3.00","6.06M","-2.55%"
"04/24/2016","3.14","3.06","3.06","3.06","1.21K","0.00%"
"04/20/2016","3.14","3.14","3.14","3.12","183.73K","-0.32%"
"04/19/2016","3.15","3.14","3.16","3.14","625.36K","-0.63%"
"04/18/2016","3.17","3.17","3.17","3.12","197.60K","0.96%"
"04/14/2016","3.14","3.14","3.16","3.14","35.96K","0.00%"
"04/13/2016","3.14","3.14","3.14","3.14","142.63K","0.00%"
"04/12/2016","3.14","3.14","3.14","3.14","354.15K","0.00%"
"04/11/2016","3.14","3.14","3.14","3.14","615.37K","0.00%"
"04/10/2016","3.14","3.14","3.14","3.14","24.82K","0.32%"
"04/07/2016","3.13","3.01","3.16","3.01","418.92K","3.99%"
"04/06/2016","3.01","3.00","3.14","2.93","252.14K","-2.59%"
"04/05/2016","3.09","3.22","3.22","2.97","75.37K","-4.04%"
"04/04/2016","3.22","3.22","3.22","3.22","2.84M","0.00%"
"04/03/2016","3.22","2.99","2.99","2.99","0.97K","0.00%"
"03/31/2016","3.22","3.22","3.25","3.22","8.00M","-0.62%"
"03/30/2016","3.24","3.24","3.25","3.24","2.14M","-1.82%"
"03/29/2016","3.30","3.24","3.24","3.24","5.45K","0.00%"
"03/28/2016","3.30","3.30","3.30","3.30","2.81M","1.54%"
"03/27/2016","3.25","3.25","3.25","3.25","31.12K","0.00%"
"03/24/2016","3.25","3.30","3.30","3.24","113.02K","-1.52%"
"03/23/2016","3.30","3.22","3.30","3.22","2.50M","1.85%"
"03/22/2016","3.24","3.14","3.30","3.14","352.94K","0.31%"
"03/21/2016","3.23","3.29","3.29","2.92","3.45K","0.00%"
"03/20/2016","3.23","3.30","3.30","3.30","0.67K","0.00%"
"03/17/2016","3.23","3.14","3.30","2.97","1.76M","5.56%"
"03/16/2016","3.06","3.06","3.20","3.06","4.56M","0.00%"
"03/15/2016","3.06","3.02","3.31","2.99","1.87M","1.66%"
"03/14/2016","3.01","2.91","3.20","2.91","484.31K","3.44%"
"03/10/2016","2.91","2.89","2.97","2.89","8.57M","0.00%"
"03/09/2016","2.91","2.91","2.91","2.89","1.38M","0.00%"
"03/08/2016","2.91","2.91","2.91","2.91","2.95M","-1.02%"
"03/07/2016","2.94","2.94","2.97","2.94","3.08M","-1.01%"
"03/06/2016","2.97","2.97","2.97","2.81","484.31K","0.00%"
"03/03/2016","2.97","2.97","2.97","2.97","406.82K","0.00%"
"03/02/2016","2.97","2.98","2.98","2.97","2.00M","-0.67%"
"03/01/2016","2.99","2.97","3.01","2.97","1.96M","0.67%"
"02/29/2016","2.97","2.97","2.97","2.97","8.90M","0.00%"
"02/28/2016","2.97","2.97","2.99","2.97","842.33K","1.02%"
"02/25/2016","2.94","2.89","3.01","2.89","4.29M","3.16%"
"02/24/2016","2.85","2.81","2.91","2.81","1.32M","1.42%"
"02/23/2016","2.81","2.73","2.82","2.73","439.81K","2.93%"
"02/22/2016","2.73","2.73","2.77","2.73","1.37M","3.41%"
"02/21/2016","2.64","2.56","2.82","2.56","562.64K","3.13%"
"02/18/2016","2.56","2.56","2.56","2.56","30.27K","0.00%"
"02/17/2016","2.56","2.48","2.56","2.48","905.47K","3.23%"
"02/16/2016","2.48","2.48","2.48","2.48","2.95M","0.00%"
"02/15/2016","2.48","2.48","2.48","2.35","764.96K","0.00%"
"02/11/2016","2.48","2.46","2.48","2.46","214.37K","0.81%"
"02/10/2016","2.46","2.45","2.46","2.45","324.12K","-0.81%"
"02/09/2016","2.48","2.48","2.56","2.48","576.93K","0.00%"
"02/08/2016","2.48","2.48","2.48","2.48","1.97M","0.00%"
"02/07/2016","2.48","2.48","2.48","2.48","540.36K","0.00%"
"02/04/2016","2.48","2.48","2.48","2.48","2.22M","0.00%"
"02/03/2016","2.48","2.54","2.54","2.48","75.13K","1.22%"
"02/02/2016","2.45","2.43","2.51","2.43","4.24M","-2.39%"
"02/01/2016","2.51","2.44","2.51","2.44","1.38M","0.00%"
"01/31/2016","2.51","2.48","2.56","2.48","15.44K","-0.40%"
"01/28/2016","2.52","2.52","2.53","2.49","1.41M","-0.40%"
"01/27/2016","2.53","2.51","2.53","2.51","3.53M","0.80%"
"01/26/2016","2.51","2.64","2.64","2.50","2.03M","0.00%"
"01/21/2016","2.51","2.48","2.53","2.46","3.92M","1.21%"
"01/19/2016","2.48","2.64","2.64","2.48","5.11M","0.00%"
"01/17/2016","2.48","2.53","2.53","2.48","80.52K","-6.06%"
"01/14/2016","2.64","2.64","2.64","2.64","135.97K","-0.75%"
"01/13/2016","2.66","2.69","2.69","2.64","918.30K","-2.92%"
"01/12/2016","2.74","2.74","2.74","2.73","1.84M","0.00%"
"01/11/2016","2.74","2.56","2.81","2.56","5.39M","-2.84%"
"01/10/2016","2.82","2.86","2.86","2.79","203.95K","-1.74%"
"01/06/2016","2.87","2.87","2.87","2.84","2.60M","-0.69%"
"01/05/2016","2.89","2.89","2.96","2.89","5.74M","0.00%"
"01/04/2016","2.89","2.87","2.87","2.87","3.03K","0.00%"
"01/03/2016","2.89","2.89","2.89","2.88","1.39M","0.00%"
"12/31/2015","2.89","2.89","2.89","2.89","2.67M","-0.34%"
"12/30/2015","2.90","2.89","2.89","2.82","5.09K","0.00%"
"12/29/2015","2.90","2.84","2.84","2.84","0.61K","0.00%"
"12/28/2015","2.90","2.81","2.91","2.81","2.15M","-0.34%"
"12/27/2015","2.91","2.91","2.97","2.91","398.40K","0.69%"
"12/24/2015","2.89","2.83","2.91","2.83","111.09K","3.96%"
"12/22/2015","2.78","2.78","2.81","2.78","960.50K","-1.42%"
"12/21/2015","2.82","2.85","2.85","2.81","261.59K","-5.05%"
"12/17/2015","2.97","2.97","2.98","2.97","314.92K","0.00%"
"12/16/2015","2.97","2.97","3.11","2.94","1.06M","-0.34%"
"12/15/2015","2.98","3.07","3.07","2.97","34.39K","-3.25%"
"12/10/2015","3.08","3.07","3.09","3.07","926.72K","0.00%"
"12/09/2015","3.08","3.07","3.09","3.06","19.67K","0.00%"
"12/08/2015","3.08","3.08","3.08","3.07","97.10K","-0.32%"
"12/07/2015","3.09","3.14","3.14","3.14","2.06K","0.00%"
"12/06/2015","3.09","3.14","3.14","3.14","1.51K","0.00%"
"12/03/2015","3.09","3.10","3.10","3.02","67.38K","4.04%"
"12/02/2015","2.97","2.97","3.11","2.97","1.12M","0.34%"
"12/01/2015","2.96","2.96","2.97","2.94","1.83M","0.00%"
"11/30/2015","2.96","2.97","2.97","2.96","266.73K","-0.34%"
"11/29/2015","2.97","2.97","2.97","2.97","60.54K","1.02%"
"11/26/2015","2.94","2.94","2.94","2.94","1.11M","-0.34%"
"11/25/2015","2.95","2.97","3.06","2.91","6.92M","-4.84%"
"11/24/2015","3.10","3.22","3.22","2.97","5.29M","-3.73%"
"11/22/2015","3.22","3.22","3.22","3.22","451.01K","0.00%"
"11/19/2015","3.22","3.22","3.22","3.22","2.22M","0.00%"
"11/18/2015","3.22","3.06","3.22","3.06","2.14M","0.00%"
"11/17/2015","3.22","3.22","3.22","2.92","1.24M","-0.62%"
"11/16/2015","3.24","3.20","3.24","3.20","935.92K","0.00%"
"11/15/2015","3.24","3.14","3.27","3.14","1.50M","0.00%"
"11/12/2015","3.24","3.24","3.24","3.24","217.94K","-0.92%"
"11/11/2015","3.27","3.27","3.27","3.27","490.96K","-0.91%"
"11/10/2015","3.30","3.32","3.32","3.30","838.45K","-1.49%"
"11/09/2015","3.35","3.34","3.34","3.34","6.05K","0.00%"
"11/08/2015","3.35","3.35","3.35","3.35","988.16K","-1.18%"
"11/05/2015","3.39","3.39","3.39","3.39","948.51K","0.00%"
"11/04/2015","3.39","3.35","3.35","3.35","3.03K","0.00%"
"11/03/2015","3.39","3.39","3.40","3.38","2.35M","0.00%"
"11/02/2015","3.39","3.39","3.39","3.38","463.12K","0.00%"
"11/01/2015","3.39","3.40","3.40","3.39","79.00K","0.00%"
"10/29/2015","3.39","3.39","3.39","3.39","116.17K","0.59%"
"10/28/2015","3.37","3.45","3.45","3.37","212.91K","-2.32%"
"10/27/2015","3.45","3.45","3.45","3.45","1.03K","0.00%"
"10/22/2015","3.45","3.45","3.45","3.45","555.20K","0.00%"
"10/21/2015","3.45","3.45","3.45","3.45","956.50K","0.00%"
"10/19/2015","3.45","3.45","3.45","3.45","196.51K","0.00%"
"10/18/2015","3.45","3.34","3.45","3.34","60.96K","-0.58%"
"10/15/2015","3.47","3.47","3.47","3.34","1.55M","0.29%"
"10/13/2015","3.46","3.41","3.47","3.34","75.37K","-1.14%"
"10/12/2015","3.50","3.50","3.55","3.50","4.75M","0.00%"
"10/11/2015","3.50","3.40","3.47","3.40","4.06K","0.00%"
"10/08/2015","3.50","3.50","3.50","3.44","2.30M","0.00%"
"10/07/2015","3.50","3.50","3.50","3.50","1.29M","0.86%"
"10/05/2015","3.47","3.47","3.47","3.47","2.43M","0.00%"
"10/04/2015","3.47","3.55","3.55","3.55","0.24K","0.00%"
"10/01/2015","3.47","3.47","3.49","3.47","534.92K","-2.25%"
"09/30/2015","3.55","3.32","3.55","3.32","393.26K","2.31%"
"09/29/2015","3.47","3.47","3.47","3.42","175.56K","0.00%"
"09/28/2015","3.47","3.47","3.47","3.47","1.27M","-0.86%"
"09/22/2015","3.50","3.50","3.50","3.47","412.63K","-0.85%"
"09/21/2015","3.53","3.47","3.55","3.22","243.55K","0.57%"
"09/20/2015","3.51","3.42","3.42","3.42","4.24K","0.00%"
"09/17/2015","3.51","3.42","3.55","3.33","117.81K","0.57%"
"09/16/2015","3.49","3.47","3.50","3.47","4.80M","2.05%"
"09/15/2015","3.42","3.42","3.42","3.42","210.98K","0.00%"
"09/14/2015","3.42","3.42","3.42","3.42","486.12K","0.00%"
"09/10/2015","3.42","3.41","3.47","3.41","226.05K","0.29%"
"09/09/2015","3.41","3.41","3.42","3.41","425.22K","0.00%"
"09/08/2015","3.41","3.40","3.56","3.40","4.37M","0.29%"
"09/07/2015","3.40","3.42","3.42","3.40","4.48K","0.00%"
"09/06/2015","3.40","3.40","3.58","3.40","10.65M","0.00%"
"09/03/2015","3.40","3.35","3.50","3.35","343.98K","0.00%"
"09/02/2015","3.40","3.39","3.47","3.39","1.01M","1.80%"
"09/01/2015","3.34","3.35","3.36","3.32","216.61K","1.21%"
"08/31/2015","3.30","3.30","3.34","3.30","1.90M","0.00%"
"08/30/2015","3.30","3.30","3.30","3.22","613.49K","-0.30%"
"08/27/2015","3.31","3.31","3.47","3.30","62.60K","2.16%"
"08/26/2015","3.24","3.22","3.30","3.22","1.16M","0.62%"
"08/25/2015","3.22","3.30","3.30","3.20","74.83K","-2.42%"
"08/24/2015","3.30","3.34","3.52","3.30","1.24M","-4.90%"
"08/20/2015","3.47","3.32","3.49","3.32","987.01K","0.87%"
"08/19/2015","3.44","3.55","3.55","3.39","872.17K","-3.10%"
"08/18/2015","3.55","3.55","3.88","3.55","1.48M","0.00%"
"08/17/2015","3.55","3.42","3.55","3.42","1.22M","-3.53%"
"08/13/2015","3.68","3.68","3.68","3.68","270.36K","0.00%"
"08/12/2015","3.68","3.68","3.68","3.68","2.97M","0.00%"
"08/11/2015","3.68","3.78","3.78","3.48","4.59M","0.82%"
"08/10/2015","3.65","3.63","3.65","3.63","7.29M","0.00%"
"08/09/2015","3.65","3.63","3.65","3.63","1.04M","0.55%"
"08/05/2015","3.63","3.63","3.63","3.63","1.61M","2.54%"
"08/04/2015","3.54","3.54","3.54","3.54","1.40M","0.00%"
"08/03/2015","3.54","3.50","3.55","3.50","395.92K","2.91%"
"08/02/2015","3.44","3.44","3.52","3.40","100.61K","-2.27%"
"07/30/2015","3.52","3.40","3.55","3.40","130.16K","3.53%"
"07/29/2015","3.40","3.40","3.40","3.40","30.09K","0.29%"
"07/28/2015","3.39","3.39","3.39","3.39","444.96K","-3.42%"
"07/27/2015","3.51","3.51","3.51","3.51","194.87K","3.54%"
"07/26/2015","3.39","3.39","3.39","3.39","9.87K","0.00%"
"07/22/2015","3.39","3.39","3.39","3.39","845.23K","0.00%"
"07/21/2015","3.39","3.39","3.39","3.39","899.72K","0.00%"
"07/16/2015","3.39","3.39","3.39","3.39","33.30K","2.73%"
"07/15/2015","3.30","3.30","3.30","3.30","1.23M","0.00%"
"07/14/2015","3.30","3.30","3.30","3.30","3.00M","0.00%"
"07/13/2015","3.30","3.30","3.30","3.30","605.38K","-2.65%"
"07/09/2015","3.39","3.39","3.42","3.38","3.97M","-2.31%"
"07/08/2015","3.47","3.47","3.47","3.47","35.17K","-1.14%"
"07/07/2015","3.51","3.55","3.55","3.47","216.36K","-1.13%"
"07/05/2015","3.55","3.55","3.55","3.47","539.70K","0.00%"
"07/02/2015","3.55","3.47","3.55","3.47","1.77M","0.00%"
"06/29/2015","3.55","3.47","3.55","3.47","711.02K","0.00%"
"06/28/2015","3.55","3.55","3.55","3.47","556.16K","0.00%"
"06/25/2015","3.55","3.55","3.55","3.47","1.95M","0.00%"
"06/24/2015","3.55","3.56","3.56","3.53","602.23K","0.00%"
"06/23/2015","3.55","3.55","3.55","3.52","1.61M","0.00%"
"06/22/2015","3.55","3.55","3.55","3.55","1.41M","0.00%"
"06/18/2015","3.55","3.55","3.55","3.55","181.61K","2.31%"
"06/16/2015","3.47","3.47","3.47","3.47","349.73K","0.00%"
"06/15/2015","3.47","3.47","3.50","3.47","6.97M","0.00%"
"06/14/2015","3.47","3.53","3.53","3.53","6.05K","0.00%"
"06/11/2015","3.47","3.47","3.47","3.47","3.93M","0.00%"
"06/10/2015","3.47","3.47","3.47","3.47","769.20K","-1.14%"
"06/09/2015","3.51","3.53","3.53","3.47","1.64M","-0.57%"
"06/08/2015","3.53","3.53","3.53","3.53","280.90K","0.00%"
"06/07/2015","3.53","3.54","3.54","3.53","1.89M","-0.28%"
"06/04/2015","3.54","3.54","3.54","3.54","375.34K","-0.28%"
"06/03/2015","3.55","3.55","3.55","3.52","3.23M","0.00%"
"06/02/2015","3.55","3.55","3.55","3.55","3.83M","0.00%"
"06/01/2015","3.55","3.55","3.55","3.55","336.89K","0.00%"
"05/31/2015","3.55","3.45","3.45","3.44","8.78K","0.00%"
"05/28/2015","3.55","3.55","3.55","3.55","97.28K","0.00%"
"05/27/2015","3.55","3.55","3.56","3.55","473.17K","3.80%"
"05/26/2015","3.42","3.42","3.42","3.42","80.46K","-3.66%"
"05/25/2015","3.55","3.56","3.56","3.55","186.03K","0.00%"
"05/24/2015","3.55","3.56","3.56","3.56","1.45K","0.00%"
"05/21/2015","3.55","3.55","3.55","3.55","945.36K","0.00%"
"05/20/2015","3.55","3.55","3.55","3.55","119.32K","0.57%"
"05/19/2015","3.53","3.47","3.53","3.47","5.57M","1.73%"
"05/18/2015","3.47","3.47","3.47","3.45","2.22M","2.97%"
"05/17/2015","3.37","3.37","3.37","3.32","1.52M","1.20%"
"05/14/2015","3.33","3.21","3.34","3.21","321.76K","1.52%"
"05/13/2015","3.28","3.22","3.30","3.22","42.44K","2.18%"
"05/12/2015","3.21","3.22","3.22","3.22","1.45K","0.00%"
"05/11/2015","3.21","3.14","3.22","3.14","35.05K","-0.31%"
"05/07/2015","3.22","3.22","3.22","3.22","78.70K","2.55%"
"05/06/2015","3.14","3.14","3.14","3.14","4.42M","-1.87%"
"05/05/2015","3.20","3.20","3.20","3.19","2.52M","0.63%"
"05/04/2015","3.18","3.14","3.22","3.14","12.05K","-1.24%"
"05/03/2015","3.22","3.22","3.22","3.22","774.89K","0.00%"
"04/30/2015","3.22","3.22","3.22","3.07","1.99M","0.00%"
"04/29/2015","3.22","3.22","3.22","3.22","192.09K","0.00%"
"04/28/2015","3.22","3.22","3.22","3.22","895.97K","0.00%"
"04/27/2015","3.22","3.22","3.22","3.22","713.14K","-0.31%"
"04/26/2015","3.23","3.25","3.30","3.25","5.33K","0.00%"
"04/23/2015","3.23","3.30","3.30","3.22","4.67M","-2.42%"
"04/22/2015","3.31","3.39","3.39","3.30","2.38M","-2.36%"
"04/21/2015","3.39","3.39","3.39","3.39","1.92M","-1.45%"
"04/20/2015","3.44","3.39","3.45","3.39","1.20M","-0.29%"
"04/19/2015","3.45","3.45","3.45","3.32","667.07K","0.00%"
"04/16/2015","3.45","3.45","3.45","3.45","7.49M","0.00%"
"04/15/2015","3.45","3.45","3.45","3.44","1.68M","0.00%"
"04/14/2015","3.45","3.47","3.47","3.39","9.00M","0.58%"
"04/09/2015","3.43","3.47","3.47","3.43","208.92K","-0.29%"
"04/08/2015","3.44","3.44","3.44","3.44","1.51M","-0.58%"
"04/07/2015","3.46","3.47","3.47","3.45","6.36M","-0.29%"
"04/02/2015","3.47","3.47","3.47","3.47","1.57M","0.00%"
"04/01/2015","3.47","3.47","3.47","3.39","2.98M","1.76%"
"03/31/2015","3.41","3.37","3.47","3.35","1.18M","-1.73%"
"03/30/2015","3.47","3.47","3.48","3.47","2.93M","-3.61%"
"03/26/2015","3.60","3.47","3.60","3.47","166.12K","-0.55%"
"03/25/2015","3.62","3.55","3.62","3.55","60.54K","-0.28%"
"03/24/2015","3.63","3.63","3.63","3.63","963.89K","-3.20%"
"03/23/2015","3.75","3.76","3.76","3.63","428.73K","-0.27%"
"03/22/2015","3.76","3.76","3.76","3.52","162.48K","0.00%"
"03/19/2015","3.76","3.75","3.77","3.75","1.38M","0.00%"
"03/18/2015","3.76","3.51","3.72","3.51","4.12K","0.00%"
"03/16/2015","3.76","3.67","3.78","3.67","51.46K","-0.53%"
"03/15/2015","3.78","3.80","3.80","3.80","2.30K","0.00%"
"03/12/2015","3.78","3.78","3.80","3.78","139.24K","0.00%"
"03/11/2015","3.78","3.78","3.78","3.44","3.58M","0.00%"
"03/10/2015","3.78","3.77","3.78","3.77","52.06K","0.00%"
"03/09/2015","3.78","3.80","3.80","3.77","275.69K","-0.53%"
"03/08/2015","3.80","3.80","3.80","3.80","428.37K","0.00%"
"03/05/2015","3.80","3.80","3.80","3.72","391.56K","0.00%"
"03/04/2015","3.80","3.80","3.80","3.80","1.04M","0.00%"
"03/03/2015","3.80","3.83","3.83","3.64","1.41M","-0.26%"
"03/02/2015","3.81","3.82","3.82","3.80","1.38M","0.00%"
"03/01/2015","3.81","3.91","3.96","3.81","382.78K","-0.26%"
"02/26/2015","3.82","3.85","3.85","3.82","2.02M","-0.26%"
"02/25/2015","3.83","3.83","3.85","3.81","6.30M","0.00%"
"02/24/2015","3.83","3.83","3.83","3.80","3.20M","-0.52%"
"02/23/2015","3.85","3.80","3.85","3.80","1.00M","0.00%"
"02/22/2015","3.85","3.80","3.80","3.80","1.15K","0.00%"
"02/19/2015","3.85","3.80","3.80","3.80","1.15K","0.00%"
"02/18/2015","3.85","3.80","3.85","3.80","6.72M","1.32%"
"02/17/2015","3.80","3.80","3.85","3.80","1.37M","0.00%"
"02/16/2015","3.80","3.80","3.80","3.80","2.60M","1.88%"
"02/15/2015","3.73","3.73","3.73","3.73","633.23K","0.00%"
"02/12/2015","3.73","3.80","3.80","3.73","646.25K","0.00%"
"02/11/2015","3.73","3.83","3.83","3.80","5.21K","0.00%"
"02/10/2015","3.73","3.73","3.73","3.73","709.02K","0.00%"
"02/09/2015","3.73","3.73","3.73","3.73","30.27K","0.00%"
"02/08/2015","3.73","3.85","3.91","3.73","2.46M","0.00%"
"02/05/2015","3.73","3.72","3.80","3.72","1.71M","-0.80%"
"02/04/2015","3.76","3.50","3.80","3.50","44.01K","3.58%"
"02/03/2015","3.63","3.63","3.80","3.63","5.88M","0.00%"
"02/02/2015","3.63","3.55","3.63","3.55","97.65K","0.00%"
"02/01/2015","3.63","3.47","3.51","3.47","4.36K","0.00%"
"01/29/2015","3.63","3.47","3.65","3.47","640.68K","1.97%"
"01/28/2015","3.56","3.47","3.71","3.47","12.71K","2.59%"
"01/27/2015","3.47","3.40","3.49","3.40","26.15K","-4.93%"
"01/26/2015","3.65","3.65","3.65","3.55","7.83M","0.55%"
"01/22/2015","3.63","3.39","3.64","3.39","1.47M","-0.55%"
"01/21/2015","3.65","3.55","3.72","3.30","133.37K","0.00%"
"01/20/2015","3.65","3.60","3.69","3.58","3.14M","-1.08%"
"01/19/2015","3.69","3.63","3.72","3.63","2.83M","0.54%"
"01/18/2015","3.67","3.72","3.72","3.65","60.11K","-6.38%"
"01/15/2015","3.92","3.96","3.96","3.80","27.00K","-0.76%"
"01/14/2015","3.95","3.88","4.03","3.88","338.17K","1.80%"
"01/13/2015","3.88","3.88","3.88","3.80","5.81M","0.00%"
"01/12/2015","3.88","3.80","3.88","3.80","7.36M","0.00%"
"01/11/2015","3.88","3.86","3.88","3.86","923.87K","0.52%"
"01/08/2015","3.86","3.80","3.88","3.80","9.24M","1.58%"
"01/06/2015","3.80","3.80","3.80","3.80","6.22M","1.88%"
"01/05/2015","3.73","3.63","3.80","3.63","2.91M","2.75%"
"01/04/2015","3.63","3.43","3.63","3.43","2.57M","0.28%"
"12/31/2014","3.62","3.47","3.63","3.42","2.87M","5.54%"
"12/30/2014","3.43","3.39","3.47","3.39","13.02K","2.39%"
"12/29/2014","3.35","3.32","3.39","3.32","519.48K","-2.05%"
"12/28/2014","3.42","3.42","3.42","3.42","6.66K","0.00%"
"12/25/2014","3.42","3.35","3.54","3.34","48.01K","3.64%"
"12/24/2014","3.30","3.30","3.30","3.30","3.39K","0.00%"
"12/23/2014","3.30","3.30","3.39","3.23","478.19K","2.48%"
"12/22/2014","3.22","3.22","3.24","3.22","3.52M","0.62%"
"12/21/2014","3.20","3.20","3.20","3.20","1.57M","0.31%"
"12/18/2014","3.19","3.17","3.20","3.17","5.22M","1.59%"
"12/17/2014","3.14","3.14","3.14","3.14","6.21M","0.00%"
"12/16/2014","3.14","3.14","3.20","3.14","1.13M","0.00%"
"12/15/2014","3.14","3.14","3.14","3.14","5.30M","1.62%"
"12/14/2014","3.09","3.08","3.11","3.06","4.20M","0.32%"
"12/11/2014","3.08","3.06","3.11","3.06","827.86K","0.65%"
"12/10/2014","3.06","3.05","3.07","3.05","1.21M","3.03%"
"12/09/2014","2.97","2.97","2.98","2.97","6.67M","0.00%"
"12/08/2014","2.97","2.97","2.97","2.97","30.39K","0.00%"
"12/07/2014","2.97","2.97","2.97","2.97","2.54M","-0.34%"
"12/04/2014","2.98","2.97","2.99","2.97","1.35M","0.34%"
"12/03/2014","2.97","2.68","2.97","2.68","988.41K","1.37%"
"12/02/2014","2.93","2.92","2.97","2.92","1.11M","0.69%"
"12/01/2014","2.91","2.89","2.92","2.89","2.37M","0.69%"
"11/27/2014","2.89","2.89","2.89","2.89","698.25K","0.00%"
"11/26/2014","2.89","2.89","2.89","2.89","199.35K","0.00%"
"11/25/2014","2.89","2.89","2.89","2.89","1.17M","0.00%"
"11/24/2014","2.89","2.65","2.89","2.65","748.07K","0.00%"
"11/23/2014","2.89","2.89","2.97","2.87","872.84K","0.00%"
"11/20/2014","2.89","2.89","2.92","2.89","1.17M","2.12%"
"11/19/2014","2.83","2.82","2.89","2.82","403.18K","0.35%"
"11/18/2014","2.82","2.74","2.89","2.74","18.53M","2.92%"
"11/17/2014","2.74","2.74","2.74","2.74","1.02M","0.00%"
"11/16/2014","2.74","2.65","2.74","2.65","951.66K","0.00%"
"11/13/2014","2.74","2.61","2.89","2.61","791.66K","0.37%"
"11/12/2014","2.73","2.73","2.74","2.73","2.92M","0.00%"
"11/11/2014","2.73","2.73","2.73","2.73","2.77M","-4.88%"
"11/10/2014","2.87","2.89","2.89","2.89","2.97K","0.00%"
"11/06/2014","2.87","2.89","2.89","2.87","2.71M","0.35%"
"11/05/2014","2.86","2.86","2.89","2.86","1.42M","0.00%"
"11/04/2014","2.86","2.87","2.87","2.84","227.50K","-0.35%"
"11/03/2014","2.87","2.89","2.89","2.61","831.25K","-0.69%"
"11/02/2014","2.89","2.89","2.89","2.89","1.23M","0.00%"
"10/30/2014","2.89","2.87","2.89","2.87","3.66M","0.70%"
"10/29/2014","2.87","2.87","2.87","2.87","10.88M","-0.35%"
"10/27/2014","2.88","2.84","2.91","2.57","5.95M","1.05%"
"10/26/2014","2.85","2.96","2.96","2.89","6.05K","0.00%"
"10/23/2014","2.85","2.81","2.86","2.81","639.83K","1.42%"
"10/22/2014","2.81","2.81","2.81","2.78","149.59K","-3.10%"
"10/21/2014","2.90","2.90","2.90","2.89","2.38M","0.00%"
"10/20/2014","2.90","2.90","2.90","2.82","7.60M","0.35%"
"10/19/2014","2.89","2.91","2.91","2.82","115.45K","-0.69%"
"10/16/2014","2.91","2.92","2.92","2.81","1.64M","-0.34%"
"10/15/2014","2.92","2.92","2.92","2.92","3.33M","0.00%"
"10/14/2014","2.92","2.94","2.94","2.92","3.27M","-2.34%"
"10/13/2014","2.99","2.99","2.99","2.99","4.79M","0.00%"
"10/12/2014","2.99","3.04","3.04","2.99","2.10M","0.00%"
"10/09/2014","2.99","2.98","3.01","2.98","7.28M","0.67%"
"10/08/2014","2.97","3.01","3.01","2.97","390.23K","0.00%"
"10/02/2014","2.97","3.00","3.00","3.00","3.93K","0.00%"
"10/01/2014","2.97","2.97","3.01","2.96","52.67K","0.00%"
"09/30/2014","2.97","2.96","2.97","2.96","465.54K","0.34%"
"09/29/2014","2.96","2.96","2.96","2.94","665.92K","0.68%"
"09/25/2014","2.94","2.90","2.94","2.90","129.55K","0.68%"
"09/24/2014","2.92","2.92","2.92","2.92","26.09K","0.69%"
"09/23/2014","2.90","2.90","2.97","2.90","246.03K","0.35%"
"09/22/2014","2.89","2.89","2.89","2.89","489.33K","0.00%"
"09/21/2014","2.89","2.89","2.89","2.89","51.15K","0.00%"
"09/18/2014","2.89","2.89","2.89","2.81","5.49M","0.00%"
"09/17/2014","2.89","2.96","2.96","2.81","2.34M","0.00%"
"09/16/2014","2.89","2.82","2.91","2.82","6.07M","0.70%"
"09/15/2014","2.87","2.87","2.87","2.87","3.53M","0.00%"
"09/14/2014","2.87","2.94","2.94","2.82","250.02K","-2.38%"
"09/11/2014","2.94","2.94","2.96","2.94","2.95M","0.00%"
"09/10/2014","2.94","2.92","2.96","2.84","4.61M","0.34%"
"09/08/2014","2.93","2.92","2.96","2.92","6.31M","0.69%"
"09/07/2014","2.91","2.97","2.97","2.91","33.30K","1.39%"
"09/04/2014","2.87","2.89","2.89","2.81","158.00K","-0.69%"
"09/03/2014","2.89","2.97","2.97","2.89","760.96K","0.00%"
"09/02/2014","2.89","2.89","2.97","2.89","19.41M","2.48%"
"08/31/2014","2.82","2.82","2.82","2.82","19.74K","0.00%"
"08/28/2014","2.82","2.82","2.82","2.82","121.08K","0.36%"
"08/26/2014","2.81","2.81","2.81","2.81","1.70M","0.00%"
"08/25/2014","2.81","2.81","2.81","2.81","20.48M","-2.09%"
"08/21/2014","2.87","2.87","2.87","2.81","1.13M","0.00%"
"08/20/2014","2.87","2.89","2.89","2.81","1.84M","-0.69%"
"08/19/2014","2.89","2.89","2.89","2.89","968.61K","0.35%"
"08/18/2014","2.88","2.88","2.88","2.88","957.29K","0.00%"
"08/17/2014","2.88","2.89","2.89","2.61","350.64K","-0.35%"
"08/14/2014","2.89","2.89","2.89","2.89","5.65M","0.00%"
"08/13/2014","2.89","2.53","2.89","2.53","1.29M","2.85%"
"08/12/2014","2.81","2.81","2.81","2.81","18.65K","-2.77%"
"08/11/2014","2.89","2.89","2.89","2.89","12.71K","2.85%"
"08/10/2014","2.81","2.71","2.71","2.71","2.42K","0.00%"
"08/07/2014","2.81","2.78","2.78","2.78","5.45K","0.00%"
"08/06/2014","2.81","2.81","2.81","2.81","39.35K","1.08%"
"08/05/2014","2.78","2.81","2.81","2.68","4.84M","3.35%"
"08/04/2014","2.69","2.78","2.78","2.54","36.14K","-4.27%"
"08/03/2014","2.81","2.81","2.81","2.78","368.37K","0.00%"
"07/31/2014","2.81","2.81","2.81","2.81","7.08M","0.00%"
"07/27/2014","2.81","2.97","2.97","2.97","6.05K","0.00%"
"07/24/2014","2.81","2.81","2.97","2.81","1.30M","0.00%"
"07/22/2014","2.81","2.81","2.81","2.81","168.78K","0.00%"
"07/21/2014","2.81","2.81","2.81","2.77","2.08M","0.00%"
"07/20/2014","2.81","2.81","2.81","2.81","151.35K","0.00%"
"07/17/2014","2.81","2.81","2.89","2.81","627.48K","0.00%"
"07/16/2014","2.81","2.81","2.81","2.81","1.36M","0.00%"
"07/14/2014","2.81","2.79","2.81","2.79","1.18M","4.46%"
"07/13/2014","2.69","2.69","2.79","2.69","1.66M","0.00%"
"07/10/2014","2.69","2.69","2.69","2.69","58.06K","3.86%"
"07/09/2014","2.59","2.68","2.68","2.68","1.82K","0.00%"
"07/08/2014","2.59","2.62","2.62","2.56","104.00K","2.37%"
"07/07/2014","2.53","2.53","2.56","2.53","3.03M","0.00%"
"07/03/2014","2.53","2.49","2.54","2.48","542.30K","2.02%"
"07/02/2014","2.48","2.48","2.53","2.47","1.13M","0.00%"
"06/30/2014","2.48","2.48","2.48","2.48","60.05K","-2.75%"
"06/26/2014","2.55","2.56","2.56","2.47","7.77M","-1.16%"
"06/25/2014","2.58","2.58","2.58","2.58","470.99K","0.00%"
"06/24/2014","2.58","2.58","2.58","2.48","5.85M","4.88%"
"06/23/2014","2.46","2.46","2.46","2.46","34.02K","-3.91%"
"06/22/2014","2.56","2.56","2.56","2.56","112.00K","-0.78%"
"06/19/2014","2.58","2.58","2.58","2.46","10.50M","0.00%"
"06/18/2014","2.58","2.49","2.58","2.49","1.27M","0.39%"
"06/16/2014","2.57","2.58","2.58","2.49","239.13K","-0.39%"
"06/15/2014","2.58","2.58","2.58","2.58","998.88K","-1.15%"
"06/12/2014","2.61","2.56","2.64","2.56","1.69M","0.77%"
"06/11/2014","2.59","2.59","2.63","2.59","181.61K","-0.38%"
"06/10/2014","2.60","2.56","2.64","2.56","12.71K","3.59%"
"06/05/2014","2.51","2.54","2.54","2.48","607.62K","1.21%"
"06/04/2014","2.48","2.48","2.50","2.48","6.42M","0.00%"
"06/03/2014","2.48","2.48","2.48","2.48","9.38M","-2.75%"
"06/02/2014","2.55","2.40","2.40","2.40","0.42K","0.00%"
"06/01/2014","2.55","2.55","2.55","2.30","1.04M","0.00%"
"05/29/2014","2.55","2.56","2.56","2.54","3.61M","-0.39%"
"05/28/2014","2.56","2.55","2.56","2.55","109.09K","0.39%"
"05/26/2014","2.55","2.55","2.55","2.55","26.58K","-3.41%"
"05/25/2014","2.64","2.56","2.64","2.56","101.10K","0.00%"
"05/22/2014","2.64","2.64","2.64","2.55","552.53K","0.76%"
"05/20/2014","2.62","2.64","2.64","2.64","4.12K","0.00%"
"05/19/2014","2.62","2.64","2.64","2.51","305.54K","-0.76%"
"05/18/2014","2.64","2.64","2.64","2.64","30.27K","0.00%"
"05/15/2014","2.64","2.64","2.64","2.64","2.79M","0.00%"
"05/14/2014","2.64","2.64","2.64","2.64","5.16M","3.53%"
"05/13/2014","2.55","2.54","2.76","2.54","11.51M","1.19%"
"05/12/2014","2.52","2.54","2.54","2.49","3.17M","-4.55%"
"05/11/2014","2.64","2.70","2.70","2.63","4.10M","-3.30%"
"05/08/2014","2.73","2.73","2.73","2.73","847.53K","-0.36%"
"05/07/2014","2.74","2.74","2.74","2.74","58.72K","-1.08%"
"05/06/2014","2.77","2.77","2.78","2.77","1.29M","-0.36%"
"05/04/2014","2.78","2.78","2.78","2.78","11.50K","0.72%"
"04/30/2014","2.76","2.76","2.76","2.76","2.05M","-1.78%"
"04/29/2014","2.81","2.80","2.81","2.73","1.46M","0.00%"
"04/28/2014","2.81","2.79","2.81","2.79","66.96K","2.18%"
"04/27/2014","2.75","2.74","2.75","2.74","1.60M","0.00%"
"04/23/2014","2.75","2.75","2.76","2.74","8.86M","0.00%"
"04/17/2014","2.75","2.76","2.76","2.71","1.13M","-0.36%"
"04/16/2014","2.76","2.76","2.76","2.76","5.27M","-0.36%"
"04/15/2014","2.77","2.77","2.77","2.76","635.05K","0.00%"
"04/14/2014","2.77","2.74","2.78","2.74","15.13K","-0.36%"
"04/13/2014","2.78","2.79","2.79","2.78","426.98K","-0.36%"
"04/10/2014","2.79","2.80","2.80","2.78","3.48M","-0.36%"
"04/09/2014","2.80","2.80","2.80","2.79","1.03M","0.36%"
"04/08/2014","2.79","2.80","2.80","2.78","5.12M","-0.36%"
"04/07/2014","2.80","2.80","2.80","2.79","216.67K","-0.36%"
"04/03/2014","2.81","2.81","2.81","2.79","524.87K","0.00%"
"04/02/2014","2.81","2.81","2.81","2.81","302.69K","0.00%"
"04/01/2014","2.81","2.81","2.81","2.67","1.52M","0.00%"
"03/31/2014","2.81","2.81","2.81","2.81","549.02K","0.00%"
"03/30/2014","2.81","2.81","2.81","2.81","926.90K","0.00%"
"03/27/2014","2.81","2.81","2.81","2.76","851.47K","0.00%"
"03/25/2014","2.81","2.81","2.81","2.73","3.45M","0.00%"
"03/24/2014","2.81","2.86","2.86","2.81","1.10M","-1.75%"
"03/23/2014","2.86","2.86","2.86","2.86","8.17K","1.78%"
"03/20/2014","2.81","2.78","2.82","2.78","1.35M","0.00%"
"03/19/2014","2.81","2.78","2.81","2.78","2.42M","1.08%"
"03/18/2014","2.78","2.78","2.81","2.78","10.87M","-1.07%"
"03/17/2014","2.81","2.81","2.81","2.81","36.32K","2.55%"
"03/16/2014","2.74","2.81","2.81","2.81","1.39K","0.00%"
"03/13/2014","2.74","2.74","2.74","2.73","1.14M","0.37%"
"03/12/2014","2.73","2.73","2.73","2.68","383.21K","1.11%"
"03/11/2014","2.70","2.68","2.71","2.68","302.69K","0.00%"
"03/10/2014","2.70","2.70","2.70","2.70","21.67K","0.00%"
"03/06/2014","2.70","2.68","2.70","2.66","3.00M","0.75%"
"03/04/2014","2.68","2.68","2.68","2.68","72.89K","-0.37%"
"03/03/2014","2.69","2.66","2.76","2.66","71.44K","-2.54%"
"03/02/2014","2.76","2.76","2.79","2.66","841.12K","0.00%"
"02/27/2014","2.76","2.76","2.76","2.76","2.50M","1.85%"
"02/26/2014","2.71","2.78","2.78","2.66","330.24K","-1.45%"
"02/25/2014","2.75","2.73","2.78","2.73","614.89K","-1.79%"
"02/24/2014","2.80","2.80","2.81","2.79","37.78K","-0.36%"
"02/23/2014","2.81","2.81","2.81","2.76","302.69K","0.00%"
"02/20/2014","2.81","2.81","2.81","2.79","1.22M","1.44%"
"02/19/2014","2.77","2.78","2.78","2.73","2.16M","0.00%"
"02/18/2014","2.77","2.74","2.78","2.73","2.96M","2.59%"
"02/17/2014","2.70","2.66","2.73","2.66","313.89K","-0.74%"
"02/16/2014","2.72","2.76","2.76","2.66","179.86K","-1.45%"
"02/13/2014","2.76","2.68","2.77","2.68","10.65K","4.94%"
"02/12/2014","2.63","2.56","2.63","2.54","6.57M","1.54%"
"02/11/2014","2.59","2.57","2.71","2.54","7.18M","-0.38%"
"02/10/2014","2.60","2.64","2.81","2.56","1.19M","1.96%"
"02/09/2014","2.55","2.55","2.55","2.54","1.55M","9.91%"
"02/06/2014","2.32","2.30","2.44","2.30","23.97M","4.98%"
"02/05/2014","2.21","2.21","2.23","2.21","14.75M","0.00%"
"02/04/2014","2.21","2.18","2.30","2.18","3.83M","3.76%"
"02/03/2014","2.13","2.13","2.15","2.11","1.40M","-0.47%"
"02/02/2014","2.14","2.11","2.15","2.11","2.51M","1.42%"
"01/30/2014","2.11","2.11","2.15","1.90","73.92K","1.93%"
"01/29/2014","2.07","2.06","2.08","2.06","368.37K","1.47%"
"01/28/2014","2.04","2.03","2.18","2.03","116.60K","3.03%"
"01/27/2014","1.98","1.98","2.00","1.98","456.70K","0.00%"
"01/26/2014","1.98","1.98","1.98","1.98","439.87K","0.00%"
"01/23/2014","1.98","1.98","2.03","1.92","13.98M","1.02%"
"01/22/2014","1.96","1.97","1.97","1.92","276.11K","-2.00%"
"01/21/2014","2.00","1.90","2.02","1.90","63.75K","1.52%"
"01/20/2014","1.97","1.97","2.00","1.90","157.40K","0.00%"
"01/19/2014","1.97","1.92","1.92","1.90","8.54K","0.00%"
"01/16/2014","1.97","1.93","2.00","1.93","181.61K","-1.50%"
"01/15/2014","2.00","1.85","2.04","1.85","34.75K","1.52%"
"01/14/2014","1.97","1.98","1.98","1.97","2.24M","0.00%"
"01/09/2014","1.97","1.97","2.13","1.97","8.07M","1.55%"
"01/08/2014","1.94","1.92","1.98","1.92","4.14M","1.04%"
"12/31/2013","1.92","1.91","1.92","1.91","3.66M","3.78%"
"12/30/2013","1.85","1.85","1.85","1.85","124.10K","-3.65%"
"12/29/2013","1.92","1.92","1.92","1.87","4.97M","0.52%"
"12/25/2013","1.91","1.92","1.92","1.85","66.35K","-0.52%"
"12/24/2013","1.92","1.85","1.92","1.85","1.20M","3.23%"
"12/23/2013","1.86","1.85","1.94","1.85","544.24K","0.54%"
"12/22/2013","1.85","1.85","1.85","1.82","6.27M","1.65%"
"12/19/2013","1.82","1.80","1.83","1.80","513.42K","2.82%"
"12/18/2013","1.77","1.77","1.77","1.77","6.05K","0.00%"
"12/17/2013","1.77","1.77","1.77","1.77","1.34M","0.57%"
"12/16/2013","1.76","1.71","1.90","1.71","23.19K","1.73%"
"12/15/2013","1.73","1.71","1.71","1.71","2.06K","0.00%"
"12/12/2013","1.73","1.70","1.73","1.70","1.68M","2.37%"
"12/11/2013","1.69","1.68","1.69","1.68","120.59K","0.00%"
"12/10/2013","1.69","1.70","1.70","1.68","568.45K","0.60%"
"12/09/2013","1.68","1.65","1.68","1.65","148.92K","-0.59%"
"12/05/2013","1.69","1.70","1.70","1.64","100.31K","-0.59%"
"12/04/2013","1.70","1.69","1.69","1.69","9.44K","0.00%"
"12/03/2013","1.70","1.63","1.75","1.63","143.23K","4.94%"
"12/02/2013","1.62","1.62","1.63","1.62","27.24K","0.00%"
"11/28/2013","1.62","1.59","1.63","1.59","18.59K","2.53%"
"11/27/2013","1.58","1.59","1.59","1.54","86.27K","-3.07%"
"11/26/2013","1.63","1.63","1.63","1.60","608.41K","0.00%"
"11/25/2013","1.63","1.62","1.64","1.59","2.44M","-0.61%"
"11/21/2013","1.64","1.62","1.65","1.62","2.38M","0.61%"
"11/20/2013","1.63","1.60","1.63","1.60","633.83K","1.87%"
"11/19/2013","1.60","1.60","1.60","1.60","3.71M","0.00%"
"11/18/2013","1.60","1.60","1.61","1.60","12.02M","0.63%"
"11/14/2013","1.59","1.60","1.60","1.59","1.78M","0.00%"
"11/13/2013","1.59","1.61","1.61","1.59","1.54M","-1.24%"
"11/12/2013","1.61","1.61","1.61","1.61","37.59K","0.00%"
"11/11/2013","1.61","1.59","1.61","1.59","391.38K","0.00%"
"11/07/2013","1.61","1.61","1.62","1.61","7.47M","0.00%"
"11/06/2013","1.61","1.62","1.62","1.60","1.71M","1.26%"
"11/04/2013","1.59","1.68","1.68","1.59","3.47M","-6.47%"
"11/03/2013","1.70","1.70","1.70","1.70","8.13M","0.00%"
"10/31/2013","1.70","1.70","1.70","1.68","2.33M","0.59%"
"10/30/2013","1.69","1.70","1.70","1.67","4.84M","-0.59%"
"10/29/2013","1.70","1.68","1.70","1.68","4.96M","0.00%"
"10/28/2013","1.70","1.70","1.70","1.68","296.09K","-0.58%"
"10/27/2013","1.71","1.65","1.65","1.65","0.91K","0.00%"
"10/24/2013","1.71","1.72","1.72","1.69","61.51K","-2.84%"
"10/22/2013","1.76","1.77","1.77","1.73","995.31K","1.73%"
"10/21/2013","1.73","1.78","1.78","1.70","8.10M","0.00%"
"10/20/2013","1.73","1.85","1.85","1.78","8.90K","0.00%"
"10/13/2013","1.73","1.73","1.78","1.73","3.94M","-1.14%"
"10/10/2013","1.75","1.65","1.79","1.65","15.98M","4.17%"
"10/09/2013","1.68","1.67","1.68","1.67","106.06K","2.44%"
"10/08/2013","1.64","1.60","1.65","1.60","12.57M","-0.61%"
"10/07/2013","1.65","1.65","1.65","1.64","5.14M","0.61%"
"10/03/2013","1.64","1.62","1.64","1.62","303.84K","3.14%"
"10/02/2013","1.59","1.59","1.60","1.59","8.63M","1.27%"
"10/01/2013","1.57","1.57","1.58","1.57","8.44M","0.64%"
"09/30/2013","1.56","1.55","1.57","1.55","14.64M","0.65%"
"09/29/2013","1.55","1.57","1.57","1.55","24.75M","0.00%"
"09/26/2013","1.55","1.55","1.55","1.55","8.29M","0.00%"
"09/25/2013","1.55","1.55","1.55","1.55","2.36M","0.00%"
"09/24/2013","1.55","1.57","1.57","1.54","19.26M","-1.27%"
"09/23/2013","1.57","1.57","1.59","1.54","3.76M","0.00%"
"09/22/2013","1.57","1.54","1.54","1.54","1.82K","0.00%"
"09/19/2013","1.57","1.57","1.57","1.57","84.75K","0.64%"
"09/18/2013","1.56","1.56","1.56","1.56","1.32M","0.00%"
"09/17/2013","1.56","1.52","1.57","1.50","143.11K","-0.64%"
"09/16/2013","1.57","1.57","1.57","1.55","1.57M","1.29%"
"09/15/2013","1.55","1.57","1.57","1.57","3.45K","0.00%"
"09/12/2013","1.55","1.55","1.57","1.55","1.22M","0.00%"
"09/11/2013","1.55","1.55","1.57","1.55","1.83M","0.00%"
"09/10/2013","1.55","1.55","1.57","1.55","8.32M","0.00%"
"09/08/2013","1.55","1.50","1.50","1.50","2.42K","0.00%"
"09/05/2013","1.55","1.55","1.55","1.55","1.20M","0.00%"
"09/04/2013","1.55","1.55","1.56","1.55","2.84M","0.00%"
"09/03/2013","1.55","1.55","1.56","1.55","97.83K","0.00%"
"09/02/2013","1.55","1.55","1.55","1.55","13.92K","0.00%"
"08/28/2013","1.55","1.55","1.55","1.55","605.38K","-1.27%"
"08/27/2013","1.57","1.57","1.57","1.57","4.03M","0.00%"
"08/26/2013","1.57","1.57","1.57","1.57","118.53K","2.61%"
"08/25/2013","1.53","1.53","1.53","1.53","215.21K","-2.55%"
"08/21/2013","1.57","1.55","1.57","1.55","1.08M","5.37%"
"08/20/2013","1.49","1.52","1.52","1.49","617.97K","-5.70%"
"08/19/2013","1.58","1.58","1.58","1.58","9.38K","1.94%"
"08/18/2013","1.55","1.55","1.55","1.50","307.84K","-2.52%"
"08/14/2013","1.59","1.59","1.59","1.59","104.13K","-0.62%"
"08/13/2013","1.60","1.60","1.60","1.60","39.11K","-0.62%"
"08/12/2013","1.61","1.61","1.61","1.61","43.65K","0.62%"
"08/07/2013","1.60","1.60","1.60","1.60","43.65K","0.00%"
"08/06/2013","1.60","1.60","1.60","1.60","3.18M","0.00%"
"08/05/2013","1.60","1.60","1.60","1.59","14.23M","0.00%"
"08/04/2013","1.60","1.60","1.60","1.60","302.69K","0.00%"
"08/01/2013","1.60","1.60","1.60","1.59","9.57M","0.00%"
"07/31/2013","1.60","1.60","1.60","1.59","405.61K","0.00%"
"07/30/2013","1.60","1.60","1.60","1.60","284.83K","0.00%"
"07/29/2013","1.60","1.60","1.60","1.57","1.34M","0.00%"
"07/28/2013","1.60","1.61","1.61","1.61","2.42K","0.00%"
"07/25/2013","1.60","1.60","1.61","1.58","392.65K","-0.62%"
"07/24/2013","1.61","1.60","1.62","1.59","1.03M","0.00%"
"07/22/2013","1.61","1.61","1.62","1.60","1.98M","0.00%"
"07/21/2013","1.61","1.61","1.61","1.61","22.70K","0.62%"
"07/18/2013","1.60","1.60","1.60","1.60","847.17K","0.00%"
"07/17/2013","1.60","1.60","1.60","1.60","2.12M","-1.23%"
"07/16/2013","1.62","1.62","1.62","1.62","23.67K","0.62%"
"07/15/2013","1.61","1.62","1.62","1.59","5.16M","-0.62%"
"07/11/2013","1.62","1.62","1.62","1.62","185.19K","-1.82%"
"07/10/2013","1.65","1.65","1.65","1.65","24.22K","0.00%"
"07/07/2013","1.65","1.65","1.65","1.65","242.15K","-2.37%"
"07/04/2013","1.69","1.64","1.72","1.64","110.48K","4.97%"
"07/02/2013","1.61","1.60","1.62","1.60","5.48M","1.26%"
"06/27/2013","1.59","1.59","1.59","1.52","608.83K","0.00%"
"06/26/2013","1.59","1.59","1.59","1.59","9.08K","0.00%"
"06/25/2013","1.59","1.59","1.59","1.59","0.91K","0.00%"
"06/23/2013","1.59","1.62","1.62","1.62","0.30K","0.00%"
"06/20/2013","1.59","1.57","1.62","1.57","740.26K","-1.85%"
"06/18/2013","1.62","1.62","1.63","1.62","197.60K","1.25%"
"06/17/2013","1.60","1.60","1.60","1.60","380.79K","-3.03%"
"06/16/2013","1.65","1.65","1.65","1.65","12.71K","3.12%"
"06/13/2013","1.60","1.60","1.60","1.60","158.31K","0.00%"
"06/12/2013","1.60","1.65","1.65","1.60","1.21M","-3.03%"
"06/11/2013","1.65","1.65","1.65","1.65","1.82M","0.00%"
"06/10/2013","1.65","1.60","1.65","1.60","396.40K","0.00%"
"06/09/2013","1.65","1.60","1.60","1.60","4.54K","0.00%"
"06/06/2013","1.65","1.65","1.65","1.65","2.94M","3.12%"
"06/05/2013","1.60","1.60","1.60","1.60","30.27K","-3.03%"
"06/04/2013","1.65","1.66","1.66","1.65","916.49K","0.00%"
"06/03/2013","1.65","1.70","1.70","1.65","5.05M","0.00%"
"06/02/2013","1.65","1.61","1.65","1.61","236.10K","2.48%"
"05/30/2013","1.61","1.61","1.61","1.61","1.21M","0.00%"
"05/29/2013","1.61","1.65","1.65","1.60","5.41M","-2.42%"
"05/27/2013","1.65","1.65","1.65","1.65","2.93M","0.00%"
"05/23/2013","1.65","1.65","1.70","1.65","467.72K","0.00%"
"05/22/2013","1.65","1.65","1.65","1.65","69.62K","0.00%"
"05/21/2013","1.65","1.65","1.65","1.64","3.06M","0.61%"
"05/20/2013","1.64","1.64","1.64","1.64","6.96M","-0.61%"
"05/19/2013","1.65","1.60","1.60","1.60","6.05K","0.00%"
"05/16/2013","1.65","1.65","1.72","1.65","105.94K","0.61%"
"05/15/2013","1.64","1.64","1.64","1.64","4.16M","0.00%"
"05/13/2013","1.64","1.64","1.64","1.64","105.58K","0.61%"
"05/09/2013","1.63","1.64","1.64","1.60","3.69M","0.00%"
"05/08/2013","1.63","1.64","1.64","1.60","1.63M","0.00%"
"05/07/2013","0.00","98.00","98.01","98.00","180.15K","-100.00%"
"05/02/2013","1.59","1.59","1.59","1.59","457.06K","-1.85%"
"04/30/2013","1.62","1.59","1.59","1.59","12.11K","0.00%"
"04/29/2013","1.62","1.60","1.62","1.59","2.50M","1.25%"
"04/23/2013","1.60","1.60","1.62","1.60","2.17M","7.38%"
"04/21/2013","1.49","1.49","1.49","1.49","14.53K","-6.88%"
"04/18/2013","1.60","1.59","1.60","1.59","285.92K","0.00%"
"04/15/2013","1.60","1.60","1.60","1.60","1.96M","0.00%"
"04/14/2013","1.60","1.60","1.60","1.60","1.09M","0.00%"
"04/10/2013","1.60","1.60","1.61","1.60","272.00K","0.63%"
"04/09/2013","1.59","1.60","1.61","1.60","10.90K","0.00%"
"04/08/2013","1.59","1.59","1.59","1.59","2.72M","0.00%"
"04/07/2013","1.59","1.59","1.59","1.59","1.05M","0.00%"
"04/04/2013","1.59","1.59","1.59","1.59","59.02K","0.00%"
"04/03/2013","1.59","1.60","1.60","1.59","2.55M","-1.24%"
"04/02/2013","1.61","1.61","1.61","1.60","8.97M","1.26%"
"03/31/2013","1.59","1.56","1.56","1.56","9.08K","0.00%"
"03/28/2013","1.59","1.59","1.59","1.59","9.47M","6.00%"
"03/26/2013","1.50","1.54","1.54","1.49","76.46K","-5.66%"
"03/25/2013","1.59","1.59","1.59","1.59","3.99M","0.00%"
"03/24/2013","1.59","1.61","1.61","1.49","16.16K","0.00%"
"03/21/2013","1.59","1.59","1.62","1.59","3.71M","0.00%"
"03/20/2013","1.59","1.62","1.62","1.59","5.61M","0.00%"
"03/19/2013","1.59","1.62","1.62","1.59","4.59M","-1.85%"
"03/18/2013","1.62","1.62","1.62","1.61","3.63M","0.62%"
"03/14/2013","1.61","1.64","1.64","1.59","119.44K","-1.83%"
"03/13/2013","1.64","1.64","1.64","1.59","5.11M","0.00%"
"03/12/2013","1.64","1.64","1.64","1.64","2.12M","-0.61%"
"03/11/2013","1.65","1.65","1.65","1.65","1.39M","0.00%"
"03/10/2013","1.65","1.65","1.65","1.65","3.56M","0.00%"
"03/07/2013","1.65","1.65","1.65","1.64","7.90M","0.00%"
"03/06/2013","1.65","1.65","1.65","1.65","460.09K","0.00%"
"03/05/2013","1.65","1.65","1.65","1.65","1.80M","0.61%"
"03/04/2013","1.64","1.65","1.65","1.64","1.06M","0.00%"
"03/03/2013","1.64","1.64","1.64","1.64","26.88K","-4.65%"
"02/28/2013","1.72","1.65","1.72","1.65","535.40K","4.88%"
"02/27/2013","1.64","1.64","1.64","1.64","13.39M","0.00%"
"02/26/2013","1.64","1.64","1.64","1.64","920.18K","-0.61%"
"02/25/2013","1.65","1.65","1.65","1.64","7.28M","0.00%"
"02/24/2013","1.65","1.65","1.65","1.65","757.33K","0.00%"
"02/20/2013","1.65","1.64","1.75","1.64","3.30M","0.00%"
"02/19/2013","1.65","1.64","1.65","1.64","219.51K","0.00%"
"02/18/2013","1.65","1.65","1.65","1.61","6.10M","0.00%"
"02/14/2013","1.65","1.65","1.68","1.65","7.94M","0.00%"
"02/13/2013","1.65","1.64","1.65","1.64","2.28M","0.00%"
"02/11/2013","1.65","1.65","1.65","1.65","1.13M","0.61%"
"02/10/2013","1.64","1.64","1.64","1.64","3.03K","0.00%"
"02/07/2013","1.64","1.64","1.65","1.64","1.15M","-1.80%"
"02/06/2013","1.67","1.67","1.67","1.67","1.19M","0.60%"
"02/05/2013","1.66","1.65","1.73","1.65","1.31M","0.00%"
"02/04/2013","1.66","1.64","1.81","1.64","638.62K","0.61%"
"02/03/2013","1.65","1.65","1.65","1.64","915.94K","0.00%"
"01/31/2013","1.65","1.65","1.65","1.64","163.94K","0.61%"
"01/30/2013","1.64","1.64","1.64","1.64","31.48K","0.00%"
"01/29/2013","1.64","1.64","1.64","1.64","1.39M","0.00%"
"01/28/2013","1.64","1.64","1.64","1.64","1.12M","0.00%"
"01/23/2013","1.64","1.64","1.64","1.61","733.12K","0.00%"
"01/22/2013","1.64","1.60","1.64","1.60","4.53M","1.86%"
"01/21/2013","1.61","1.60","1.63","1.60","354.45K","0.62%"
"01/20/2013","1.60","1.60","1.60","1.60","680.81K","-1.84%"
"01/17/2013","1.63","1.64","1.64","1.60","1.03M","-0.61%"
"01/16/2013","1.64","1.64","1.64","1.60","111.63K","0.00%"
"01/15/2013","1.64","1.64","1.64","1.60","707.57K","0.00%"
"01/14/2013","1.64","1.64","1.64","1.64","2.54M","0.00%"
"01/13/2013","1.64","1.64","1.64","1.64","1.04M","0.00%"
"01/10/2013","1.64","1.64","1.65","1.62","10.34M","-0.61%"
"01/09/2013","1.65","1.65","1.65","1.65","2.54M","0.00%"
"01/08/2013","1.65","1.65","1.65","1.65","4.26M","0.00%"
"01/06/2013","1.65","1.68","1.68","1.65","229.56K","0.00%"
"01/03/2013","1.65","1.66","1.66","1.65","744.01K","0.00%"
"01/02/2013","1.65","1.65","1.79","1.65","5.83M","0.61%"
"12/31/2012","1.64","1.57","1.77","1.57","3.18M","1.86%"
"12/30/2012","1.61","1.65","1.65","1.60","40.86K","-1.83%"
"12/27/2012","1.64","1.64","1.65","1.63","4.15M","0.61%"
"12/26/2012","1.63","1.63","1.64","1.63","33.30K","-1.21%"
"12/25/2012","1.65","1.65","1.65","1.65","3.03M","1.23%"
"12/24/2012","1.63","1.58","1.58","1.58","12.11K","0.00%"
"12/20/2012","1.63","1.63","1.64","1.63","1.30M","-0.61%"
"12/18/2012","1.64","1.64","1.64","1.59","1.71M","0.00%"
"12/17/2012","1.64","1.64","1.64","1.64","11.23M","3.14%"
"12/16/2012","1.59","1.65","1.65","1.65","8.48K","0.00%"
"12/13/2012","1.59","1.59","1.59","1.59","60.54K","0.00%"
"12/12/2012","1.59","1.59","1.59","1.59","62.72K","1.27%"
"12/11/2012","1.57","1.58","1.58","1.57","6.96K","0.00%"
"12/10/2012","1.57","1.57","1.57","1.57","0.91K","0.00%"
"12/09/2012","1.57","1.57","1.57","1.57","18.16K","0.00%"
"12/06/2012","1.57","1.58","1.58","1.58","2.48K","0.00%"
"12/05/2012","1.57","1.57","1.59","1.57","1.00M","0.00%"
"12/04/2012","1.57","1.54","1.57","1.54","1.79M","1.29%"
"12/03/2012","1.55","1.55","1.55","1.55","608.41K","0.00%"
"12/02/2012","1.55","1.55","1.55","1.54","130.16K","-0.64%"
"11/29/2012","1.56","1.57","1.57","1.57","0.30K","0.00%"
"11/28/2012","1.56","1.57","1.57","1.54","2.99M","-0.64%"
"11/27/2012","1.57","1.57","1.57","1.57","57.51K","-0.63%"
"11/26/2012","1.58","1.55","1.59","1.55","1.18M","0.64%"
"11/25/2012","1.57","1.61","1.61","1.47","290.52K","-1.87%"
"11/22/2012","1.60","1.68","1.68","1.68","1.21K","0.00%"
"11/21/2012","1.60","1.59","1.60","1.59","1.36M","1.27%"
"11/20/2012","1.58","1.58","1.58","1.58","8.11M","0.00%"
"11/19/2012","1.58","1.59","1.59","1.57","2.02M","-1.25%"
"11/18/2012","1.60","1.56","1.60","1.56","1.39M","0.63%"
"11/14/2012","1.59","1.59","1.62","1.59","7.58M","-0.62%"
"11/13/2012","1.60","1.57","1.64","1.57","25.57M","1.91%"
"11/12/2012","1.57","1.57","1.58","1.57","143.72K","0.00%"
"11/11/2012","1.57","1.52","1.65","1.52","25.73K","1.95%"
"11/08/2012","1.54","1.54","1.60","1.54","38.98M","0.00%"
"11/07/2012","1.54","1.55","1.63","1.52","9.87K","0.00%"
"11/06/2012","1.54","1.53","1.54","1.52","9.13M","1.99%"
"11/05/2012","1.51","1.50","1.52","1.49","203.29K","-0.66%"
"11/04/2012","1.52","1.50","1.50","1.50","3.09K","0.00%"
"10/31/2012","1.52","1.49","1.54","1.49","80.52K","2.01%"
"10/30/2012","1.49","1.49","1.49","1.49","281.62K","0.00%"
"10/29/2012","1.49","1.50","1.52","1.49","61.25M","0.00%"
"10/24/2012","1.49","1.47","1.49","1.47","1.41M","1.36%"
"10/23/2012","1.47","1.45","1.49","1.45","292.46K","2.08%"
"10/22/2012","1.44","1.41","1.45","1.41","51.03K","-5.88%"
"10/21/2012","1.53","1.53","1.54","1.53","919.33K","0.66%"
"10/18/2012","1.52","1.52","1.52","1.52","81.12K","-0.65%"
"10/17/2012","1.53","1.52","1.54","1.52","6.95M","0.00%"
"10/16/2012","1.53","1.52","1.53","1.52","6.84M","0.66%"
"10/15/2012","1.52","1.52","1.53","1.52","337.80K","0.00%"
"10/14/2012","1.52","1.49","1.52","1.46","2.86M","1.33%"
"10/11/2012","1.50","1.49","1.50","1.49","804.25K","-0.66%"
"10/10/2012","1.51","1.50","1.54","1.49","573.78K","4.14%"
"10/09/2012","1.45","1.42","1.46","1.42","41.60M","2.11%"
"10/08/2012","1.42","1.41","1.45","1.41","89.23K","0.71%"
"10/04/2012","1.41","1.40","1.45","1.39","142.81K","-0.70%"
"10/03/2012","1.42","1.34","1.42","1.34","47.32M","0.00%"
"10/02/2012","1.42","1.42","1.43","1.42","861.70K","-0.70%"
"10/01/2012","1.43","1.45","1.45","1.40","450.89K","-2.72%"
"09/30/2012","1.47","1.47","1.49","1.41","2.53M","0.00%"
"09/27/2012","1.47","1.45","1.49","1.44","497.50K","-1.34%"
"09/26/2012","1.49","1.42","1.57","1.42","246.09K","2.76%"
"09/25/2012","1.45","1.45","1.49","1.44","1.90M","0.00%"
"09/24/2012","1.45","1.44","1.48","1.44","272.30K","-1.36%"
"09/23/2012","1.47","1.52","1.52","1.44","990.65K","-1.34%"
"09/20/2012","1.49","1.49","1.49","1.45","2.92M","3.47%"
"09/19/2012","1.44","1.39","1.50","1.39","5.84M","5.11%"
"09/18/2012","1.37","1.34","1.39","1.33","1.77M","2.24%"
"09/17/2012","1.34","1.34","1.39","1.34","14.05M","0.00%"
"09/16/2012","1.34","1.34","1.34","1.33","2.29M","1.52%"
"09/13/2012","1.32","1.34","1.34","1.32","15.39M","-0.75%"
"09/12/2012","1.33","1.34","1.34","1.32","3.01M","-0.75%"
"09/11/2012","1.34","1.34","1.34","1.31","5.79M","1.52%"
"09/10/2012","1.32","1.32","1.34","1.32","3.67M","0.00%"
"09/09/2012","1.32","1.32","1.34","1.32","17.56M","0.00%"
"09/06/2012","1.32","1.32","1.32","1.31","12.82M","0.00%"
"09/05/2012","1.32","1.32","1.32","1.32","81.71M","0.00%"
"09/04/2012","1.32","1.32","1.32","1.30","16.20M","0.00%"
"09/03/2012","1.32","1.32","1.32","1.31","1.39M","0.00%"
"09/02/2012","1.32","1.32","1.37","1.32","14.58M","3.13%"
"08/30/2012","1.28","1.29","1.29","1.27","22.04M","-0.78%"
"08/29/2012","1.29","1.32","1.32","1.29","9.67M","-2.27%"
"08/28/2012","1.32","1.32","1.32","1.29","24.80M","0.00%"
"08/27/2012","1.32","1.32","1.32","1.32","417.11K","0.00%"
"08/26/2012","1.32","1.32","1.32","1.32","117.44K","0.00%"
"08/23/2012","1.32","1.32","1.32","1.32","42.78M","0.00%"
"08/22/2012","1.32","1.32","1.32","1.32","1.13M","0.00%"
"08/21/2012","1.32","1.32","1.32","1.32","15.13K","0.00%"
"08/16/2012","1.32","1.32","1.32","1.32","864.12K","0.00%"
"08/15/2012","1.32","1.32","1.32","1.31","1.24M","0.00%"
"08/14/2012","1.32","1.32","1.32","1.29","101.40K","-0.75%"
"08/13/2012","1.33","1.33","1.33","1.33","719.25K","0.00%"
"08/12/2012","1.33","1.32","1.33","1.32","12.35K","-5.00%"
"08/09/2012","1.40","1.40","1.40","1.40","18.16K","6.06%"
"08/07/2012","1.32","1.32","1.32","1.32","3.21M","-0.75%"
"08/05/2012","1.33","1.34","1.34","1.32","76.76K","0.76%"
"08/01/2012","1.32","1.32","1.34","1.32","2.88M","-0.75%"
"07/30/2012","1.33","1.33","1.33","1.32","1.21M","0.00%"
"07/26/2012","1.33","1.33","1.33","1.33","5.62M","0.00%"
"07/25/2012","1.33","1.33","1.33","1.32","2.42M","0.00%"
"07/24/2012","1.33","1.33","1.33","1.33","60.54K","0.00%"
"07/19/2012","1.33","1.33","1.33","1.33","2.42M","0.00%"
"07/18/2012","1.33","1.33","1.33","1.33","1.06M","-0.75%"
"07/17/2012","1.34","1.32","1.34","1.32","6.68M","1.52%"
"07/16/2012","1.32","1.32","1.32","1.32","7.51K","0.00%"
"07/12/2012","1.32","1.32","1.32","1.32","387.44K","0.00%"
"07/10/2012","1.32","1.32","1.32","1.31","1.96M","0.00%"
"07/09/2012","1.32","1.31","1.32","1.31","156.07K","0.00%"
"07/05/2012","1.32","1.32","1.33","1.32","29.12K","0.00%"
"07/04/2012","1.32","1.32","1.32","1.32","42.38K","0.00%"
"07/02/2012","1.32","1.32","1.32","1.31","1.50M","0.00%"
"06/28/2012","1.32","1.30","1.32","1.30","934.47K","0.00%"
"06/27/2012","1.32","1.32","1.32","1.31","1.84M","0.00%"
"06/26/2012","1.32","1.33","1.33","1.31","409.84K","-2.22%"
"06/25/2012","1.35","1.37","1.37","1.31","346.88K","0.75%"
"06/24/2012","1.34","1.33","1.34","1.33","7.39K","1.52%"
"06/21/2012","1.32","1.34","1.34","1.21","502.47K","-1.49%"
"06/20/2012","1.34","1.36","1.36","1.34","1.19M","-1.47%"
"06/19/2012","1.36","1.38","1.38","1.35","60.30K","-2.16%"
"06/18/2012","1.39","1.39","1.39","1.39","956.50K","0.00%"
"06/14/2012","1.39","1.39","1.39","1.39","17.86K","-4.79%"
"06/11/2012","1.46","1.48","1.48","1.46","2.12M","0.00%"
"06/10/2012","1.46","1.46","1.46","1.46","1.10M","-1.35%"
"06/07/2012","1.48","1.48","1.48","1.47","6.96K","8.03%"
"06/06/2012","1.37","1.44","1.44","1.34","29.24K","-4.86%"
"06/05/2012","1.44","1.39","1.39","1.39","3.63K","0.00%"
"06/04/2012","1.44","1.40","1.46","1.40","101.40K","-1.37%"
"06/03/2012","1.46","1.46","1.46","1.45","6.05K","8.15%"
"05/30/2012","1.35","1.35","1.35","1.35","379.51K","0.00%"
"05/29/2012","1.35","1.34","1.37","1.34","136.45K","-1.46%"
"05/28/2012","1.37","1.33","1.33","1.33","1.51K","0.00%"
"05/27/2012","1.37","1.47","1.47","1.33","194.57K","-6.80%"
"05/24/2012","1.47","1.47","1.47","1.47","0.85K","0.00%"
"05/23/2012","1.47","1.47","1.49","1.47","355.66K","0.00%"
"05/22/2012","1.47","1.47","1.47","1.47","9.08K","0.00%"
"05/20/2012","1.47","1.52","1.52","1.52","0.67K","0.00%"
"05/17/2012","1.47","1.47","1.49","1.47","160.91K","-1.34%"
"05/15/2012","1.49","1.49","1.49","1.48","383.99K","0.68%"
"05/14/2012","1.48","1.53","1.53","1.43","78.70K","-2.63%"
"05/13/2012","1.52","1.50","1.54","1.50","12.11K","0.00%"
"05/08/2012","1.52","1.55","1.57","1.49","3.20M","-1.94%"
"05/07/2012","1.55","1.52","1.55","1.52","791.54K","0.00%"
"05/03/2012","1.55","1.57","1.57","1.54","3.26M","3.33%"
"04/30/2012","1.50","1.50","1.50","1.49","129.31K","-1.32%"
"04/29/2012","1.52","1.52","1.52","1.50","317.34K","-6.17%"
"04/24/2012","1.62","1.52","1.62","1.52","61.14K","-3.57%"
"04/22/2012","1.68","1.71","1.71","1.71","0.61K","0.00%"
"04/18/2012","1.68","1.68","1.68","1.68","1.21K","0.00%"
"04/17/2012","1.68","1.68","1.73","1.54","5.15K","0.00%"
"04/10/2012","1.68","1.68","1.68","1.68","6.05K","0.00%"
"04/09/2012","1.68","1.52","1.73","1.52","0.73K","0.00%"
"04/05/2012","1.68","1.68","1.68","1.68","458.64K","0.00%"
"04/04/2012","1.68","1.68","1.68","1.68","40.50K","-1.18%"
"04/03/2012","1.70","1.70","1.70","1.70","754.37K","0.00%"
"04/02/2012","1.70","1.70","1.70","1.68","599.33K","-1.16%"
"03/29/2012","1.72","1.72","1.72","1.72","4.42K","0.00%"
"03/28/2012","1.72","1.72","1.72","1.68","1.39M","0.58%"
"03/27/2012","1.71","1.70","1.72","1.70","66.59K","0.59%"
"03/25/2012","1.70","1.70","1.70","1.70","35.90K","0.59%"
"03/21/2012","1.69","1.69","1.69","1.69","8.78K","-0.59%"
"03/19/2012","1.70","1.70","1.70","1.70","23.79K","0.00%"
"03/18/2012","1.70","1.70","1.70","1.70","3.69K","0.00%"
"03/15/2012","1.70","1.70","1.70","1.70","31.36K","0.00%"
"03/14/2012","1.70","1.70","1.70","1.70","83.06K","0.00%"
"03/13/2012","1.70","1.70","1.70","1.69","24.82K","-2.30%"
"03/12/2012","1.74","1.78","1.78","1.70","13.32K","2.35%"
"03/11/2012","1.70","1.70","1.70","1.69","18.16K","0.59%"
"03/08/2012","1.69","1.69","1.69","1.69","8.48K","-6.11%"
"03/07/2012","1.80","1.73","1.82","1.70","546.05K","5.88%"
"03/06/2012","1.70","1.70","1.70","1.70","5.15M","0.00%"
"03/05/2012","1.70","1.68","1.68","1.68","2.42K","0.00%"
"03/04/2012","1.70","1.68","1.68","1.68","3.63K","0.00%"
"03/01/2012","1.70","1.69","1.72","1.62","14.12M","1.19%"
"02/29/2012","1.68","1.70","1.70","1.68","8.64M","0.00%"
"02/28/2012","1.68","1.68","1.70","1.65","4.76M","-1.18%"
"02/27/2012","1.70","1.56","1.70","1.56","3.54M","10.39%"
"02/23/2012","1.54","1.54","1.54","1.52","426.31K","0.00%"
"02/22/2012","1.54","1.54","1.54","1.54","4.30K","0.00%"
"02/21/2012","1.54","1.54","1.54","1.54","3.63K","0.00%"
"02/20/2012","1.54","1.54","1.54","1.54","1.45K","0.00%"
"02/19/2012","1.54","1.54","1.54","1.54","605.38K","0.00%"
"02/16/2012","1.54","1.54","1.54","1.54","10.65K","0.65%"
"02/15/2012","1.53","1.53","1.53","1.53","36.93K","0.00%"
"02/14/2012","1.53","1.52","1.54","1.52","2.37M","0.00%"
"02/13/2012","1.53","1.51","1.53","1.51","11.08K","0.66%"
"02/09/2012","1.52","1.52","1.52","1.52","215.39K","0.00%"
"02/08/2012","1.52","1.53","1.53","1.53","1.51K","0.00%"
"02/07/2012","1.52","1.52","1.52","1.52","1.84M","-0.65%"
"02/06/2012","1.53","1.52","1.54","1.52","120.77K","0.66%"
"02/02/2012","1.52","1.47","1.50","1.47","3.33K","0.00%"
"02/01/2012","1.52","1.51","1.52","1.51","1.24M","0.00%"
"01/31/2012","1.52","1.52","1.53","1.52","4.51M","-1.30%"
"01/30/2012","1.54","1.49","1.49","1.49","1.21K","0.00%"
"01/29/2012","1.54","1.52","1.52","1.52","2.60K","0.00%"
"01/26/2012","1.54","1.52","1.54","1.52","78.28K","1.32%"
"01/24/2012","1.52","1.52","1.54","1.52","10.80M","0.00%"
"01/23/2012","1.52","1.52","1.54","1.52","2.42M","0.00%"
"01/22/2012","1.52","1.52","1.52","1.52","118.47K","0.00%"
"01/19/2012","1.52","1.52","1.52","1.52","601.75K","0.00%"
"01/18/2012","1.52","1.52","1.52","1.52","1.82M","-1.94%"
"01/17/2012","1.55","1.49","1.49","1.49","1.82K","0.00%"
"01/16/2012","1.55","1.55","1.56","1.49","31.42K","0.00%"
"01/10/2012","1.55","1.55","1.55","1.55","254.26K","1.31%"
"01/03/2012","1.53","1.52","1.53","1.52","8.48K","0.00%"
"01/02/2012","1.53","1.51","1.53","1.51","5.02K","0.00%"
"12/29/2011","1.53","1.53","1.53","1.53","66.53K","0.00%"
"12/28/2011","1.53","1.45","1.55","1.40","290.58K","1.32%"
"12/27/2011","1.51","1.50","1.51","1.50","14.53K","-1.31%"
"12/25/2011","1.53","1.54","1.54","1.52","12.11K","0.66%"
"12/21/2011","1.52","1.56","1.57","1.52","580.56K","1.33%"
"12/20/2011","1.50","1.61","1.61","1.49","226.29K","-1.32%"
"12/19/2011","1.52","1.52","1.52","1.52","11.89M","1.33%"
"12/18/2011","1.50","1.51","1.51","1.50","210.19K","-1.32%"
"12/15/2011","1.52","1.52","1.54","1.52","12.12M","0.00%"
"12/14/2011","1.52","1.52","1.52","1.51","254.26K","0.00%"
"12/13/2011","1.52","1.52","1.52","1.52","9.08K","0.66%"
"12/12/2011","1.51","1.51","1.51","1.51","3.47M","0.00%"
"12/11/2011","1.51","1.51","1.51","1.51","6.66K","0.00%"
"12/08/2011","1.51","1.50","1.50","1.50","3.03K","0.00%"
"12/07/2011","1.51","1.50","1.51","1.50","8.61M","0.67%"
"12/06/2011","1.50","1.50","1.50","1.50","2.12M","-0.66%"
"12/05/2011","1.51","1.51","1.51","1.51","7.71M","0.00%"
"12/04/2011","1.51","1.51","1.51","1.51","178.95K","-0.66%"
"12/01/2011","1.52","1.52","1.52","1.51","1.43M","0.00%"
"11/29/2011","1.52","1.52","1.52","1.48","1.21M","0.00%"
"11/24/2011","1.52","1.52","1.52","1.52","18.77M","0.00%"
"11/23/2011","1.52","1.52","1.52","1.52","236.10K","0.00%"
"11/22/2011","1.52","1.44","1.52","1.44","303.30K","-1.30%"
"11/21/2011","1.54","1.54","1.54","1.54","2.05M","0.00%"
"11/17/2011","1.54","1.55","1.55","1.54","206.13K","-0.65%"
"11/16/2011","1.55","1.54","1.55","1.54","182.16K","0.65%"
"11/15/2011","1.54","1.54","1.54","1.54","72.65K","0.00%"
"11/14/2011","1.54","1.54","1.54","1.54","27.24K","-0.65%"
"11/13/2011","1.55","1.55","1.55","1.55","106.55K","0.00%"
"11/09/2011","1.55","1.60","1.60","1.55","890.76K","0.00%"
"11/02/2011","1.55","1.55","1.57","1.55","643.82K","-0.64%"
"11/01/2011","1.56","1.62","1.62","1.62","0.61K","0.00%"
"10/31/2011","1.56","1.62","1.62","1.55","754.12K","-3.70%"
"10/30/2011","1.62","1.62","1.62","1.62","15.13K","1.25%"
"10/26/2011","1.60","1.60","1.60","1.59","1.05M","-1.23%"
"10/25/2011","1.62","1.62","1.62","1.59","5.75K","0.00%"
"10/24/2011","1.62","1.55","1.55","1.55","1.03K","0.00%"
"10/23/2011","1.62","1.62","1.62","1.62","12.23K","0.62%"
"10/20/2011","1.61","1.63","1.63","1.60","7.87K","3.87%"
"10/19/2011","1.55","1.54","1.60","1.54","265.40K","4.03%"
"10/18/2011","1.49","1.49","1.49","1.49","9.38K","0.68%"
"10/17/2011","1.48","1.47","1.54","1.47","94.20K","0.68%"
"10/13/2011","1.47","1.47","1.49","1.47","175.44K","0.00%"
"10/11/2011","1.47","1.49","1.49","1.47","246.21K","0.00%"
"10/10/2011","1.47","1.47","1.47","1.47","988.77K","0.00%"
"10/05/2011","1.47","1.47","1.55","1.47","375.40K","0.00%"
"10/04/2011","1.47","1.47","1.47","1.47","1.76K","0.00%"
"10/02/2011","0.00","81.01","81.01","81.01","0.08K","0.00%"
"09/29/2011","0.00","87.50","87.50","87.50","0.08K","-100.00%"
"09/28/2011","1.47","1.47","1.47","1.47","143.17K","0.68%"
"09/25/2011","1.46","1.46","1.46","1.46","6.66K","0.00%"
"09/22/2011","1.46","1.46","1.57","1.46","1.41M","0.00%"
"09/21/2011","0.00","90.00","90.00","90.00","0.02K","-100.00%"
"09/20/2011","1.49","1.49","1.49","1.49","330.54K","0.00%"
"09/19/2011","1.49","1.49","1.49","1.49","2.39M","-1.32%"
"09/18/2011","1.51","1.51","1.51","1.50","508.40K","-1.95%"
"09/15/2011","1.54","1.51","1.57","1.51","292.16K","-5.52%"
"09/13/2011","1.63","1.64","1.64","1.56","4.03M","-2.40%"
"09/12/2011","1.67","1.67","1.70","1.67","12.19M","0.00%"
"09/08/2011","1.67","1.67","1.67","1.67","10.17K","0.00%"
"09/07/2011","1.67","1.67","1.67","1.57","2.40M","0.00%"
"09/05/2011","1.67","1.68","1.68","1.55","70.59K","-0.60%"
"08/29/2011","1.68","1.68","1.68","1.68","36.32K","0.00%"
"08/15/2011","1.68","1.68","1.70","1.68","147.41K","0.00%"
"08/14/2011","0.00","100.00","100.00","100.00","0.01K","-100.00%"
"08/11/2011","1.68","1.68","1.68","1.59","199.53K","0.00%"
"08/10/2011","1.68","1.70","1.70","1.59","180.65K","0.00%"
"08/09/2011","1.68","1.68","1.68","1.59","1.88M","-5.08%"
"08/02/2011","1.77","1.75","1.77","1.75","1.86M","1.14%"
"07/27/2011","1.75","1.75","1.75","1.75","111.33K","0.00%"
"07/26/2011","1.75","1.75","1.75","1.75","51.52K","0.00%"
"07/25/2011","0.00","101.30","101.30","101.30","0.01K","-100.00%"
"07/21/2011","1.68","1.67","1.78","1.67","6.66K","-2.89%"
"07/19/2011","1.73","1.73","1.78","1.65","1.33M","-1.14%"
"07/13/2011","1.75","1.75","1.75","1.75","13.68K","1.16%"
"07/12/2011","1.73","1.73","1.74","1.73","18.34K","-3.89%"
"07/06/2011","1.80","1.80","1.92","1.80","55.09K","0.00%"
"07/05/2011","1.80","1.75","1.88","1.75","56.30K","2.86%"
"07/04/2011","1.75","1.75","1.75","1.75","10.78K","0.57%"
"07/03/2011","1.74","1.74","1.74","1.74","7.87K","0.00%"
"06/30/2011","1.74","1.74","1.74","1.74","7.87K","-0.57%"
"06/29/2011","1.75","1.75","1.75","1.73","1.26M","0.00%"
"06/28/2011","1.75","1.75","1.75","1.75","48.43K","-1.13%"
"06/27/2011","1.77","1.77","1.77","1.75","159.46K","0.00%"
"06/26/2011","0.00","107.95","107.95","106.05","0.10K","-100.00%"
"06/23/2011","1.77","1.75","1.88","1.75","10.44M","1.72%"
"06/22/2011","1.74","1.73","1.75","1.73","15.94M","-1.69%"
"06/21/2011","1.77","1.77","1.77","1.74","208.86K","0.57%"
"06/20/2011","1.76","1.74","1.77","1.74","1.08M","-0.56%"
"06/16/2011","1.77","1.77","1.77","1.77","96.86K","0.00%"
"06/14/2011","1.77","1.77","1.77","1.77","60.54K","0.00%"
"06/13/2011","1.77","1.77","1.77","1.77","64.05K","0.00%"
"06/12/2011","1.77","1.74","1.77","1.74","38.99K","0.57%"
"06/09/2011","1.76","1.74","1.78","1.74","45.89K","0.00%"
"06/08/2011","0.00","105.10","105.10","105.10","0.06K","-100.00%"
"06/07/2011","1.74","1.73","1.75","1.73","44.86K","0.00%"
"06/06/2011","1.74","1.74","1.76","1.73","10.17K","0.58%"
"06/05/2011","1.73","1.73","1.73","1.73","31.24K","0.00%"
"06/02/2011","1.73","1.73","1.73","1.73","1.53M","0.00%"
"06/01/2011","1.73","1.73","1.77","1.73","5.21M","2.37%"
"05/31/2011","1.69","1.67","1.73","1.65","30.15K","0.00%"
"05/30/2011","1.69","1.67","1.73","1.67","8.96K","0.00%"
"05/29/2011","0.00","100.00","100.00","100.00","0.07K","-100.00%"
"05/26/2011","1.65","1.65","1.65","1.65","106.37K","0.00%"
"05/25/2011","1.65","1.65","1.65","1.65","123.20K","0.00%"
"05/24/2011","1.65","1.65","1.65","1.65","18.65K","0.00%"
"05/23/2011","1.65","1.65","1.67","1.59","1.42M","0.00%"
"05/22/2011","1.65","1.65","1.67","1.61","105.82K","0.00%"
"05/19/2011","1.65","1.65","1.65","1.65","44.80K","0.00%"
"05/18/2011","1.65","1.65","1.65","1.65","350.58K","-0.60%"
"05/17/2011","1.66","1.65","1.66","1.65","18.16K","0.00%"
"05/16/2011","0.00","100.00","100.00","100.00","0.01K","-100.00%"
"05/11/2011","1.70","1.69","1.70","1.69","30.45K","6.92%"
"05/09/2011","1.59","1.59","1.65","1.59","175.86K","0.00%"
"05/08/2011","0.00","94.06","94.06","94.06","0.05K","-100.00%"
"05/05/2011","1.56","1.61","1.61","1.54","7.93K","-7.14%"
"05/03/2011","1.68","1.69","1.69","1.67","440.11K","0.00%"
"05/02/2011","1.68","1.68","1.68","1.68","32.02K","0.00%"
"04/28/2011","0.00","103.00","103.00","102.95","0.04K","-100.00%"
"04/26/2011","1.70","1.72","1.72","1.70","202.26K","0.59%"
"04/21/2011","1.69","1.68","1.72","1.68","166.54K","-1.74%"
"04/20/2011","1.72","1.62","1.73","1.62","53.88K","6.83%"
"04/19/2011","1.61","1.60","1.72","1.60","18.77K","0.00%"
"04/18/2011","0.00","96.25","96.25","96.25","0.01K","0.00%"
"04/17/2011","0.00","103.00","103.00","102.80","0.06K","-100.00%"
"04/13/2011","1.73","1.73","1.73","1.59","437.69K","0.00%"
"04/12/2011","1.73","1.73","1.73","1.73","2.46M","0.00%"
"04/11/2011","1.73","1.73","1.73","1.73","13.02K","1.17%"
"04/06/2011","1.71","1.82","1.82","1.70","10.59K","-1.16%"
"04/04/2011","1.73","1.73","1.74","1.73","642.61K","-0.57%"
"04/03/2011","1.74","1.91","1.91","1.67","163.94K","0.00%"
"03/31/2011","1.74","1.72","1.76","1.72","2.52M","0.58%"
"03/30/2011","1.73","1.73","1.73","1.73","9.32K","7.45%"
"03/29/2011","1.61","1.64","1.64","1.59","3.30M","3.21%"
"03/28/2011","1.56","1.59","1.59","1.49","8.17K","0.00%"
"03/27/2011","1.56","1.50","1.62","1.50","339.01K","5.41%"
"03/24/2011","1.48","1.48","1.49","1.48","12.32M","-9.76%"
"03/23/2011","1.64","1.64","1.64","1.64","234.10K","-9.89%"
"01/27/2011","1.82","1.90","1.90","1.82","1.58M","-8.08%"
"01/26/2011","1.98","1.97","1.98","1.90","5.79M","0.00%"
"01/24/2011","1.98","1.98","1.98","1.90","1.03M","3.13%"
"01/23/2011","1.92","1.92","1.92","1.90","12.11K","-3.03%"
"01/20/2011","1.98","1.98","1.98","1.92","1.77M","0.00%"
"01/19/2011","1.98","2.03","2.03","1.91","12.01M","0.00%"
"01/18/2011","0.00","120.20","120.20","115.50","0.05K","-100.00%"
"01/17/2011","2.03","2.03","2.04","1.99","288.16K","-0.98%"
"01/16/2011","2.05","2.05","2.05","2.05","24.82K","0.00%"
"01/13/2011","2.05","2.05","2.05","1.98","16.20M","0.00%"
"01/12/2011","2.05","2.02","2.06","1.98","7.31M","3.54%"
"01/11/2011","1.98","1.98","2.01","1.98","108.24K","-1.49%"
"01/06/2011","2.01","2.01","2.01","2.01","10.10M","-0.50%"
"01/05/2011","2.02","2.02","2.02","1.98","6.27M","2.02%"
"01/03/2011","1.98","1.98","1.98","1.98","211.88K","0.00%"
"12/30/2010","1.98","1.98","1.98","1.93","174.53K","0.00%"
"12/29/2010","1.98","1.98","1.98","1.98","116.66K","0.00%"
"12/28/2010","1.98","1.98","1.98","1.98","6.05K","0.00%"
"12/27/2010","1.98","1.92","1.98","1.92","106.06K","-1.00%"
"12/23/2010","2.00","1.91","2.03","1.91","46.19K","0.50%"
"12/22/2010","1.99","2.00","2.00","1.91","378.67K","-0.50%"
"12/21/2010","2.00","1.98","2.02","1.98","6.96K","1.01%"
"12/20/2010","1.98","1.99","1.99","1.98","3.03M","0.00%"
"12/16/2010","1.98","1.98","2.02","1.98","5.40M","-0.50%"
"12/15/2010","1.99","1.99","1.99","1.98","750.37K","0.00%"
"12/14/2010","1.99","1.98","2.00","1.98","1.15M","0.00%"
"12/13/2010","0.00","116.78","116.78","116.60","0.09K","0.00%"
"12/12/2010","0.00","116.50","116.50","116.50","0.03K","-100.00%"
"12/09/2010","1.92","1.93","1.94","1.90","39.65K","-3.52%"
"12/08/2010","1.99","1.98","2.02","1.98","56.24K","0.51%"
"12/06/2010","1.98","1.97","2.02","1.97","88.39K","3.66%"
"12/05/2010","1.91","1.95","2.03","1.90","12.47K","-2.55%"
"12/02/2010","1.96","1.95","2.03","1.90","17.74K","0.00%"
"12/01/2010","0.00","120.00","120.00","120.00","0.01K","-100.00%"
"11/29/2010","2.04","1.98","2.04","1.98","805.94K","0.00%"
"11/25/2010","2.04","2.03","2.06","2.03","42.38K","2.00%"
"11/23/2010","2.00","1.98","2.04","1.98","64.41K","1.01%"
"11/22/2010","1.98","1.98","1.98","1.90","286.35K","0.00%"
"11/21/2010","1.98","1.98","1.98","1.98","43.83K","0.00%"
"11/18/2010","1.98","1.98","1.98","1.90","5.02M","4.76%"
"11/14/2010","1.89","1.87","2.03","1.87","9.02K","0.00%"
"11/11/2010","0.00","123.79","123.79","123.79","0.05K","-100.00%"
"11/10/2010","1.99","2.05","2.05","1.86","9.38K","-0.50%"
"11/08/2010","2.00","2.03","2.14","1.90","232.16K","2.56%"
"11/04/2010","1.95","1.95","1.95","1.93","7.26K","-1.52%"
"11/02/2010","1.98","1.98","1.98","1.98","2.04M","-1.00%"
"11/01/2010","2.00","1.98","2.01","1.98","2.27M","1.01%"
"10/28/2010","1.98","1.98","1.98","1.98","971.21K","0.00%"
"10/27/2010","1.98","1.94","1.98","1.94","28.45K","0.00%"
"10/26/2010","0.00","118.02","118.02","118.02","0.03K","0.00%"
"10/25/2010","0.00","120.50","120.50","120.50","0.01K","0.00%"
"10/21/2010","0.00","120.50","120.50","120.50","0.07K","-100.00%"
"10/20/2010","1.99","1.99","1.99","1.99","1.67M","0.00%"
"10/19/2010","0.00","122.01","122.01","122.01","0.01K","-100.00%"
"10/18/2010","2.06","2.06","2.10","2.06","2.15M","0.00%"
"10/14/2010","0.00","120.12","120.12","120.12","0.02K","-100.00%"
"10/13/2010","2.10","2.10","2.10","1.93","1.16M","0.00%"
"10/12/2010","0.00","127.25","127.25","127.15","0.05K","-100.00%"
"10/11/2010","2.10","2.10","2.11","2.10","787.60K","-0.47%"
"10/10/2010","2.11","2.11","2.11","2.11","8.17K","0.48%"
"10/07/2010","2.10","2.10","2.10","2.10","60.54K","-1.87%"
"10/05/2010","2.14","2.15","2.15","2.04","1.02M","-3.17%"
"10/04/2010","2.21","2.11","2.22","2.11","67.38K","-0.45%"
"10/03/2010","2.22","2.16","2.23","2.16","7.26K","5.71%"
"09/30/2010","2.10","2.10","2.10","2.10","93.05K","0.00%"
"09/29/2010","2.10","2.10","2.10","2.10","21.79K","-2.78%"
"09/28/2010","2.16","2.16","2.16","2.15","2.89M","0.47%"
"09/27/2010","2.15","2.15","2.16","2.15","570.51K","0.00%"
"09/26/2010","2.15","2.15","2.15","2.15","399.55K","0.00%"
"09/23/2010","2.15","2.10","2.15","2.10","1.80M","1.42%"
"09/22/2010","2.12","2.11","2.15","2.11","130.88K","0.95%"
"09/21/2010","2.10","2.15","2.15","2.08","92.14K","-1.41%"
"09/20/2010","2.13","2.13","2.13","2.13","1.46M","2.40%"
"09/16/2010","2.08","2.08","2.08","2.08","48.43K","0.00%"
"09/15/2010","2.08","2.08","2.08","2.08","282.83K","0.00%"
"09/14/2010","2.08","2.08","2.08","2.03","149.53K","0.97%"
"09/13/2010","2.06","2.06","2.06","2.06","60.54K","-1.90%"
"09/08/2010","2.10","2.10","2.10","2.10","1.27M","0.00%"
"09/07/2010","2.10","2.10","2.10","2.10","335.99K","-0.47%"
"09/06/2010","2.11","2.11","2.11","2.10","3.57M","0.00%"
"09/01/2010","2.11","2.11","2.11","2.11","351.61K","0.48%"
"08/31/2010","2.10","2.10","2.10","2.10","2.08M","-0.47%"
"08/30/2010","2.11","2.11","2.11","2.10","1.76M","-0.94%"
"08/29/2010","2.13","2.13","2.13","2.13","10.47K","0.95%"
"08/26/2010","2.11","2.11","2.11","2.11","332.60K","0.00%"
"08/25/2010","2.11","2.11","2.11","2.11","1.21M","0.00%"
"08/24/2010","2.11","2.11","2.14","2.11","592.91K","0.00%"
"08/23/2010","2.11","2.07","2.11","2.07","867.21K","0.48%"
"08/22/2010","2.10","2.10","2.10","2.10","38.74K","0.00%"
"08/19/2010","2.10","2.10","2.10","2.06","756.12K","0.48%"
"08/18/2010","2.09","2.09","2.10","2.09","1.04M","0.00%"
"08/17/2010","0.00","126.90","126.98","126.90","0.09K","-100.00%"
"08/16/2010","2.06","2.06","2.06","2.06","1.26M","0.00%"
"08/15/2010","2.06","2.06","2.06","2.06","33.30K","-1.90%"
"08/12/2010","2.10","2.10","2.10","2.10","90.81K","0.48%"
"08/11/2010","2.09","2.06","2.10","2.06","490.06K","1.95%"
"08/09/2010","2.05","2.03","2.06","2.03","2.18M","0.00%"
"08/08/2010","0.00","121.50","122.71","121.50","0.06K","0.00%"
"08/05/2010","0.00","121.75","121.75","121.75","0.01K","-100.00%"
"08/04/2010","2.08","2.07","2.08","2.07","97.95K","0.00%"
"08/03/2010","2.08","2.06","2.11","2.06","1.55M","2.46%"
"08/02/2010","2.03","2.03","2.06","2.03","1.18M","0.00%"
"07/29/2010","2.03","2.03","2.03","2.03","6.05K","0.50%"
"07/28/2010","2.02","2.02","2.03","2.02","460.70K","0.50%"
"07/27/2010","2.01","2.01","2.02","2.00","21.55K","0.00%"
"07/26/2010","2.01","2.00","2.02","2.00","6.54K","1.52%"
"07/22/2010","1.98","1.98","2.02","1.98","1.63M","-2.46%"
"07/21/2010","2.03","2.03","2.03","2.02","19.43K","0.50%"
"07/20/2010","2.02","2.02","2.03","2.02","49.64K","0.00%"
"07/19/2010","2.02","2.03","2.03","1.98","234.34K","-0.49%"
"07/14/2010","2.03","2.03","2.03","2.03","265.34K","2.53%"
"07/13/2010","1.98","1.98","1.99","1.98","7.26K","-2.46%"
"07/11/2010","2.03","2.03","2.03","2.03","24.22K","0.00%"
"07/08/2010","2.03","2.03","2.05","2.03","1.73M","2.53%"
"07/07/2010","1.98","1.98","1.98","1.98","28.45K","0.00%"
"07/06/2010","0.00","121.00","121.00","112.05","0.03K","-100.00%"
"07/05/2010","2.00","1.98","2.02","1.98","980.72K","-2.44%"
"06/30/2010","2.05","2.05","2.05","2.04","722.22K","0.00%"
"06/29/2010","2.05","2.05","2.05","2.05","566.52K","0.00%"
"06/28/2010","2.05","2.05","2.06","2.05","1.01M","-0.49%"
"06/24/2010","2.06","2.06","2.06","2.06","1.75M","4.04%"
"06/23/2010","1.98","1.98","1.98","1.98","37.96K","-1.00%"
"06/22/2010","2.00","2.00","2.00","2.00","289.68K","-5.21%"
"06/20/2010","2.11","2.11","2.11","2.11","36.32K","6.03%"
"06/17/2010","1.99","2.11","2.11","1.98","945.73K","0.51%"
"06/16/2010","1.98","1.98","2.11","1.98","189.48K","0.00%"
"06/14/2010","1.98","1.98","1.98","1.98","908.74K","0.00%"
"06/13/2010","1.98","1.98","1.98","1.98","315.59K","0.00%"
"06/10/2010","1.98","1.98","1.98","1.98","1.54M","0.00%"
"06/09/2010","1.98","1.98","1.98","1.98","49.82K","0.51%"
"06/08/2010","1.97","1.97","1.97","1.97","19.67K","-0.51%"
"06/03/2010","1.98","1.95","1.98","1.95","472.80K","0.00%"
"06/02/2010","1.98","1.98","1.98","1.98","1.05M","0.00%"
"05/31/2010","1.98","1.98","1.98","1.97","3.15M","-0.50%"
"05/27/2010","1.99","2.02","2.02","1.95","535.76K","0.51%"
"05/25/2010","1.98","1.98","1.98","1.98","1.20M","-3.88%"
"05/24/2010","2.06","2.06","2.06","2.06","2.72M","0.00%"
"05/23/2010","2.06","2.06","2.06","2.06","147.71K","0.00%"
"05/20/2010","2.06","2.07","2.07","2.06","4.55M","-0.48%"
"05/19/2010","2.07","2.06","2.11","2.06","3.90M","-1.90%"
"05/18/2010","2.11","2.11","2.18","2.06","6.75M","3.94%"
"05/17/2010","2.03","2.03","2.03","2.03","6.05K","1.00%"
"05/16/2010","2.01","2.01","2.01","2.01","160.31K","-2.43%"
"05/13/2010","2.06","2.06","2.06","2.05","102.43K","0.49%"
"05/12/2010","2.05","2.03","2.06","2.03","999.55K","0.00%"
"05/11/2010","2.05","2.10","2.10","2.05","921.09K","1.49%"
"05/10/2010","2.02","2.03","2.03","2.02","9.08K","-2.42%"
"05/09/2010","2.07","2.07","2.07","2.07","33.60K","-1.90%"
"05/06/2010","2.11","2.08","2.13","2.08","5.68M","0.00%"
"05/05/2010","2.11","2.11","2.13","2.11","8.21M","0.00%"
"05/04/2010","2.11","2.11","2.12","2.10","6.82M","0.00%"
"05/03/2010","2.11","2.11","2.11","2.11","15.13K","0.48%"
"05/02/2010","2.10","2.11","2.11","2.10","261.52K","0.00%"
"04/29/2010","2.10","2.08","2.11","2.08","177.74K","1.94%"
"04/28/2010","2.06","2.06","2.07","2.06","6.36K","-2.37%"
"04/27/2010","2.11","2.11","2.13","2.11","4.64M","0.00%"
"04/26/2010","2.11","2.02","2.12","2.02","4.85M","0.00%"
"04/22/2010","2.11","2.11","2.13","2.10","3.33M","1.44%"
"04/21/2010","2.08","2.08","2.08","2.08","16.95K","-0.95%"
"04/20/2010","2.10","2.08","2.11","2.08","1.64M","0.96%"
"04/19/2010","2.08","2.06","2.08","2.06","311.53K","-0.95%"
"04/15/2010","2.10","2.08","2.13","2.08","1.18M","0.96%"
"04/14/2010","2.08","2.08","2.08","2.08","1.35M","0.00%"
"04/13/2010","2.08","2.08","2.08","2.08","6.13M","0.00%"
"04/12/2010","2.08","2.08","2.11","2.08","847.72K","0.48%"
"04/11/2010","2.07","2.06","2.07","2.06","1.68M","-0.48%"
"04/08/2010","2.08","2.08","2.08","2.06","536.31K","0.00%"
"04/07/2010","2.08","2.08","2.10","2.06","11.63M","0.00%"
"04/06/2010","2.08","2.08","2.10","2.08","4.11M","0.97%"
"04/01/2010","2.06","2.06","2.06","2.06","1.17M","0.00%"
"03/31/2010","2.06","2.06","2.06","2.06","8.78M","0.00%"
"03/30/2010","2.06","2.02","2.06","2.02","44.68K","1.48%"
"03/29/2010","2.03","1.98","2.06","1.98","550.90K","2.53%"
"03/25/2010","1.98","1.98","1.98","1.98","11.47M","0.00%"
"03/24/2010","1.98","1.98","1.98","1.98","198.57K","0.00%"
"03/23/2010","1.98","1.98","1.98","1.98","2.54M","0.00%"
"03/22/2010","1.98","1.98","1.98","1.98","762.96K","-0.50%"
"03/18/2010","1.99","1.98","2.03","1.91","786.81K","0.51%"
"03/17/2010","1.98","1.98","1.98","1.98","220.30K","0.00%"
"03/15/2010","1.98","1.98","1.98","1.95","5.07M","-1.98%"
"03/11/2010","2.02","2.02","2.02","2.02","6.98M","0.00%"
"03/09/2010","2.02","2.06","2.06","2.00","5.08M","0.00%"
"03/08/2010","2.02","2.02","2.02","1.98","565.24K","-1.94%"
"03/04/2010","2.06","2.05","2.06","2.05","1.60M","0.49%"
"03/03/2010","2.05","2.05","2.05","2.05","18.77K","0.00%"
"03/02/2010","2.05","2.05","2.05","2.05","157.40K","0.00%"
"03/01/2010","2.05","2.04","2.13","2.04","4.31M","0.49%"
"02/23/2010","2.04","2.11","2.11","2.02","14.35K","-2.86%"
"02/22/2010","2.10","2.10","2.10","2.10","18.16K","1.94%"
"02/21/2010","2.06","2.06","2.06","2.06","1.03M","-1.90%"
"02/16/2010","2.10","2.02","2.11","2.02","133.18K","0.48%"
"02/15/2010","2.09","2.02","2.11","2.02","467.96K","-0.95%"
"02/11/2010","2.11","2.07","2.11","2.06","2.36M","0.00%"
"02/10/2010","2.11","2.07","2.11","2.07","1.64M","1.44%"
"02/09/2010","2.08","2.08","2.08","2.06","420.74K","-1.42%"
"02/08/2010","2.11","2.13","2.13","2.06","8.33M","-1.86%"
"02/04/2010","2.15","2.15","2.18","2.15","823.38K","0.47%"
"02/03/2010","2.14","2.13","2.18","2.13","3.01M","1.90%"
"02/02/2010","2.10","2.07","2.13","2.07","39.96K","-0.47%"
"02/01/2010","2.11","2.12","2.13","2.11","603.44K","1.93%"
"01/31/2010","2.07","2.06","2.07","2.06","23.91K","-1.90%"
"01/28/2010","2.11","2.11","2.12","2.10","3.84M","0.48%"
"01/27/2010","2.10","2.09","2.13","2.09","5.80M","0.48%"
"01/26/2010","2.09","2.03","2.13","2.03","101.70K","0.00%"
"01/24/2010","2.09","2.12","2.12","2.05","47.83K","1.46%"
"01/21/2010","2.06","2.03","2.06","2.03","295.12K","0.00%"
"01/20/2010","2.06","2.11","2.13","2.03","6.93M","2.49%"
"01/19/2010","2.01","1.98","2.03","1.98","226.78K","1.52%"
"01/18/2010","1.98","1.99","1.99","1.98","555.92K","-2.46%"
"01/17/2010","2.03","2.02","2.11","2.02","469.17K","0.50%"
"01/14/2010","2.02","1.98","2.05","1.98","1.48M","-1.94%"
"01/13/2010","2.06","2.06","2.06","1.99","1.45M","3.00%"
"01/12/2010","2.00","1.98","2.06","1.98","2.38M","0.50%"
"01/11/2010","1.99","1.96","2.09","1.96","673.79K","1.53%"
"01/10/2010","1.96","1.94","1.98","1.94","63.57K","2.08%"
"01/06/2010","1.92","1.92","2.13","1.92","1.98M","0.52%"
"01/05/2010","1.91","1.91","1.91","1.91","1.36M","-0.52%"
"01/04/2010","1.92","1.88","2.03","1.88","36.32K","1.59%"
"01/03/2010","1.89","1.88","1.90","1.88","27.24K","0.53%"