"Date","Price","Open","High","Low","Vol.","Change %"
"01/30/2026","228,330.94","251,885.86","255,279.88","220,405.88","","-9.33%"
"01/29/2026","251,830.25","253,589.36","262,035.44","239,335.55","","-0.69%"
"01/28/2026","253,579.59","243,430.70","253,795.02","242,395.27","","4.15%"
"01/27/2026","243,469.44","235,351.48","243,956.36","235,341.83","","3.45%"
"01/26/2026","235,341.13","234,969.33","240,798.20","234,373.53","","0.17%"
"01/23/2026","234,943.52","232,230.48","235,275.45","231,021.59","","1.16%"
"01/22/2026","232,239.31","228,991.25","232,485.86","226,163.13","","1.40%"
"01/21/2026","229,028.77","226,131.41","232,190.23","225,087.33","","1.28%"
"01/20/2026","226,139.55","221,525.19","226,263.73","220,945.94","","2.09%"
"01/19/2026","221,499.73","217,493.20","222,249.94","217,401.30","","2.04%"
"01/16/2026","217,079.63","218,086.09","218,308.84","214,334.77","","-0.45%"
"01/15/2026","218,068.41","218,876.47","219,124.64","216,661.66","","-0.40%"
"01/14/2026","218,941.59","216,074.55","219,805.47","215,991.48","","1.34%"
"01/13/2026","216,047.73","216,776.09","218,467.19","215,221.14","","-0.34%"
"01/12/2026","216,790.09","212,914.23","218,326.48","212,890.13","","1.76%"
"01/09/2026","213,032.11","211,734.44","213,356.59","210,519.91","","0.60%"
"01/08/2026","211,752.05","210,579.77","211,804.91","208,297.30","","0.55%"
"01/07/2026","210,586.70","212,364.98","212,655.52","209,217.13","","-0.85%"
"01/06/2026","212,389.28","210,487.30","212,509.02","209,497.30","","0.91%"
"01/05/2026","210,469.95","206,123.31","211,052.23","206,123.31","","1.89%"
"01/02/2026","206,564.66","206,246.30","210,000.70","205,587.27","","0.36%"
"01/01/2026","205,830.08","205,830.08","205,830.08","205,830.08","","0.00%"
"12/31/2025","205,830.08","207,023.44","208,721.84","203,936.75","","-0.57%"
"12/30/2025","207,006.05","206,538.50","210,117.39","206,093.19","","0.24%"
"12/29/2025","206,516.95","216,195.73","216,857.83","205,417.81","","-4.28%"
"12/26/2025","215,753.45","213,184.89","216,585.27","212,970.06","","1.20%"
"12/25/2025","213,185.84","212,961.88","213,365.03","212,737.88","","0.11%"
"12/24/2025","212,961.88","212,934.48","214,880.80","211,470.80","","0.04%"
"12/23/2025","212,879.95","210,902.20","213,782.72","210,554.17","","0.96%"
"12/22/2025","210,850.77","206,198.22","211,133.56","206,050.48","","2.12%"
"12/19/2025","206,480.20","205,922.70","207,332.98","204,807.28","","0.27%"
"12/18/2025","205,914.28","206,444.64","208,016.53","205,003.20","","-0.28%"
"12/17/2025","206,495.52","203,872.97","207,018.61","203,804.11","","1.26%"
"12/16/2025","203,923.06","204,239.22","205,616.41","202,562.80","","-0.16%"
"12/15/2025","204,243.59","204,257.50","206,736.31","203,247.30","","-0.14%"
"12/12/2025","204,537.06","203,334.72","206,976.09","202,406.58","","0.59%"
"12/11/2025","203,333.36","201,094.38","203,639.50","199,728.38","","1.11%"
"12/10/2025","201,097.53","200,051.84","201,611.72","198,880.97","","0.52%"
"12/09/2025","200,052.41","198,887.55","200,740.64","198,006.70","","0.56%"
"12/08/2025","198,937.09","199,249.67","200,455.36","198,281.09","","-0.37%"
"12/05/2025","199,669.41","199,992.91","202,626.61","199,331.45","","-0.16%"
"12/04/2025","199,990.52","199,844.41","200,529.58","198,586.00","","0.06%"
"12/03/2025","199,869.31","199,852.39","201,876.58","199,349.55","","0.00%"
"12/02/2025","199,871.77","201,053.14","201,307.89","197,784.42","","-0.59%"
"12/01/2025","201,059.06","201,118.95","202,788.59","200,115.11","","-0.26%"
"11/28/2025","201,589.30","198,004.28","201,631.33","197,984.05","","1.81%"
"11/27/2025","198,004.28","198,665.69","198,944.72","197,398.14","","-0.33%"
"11/26/2025","198,656.50","197,500.78","199,354.02","197,239.92","","0.58%"
"11/25/2025","197,504.13","197,393.03","198,863.09","196,446.80","","0.06%"
"11/24/2025","197,386.98","193,577.30","197,616.31","192,268.52","","2.31%"
"11/21/2025","192,926.75","193,240.91","194,610.03","190,777.31","","-0.17%"
"11/20/2025","193,247.45","193,243.72","194,780.98","191,435.59","","0.00%"
"11/19/2025","193,247.47","191,817.13","195,906.13","191,246.56","","0.74%"
"11/18/2025","191,828.55","190,274.98","192,702.77","188,185.47","","0.82%"
"11/17/2025","190,270.22","192,270.63","193,473.77","188,521.25","","-1.19%"
"11/14/2025","192,556.20","196,821.70","198,749.20","190,325.64","","-2.17%"
"11/13/2025","196,829.27","198,013.30","200,320.16","195,621.92","","-0.61%"
"11/12/2025","198,032.34","194,749.66","198,804.38","193,584.45","","1.68%"
"11/11/2025","194,764.05","194,504.52","196,091.42","193,464.34","","0.12%"
"11/10/2025","194,525.48","189,270.55","194,573.86","189,219.27","","2.72%"
"11/07/2025","189,382.53","188,110.23","190,708.06","187,989.42","","0.68%"
"11/06/2025","188,104.59","188,754.16","190,644.84","187,578.11","","-0.32%"
"11/05/2025","188,712.25","186,025.30","189,746.72","185,909.88","","1.44%"
"11/04/2025","186,024.83","188,909.63","189,512.11","185,950.27","","-1.54%"
"11/03/2025","188,924.86","189,050.05","190,450.38","187,204.83","","-0.08%"
"10/31/2025","189,067.30","190,094.22","191,092.39","187,658.44","","-0.55%"
"10/30/2025","190,105.48","185,857.03","190,215.97","185,187.73","","2.29%"
"10/29/2025","185,852.63","187,186.59","190,728.31","185,553.80","","-0.73%"
"10/28/2025","187,210.80","188,943.25","190,754.13","183,986.45","","-0.93%"
"10/27/2025","188,963.16","194,327.06","195,370.45","188,440.11","","-3.44%"
"10/24/2025","195,704.19","196,368.27","197,246.16","192,487.09","","-0.33%"
"10/23/2025","196,358.55","194,997.94","197,734.52","193,395.19","","0.71%"
"10/22/2025","194,979.02","196,051.34","197,925.13","190,342.75","","-0.54%"
"10/21/2025","196,040.41","206,911.45","207,840.81","194,229.98","","-5.26%"
"10/20/2025","206,922.28","202,065.09","208,126.27","200,688.84","","2.33%"
"10/17/2025","202,213.88","206,007.30","208,461.27","199,213.20","","-1.85%"
"10/16/2025","206,029.48","200,307.13","206,151.34","199,900.77","","2.86%"
"10/15/2025","200,307.16","197,406.02","201,161.20","197,333.69","","1.46%"
"10/14/2025","197,419.66","196,037.28","199,571.88","195,124.05","","0.69%"
"10/13/2025","196,075.41","192,360.72","196,387.36","191,901.09","","2.59%"
"10/10/2025","191,119.70","189,099.70","191,332.00","187,690.09","","1.06%"
"10/09/2025","189,121.05","192,188.56","193,002.55","187,614.48","","-1.60%"
"10/08/2025","192,187.88","189,598.61","193,062.03","189,504.47","","1.36%"
"10/07/2025","189,601.56","188,492.88","189,860.20","187,599.45","","0.57%"
"10/06/2025","188,525.19","185,091.11","188,943.73","185,016.63","","1.58%"
"10/03/2025","185,596.66","184,045.13","185,835.63","183,266.67","","0.86%"
"10/02/2025","184,020.30","184,956.81","186,017.86","182,610.56","","-0.52%"
"10/01/2025","184,983.11","184,660.31","186,817.39","184,426.38","","0.18%"
"09/30/2025","184,656.55","184,190.77","186,304.25","181,693.09","","0.26%"
"09/29/2025","184,180.27","181,036.56","184,251.38","180,892.05","","1.77%"
"09/26/2025","180,983.30","180,430.78","182,117.92","179,745.11","","0.29%"
"09/25/2025","180,451.94","179,858.63","181,197.05","179,031.59","","0.31%"
"09/24/2025","179,899.53","181,270.05","182,642.25","179,025.19","","-0.76%"
"09/23/2025","181,277.09","180,500.13","182,759.52","179,982.38","","0.42%"
"09/22/2025","180,513.42","177,707.98","180,633.80","177,575.84","","1.69%"
"09/19/2025","177,510.45","175,642.92","177,570.58","175,039.34","","1.06%"
"09/18/2025","175,641.48","176,227.56","177,061.50","174,465.25","","-0.32%"
"09/17/2025","176,212.66","177,415.31","178,488.70","175,491.55","","-0.68%"
"09/16/2025","177,421.22","177,208.94","178,171.83","176,878.88","","0.11%"
"09/15/2025","177,220.81","175,680.22","177,537.55","174,874.44","","1.01%"
"09/12/2025","175,453.91","175,222.91","176,333.80","175,061.70","","0.13%"
"09/11/2025","175,219.44","175,117.48","175,735.16","174,140.31","","0.06%"
"09/10/2025","175,117.48","173,924.61","176,610.69","173,631.30","","0.70%"
"09/09/2025","173,907.13","175,235.59","176,963.36","173,907.13","","-0.73%"
"09/08/2025","175,189.69","173,833.84","175,948.22","173,361.08","","0.54%"
"09/05/2025","174,247.02","172,131.09","174,904.27","171,869.23","","1.24%"
"09/04/2025","172,114.16","172,771.36","173,018.45","170,432.97","","-0.38%"
"09/03/2025","172,764.56","171,458.13","173,714.95","171,060.25","","0.75%"
"09/02/2025","171,481.36","168,736.80","171,791.88","168,537.05","","1.63%"
"09/01/2025","168,736.80","167,509.84","169,651.61","166,959.53","","0.75%"
"08/29/2025","167,474.00","165,735.66","167,764.67","165,232.00","","1.05%"
"08/28/2025","165,728.39","165,249.81","166,033.20","164,529.98","","0.29%"
"08/27/2025","165,249.56","164,943.34","165,358.45","163,739.34","","0.18%"
"08/26/2025","164,945.77","163,216.88","164,953.55","162,536.13","","1.03%"
"08/25/2025","163,266.05","163,277.34","163,826.09","162,563.88","","-0.18%"
"08/22/2025","163,556.36","161,901.97","163,882.00","160,992.55","","1.03%"
"08/21/2025","161,888.52","162,609.45","163,011.70","161,205.17","","-0.42%"
"08/20/2025","162,571.55","160,673.28","162,767.31","160,440.02","","1.17%"
"08/19/2025","160,696.00","161,241.38","162,248.77","160,605.70","","-0.34%"
"08/18/2025","161,241.86","161,209.70","162,282.48","160,587.53","","0.09%"
"08/15/2025","161,099.36","161,204.31","161,830.91","160,943.13","","-0.08%"
"08/14/2025","161,228.91","162,174.02","163,078.33","160,931.42","","-0.58%"
"08/13/2025","162,173.05","162,259.78","162,915.38","161,866.45","","-0.03%"
"08/12/2025","162,220.09","162,072.77","163,029.22","161,384.77","","0.09%"
"08/11/2025","162,080.98","164,710.70","165,045.00","161,980.91","","-1.77%"
"08/08/2025","164,995.02","164,892.55","165,473.16","164,054.52","","0.07%"
"08/07/2025","164,872.44","163,228.48","165,176.08","163,022.92","","1.00%"
"08/06/2025","163,241.63","163,740.67","163,958.09","162,580.63","","-0.32%"
"08/05/2025","163,760.45","163,455.88","164,207.55","162,117.09","","0.17%"
"08/04/2025","163,484.36","163,476.84","163,905.55","162,386.77","","-0.11%"
"08/01/2025","163,671.64","159,799.03","163,703.89","159,384.66","","2.40%"
"07/31/2025","159,840.52","159,476.61","161,815.16","159,446.77","","0.22%"
"07/30/2025","159,483.63","161,712.63","162,571.70","159,126.00","","-1.45%"
"07/29/2025","161,836.19","161,724.53","162,365.45","161,082.95","","0.06%"
"07/28/2025","161,736.91","163,121.19","163,604.20","160,790.63","","-1.28%"
"07/25/2025","163,835.20","165,250.30","165,514.97","163,226.72","","-0.86%"
"07/24/2025","165,251.77","166,260.72","166,585.30","164,419.70","","-0.61%"
"07/23/2025","166,262.69","168,398.69","168,760.11","165,995.16","","-1.27%"
"07/22/2025","168,397.20","167,327.14","168,519.14","165,804.78","","0.66%"
"07/21/2025","167,299.06","165,409.06","167,540.91","165,116.78","","1.08%"
"07/18/2025","165,513.41","164,993.92","166,087.05","164,621.55","","0.31%"
"07/17/2025","165,002.48","165,418.64","165,680.31","163,543.20","","-0.25%"
"07/16/2025","165,417.66","164,250.25","166,915.83","163,984.14","","0.72%"
"07/15/2025","164,242.31","165,430.19","166,595.25","163,855.34","","-0.70%"
"07/14/2025","165,408.09","166,067.20","167,307.77","165,250.81","","-0.41%"
"07/11/2025","166,084.27","164,581.45","166,726.38","164,441.06","","0.92%"
"07/10/2025","164,575.92","164,390.48","165,255.81","163,964.41","","0.11%"
"07/09/2025","164,392.31","164,026.98","164,558.63","162,735.55","","0.22%"
"07/08/2025","164,023.28","165,744.84","166,426.95","163,306.38","","-1.04%"
"07/07/2025","165,740.88","164,625.02","165,926.38","163,019.64","","0.67%"
"07/04/2025","164,643.77","164,150.22","165,083.27","164,018.95","","0.30%"
"07/03/2025","164,152.92","165,702.23","166,102.98","163,432.16","","-0.95%"
"07/02/2025","165,720.03","164,955.95","165,769.14","164,262.44","","0.46%"
"07/01/2025","164,965.06","163,822.61","166,091.16","163,755.41","","0.70%"
"06/30/2025","163,825.59","162,618.02","164,154.94","161,386.20","","0.33%"
"06/27/2025","163,289.13","166,079.66","166,149.41","162,363.00","","-1.67%"
"06/26/2025","166,067.70","166,297.17","167,188.47","165,169.52","","-0.13%"
"06/25/2025","166,289.78","166,376.73","166,932.84","165,110.44","","-0.05%"
"06/24/2025","166,379.73","170,728.19","170,842.81","164,604.00","","-2.55%"
"06/23/2025","170,729.80","171,140.03","172,199.20","169,501.27","","0.04%"
"06/20/2025","170,668.48","170,788.56","170,992.52","169,257.06","","-0.07%"
"06/19/2025","170,788.56","170,190.45","171,316.59","169,143.50","","0.34%"
"06/18/2025","170,205.81","169,920.56","171,898.27","168,941.02","","0.18%"
"06/17/2025","169,896.20","170,096.45","171,054.41","168,918.45","","-0.13%"
"06/16/2025","170,115.05","173,670.55","174,686.73","169,999.20","","-0.36%"
"06/13/2025","170,732.34","168,506.81","171,454.88","168,212.31","","1.32%"
"06/12/2025","168,508.30","166,118.20","169,188.94","165,971.69","","1.44%"
"06/11/2025","166,115.73","164,582.06","166,387.05","164,203.13","","0.91%"
"06/10/2025","164,614.64","165,176.66","165,873.02","163,882.63","","-0.27%"
"06/09/2025","165,067.92","164,383.16","165,719.66","163,499.05","","0.50%"
"06/06/2025","164,250.70","166,445.19","167,567.36","164,087.08","","-1.33%"
"06/05/2025","166,460.78","167,540.16","169,054.23","165,857.86","","-0.65%"
"06/04/2025","167,546.36","166,565.98","168,124.91","165,990.66","","0.59%"
"06/03/2025","166,567.88","167,865.77","168,540.92","165,554.16","","-0.85%"
"06/02/2025","168,002.38","163,503.09","168,079.20","163,483.47","","2.64%"
"05/30/2025","163,680.80","165,104.84","165,366.70","162,661.23","","-0.87%"
"05/29/2025","165,112.16","163,706.34","165,747.64","161,595.70","","0.89%"
"05/28/2025","163,659.59","164,383.25","165,700.75","163,127.27","","-0.43%"
"05/27/2025","164,364.91","166,531.27","166,840.72","163,529.97","","-1.27%"
"05/26/2025","166,478.42","167,345.81","167,482.25","165,600.48","","-0.63%"
"05/23/2025","167,535.53","164,413.31","167,983.02","164,033.53","","1.86%"
"05/22/2025","164,472.91","165,266.17","166,779.23","163,649.31","","-0.48%"
"05/21/2025","165,259.25","164,174.03","165,815.13","163,946.72","","0.66%"
"05/20/2025","164,171.02","161,666.52","164,469.34","160,124.70","","1.57%"
"05/19/2025","161,639.50","161,211.59","162,820.73","160,621.16","","0.68%"
"05/16/2025","160,555.13","162,487.67","163,101.30","158,126.08","","-1.20%"
"05/15/2025","162,511.59","160,106.69","162,535.53","157,016.30","","1.50%"
"05/14/2025","160,108.20","163,868.38","164,367.77","159,632.77","","-2.38%"
"05/13/2025","164,007.39","163,395.88","164,970.05","162,406.09","","0.37%"
"05/12/2025","163,395.63","168,292.53","168,332.98","161,953.95","","-2.90%"
"05/09/2025","168,280.91","167,329.66","169,457.50","165,777.50","","0.56%"
"05/08/2025","167,344.67","170,390.13","172,933.81","166,478.81","","-1.79%"
"05/07/2025","170,387.92","173,847.34","174,199.02","170,256.27","","-1.98%"
"05/06/2025","173,834.55","168,948.27","174,025.77","168,375.19","","2.89%"
"05/05/2025","168,954.56","164,332.88","169,126.94","164,221.80","","2.75%"
"05/02/2025","164,432.39","164,610.44","165,992.06","163,619.27","","-0.11%"
"05/01/2025","164,610.41","167,202.56","167,278.50","162,634.17","","-1.52%"
"04/30/2025","167,155.23","168,505.13","169,080.77","165,935.52","","-0.81%"
"04/29/2025","168,516.31","170,050.34","170,300.77","167,450.91","","-0.90%"
"04/28/2025","170,042.44","169,415.63","170,516.64","166,243.64","","0.52%"
"04/25/2025","169,166.63","170,682.91","171,793.61","166,397.16","","-0.87%"
"04/24/2025","170,648.75","167,599.81","171,612.33","167,544.69","","1.84%"
"04/23/2025","167,566.17","172,452.72","172,866.86","166,154.84","","-2.86%"
"04/22/2025","172,494.05","175,018.59","178,901.63","171,770.84","","-1.29%"
"04/21/2025","174,753.88","170,421.70","175,355.00","170,084.64","","2.81%"
"04/18/2025","169,970.73","169,970.73","169,970.73","169,970.73","","0.00%"
"04/17/2025","169,964.61","170,899.94","171,661.19","167,772.69","","-0.48%"
"04/16/2025","170,779.61","164,671.98","171,004.34","164,473.98","","3.76%"
"04/15/2025","164,584.88","163,752.80","164,883.86","163,609.41","","0.63%"
"04/14/2025","163,549.28","165,849.52","166,284.58","162,862.67","","-1.45%"
"04/11/2025","165,952.97","163,072.34","166,601.30","162,914.98","","1.92%"
"04/10/2025","162,830.92","159,286.89","163,060.52","158,664.80","","2.33%"
"04/09/2025","159,118.66","152,918.34","160,170.31","152,272.44","","4.16%"
"04/08/2025","152,756.48","153,307.75","155,149.95","152,499.83","","-0.26%"
"04/07/2025","153,158.00","155,334.02","156,889.25","151,939.45","","-0.23%"
"04/04/2025","153,508.17","157,580.38","158,705.67","152,561.00","","-2.51%"
"04/03/2025","157,463.94","158,518.06","160,207.56","154,503.88","","-0.51%"
"04/02/2025","158,267.55","157,496.50","158,807.81","157,010.52","","0.61%"
"04/01/2025","157,301.94","157,972.34","159,250.25","156,809.80","","-0.32%"
"03/31/2025","157,799.22","156,086.13","158,197.39","155,584.70","","1.25%"
"03/28/2025","155,846.13","154,489.84","156,105.81","154,405.91","","0.93%"
"03/27/2025","154,414.38","152,598.20","154,731.58","152,489.06","","1.27%"
"03/26/2025","152,472.13","152,717.16","153,449.55","152,275.86","","-0.02%"
"03/25/2025","152,504.69","152,351.58","153,481.70","152,180.78","","0.22%"
"03/24/2025","152,176.73","153,086.31","153,625.48","151,918.16","","-0.38%"
"03/21/2025","152,752.78","153,984.16","154,120.19","151,682.95","","-0.69%"
"03/20/2025","153,818.75","154,337.31","154,862.64","152,926.94","","-0.22%"
"03/19/2025","154,164.94","153,258.78","154,568.23","152,885.48","","0.71%"
"03/18/2025","153,079.44","151,569.55","153,426.59","151,481.28","","1.12%"
"03/17/2025","151,381.02","150,973.30","151,843.03","150,752.20","","0.24%"
"03/14/2025","151,012.66","151,326.44","152,207.55","150,856.23","","-0.13%"
"03/13/2025","151,216.08","148,712.45","151,425.03","148,536.66","","1.83%"
"03/12/2025","148,493.27","147,530.41","149,099.89","147,191.53","","0.77%"
"03/11/2025","147,357.80","146,006.56","147,951.77","145,745.22","","0.95%"
"03/10/2025","145,966.66","147,710.81","147,834.34","145,743.20","","-0.98%"
"03/07/2025","147,408.23","147,590.81","148,520.55","146,805.30","","-0.02%"
"03/06/2025","147,434.56","147,913.22","148,304.91","146,596.84","","-0.19%"
"03/05/2025","147,722.31","147,707.98","148,459.81","146,648.38","","0.13%"
"03/04/2025","147,531.73","146,504.22","148,252.25","145,927.92","","0.82%"
"03/03/2025","146,325.33","144,620.72","146,618.11","144,566.28","","1.17%"
"02/28/2025","144,637.56","145,758.77","146,171.19","143,472.72","","-0.64%"
"02/27/2025","145,566.36","147,544.50","147,771.59","145,235.78","","-1.23%"
"02/26/2025","147,382.94","147,411.92","148,210.64","146,254.95","","0.11%"
"02/25/2025","147,221.69","149,420.55","149,494.44","146,077.92","","-1.37%"
"02/24/2025","149,262.52","148,553.03","149,680.84","147,761.80","","0.61%"
"02/21/2025","148,357.59","148,673.36","149,211.52","147,526.45","","-0.10%"
"02/20/2025","148,503.63","148,510.72","149,623.81","147,847.31","","0.10%"
"02/19/2025","148,353.67","148,640.83","149,634.34","147,763.67","","-0.08%"
"02/18/2025","148,474.06","146,613.77","148,752.73","146,331.92","","1.36%"
"02/17/2025","146,476.45","145,994.17","147,131.16","145,664.05","","0.44%"
"02/14/2025","145,835.30","148,246.17","148,864.06","145,660.50","","-1.52%"
"02/13/2025","148,080.55","147,004.45","148,332.75","146,807.88","","0.84%"
"02/12/2025","146,846.69","146,205.02","147,261.81","144,975.95","","0.57%"
"02/11/2025","146,020.91","146,210.17","148,016.06","145,479.25","","-0.05%"
"02/10/2025","146,095.91","143,864.92","146,453.50","143,533.83","","1.62%"
"02/07/2025","143,767.77","143,669.59","145,214.11","143,483.03","","0.18%"
"02/06/2025","143,513.00","144,255.38","144,606.61","142,598.44","","-0.41%"
"02/05/2025","144,101.47","142,817.38","145,048.92","142,739.47","","0.87%"
"02/04/2025","142,860.53","141,799.94","143,127.42","141,327.30","","0.89%"
"02/03/2025","141,600.52","140,686.34","142,561.73","139,194.30","","0.74%"
"01/31/2025","140,554.19","140,404.72","141,526.31","140,180.89","","0.23%"
"01/30/2025","140,235.55","138,573.31","140,583.75","138,497.75","","1.30%"
"01/29/2025","138,436.59","138,789.81","138,940.20","137,839.36","","-0.14%"
"01/28/2025","138,624.09","137,715.45","138,867.23","137,335.02","","0.82%"
"01/27/2025","137,490.27","139,255.41","139,398.36","137,172.47","","-1.25%"
"01/24/2025","139,227.59","138,550.77","140,109.72","138,426.02","","0.62%"
"01/23/2025","138,367.56","138,663.91","138,762.05","137,463.36","","-0.14%"
"01/22/2025","138,560.30","138,066.78","139,119.08","137,913.83","","0.44%"
"01/21/2025","137,950.81","136,317.16","138,167.86","135,989.31","","1.33%"
"01/20/2025","136,143.86","136,111.67","136,670.08","135,447.69","","0.09%"
"01/17/2025","136,023.05","136,864.78","136,973.36","135,999.91","","-0.47%"
"01/16/2025","136,668.53","136,001.55","137,333.16","135,683.36","","0.60%"
"01/15/2025","135,857.73","135,073.41","136,052.59","134,653.05","","0.69%"
"01/14/2025","134,928.86","134,526.63","135,182.23","134,186.17","","0.47%"
"01/13/2025","134,297.80","135,973.58","136,197.14","134,191.47","","-1.15%"
"01/10/2025","135,861.30","135,007.31","136,439.48","134,672.59","","0.78%"
"01/09/2025","134,814.98","134,618.58","135,460.11","134,334.30","","0.20%"
"01/08/2025","134,539.22","134,164.56","135,132.39","133,847.53","","0.38%"
"01/07/2025","134,027.77","133,538.73","134,958.89","133,339.80","","0.47%"
"01/06/2025","133,397.80","133,822.42","134,267.78","132,429.53","","-0.40%"
"01/03/2025","133,935.34","134,962.34","135,352.47","133,876.41","","-0.69%"
"01/02/2025","134,870.16","133,536.61","135,130.88","133,277.84","","1.21%"
"01/01/2025","133,263.41","133,263.41","133,263.41","133,263.41","","0.00%"
"12/31/2024","133,263.41","132,513.50","133,593.70","132,285.09","","0.67%"
"12/30/2024","132,380.58","133,261.97","133,691.05","132,001.55","","-0.58%"
"12/27/2024","133,148.41","133,940.73","134,232.73","132,836.86","","-0.48%"
"12/26/2024","133,786.19","133,163.02","134,266.41","133,085.13","","0.66%"
"12/25/2024","132,907.34","133,048.06","133,190.48","132,760.53","","0.02%"
"12/24/2024","132,881.22","133,487.16","134,054.70","132,844.78","","-0.31%"
"12/23/2024","133,289.48","133,481.20","134,220.47","133,214.88","","0.00%"
"12/20/2024","133,293.38","132,089.83","133,991.06","131,860.44","","1.02%"
"12/19/2024","131,942.55","131,480.61","133,793.58","131,422.42","","0.47%"
"12/18/2024","131,319.02","134,371.80","134,900.59","131,396.03","","-2.17%"
"12/17/2024","134,238.17","134,785.80","135,181.06","133,703.73","","-0.27%"
"12/16/2024","134,597.38","134,560.06","135,626.09","134,281.94","","0.09%"
"12/13/2024","134,472.47","136,251.48","136,859.17","134,464.69","","-1.18%"
"12/12/2024","136,074.77","137,573.50","138,394.91","135,999.06","","-0.98%"
"12/11/2024","137,414.58","135,898.45","137,808.95","134,932.59","","1.27%"
"12/10/2024","135,688.39","134,354.56","136,002.88","134,226.50","","1.14%"
"12/09/2024","134,157.41","132,356.13","135,191.30","131,977.83","","2.05%"
"12/06/2024","131,461.20","131,547.89","132,231.61","130,626.49","","0.08%"
"12/05/2024","131,359.84","131,994.81","132,750.17","131,125.25","","-0.37%"
"12/04/2024","131,844.59","131,494.45","132,363.36","131,150.91","","0.37%"
"12/03/2024","131,362.56","131,211.88","132,095.03","130,968.26","","0.26%"
"12/02/2024","131,018.28","131,602.95","131,886.25","129,994.80","","-0.33%"
"11/29/2024","131,456.66","130,976.86","132,224.16","130,625.77","","0.48%"
"11/28/2024","130,833.16","130,936.88","131,689.19","130,182.35","","-0.04%"
"11/27/2024","130,886.64","130,672.20","132,108.95","130,368.11","","0.26%"
"11/26/2024","130,548.60","130,222.48","131,098.39","129,274.75","","0.43%"
"11/25/2024","129,995.34","134,940.52","135,254.83","129,791.05","","-3.42%"
"11/22/2024","134,598.72","132,604.81","134,750.30","132,507.66","","1.72%"
"11/21/2024","132,323.89","131,731.95","133,302.92","131,656.09","","0.51%"
"11/20/2024","131,646.86","130,418.90","132,124.59","129,689.18","","1.05%"
"11/19/2024","130,279.05","129,129.32","130,717.22","129,076.88","","1.00%"
"11/18/2024","128,991.80","126,465.47","129,319.92","126,462.51","","2.14%"
"11/15/2024","126,293.27","126,621.53","127,156.06","126,094.08","","-0.10%"
"11/14/2024","126,425.54","126,895.45","127,338.17","125,285.06","","-0.29%"
"11/13/2024","126,798.53","127,865.81","129,167.61","126,893.43","","-0.72%"
"11/12/2024","127,717.68","128,926.29","129,338.78","127,389.82","","-0.79%"
"11/11/2024","128,737.01","132,200.08","132,283.89","128,416.45","","-2.60%"
"11/08/2024","132,175.67","133,335.75","133,628.16","132,141.77","","-0.74%"
"11/07/2024","133,163.16","130,946.66","133,531.31","130,165.95","","1.83%"
"11/06/2024","130,776.04","134,784.31","135,152.92","130,526.34","","-2.87%"
"11/05/2024","134,636.30","134,259.31","135,113.14","133,676.25","","0.43%"
"11/04/2024","134,060.73","133,916.48","134,886.44","133,704.94","","0.24%"
"11/01/2024","133,735.19","134,281.16","135,214.36","133,735.39","","-0.33%"
"10/31/2024","134,173.30","135,858.38","136,297.64","133,659.64","","-1.13%"
"10/30/2024","135,709.73","135,178.05","136,016.92","135,041.50","","0.52%"
"10/29/2024","135,005.22","133,558.11","135,202.42","133,429.25","","1.20%"
"10/28/2024","133,400.25","133,214.31","133,771.23","132,721.33","","-0.37%"
"10/25/2024","133,895.11","133,465.80","134,045.83","132,533.63","","0.47%"
"10/24/2024","133,273.80","132,395.97","133,821.84","132,371.94","","0.80%"
"10/23/2024","132,212.97","133,880.02","134,393.00","131,945.17","","-1.15%"
"10/22/2024","133,745.91","132,430.59","133,894.44","132,330.45","","1.17%"
"10/21/2024","132,195.95","132,275.14","133,385.50","132,101.34","","0.00%"
"10/18/2024","132,194.86","130,953.12","132,413.19","130,886.70","","1.06%"
"10/17/2024","130,808.15","129,874.16","131,181.59","129,834.93","","0.87%"
"10/16/2024","129,679.46","129,279.73","130,499.65","129,080.39","","0.47%"
"10/15/2024","129,078.05","128,743.00","129,583.60","128,222.31","","0.38%"
"10/14/2024","128,585.16","129,007.33","129,559.71","128,325.45","","-0.24%"
"10/11/2024","128,894.79","127,748.21","129,297.88","127,651.02","","1.05%"
"10/10/2024","127,551.40","126,479.26","127,844.65","126,388.62","","0.96%"
"10/09/2024","126,344.03","127,426.55","127,557.76","126,351.48","","-0.73%"
"10/08/2024","127,274.01","127,907.34","128,886.81","126,593.05","","-0.37%"
"10/07/2024","127,747.47","128,159.03","128,879.20","127,498.17","","-0.29%"
"10/04/2024","128,124.96","128,427.57","129,075.23","127,256.97","","-0.10%"
"10/03/2024","128,257.75","128,615.17","128,828.69","127,604.56","","-0.13%"
"10/02/2024","128,418.61","128,461.38","128,828.91","127,627.68","","0.12%"
"10/01/2024","128,266.32","127,205.55","128,928.20","127,071.80","","0.95%"
"09/30/2024","127,055.18","128,661.76","129,039.66","126,724.38","","-1.05%"
"09/27/2024","128,406.41","129,269.33","129,360.49","127,822.50","","-0.55%"
"09/26/2024","129,118.77","129,006.40","129,933.34","128,321.70","","0.20%"
"09/25/2024","128,859.76","129,430.38","130,071.58","128,649.99","","-0.32%"
"09/24/2024","129,273.56","127,906.03","129,773.10","127,640.76","","1.22%"
"09/23/2024","127,713.54","127,288.90","128,324.05","126,942.57","","0.51%"
"09/20/2024","127,060.03","125,530.63","127,429.84","125,441.08","","1.34%"
"09/19/2024","125,385.76","124,202.16","125,904.23","123,812.73","","1.08%"
"09/18/2024","124,045.78","124,365.51","126,188.20","123,604.71","","-0.14%"
"09/17/2024","124,221.30","125,091.61","125,374.05","123,944.91","","-0.53%"
"09/16/2024","124,878.46","124,816.79","125,521.11","124,710.23","","0.12%"
"09/13/2024","124,733.74","123,888.09","125,210.08","123,773.92","","0.75%"
"09/12/2024","123,806.30","121,499.47","124,003.60","121,453.33","","1.99%"
"09/11/2024","121,388.04","121,707.44","122,382.95","120,983.48","","-0.11%"
"09/10/2024","121,522.65","121,176.53","121,772.87","120,814.16","","0.44%"
"09/09/2024","120,990.63","120,870.31","121,257.13","120,229.59","","0.13%"
"09/06/2024","120,831.06","121,912.16","122,519.30","120,380.44","","-0.78%"
"09/05/2024","121,774.93","120,977.66","122,486.81","120,897.73","","0.78%"
"09/04/2024","120,834.30","120,907.41","121,209.47","119,880.37","","0.09%"
"09/03/2024","120,727.46","121,374.05","121,685.92","119,952.66","","-0.38%"
"09/02/2024","121,190.57","121,557.90","121,814.12","120,945.87","","-0.31%"
"08/30/2024","121,572.27","122,586.40","122,866.40","121,276.04","","-0.72%"
"08/29/2024","122,454.68","121,775.30","122,948.80","121,727.23","","0.59%"
"08/28/2024","121,735.97","122,947.83","123,169.58","121,302.61","","-0.83%"
"08/27/2024","122,760.58","122,750.88","123,029.60","121,869.73","","0.16%"
"08/26/2024","122,570.40","122,495.06","123,373.74","122,345.20","","0.13%"
"08/23/2024","122,416.53","121,200.07","122,849.76","121,032.95","","1.15%"
"08/22/2024","121,022.54","122,571.52","122,698.02","120,528.47","","-1.11%"
"08/21/2024","122,383.46","122,935.40","123,232.45","121,689.59","","-0.30%"
"08/20/2024","122,748.73","122,092.76","123,772.02","121,795.04","","0.59%"
"08/19/2024","122,029.67","122,485.24","122,585.07","121,258.80","","-0.38%"
"08/16/2024","122,496.26","120,204.03","122,733.59","119,842.09","","2.03%"
"08/15/2024","120,064.30","120,181.97","120,827.58","118,933.87","","0.02%"
"08/14/2024","120,044.97","121,726.40","122,574.99","119,711.48","","-1.29%"
"08/13/2024","121,612.74","121,967.39","122,175.07","121,204.06","","-0.06%"
"08/12/2024","121,686.06","119,712.80","121,992.06","119,374.02","","1.74%"
"08/09/2024","119,601.55","119,541.33","120,029.40","119,033.56","","0.15%"
"08/08/2024","119,420.59","117,401.70","119,568.99","117,296.88","","1.82%"
"08/07/2024","117,285.35","117,675.66","118,583.33","117,049.19","","-0.17%"
"08/06/2024","117,488.16","118,594.26","119,103.79","117,184.33","","-0.95%"
"08/05/2024","118,613.33","119,103.60","120,793.77","116,446.47","","-0.15%"
"08/02/2024","118,794.85","119,087.52","120,640.20","117,335.10","","-0.10%"
"08/01/2024","118,914.10","118,847.51","119,894.03","118,292.19","","0.20%"
"07/31/2024","118,682.40","116,774.23","119,020.60","116,443.15","","1.84%"
"07/30/2024","116,536.67","115,195.13","116,885.73","114,833.21","","1.27%"
"07/29/2024","115,071.34","115,373.19","116,147.88","114,530.99","","-0.16%"
"07/26/2024","115,259.05","114,277.95","115,572.49","113,883.49","","0.96%"
"07/25/2024","114,164.32","115,910.42","116,080.06","113,753.22","","-1.36%"
"07/24/2024","115,734.27","116,529.53","117,614.06","115,846.59","","-0.53%"
"07/23/2024","116,348.97","116,023.95","116,664.95","115,641.48","","0.40%"
"07/22/2024","115,888.94","116,083.85","116,731.26","115,409.20","","0.15%"
"07/19/2024","115,718.08","117,988.72","118,033.77","115,503.03","","-1.82%"
"07/18/2024","117,859.60","118,513.01","119,574.16","117,749.55","","-0.40%"
"07/17/2024","118,334.68","118,609.86","119,718.34","118,167.13","","-0.12%"
"07/16/2024","118,473.87","116,155.78","118,648.96","116,039.77","","2.12%"
"07/15/2024","116,019.55","115,606.85","116,985.54","115,014.07","","0.35%"
"07/12/2024","115,615.20","115,933.95","116,081.77","114,793.21","","-0.16%"
"07/11/2024","115,797.81","113,817.37","116,381.77","113,772.25","","1.85%"
"07/10/2024","113,689.93","113,642.55","114,650.45","113,576.21","","0.16%"
"07/09/2024","113,512.08","113,139.02","113,998.98","112,931.97","","0.51%"
"07/08/2024","112,934.56","114,685.40","114,689.05","112,691.11","","-1.49%"
"07/05/2024","114,647.07","113,082.20","114,842.00","112,970.16","","1.50%"
"07/04/2024","112,952.39","113,428.20","113,737.26","112,758.46","","-0.30%"
"07/03/2024","113,289.46","112,195.44","113,855.46","112,064.72","","1.09%"
"07/02/2024","112,062.62","112,630.11","112,757.17","111,734.40","","-0.38%"
"07/01/2024","112,493.91","111,739.90","112,855.38","111,323.99","","0.77%"
"06/28/2024","111,631.10","111,814.10","112,380.36","111,388.54","","-0.04%"
"06/27/2024","111,680.17","110,420.16","111,996.88","110,300.90","","1.32%"
"06/26/2024","110,230.16","112,229.99","113,171.34","110,212.05","","-1.65%"
"06/25/2024","112,084.04","112,803.92","113,160.20","111,888.98","","-0.47%"
"06/24/2024","112,608.12","111,785.34","113,302.89","111,581.39","","1.77%"
"06/21/2024","110,650.79","112,600.13","113,017.85","110,532.55","","-1.62%"
"06/20/2024","112,476.65","111,035.49","112,859.20","111,035.49","","1.45%"
"06/19/2024","110,871.93","111,136.16","111,407.65","110,870.66","","-0.12%"
"06/18/2024","110,999.66","110,644.09","111,319.13","110,049.09","","0.49%"
"06/17/2024","110,462.06","111,269.34","111,330.44","110,211.30","","-0.63%"
"06/14/2024","111,167.90","109,902.38","111,492.09","109,797.66","","1.26%"
"06/13/2024","109,782.90","110,836.01","110,992.09","109,458.03","","-0.79%"
"06/12/2024","110,661.05","110,211.81","111,722.52","109,902.50","","0.54%"
"06/11/2024","110,071.17","110,236.41","110,466.94","109,570.16","","0.00%"
"06/10/2024","110,067.20","109,398.94","110,371.38","108,792.09","","1.11%"
"06/07/2024","108,860.24","112,889.33","113,446.92","108,690.26","","-3.46%"
"06/06/2024","112,758.79","112,078.90","113,075.17","111,859.66","","0.75%"
"06/05/2024","111,919.60","110,412.40","112,244.38","110,320.55","","1.52%"
"06/04/2024","110,244.98","110,724.74","111,092.08","109,752.22","","-0.28%"
"06/03/2024","110,549.37","110,053.12","110,912.27","109,446.13","","0.61%"
"05/31/2024","109,876.22","110,718.38","111,496.59","109,691.95","","-0.72%"
"05/30/2024","110,675.50","110,567.07","111,335.88","109,822.84","","0.21%"
"05/29/2024","110,446.88","112,288.41","112,472.40","110,433.45","","-1.64%"
"05/28/2024","112,284.57","110,957.54","112,445.26","110,317.87","","1.37%"
"05/27/2024","110,766.87","109,604.85","111,408.31","109,504.16","","0.78%"
"05/24/2024","109,914.44","109,812.52","110,686.52","109,642.38","","0.21%"
"05/23/2024","109,688.36","111,301.03","111,833.27","109,717.83","","-1.32%"
"05/22/2024","111,158.47","113,180.30","113,396.90","111,125.16","","-1.64%"
"05/21/2024","113,009.48","113,159.84","113,545.88","112,217.16","","-0.02%"
"05/20/2024","113,029.20","113,143.72","115,005.21","112,278.35","","-0.12%"
"05/17/2024","113,161.75","111,483.16","113,656.75","111,362.23","","1.64%"
"05/16/2024","111,340.30","111,738.03","113,749.70","111,141.23","","-0.24%"
"05/15/2024","111,604.45","110,472.59","111,940.56","110,182.78","","1.17%"
"05/14/2024","110,310.15","109,966.27","110,645.74","109,498.77","","0.43%"
"05/13/2024","109,837.31","111,605.64","111,814.38","109,736.84","","-1.71%"
"05/10/2024","111,752.71","111,224.34","112,738.45","111,165.11","","0.59%"
"05/09/2024","111,095.88","109,766.73","111,276.02","109,136.34","","1.35%"
"05/08/2024","109,620.50","110,429.58","111,006.97","109,635.13","","-0.63%"
"05/07/2024","110,314.10","111,433.91","111,726.23","110,142.00","","-0.89%"
"05/06/2024","111,301.43","110,404.90","111,818.93","109,891.53","","0.92%"
"05/03/2024","110,291.11","110,466.07","111,322.68","109,204.46","","-0.01%"
"05/02/2024","110,299.33","111,049.07","111,396.21","109,479.29","","-0.56%"
"05/01/2024","110,924.47","109,393.18","111,483.56","109,094.08","","1.53%"
"04/30/2024","109,257.89","111,770.38","111,803.70","109,340.61","","-2.12%"
"04/29/2024","111,627.82","111,646.46","112,467.47","110,748.10","","-0.19%"
"04/26/2024","111,844.11","111,709.98","112,690.51","111,429.82","","0.25%"
"04/25/2024","111,566.58","110,936.81","112,318.95","110,423.13","","0.69%"
"04/24/2024","110,800.79","111,579.09","112,143.53","110,634.60","","-0.58%"
"04/23/2024","111,445.91","112,100.77","112,452.02","110,157.65","","-0.46%"
"04/22/2024","111,955.51","115,517.02","115,542.29","112,009.47","","-3.03%"
"04/19/2024","115,456.31","114,980.76","116,852.05","114,684.98","","0.53%"
"04/18/2024","114,849.55","114,374.04","115,709.09","114,374.04","","0.48%"
"04/17/2024","114,302.76","115,568.08","116,944.59","114,210.01","","-0.97%"
"04/16/2024","115,426.80","114,982.59","116,319.74","114,079.91","","0.54%"
"04/15/2024","114,811.92","111,520.89","115,201.47","111,514.56","","3.09%"
"04/12/2024","111,371.82","112,780.77","115,692.38","111,046.73","","-1.15%"
"04/11/2024","112,669.53","110,951.17","113,064.27","110,593.95","","1.66%"
"04/10/2024","110,825.23","111,882.44","112,225.11","110,294.38","","-0.83%"
"04/09/2024","111,748.03","111,219.28","112,472.17","111,121.50","","0.59%"
"04/08/2024","111,089.94","110,410.91","111,937.23","109,500.89","","0.76%"
"04/05/2024","110,250.97","108,456.38","110,411.52","107,382.79","","1.78%"
"04/04/2024","108,320.31","108,883.95","109,162.03","107,957.37","","-0.39%"
"04/03/2024","108,740.89","107,532.05","108,962.82","106,865.23","","1.24%"
"04/02/2024","107,410.33","106,163.67","107,579.94","105,935.98","","1.28%"
"04/01/2024","106,049.89","105,837.42","107,096.02","105,075.91","","0.33%"
"03/29/2024","105,702.99","105,702.99","105,702.99","105,702.99","","-0.05%"
"03/28/2024","105,760.49","103,702.27","105,981.47","103,263.66","","2.12%"
"03/27/2024","103,568.51","104,194.83","104,448.48","103,069.80","","-0.48%"
"03/26/2024","104,063.88","102,952.66","105,158.09","102,751.13","","1.21%"
"03/25/2024","102,821.95","100,904.45","103,393.55","100,651.23","","1.70%"
"03/22/2024","101,105.03","101,756.42","101,988.34","100,846.54","","-0.51%"
"03/21/2024","101,628.36","102,533.85","104,253.80","101,067.00","","-0.76%"
"03/20/2024","102,404.26","101,512.34","102,659.19","100,914.60","","1.01%"
"03/19/2024","101,384.51","101,765.58","101,989.66","101,068.13","","-0.26%"
"03/18/2024","101,646.74","101,849.26","102,090.59","101,319.20","","-1.24%"
"03/15/2024","102,927.16","103,373.54","103,881.15","103,018.27","","-0.29%"
"03/14/2024","103,228.10","105,350.18","105,480.27","102,906.59","","-1.86%"
"03/13/2024","105,185.06","105,328.96","105,928.17","104,392.53","","-0.02%"
"03/12/2024","105,208.84","107,065.05","107,167.18","104,949.05","","-1.62%"
"03/11/2024","106,938.59","107,041.10","107,700.58","106,600.70","","-0.49%"
"03/08/2024","107,460.12","106,599.23","108,443.06","106,303.97","","0.94%"
"03/07/2024","106,457.93","106,451.01","107,154.41","106,006.53","","0.13%"
"03/06/2024","106,322.39","65,765.92","108,384.12","65,474.34","","62.00%"
"03/05/2024","65,629.98","65,334.86","66,192.31","65,196.38","","0.64%"
"03/04/2024","65,210.42","64,426.22","65,506.34","64,115.76","","1.46%"
"03/01/2024","64,272.58","63,164.02","64,531.41","62,991.23","","1.94%"
"02/29/2024","63,050.27","62,946.04","63,369.57","62,657.50","","0.22%"
"02/28/2024","62,914.09","62,737.46","63,029.29","62,422.22","","0.46%"
"02/27/2024","62,626.78","62,835.13","63,137.75","62,629.97","","-0.30%"
"02/26/2024","62,812.33","62,967.52","63,041.80","62,579.21","","0.02%"
"02/23/2024","62,801.89","62,556.09","63,080.29","62,280.54","","0.58%"
"02/22/2024","62,440.92","62,605.73","62,947.93","62,408.75","","-0.09%"
"02/21/2024","62,495.03","62,630.46","62,876.75","62,424.04","","-0.17%"
"02/20/2024","62,602.79","62,356.11","62,856.66","62,243.58","","0.64%"
"02/19/2024","62,204.00","62,206.50","62,599.21","62,074.36","","0.16%"
"02/16/2024","62,104.16","61,951.01","62,271.38","61,660.50","","0.48%"
"02/15/2024","61,809.33","61,543.75","62,062.52","61,364.70","","0.58%"
"02/14/2024","61,449.86","61,646.94","61,720.23","61,303.71","","-0.05%"
"02/13/2024","61,480.17","62,421.11","62,809.68","61,496.82","","-1.33%"
"02/12/2024","62,308.46","62,557.84","62,724.57","62,168.03","","-0.22%"
"02/09/2024","62,445.24","62,861.79","62,957.07","62,427.32","","-0.48%"
"02/08/2024","62,748.14","62,885.43","63,065.01","62,410.31","","-0.04%"
"02/07/2024","62,774.73","62,915.51","63,179.85","62,682.79","","-0.04%"
"02/06/2024","62,802.29","62,572.71","63,005.73","62,421.45","","0.54%"
"02/05/2024","62,464.77","63,033.13","63,107.83","62,245.00","","-0.68%"
"02/02/2024","62,890.50","63,523.05","63,598.27","62,648.24","","-0.77%"
"02/01/2024","63,377.93","63,045.60","63,821.48","62,713.14","","0.72%"
"01/31/2024","62,926.11","63,023.23","63,532.83","62,628.46","","-0.10%"
"01/30/2024","62,991.11","62,810.06","63,326.69","62,655.11","","0.47%"
"01/29/2024","62,697.94","62,470.00","63,027.95","62,399.61","","0.69%"
"01/26/2024","62,265.79","62,445.10","62,627.98","62,293.47","","-0.06%"
"01/25/2024","62,305.05","62,238.00","62,580.72","62,113.50","","0.30%"
"01/24/2024","62,121.49","62,684.91","62,970.61","62,148.59","","-0.75%"
"01/23/2024","62,590.90","62,470.59","63,017.82","62,405.34","","0.38%"
"01/22/2024","62,353.71","62,723.81","62,851.11","62,202.46","","-0.40%"
"01/19/2024","62,604.46","62,514.75","63,020.42","62,429.30","","0.32%"
"01/18/2024","62,401.87","62,022.86","62,536.84","61,964.15","","0.84%"
"01/17/2024","61,880.11","62,677.73","62,821.10","61,859.03","","-1.09%"
"01/16/2024","62,560.62","63,578.92","63,601.70","62,550.57","","-1.55%"
"01/15/2024","63,545.38","63,286.18","63,691.75","63,215.09","","0.54%"
"01/12/2024","63,202.99","62,719.30","63,726.52","62,674.08","","0.95%"
"01/11/2024","62,606.12","62,549.66","63,052.64","62,211.57","","0.27%"
"01/10/2024","62,437.03","62,732.92","63,089.77","62,350.61","","-0.29%"
"01/09/2024","62,619.10","62,681.64","63,100.76","62,577.91","","0.11%"
"01/08/2024","62,551.15","62,957.88","63,038.79","62,320.52","","-0.55%"
"01/05/2024","62,898.99","62,929.23","63,572.04","62,728.86","","0.13%"
"01/04/2024","62,815.79","63,130.61","63,458.07","62,859.41","","-0.40%"
"01/03/2024","63,066.59","63,673.22","63,924.61","62,759.84","","-0.85%"
"01/02/2024","63,604.25","63,743.77","64,290.63","63,531.80","","-0.04%"
"01/01/2024","63,630.90","63,630.90","63,630.90","63,630.90","","-0.16%"
"12/29/2023","63,734.03","63,878.00","64,173.88","63,635.94","","-0.13%"
"12/28/2023","63,814.37","64,018.79","64,598.59","63,849.16","","-0.11%"
"12/27/2023","63,881.51","63,901.41","64,441.66","63,663.28","","0.19%"
"12/26/2023","63,760.62","63,624.59","63,978.04","63,450.17","","0.35%"
"12/25/2023","63,539.37","63,446.82","63,549.37","63,241.50","","0.32%"
"12/22/2023","63,334.28","63,219.41","63,982.95","63,216.66","","0.36%"
"12/21/2023","63,105.44","62,803.85","63,225.20","62,680.02","","0.76%"
"12/20/2023","62,631.36","63,096.52","63,230.59","62,650.16","","-0.64%"
"12/19/2023","63,033.73","62,622.77","63,305.77","62,330.00","","0.88%"
"12/18/2023","62,482.66","62,491.66","62,841.63","62,287.47","","0.19%"
"12/15/2023","62,362.07","62,930.70","63,258.50","62,335.02","","-0.87%"
"12/14/2023","62,912.18","62,656.41","63,298.41","62,551.75","","0.59%"
"12/13/2023","62,543.97","61,217.13","62,657.55","60,884.95","","2.26%"
"12/12/2023","61,159.13","61,290.14","61,701.00","61,127.89","","-0.11%"
"12/11/2023","61,229.19","61,911.27","62,069.46","61,106.26","","-0.93%"
"12/08/2023","61,804.58","62,700.70","62,856.36","61,637.63","","-1.23%"
"12/07/2023","62,571.82","62,688.20","63,038.12","62,426.05","","-0.17%"
"12/06/2023","62,676.49","62,193.73","63,023.23","62,131.80","","0.95%"
"12/05/2023","62,083.72","62,762.02","63,128.05","61,908.47","","-0.97%"
"12/04/2023","62,689.61","64,001.65","65,257.58","62,428.68","","-1.87%"
"12/01/2023","63,887.30","62,928.75","64,128.18","62,842.89","","1.70%"
"11/30/2023","62,819.97","63,269.59","63,372.96","62,784.02","","-0.69%"
"11/29/2023","63,255.10","63,114.95","63,475.10","62,907.75","","0.33%"
"11/28/2023","63,048.09","62,243.27","63,179.69","62,074.18","","1.43%"
"11/27/2023","62,161.81","61,885.77","62,415.96","61,820.66","","0.65%"
"11/24/2023","61,760.77","61,616.62","61,913.77","61,534.28","","0.51%"
"11/23/2023","61,446.72","61,475.92","61,844.04","61,460.50","","0.10%"
"11/22/2023","61,387.57","61,752.82","62,046.76","61,394.91","","-0.40%"
"11/21/2023","61,631.82","61,185.49","62,032.23","61,180.16","","0.80%"
"11/20/2023","61,145.01","61,194.08","61,380.34","60,736.89","","-0.06%"
"11/17/2023","61,182.24","61,288.51","61,662.77","61,188.05","","-0.05%"
"11/16/2023","61,211.04","60,597.23","61,479.98","60,478.59","","1.11%"
"11/15/2023","60,537.27","60,718.41","61,104.33","60,422.02","","-0.03%"
"11/14/2023","60,552.99","60,148.83","60,899.13","59,919.89","","0.87%"
"11/13/2023","60,028.42","59,854.87","60,232.42","59,688.30","","0.47%"
"11/10/2023","59,749.97","60,539.55","60,592.63","59,735.12","","-1.09%"
"11/09/2023","60,410.39","60,260.12","60,739.99","60,001.52","","0.43%"
"11/08/2023","60,150.40","60,653.26","60,960.41","60,177.11","","-0.64%"
"11/07/2023","60,540.29","61,114.38","61,158.73","60,393.64","","-0.76%"
"11/06/2023","61,002.48","61,561.95","61,592.83","61,099.80","","-0.75%"
"11/03/2023","61,462.00","61,383.95","61,925.34","61,282.81","","0.35%"
"11/02/2023","61,249.28","61,274.21","61,635.13","61,114.94","","0.17%"
"11/01/2023","61,144.39","61,354.20","61,555.70","60,870.05","","-0.23%"
"10/31/2023","61,283.67","61,676.98","62,040.88","61,197.34","","-0.46%"
"10/30/2023","61,564.97","61,948.20","62,027.77","61,506.48","","-0.52%"
"10/27/2023","61,884.79","61,329.14","62,093.00","61,069.25","","1.10%"
"10/26/2023","61,212.26","61,176.38","61,653.50","60,922.47","","0.24%"
"10/25/2023","61,064.18","60,952.68","61,404.34","60,667.38","","0.28%"
"10/24/2023","60,893.71","60,922.00","61,265.23","60,363.18","","0.07%"
"10/23/2023","60,851.24","61,225.90","61,372.05","60,698.67","","-0.41%"
"10/20/2023","61,101.20","61,011.44","61,715.71","60,932.50","","0.34%"
"10/19/2023","60,891.42","60,238.07","61,115.95","59,995.82","","1.28%"
"10/18/2023","60,124.03","59,420.59","60,648.60","59,409.54","","1.37%"
"10/17/2023","59,310.86","59,365.43","59,690.36","58,997.45","","0.00%"
"10/16/2023","59,309.15","59,744.10","59,792.98","58,972.64","","-0.51%"
"10/13/2023","59,614.23","57,699.23","59,753.33","57,687.71","","3.41%"
"10/12/2023","57,646.89","57,949.37","58,314.20","57,718.21","","-0.45%"
"10/11/2023","57,907.62","57,484.86","58,053.04","57,288.79","","0.92%"
"10/10/2023","57,381.15","57,516.55","57,681.27","57,246.91","","-0.04%"
"10/09/2023","57,405.37","56,631.69","57,602.12","56,628.36","","1.89%"
"10/06/2023","56,343.25","56,065.56","56,517.09","55,751.11","","0.68%"
"10/05/2023","55,962.95","56,098.99","56,342.45","55,831.20","","-0.06%"
"10/04/2023","55,998.96","56,377.37","56,579.32","55,951.38","","-0.57%"
"10/03/2023","56,319.36","56,527.25","56,650.94","56,032.95","","-0.27%"
"10/02/2023","56,473.87","57,107.23","57,155.96","56,478.30","","-0.96%"
"09/29/2023","57,020.47","57,623.46","58,099.60","57,051.79","","-0.86%"
"09/28/2023","57,516.75","57,938.75","58,096.52","57,404.75","","-0.55%"
"09/27/2023","57,833.58","58,778.86","58,879.70","57,859.49","","-1.50%"
"09/26/2023","58,715.87","59,249.08","59,285.89","58,731.95","","-0.75%"
"09/25/2023","59,161.33","59,557.30","59,618.25","59,162.22","","-0.38%"
"09/22/2023","59,385.86","59,329.14","59,626.07","59,312.36","","0.33%"
"09/21/2023","59,191.73","59,647.06","59,746.99","59,124.10","","-0.57%"
"09/20/2023","59,531.55","59,670.02","60,186.93","59,443.36","","-0.05%"
"09/19/2023","59,561.48","59,760.48","59,962.28","59,472.98","","-0.14%"
"09/18/2023","59,647.79","59,544.21","59,806.36","59,383.16","","0.19%"
"09/15/2023","59,534.76","59,147.07","59,759.55","59,106.51","","0.69%"
"09/14/2023","59,126.38","58,967.57","59,193.01","58,706.20","","0.57%"
"09/13/2023","58,790.18","59,130.86","59,241.36","58,851.18","","-0.40%"
"09/12/2023","59,023.64","59,399.07","59,544.45","58,938.68","","-0.60%"
"09/11/2023","59,378.68","59,388.41","59,744.09","59,274.68","","0.31%"
"09/08/2023","59,193.11","59,357.27","59,643.07","59,246.42","","-0.01%"
"09/07/2023","59,198.07","59,224.61","59,531.30","59,097.03","","0.14%"
"09/06/2023","59,114.46","59,565.45","59,708.49","59,181.25","","-0.66%"
"09/05/2023","59,504.43","59,902.61","60,003.46","59,490.25","","-0.48%"
"09/04/2023","59,793.20","60,058.23","60,241.60","59,827.07","","-0.05%"
"09/01/2023","59,824.01","59,936.18","60,361.48","59,779.00","","-0.02%"
"08/31/2023","59,838.05","60,019.32","60,284.16","59,895.11","","-0.12%"
"08/30/2023","59,908.90","59,965.73","60,225.23","59,604.66","","-0.08%"
"08/29/2023","59,955.84","59,334.93","59,990.66","59,142.64","","1.27%"
"08/28/2023","59,204.40","59,015.78","59,519.14","58,962.91","","0.23%"
"08/25/2023","59,065.66","59,229.57","59,423.68","58,815.10","","-0.09%"
"08/24/2023","59,118.98","59,174.64","59,539.82","59,060.75","","0.15%"
"08/23/2023","59,033.24","58,629.20","59,357.24","58,507.72","","0.87%"
"08/22/2023","58,521.43","58,560.73","58,945.57","58,332.16","","0.16%"
"08/21/2023","58,427.61","58,429.71","58,775.35","58,231.07","","0.27%"
"08/18/2023","58,269.17","58,358.02","58,631.09","58,283.62","","0.07%"
"08/17/2023","58,226.84","58,456.27","58,834.16","58,231.09","","-0.21%"
"08/16/2023","58,346.55","58,771.44","59,039.97","58,441.21","","-0.54%"
"08/15/2023","58,661.50","58,932.00","59,109.61","58,591.07","","-0.27%"
"08/14/2023","58,823.18","59,227.99","59,303.05","58,811.95","","-0.34%"
"08/11/2023","59,025.87","59,089.16","59,363.40","59,048.21","","0.06%"
"08/10/2023","58,987.98","59,155.81","59,654.77","59,065.64","","-0.09%"
"08/09/2023","59,043.05","59,444.64","59,810.16","59,144.11","","-0.58%"
"08/08/2023","59,385.94","59,840.84","59,937.77","59,405.27","","-0.54%"
"08/07/2023","59,708.35","59,840.56","60,038.07","59,547.66","","-0.68%"
"08/04/2023","60,119.83","59,859.21","60,265.59","59,725.66","","0.50%"
"08/03/2023","59,820.56","59,769.58","60,009.79","59,538.88","","0.26%"
"08/02/2023","59,663.61","60,084.34","60,493.07","59,729.72","","-0.50%"
"08/01/2023","59,963.81","60,720.75","60,760.79","59,983.25","","-1.06%"
"07/31/2023","60,607.60","60,548.44","60,997.87","60,176.28","","0.28%"
"07/28/2023","60,441.36","60,131.57","60,678.66","60,047.88","","0.75%"
"07/27/2023","59,990.60","60,944.25","61,303.96","60,026.68","","-1.38%"
"07/26/2023","60,827.62","60,725.36","61,140.53","60,448.09","","0.37%"
"07/25/2023","60,606.03","60,400.34","60,815.12","60,355.66","","0.57%"
"07/24/2023","60,263.52","60,628.77","60,877.63","60,360.65","","-0.07%"
"07/21/2023","60,303.22","60,666.55","60,795.79","60,270.22","","-0.43%"
"07/20/2023","60,566.37","60,880.77","61,217.93","60,534.33","","-0.33%"
"07/19/2023","60,766.48","61,141.08","61,291.58","60,823.16","","-0.42%"
"07/18/2023","61,023.56","60,408.13","61,356.55","60,365.81","","1.14%"
"07/17/2023","60,336.22","60,406.29","60,656.02","60,125.98","","0.04%"
"07/14/2023","60,309.45","60,576.68","60,681.89","60,285.91","","-0.27%"
"07/13/2023","60,470.30","60,542.38","60,763.89","60,253.75","","0.02%"
"07/12/2023","60,460.15","59,748.45","60,614.61","59,599.55","","1.29%"
"07/11/2023","59,690.22","59,517.55","59,996.48","59,423.82","","0.51%"
"07/10/2023","59,384.79","59,488.55","59,642.46","58,915.94","","-0.02%"
"07/07/2023","59,396.25","59,051.48","59,789.04","59,005.29","","0.77%"
"07/06/2023","58,941.70","59,178.00","59,596.91","58,792.67","","-0.22%"
"07/05/2023","59,071.82","59,510.32","59,800.41","59,167.07","","-0.53%"
"07/04/2023","59,389.03","59,380.13","59,748.57","59,259.81","","0.20%"
"07/03/2023","59,272.91","59,309.34","59,670.85","59,022.11","","0.09%"
"06/30/2023","59,219.35","58,975.50","59,417.55","58,727.21","","0.62%"
"06/29/2023","58,852.24","58,935.95","59,116.30","58,494.01","","0.04%"
"06/28/2023","58,828.76","59,132.60","59,242.66","58,797.92","","-0.32%"
"06/27/2023","59,016.06","59,431.54","59,663.27","59,055.63","","-0.44%"
"06/26/2023","59,277.97","59,460.74","59,841.11","59,272.91","","0.06%"
"06/23/2023","59,244.03","59,182.02","59,856.41","59,055.23","","0.34%"
"06/22/2023","59,042.25","59,716.13","59,835.61","59,101.50","","-0.96%"
"06/21/2023","59,614.23","59,848.04","59,982.40","59,307.77","","-0.19%"
"06/20/2023","59,725.29","60,282.69","60,546.42","59,629.91","","-0.72%"
"06/19/2023","60,161.20","60,502.09","60,628.63","60,187.03","","-0.35%"
"06/16/2023","60,373.14","60,501.02","60,811.17","60,360.67","","-0.02%"
"06/15/2023","60,385.48","60,028.52","60,574.61","59,437.70","","0.79%"
"06/14/2023","59,914.12","60,061.25","60,576.53","59,915.10","","-0.06%"
"06/13/2023","59,947.41","60,498.70","60,909.35","59,945.86","","-0.72%"
"06/12/2023","60,383.24","60,571.74","60,873.75","60,217.96","","-0.49%"
"06/09/2023","60,680.17","60,912.59","61,067.19","60,560.66","","-0.36%"
"06/08/2023","60,902.02","60,042.36","60,986.80","59,935.21","","1.46%"
"06/07/2023","60,027.02","60,672.57","60,979.55","60,036.56","","-0.88%"
"06/06/2023","60,558.24","60,440.73","60,821.14","60,338.50","","0.40%"
"06/05/2023","60,314.26","60,180.71","60,622.57","59,811.20","","0.38%"
"06/02/2023","60,083.15","61,109.99","61,290.63","60,182.93","","-1.50%"
"06/01/2023","61,000.03","60,632.82","61,282.91","60,288.09","","0.81%"
"05/31/2023","60,512.46","60,553.86","61,038.20","60,172.94","","0.13%"
"05/30/2023","60,436.17","60,075.66","60,740.29","59,604.02","","0.83%"
"05/29/2023","59,936.61","60,072.58","60,333.68","59,935.12","","-0.18%"
"05/26/2023","60,042.22","59,951.34","60,483.52","59,848.52","","0.27%"
"05/25/2023","59,879.54","60,475.95","60,785.70","59,910.87","","-0.80%"
"05/24/2023","60,364.54","60,822.02","61,378.39","60,463.89","","-0.58%"
"05/23/2023","60,718.64","60,933.70","61,113.88","60,268.38","","-0.17%"
"05/22/2023","60,822.02","61,113.89","61,352.31","60,756.25","","-0.30%"
"05/19/2023","61,002.48","60,469.30","61,308.54","60,380.16","","1.05%"
"05/18/2023","60,369.30","61,239.09","61,385.21","60,347.77","","-1.24%"
"05/17/2023","61,125.88","61,462.94","61,667.27","61,021.35","","-0.37%"
"05/16/2023","61,353.02","62,307.25","62,480.14","61,351.19","","-1.36%"
"05/15/2023","62,198.54","62,162.16","62,554.59","61,978.55","","0.28%"
"05/12/2023","62,025.78","62,307.73","62,497.27","61,832.30","","-0.22%"
"05/11/2023","62,161.21","62,725.63","63,080.67","62,145.93","","-0.74%"
"05/10/2023","62,625.04","62,866.95","63,372.66","62,456.18","","-0.21%"
"05/09/2023","62,758.46","62,508.09","62,992.59","62,276.95","","0.57%"
"05/08/2023","62,399.99","62,292.89","62,739.11","62,235.86","","0.56%"
"05/05/2023","62,051.66","63,469.53","63,544.34","61,878.24","","-2.21%"
"05/04/2023","63,456.27","63,084.20","64,168.38","62,838.95","","0.66%"
"05/03/2023","63,040.61","62,317.14","63,159.10","61,845.32","","1.27%"
"05/02/2023","62,249.76","61,280.55","62,433.93","61,088.43","","1.75%"
"05/01/2023","61,178.64","61,532.62","61,986.80","60,973.96","","-0.32%"
"04/28/2023","61,372.99","61,390.73","61,649.38","61,061.05","","0.09%"
"04/27/2023","61,316.53","61,535.07","61,998.79","60,990.30","","-0.46%"
"04/26/2023","61,601.75","61,694.16","62,128.77","61,386.91","","0.07%"
"04/25/2023","61,559.32","61,482.04","61,920.52","61,062.88","","0.29%"
"04/24/2023","61,380.09","61,223.48","61,520.98","61,002.32","","0.34%"
"04/21/2023","61,172.42","61,918.80","61,977.69","60,923.84","","-0.97%"
"04/20/2023","61,773.73","61,615.98","62,193.84","61,506.11","","0.42%"
"04/19/2023","61,515.52","61,997.95","62,057.43","60,671.55","","-0.57%"
"04/18/2023","61,865.36","61,629.91","62,170.20","61,532.05","","0.63%"
"04/17/2023","61,479.11","61,857.20","62,267.53","61,223.57","","-0.54%"
"04/14/2023","61,813.84","63,034.10","63,270.86","61,565.38","","-1.78%"
"04/13/2023","62,936.47","62,280.20","63,309.32","62,184.72","","1.26%"
"04/12/2023","62,155.65","61,686.54","62,711.41","61,643.45","","0.80%"
"04/11/2023","61,664.51","61,508.57","62,100.45","61,451.48","","0.30%"
"04/10/2023","61,480.97","62,056.37","62,145.32","61,231.30","","-0.75%"
"04/07/2023","61,947.31","62,045.33","62,122.81","62,010.00","","0.01%"
"04/06/2023","61,941.56","62,483.98","62,517.20","61,827.12","","-0.70%"
"04/05/2023","62,376.54","62,433.67","62,827.00","62,108.86","","0.09%"
"04/04/2023","62,319.59","61,350.18","62,578.39","60,986.48","","1.80%"
"04/03/2023","61,218.39","60,899.14","61,510.79","60,215.55","","1.13%"
"03/31/2023","60,537.22","61,197.30","61,226.25","60,580.25","","-0.91%"
"03/30/2023","61,090.71","60,475.64","61,317.98","60,227.59","","1.17%"
"03/29/2023","60,385.31","60,954.25","61,077.33","60,367.24","","-0.80%"
"03/28/2023","60,869.83","60,521.27","61,041.41","60,039.54","","0.78%"
"03/27/2023","60,400.91","61,109.71","61,178.64","60,059.58","","-1.01%"
"03/24/2023","61,014.82","61,704.45","61,957.00","61,032.91","","-1.04%"
"03/23/2023","61,655.59","60,896.04","62,006.20","60,699.52","","1.52%"
"03/22/2023","60,735.01","59,948.16","61,148.79","59,730.00","","1.48%"
"03/21/2023","59,849.00","61,145.14","61,410.16","59,804.20","","-1.90%"
"03/20/2023","61,008.48","61,515.96","62,126.77","60,742.31","","-0.19%"
"03/17/2023","61,127.05","59,140.02","61,284.95","59,066.41","","3.55%"
"03/16/2023","59,033.54","59,277.93","59,812.68","58,933.21","","-0.17%"
"03/15/2023","59,134.08","58,790.34","59,867.40","58,364.86","","0.68%"
"03/14/2023","58,735.98","59,125.66","59,245.48","58,560.77","","-0.51%"
"03/13/2023","59,037.03","57,845.77","59,167.02","57,811.83","","2.44%"
"03/10/2023","57,628.42","56,623.29","57,791.65","56,476.40","","2.02%"
"03/09/2023","56,484.81","56,013.45","56,730.02","55,836.77","","1.01%"
"03/08/2023","55,918.25","55,729.12","56,336.80","55,629.75","","0.53%"
"03/07/2023","55,621.61","56,932.74","57,088.90","55,705.05","","-2.32%"
"03/06/2023","56,944.06","57,042.89","57,188.41","56,705.49","","-0.23%"
"03/03/2023","57,077.86","56,475.32","57,123.48","56,447.63","","1.09%"
"03/02/2023","56,464.00","56,273.64","56,584.09","55,950.66","","0.61%"
"03/01/2023","56,122.86","55,992.48","56,513.91","55,839.92","","0.47%"
"02/28/2023","55,862.77","55,622.61","56,091.65","55,297.86","","0.62%"
"02/27/2023","55,517.99","55,501.73","55,753.50","55,172.70","","0.25%"
"02/24/2023","55,379.46","55,846.05","55,991.02","55,406.77","","-0.54%"
"02/23/2023","55,678.42","55,965.91","56,280.07","55,671.57","","-0.34%"
"02/22/2023","55,869.66","56,156.79","56,581.34","55,839.90","","-0.33%"
"02/21/2023","56,053.45","56,292.03","56,444.95","55,906.50","","-0.28%"
"02/20/2023","56,210.00","56,424.45","56,590.63","56,147.49","","0.03%"
"02/17/2023","56,191.90","56,136.82","56,336.25","55,586.84","","0.34%"
"02/16/2023","55,999.06","56,078.05","56,499.63","55,856.92","","0.01%"
"02/15/2023","55,990.98","56,733.02","56,902.97","55,864.65","","-1.15%"
"02/14/2023","56,645.19","56,576.10","57,250.58","56,346.64","","0.22%"
"02/13/2023","56,522.91","56,959.68","57,074.09","56,484.00","","-0.44%"
"02/10/2023","56,773.72","56,780.21","57,105.62","56,507.06","","0.20%"
"02/09/2023","56,661.62","56,958.93","57,643.03","56,696.16","","-0.34%"
"02/08/2023","56,857.28","56,762.68","57,297.34","56,676.78","","0.37%"
"02/07/2023","56,646.45","56,429.73","57,098.78","56,381.00","","0.57%"
"02/06/2023","56,324.72","56,477.21","57,066.49","56,327.62","","-0.12%"
"02/03/2023","56,394.67","57,912.48","58,098.85","56,335.73","","-2.45%"
"02/02/2023","57,809.43","58,892.02","59,348.74","57,875.05","","-1.64%"
"02/01/2023","58,773.81","58,199.99","59,029.84","57,855.20","","1.22%"
"01/31/2023","58,066.23","57,858.13","58,282.25","57,123.98","","0.44%"
"01/30/2023","57,809.27","57,736.05","58,115.63","57,403.86","","0.52%"
"01/27/2023","57,511.53","57,667.18","57,841.50","57,288.54","","-0.07%"
"01/26/2023","57,553.30","58,206.41","58,263.71","57,351.30","","-0.87%"
"01/25/2023","58,059.99","57,794.70","58,229.32","57,356.42","","0.56%"
"01/24/2023","57,737.48","57,623.13","58,103.66","57,207.66","","0.31%"
"01/23/2023","57,557.97","57,574.17","57,857.70","57,056.77","","0.28%"
"01/20/2023","57,397.29","57,656.61","57,821.52","57,310.01","","-0.26%"
"01/19/2023","57,548.02","56,472.30","57,752.34","56,348.04","","2.10%"
"01/18/2023","56,363.43","56,457.77","57,186.14","55,910.59","","0.02%"
"01/17/2023","56,350.04","56,887.70","56,908.57","56,243.14","","-0.75%"
"01/16/2023","56,773.89","56,937.02","57,199.62","56,161.75","","0.23%"
"01/13/2023","56,646.20","55,985.31","56,802.21","55,902.72","","1.37%"
"01/12/2023","55,882.15","55,706.13","57,850.81","55,335.93","","0.56%"
"01/11/2023","55,573.49","51,933.16","60,709.95","51,800.00","","7.26%"
"01/10/2023","51,809.74","51,652.73","52,070.95","51,420.75","","0.47%"
"01/09/2023","51,568.37","50,740.39","52,029.19","50,716.87","","1.81%"
"01/06/2023","50,653.48","49,841.02","50,874.08","49,790.43","","1.78%"
"01/05/2023","49,766.49","49,075.89","50,372.48","48,668.54","","1.62%"
"01/04/2023","48,974.64","45,601.38","49,483.12","45,484.93","","7.49%"
"01/03/2023","45,561.00","45,142.12","45,843.29","45,099.68","","1.27%"
"01/02/2023","44,990.43","45,149.53","45,247.89","45,014.97","","-0.32%"
"12/30/2022","45,135.66","44,927.99","45,220.84","44,802.60","","0.55%"
"12/29/2022","44,887.27","44,726.98","45,066.98","44,578.29","","0.46%"
"12/28/2022","44,682.94","44,797.62","44,885.77","44,462.55","","0.01%"
"12/27/2022","44,678.86","44,467.14","45,284.82","44,430.32","","0.42%"
"12/26/2022","44,490.06","44,514.28","44,519.36","44,353.66","","-0.02%"
"12/23/2022","44,498.59","44,334.16","44,639.01","44,297.21","","0.48%"
"12/22/2022","44,284.81","44,875.05","45,056.84","44,103.35","","-1.24%"
"12/21/2022","44,841.59","44,891.16","45,126.17","44,710.70","","0.12%"
"12/20/2022","44,786.34","44,221.13","44,993.55","44,101.12","","1.39%"
"12/19/2022","44,174.15","44,325.96","44,472.98","44,054.82","","-0.02%"
"12/16/2022","44,181.18","43,919.07","44,301.82","43,788.37","","0.87%"
"12/15/2022","43,801.82","44,663.71","44,711.79","43,736.30","","-1.89%"
"12/14/2022","44,644.32","44,646.09","44,837.59","44,389.98","","0.15%"
"12/13/2022","44,575.87","43,916.86","45,010.43","43,860.52","","1.63%"
"12/12/2022","43,862.83","44,184.43","44,326.11","43,817.38","","-0.55%"
"12/09/2022","44,107.02","44,010.57","44,438.69","43,983.97","","0.45%"
"12/08/2022","43,910.54","44,018.11","44,224.14","43,800.59","","-0.21%"
"12/07/2022","44,003.59","43,527.29","44,137.23","43,484.10","","1.37%"
"12/06/2022","43,407.96","43,412.70","43,902.32","43,366.18","","0.16%"
"12/05/2022","43,339.07","44,246.59","44,552.25","43,356.41","","-1.73%"
"12/02/2022","44,100.03","44,294.02","44,338.12","43,682.86","","-0.28%"
"12/01/2022","44,221.70","43,433.62","44,377.26","43,395.54","","2.10%"
"11/30/2022","43,312.57","42,955.78","43,485.09","42,825.18","","1.04%"
"11/29/2022","42,865.69","42,789.92","43,279.43","42,726.76","","0.34%"
"11/28/2022","42,718.53","43,050.18","43,396.40","42,730.69","","-1.00%"
"11/25/2022","43,148.36","43,165.50","43,290.83","42,894.68","","0.07%"
"11/24/2022","43,119.37","42,962.56","43,241.73","42,944.68","","0.50%"
"11/23/2022","42,906.94","42,670.63","43,058.14","42,428.56","","0.83%"
"11/22/2022","42,552.51","42,624.46","42,978.75","42,562.65","","-0.03%"
"11/21/2022","42,566.06","42,842.70","42,918.39","42,463.74","","-0.75%"
"11/18/2022","42,886.13","43,156.70","43,342.16","42,828.57","","-0.60%"
"11/17/2022","43,145.93","43,431.77","43,465.91","42,923.46","","-0.54%"
"11/16/2022","43,382.26","43,504.36","43,757.98","43,250.45","","-0.18%"
"11/15/2022","43,460.48","43,309.96","43,683.00","43,148.43","","0.45%"
"11/14/2022","43,265.53","43,213.68","43,424.42","42,792.45","","0.38%"
"11/11/2022","43,103.71","42,819.02","43,247.64","42,605.82","","0.92%"
"11/10/2022","42,711.52","41,640.02","42,867.76","41,485.34","","2.72%"
"11/09/2022","41,581.80","41,693.38","42,065.72","41,448.61","","-0.12%"
"11/08/2022","41,630.11","40,750.73","41,807.93","40,454.61","","2.30%"
"11/07/2022","40,694.25","40,771.42","40,957.96","40,385.53","","0.04%"
"11/04/2022","40,677.05","39,516.98","40,792.74","39,484.73","","3.27%"
"11/03/2022","39,389.79","39,378.45","39,670.39","39,139.80","","0.24%"
"11/02/2022","39,294.34","39,878.59","40,278.76","39,356.75","","-1.25%"
"11/01/2022","39,790.75","39,486.12","40,164.89","39,344.77","","0.90%"
"10/31/2022","39,437.65","39,202.19","39,809.12","39,128.72","","3.84%"
"10/28/2022","37,979.85","38,502.31","38,601.26","37,905.63","","-1.09%"
"10/27/2022","38,396.82","32,786.20","38,567.81","32,663.27","","17.29%"
"10/26/2022","32,735.80","32,565.59","33,006.52","32,496.42","","0.65%"
"10/25/2022","32,523.36","32,423.01","32,789.25","32,206.48","","0.54%"
"10/24/2022","32,349.64","32,666.46","32,909.74","32,326.93","","0.03%"
"10/21/2022","32,338.42","31,935.68","32,542.82","31,721.52","","1.81%"
"10/20/2022","31,764.54","32,051.17","32,414.63","31,724.46","","-0.75%"
"10/19/2022","32,003.29","32,483.43","32,535.26","32,024.31","","-1.19%"
"10/18/2022","32,387.68","32,479.00","32,693.22","32,352.72","","-0.09%"
"10/17/2022","32,417.56","32,283.68","32,836.79","32,283.68","","0.58%"
"10/14/2022","32,230.48","32,760.77","32,871.84","32,240.36","","-1.35%"
"10/13/2022","32,672.56","32,936.57","33,130.61","32,313.14","","-0.63%"
"10/12/2022","32,879.85","32,796.94","33,049.07","32,695.82","","0.45%"
"10/11/2022","32,733.69","32,810.78","33,158.32","32,629.90","","-0.09%"
"10/10/2022","32,762.20","33,392.94","33,462.60","32,739.82","","-1.46%"
"10/07/2022","33,249.10","33,598.01","33,690.40","33,198.50","","-0.76%"
"10/06/2022","33,502.61","33,744.53","33,935.05","33,550.30","","-0.50%"
"10/05/2022","33,671.14","33,935.50","33,998.41","33,424.97","","-0.59%"
"10/04/2022","33,872.10","33,347.64","34,006.60","33,250.74","","1.87%"
"10/03/2022","33,249.23","32,461.74","33,389.24","32,307.38","","2.78%"
"09/30/2022","32,349.31","32,450.79","32,740.66","32,415.43","","-0.02%"
"09/29/2022","32,356.99","32,417.79","32,574.59","32,020.04","","0.00%"
"09/28/2022","32,356.01","31,752.63","32,481.73","31,470.52","","2.23%"
"09/27/2022","31,650.07","31,655.01","32,082.44","31,636.08","","0.23%"
"09/26/2022","31,576.89","32,068.77","32,196.11","31,621.83","","-1.27%"
"09/23/2022","31,982.32","32,571.36","32,676.86","31,955.73","","-1.60%"
"09/22/2022","32,503.84","32,606.09","32,884.02","32,173.63","","-0.08%"
"09/21/2022","32,530.70","32,361.17","32,885.17","32,222.76","","0.69%"
"09/20/2022","32,307.97","32,542.39","32,613.44","32,242.05","","-0.56%"
"09/19/2022","32,490.20","32,583.22","32,674.91","32,203.90","","-0.01%"
"09/16/2022","32,492.12","32,342.68","32,647.52","32,126.06","","0.62%"
"09/15/2022","32,291.11","32,883.76","32,934.41","32,246.20","","-1.51%"
"09/14/2022","32,785.85","32,933.16","33,130.85","32,798.39","","-0.22%"
"09/13/2022","32,857.45","33,386.18","33,564.05","32,820.19","","-1.39%"
"09/12/2022","33,318.93","33,173.35","33,605.45","33,045.81","","0.53%"
"09/09/2022","33,143.49","32,990.62","33,431.20","32,984.80","","0.49%"
"09/08/2022","32,983.22","33,110.35","33,386.70","32,862.48","","-0.20%"
"09/07/2022","33,048.01","32,768.54","33,140.95","32,532.11","","0.95%"
"09/06/2022","32,735.84","32,906.10","33,223.57","32,690.30","","-0.25%"
"09/05/2022","32,819.04","32,906.67","33,026.77","32,800.63","","-0.15%"
"09/02/2022","32,866.95","32,647.44","33,043.12","32,587.95","","0.86%"
"09/01/2022","32,587.97","32,909.73","32,926.68","32,458.56","","-0.79%"
"08/31/2022","32,846.99","33,161.71","33,216.17","32,833.86","","-0.77%"
"08/30/2022","33,102.48","33,369.63","33,448.76","33,060.05","","-0.62%"
"08/29/2022","33,309.71","33,343.64","33,517.48","32,973.96","","0.05%"
"08/26/2022","33,292.35","33,757.91","33,771.03","33,280.88","","-1.21%"
"08/25/2022","33,700.67","33,627.56","33,924.46","33,560.66","","0.30%"
"08/24/2022","33,598.24","33,509.46","33,712.99","33,374.47","","0.52%"
"08/23/2022","33,425.96","33,270.00","33,625.77","33,139.38","","0.50%"
"08/22/2022","33,260.98","33,490.86","33,534.23","33,081.74","","-0.31%"
"08/19/2022","33,364.21","33,673.75","33,701.72","33,420.50","","-0.75%"
"08/18/2022","33,616.59","33,740.21","33,954.78","33,615.31","","-0.01%"
"08/17/2022","33,619.60","34,003.49","34,130.78","33,660.88","","-0.95%"
"08/16/2022","33,943.54","34,079.26","34,167.48","33,903.28","","-0.24%"
"08/15/2022","34,023.85","34,473.14","34,482.47","33,912.73","","-1.24%"
"08/12/2022","34,449.76","34,270.76","34,524.88","34,173.48","","0.71%"
"08/11/2022","34,207.60","34,294.28","34,467.21","34,106.35","","-0.05%"
"08/10/2022","34,225.26","34,379.09","34,637.78","34,178.09","","-0.30%"
"08/09/2022","34,329.31","34,302.83","34,478.62","34,117.02","","0.17%"
"08/08/2022","34,269.38","33,893.03","34,319.19","33,842.59","","1.32%"
"08/05/2022","33,822.61","34,303.02","34,345.26","33,762.17","","-1.31%"
"08/04/2022","34,269.98","33,685.69","34,379.71","33,638.07","","2.05%"
"08/03/2022","33,582.05","33,521.37","33,871.17","33,391.34","","0.37%"
"08/02/2022","33,457.41","33,628.62","34,045.96","33,485.97","","-0.40%"
"08/01/2022","33,593.14","33,465.26","33,673.24","33,303.57","","0.83%"
"07/29/2022","33,316.61","33,221.37","33,453.80","33,151.37","","0.58%"
"07/28/2022","33,124.21","32,850.02","33,313.58","32,834.21","","1.02%"
"07/27/2022","32,788.46","32,563.71","32,966.98","32,380.93","","0.79%"
"07/26/2022","32,531.28","32,608.27","32,769.73","32,413.78","","-0.15%"
"07/25/2022","32,579.65","32,765.64","32,913.94","32,439.78","","0.01%"
"07/22/2022","32,575.09","32,516.45","32,907.27","32,408.63","","0.51%"
"07/21/2022","32,408.48","32,152.38","32,588.25","31,784.36","","0.87%"
"07/20/2022","32,127.73","32,368.30","32,490.68","32,073.51","","-0.42%"
"07/19/2022","32,263.80","32,335.28","32,537.93","32,210.30","","-0.12%"
"07/18/2022","32,301.87","32,211.87","32,589.24","32,173.18","","0.36%"
"07/15/2022","32,185.14","32,283.59","32,415.47","32,073.73","","-0.11%"
"07/14/2022","32,220.12","32,757.67","32,784.71","32,040.05","","-1.43%"
"07/13/2022","32,687.21","32,579.83","32,946.99","32,226.72","","0.49%"
"07/12/2022","32,529.26","32,738.41","32,917.20","32,528.94","","-0.45%"
"07/11/2022","32,677.04","32,870.35","32,909.11","32,681.49","","-0.39%"
"07/08/2022","32,805.42","32,862.10","33,052.09","32,689.01","","0.02%"
"07/07/2022","32,800.09","32,843.98","33,065.60","32,757.92","","0.08%"
"07/06/2022","32,775.38","33,285.12","33,501.39","32,704.12","","-1.20%"
"07/05/2022","33,172.38","34,121.80","34,191.93","33,266.32","","-2.67%"
"07/04/2022","34,083.76","34,088.73","34,195.73","33,946.85","","0.35%"
"07/01/2022","33,965.02","33,970.99","34,067.42","33,541.10","","0.23%"
"06/30/2022","33,888.67","34,174.95","34,326.86","33,881.39","","-0.60%"
"06/29/2022","34,092.01","34,202.13","34,513.43","34,002.74","","-0.18%"
"06/28/2022","34,152.28","34,221.30","34,399.06","34,113.60","","-0.08%"
"06/27/2022","34,179.79","34,492.81","34,570.16","34,152.65","","-0.24%"
"06/24/2022","34,263.59","34,222.99","34,398.53","34,108.56","","0.23%"
"06/23/2022","34,184.85","34,440.53","34,603.60","34,175.07","","-0.45%"
"06/22/2022","34,337.93","34,368.87","34,679.08","34,163.19","","0.16%"
"06/21/2022","34,282.15","34,515.48","34,611.64","34,280.37","","-0.59%"
"06/20/2022","34,486.28","34,567.32","34,680.38","34,386.97","","0.32%"
"06/17/2022","34,375.02","34,801.92","34,824.46","34,364.02","","-0.96%"
"06/16/2022","34,709.01","34,411.18","34,816.30","34,030.92","","1.05%"
"06/15/2022","34,348.36","33,888.40","34,560.35","33,829.03","","1.63%"
"06/14/2022","33,798.19","34,054.78","34,349.96","33,819.17","","-0.57%"
"06/13/2022","33,991.13","35,039.87","35,069.42","34,034.06","","-2.80%"
"06/10/2022","34,971.43","34,574.32","35,108.87","34,146.04","","1.27%"
"06/09/2022","34,531.49","34,635.67","34,701.56","34,370.29","","-0.07%"
"06/08/2022","34,557.03","34,611.64","34,761.46","34,439.47","","0.01%"
"06/07/2022","34,552.71","34,347.71","34,676.76","34,234.66","","0.75%"
"06/06/2022","34,294.04","34,482.24","34,667.04","34,329.42","","-0.38%"
"06/03/2022","34,424.24","34,811.95","34,918.24","34,410.00","","-0.80%"
"06/02/2022","34,703.54","34,401.26","34,897.74","34,347.21","","1.07%"
"06/01/2022","34,337.27","34,177.62","34,493.10","34,004.54","","0.61%"
"05/31/2022","34,129.42","34,538.24","34,579.13","34,124.80","","-1.04%"
"05/30/2022","34,488.44","34,441.62","34,680.86","34,362.00","","0.16%"
"05/27/2022","34,432.60","34,427.55","34,648.01","34,377.59","","0.16%"
"05/26/2022","34,378.07","34,484.85","34,506.89","34,140.74","","-0.14%"
"05/25/2022","34,424.84","34,593.46","34,614.52","34,280.95","","-0.22%"
"05/24/2022","34,501.65","34,116.17","34,632.23","34,013.96","","1.36%"
"05/23/2022","34,039.02","33,745.35","34,374.63","33,700.52","","1.03%"
"05/20/2022","33,692.05","33,672.60","33,810.60","33,495.37","","0.25%"
"05/19/2022","33,609.02","33,172.38","33,800.14","33,043.47","","1.63%"
"05/18/2022","33,069.47","33,179.52","33,361.38","33,002.23","","-0.11%"
"05/17/2022","33,106.78","33,343.25","33,607.60","33,135.71","","-0.52%"
"05/16/2022","33,280.52","33,160.34","33,401.87","32,683.33","","0.60%"
"05/13/2022","33,081.31","33,367.14","33,499.26","32,953.19","","-0.59%"
"05/12/2022","33,277.66","34,058.15","34,237.48","33,352.19","","-2.08%"
"05/11/2022","33,983.76","33,973.58","34,386.98","33,710.63","","0.33%"
"05/10/2022","33,871.88","34,262.90","34,550.09","33,919.32","","-0.84%"
"05/09/2022","34,158.23","34,878.48","34,918.46","34,213.17","","-1.57%"
"05/06/2022","34,701.66","34,686.82","34,981.28","34,480.84","","0.36%"
"05/05/2022","34,578.18","34,768.02","35,297.38","34,603.45","","-0.24%"
"05/04/2022","34,662.96","34,524.14","34,922.51","34,394.45","","0.72%"
"05/03/2022","34,414.15","34,430.05","34,708.87","34,194.12","","0.25%"
"05/02/2022","34,326.70","35,039.88","35,113.96","34,275.71","","-1.89%"
"04/29/2022","34,989.25","35,026.92","35,500.35","34,987.66","","0.13%"
"04/28/2022","34,944.16","34,890.28","35,124.21","34,611.00","","0.33%"
"04/27/2022","34,828.14","35,277.85","35,317.90","34,805.73","","-1.07%"
"04/26/2022","35,204.22","35,226.83","35,460.99","34,996.37","","0.19%"
"04/25/2022","35,135.96","35,879.76","35,946.90","35,097.92","","-1.96%"
"04/22/2022","35,839.27","36,257.31","36,341.10","35,794.66","","-1.02%"
"04/21/2022","36,208.57","36,200.21","36,309.98","35,899.65","","0.22%"
"04/20/2022","36,127.88","36,020.67","36,214.19","35,764.05","","0.48%"
"04/19/2022","35,955.20","36,475.07","36,636.66","35,901.91","","-1.29%"
"04/18/2022","36,425.29","36,320.10","36,854.90","36,286.96","","0.53%"
"04/15/2022","36,232.73","36,308.63","36,342.87","36,294.32","","0.08%"
"04/14/2022","36,202.53","36,414.35","36,595.99","36,062.29","","-0.29%"
"04/13/2022","36,308.00","36,385.55","36,675.60","36,286.78","","0.09%"
"04/12/2022","36,274.36","36,027.16","36,621.79","35,925.93","","0.90%"
"04/11/2022","35,950.13","35,730.17","36,292.97","35,598.40","","0.96%"
"04/08/2022","35,607.58","35,425.13","35,734.70","35,348.09","","0.81%"
"04/07/2022","35,322.93","35,254.84","35,544.32","35,160.18","","0.49%"
"04/06/2022","35,150.68","35,088.23","35,416.54","34,934.09","","0.50%"
"04/05/2022","34,977.37","35,251.47","35,471.91","34,979.61","","-0.48%"
"04/04/2022","35,147.81","35,130.28","35,368.27","34,958.71","","0.19%"
"04/01/2022","35,081.22","35,410.94","35,462.99","35,052.94","","-0.61%"
"03/31/2022","35,294.92","35,310.85","35,644.46","35,021.07","","0.26%"
"03/30/2022","35,204.50","35,165.78","35,458.29","34,968.97","","0.42%"
"03/29/2022","35,058.12","35,206.46","35,327.43","34,601.46","","-0.10%"
"03/28/2022","35,093.71","35,815.75","35,826.92","35,097.18","","-2.84%"
"03/25/2022","36,121.23","35,887.88","36,295.54","35,863.21","","0.95%"
"03/24/2022","35,781.09","35,714.61","36,035.52","35,411.66","","0.49%"
"03/23/2022","35,606.82","35,625.84","35,859.22","35,281.87","","0.03%"
"03/22/2022","35,594.85","35,274.76","35,863.66","35,146.74","","1.21%"
"03/21/2022","35,167.85","30,275.27","35,359.48","30,083.73","","16.77%"
"03/18/2022","30,117.99","30,541.68","30,583.36","30,149.89","","-1.11%"
"03/17/2022","30,455.11","30,282.63","30,682.29","30,235.79","","0.85%"
"03/16/2022","30,199.52","30,131.74","30,337.57","29,792.94","","0.58%"
"03/15/2022","30,024.76","30,702.98","30,771.00","29,954.77","","-2.04%"
"03/14/2022","30,649.13","31,271.46","31,347.61","30,632.56","","-1.29%"
"03/11/2022","31,049.91","31,387.91","31,427.81","30,733.52","","-0.79%"
"03/10/2022","31,297.12","31,361.41","31,610.76","31,003.33","","0.00%"
"03/09/2022","31,298.36","32,267.25","32,412.52","31,047.62","","-2.86%"
"03/08/2022","32,220.44","31,447.51","32,586.45","31,180.95","","2.62%"
"03/07/2022","31,398.97","31,089.84","31,541.65","30,803.57","","1.99%"
"03/04/2022","30,786.61","30,462.42","30,931.32","30,365.03","","1.24%"
"03/03/2022","30,408.12","30,317.85","30,558.64","30,145.07","","0.59%"
"03/02/2022","30,230.88","30,559.91","30,635.10","30,066.18","","-0.74%"
"03/01/2022","30,455.41","29,986.40","30,641.68","29,863.65","","1.91%"
"02/28/2022","29,883.82","30,174.43","30,307.87","29,701.21","","0.65%"
"02/25/2022","29,691.33","29,976.36","30,254.71","29,649.50","","-0.82%"
"02/24/2022","29,935.61","30,003.91","31,068.35","29,482.24","","0.03%"
"02/23/2022","29,925.22","29,830.95","30,040.95","29,690.01","","0.62%"
"02/22/2022","29,739.94","29,958.38","30,114.67","29,702.51","","-0.43%"
"02/21/2022","29,867.44","29,855.23","29,980.64","29,634.59","","0.17%"
"02/18/2022","29,815.51","29,867.32","29,941.14","29,678.67","","0.00%"
"02/17/2022","29,816.90","29,372.07","29,921.22","29,333.35","","1.86%"
"02/16/2022","29,271.52","29,140.89","29,427.30","29,064.66","","0.73%"
"02/15/2022","29,058.02","29,419.69","29,591.19","28,964.31","","-0.95%"
"02/14/2022","29,337.12","29,244.92","29,465.67","29,070.27","","0.72%"
"02/11/2022","29,126.96","28,699.10","29,309.00","28,604.64","","1.85%"
"02/10/2022","28,596.65","28,844.55","28,964.76","28,634.32","","-0.68%"
"02/09/2022","28,791.56","28,711.43","28,894.99","28,648.44","","0.52%"
"02/08/2022","28,641.94","28,600.80","28,770.95","28,492.87","","0.49%"
"02/07/2022","28,502.61","28,387.84","28,655.95","28,387.13","","0.38%"
"02/04/2022","28,395.73","28,398.47","28,565.89","28,198.16","","0.18%"
"02/03/2022","28,345.40","28,382.82","28,460.39","28,073.14","","0.20%"
"02/02/2022","28,288.07","28,296.03","28,500.43","28,189.25","","0.32%"
"02/01/2022","28,198.86","28,244.49","28,486.96","28,201.53","","0.22%"
"01/31/2022","28,137.40","28,139.70","28,298.42","28,033.98","","-0.06%"
"01/28/2022","28,155.05","28,291.13","28,329.18","28,015.33","","-0.32%"
"01/27/2022","28,245.54","28,634.77","28,686.24","28,190.04","","-1.22%"
"01/26/2022","28,595.25","29,089.03","29,125.98","28,566.46","","-1.55%"
"01/25/2022","29,044.11","28,954.80","29,181.73","28,822.23","","0.65%"
"01/24/2022","28,856.84","28,819.95","29,041.05","28,735.11","","0.45%"
"01/21/2022","28,726.85","28,952.32","29,015.13","28,727.68","","-0.63%"
"01/20/2022","28,908.92","28,913.11","29,093.20","28,829.92","","0.35%"
"01/19/2022","28,807.98","28,549.45","28,964.93","28,439.72","","1.06%"
"01/18/2022","28,504.92","28,597.71","28,672.49","28,364.91","","0.00%"
"01/17/2022","28,503.57","28,510.52","28,705.92","28,428.50","","0.29%"
"01/14/2022","28,421.31","28,599.69","28,707.41","28,463.74","","-0.27%"
"01/13/2022","28,498.62","28,709.38","28,775.18","28,459.17","","-0.46%"
"01/12/2022","28,630.22","28,616.97","28,767.25","28,501.20","","0.39%"
"01/11/2022","28,519.84","28,338.32","28,644.93","28,274.52","","0.85%"
"01/10/2022","28,278.21","28,196.85","28,365.64","28,126.13","","0.50%"
"01/07/2022","28,137.56","28,146.82","28,274.46","28,014.06","","0.30%"
"01/06/2022","28,052.43","28,448.41","28,473.85","28,067.49","","-1.07%"
"01/05/2022","28,356.28","28,543.75","28,781.25","28,412.36","","-0.42%"
"01/04/2022","28,476.50","28,367.37","28,578.75","28,253.52","","0.50%"
"01/03/2022","28,335.21","28,751.44","28,801.91","28,298.37","","-1.04%"
"12/31/2021","28,632.59","28,512.83","28,758.44","28,500.28","","0.76%"
"12/30/2021","28,416.75","28,347.07","28,552.08","28,209.72","","0.59%"
"12/29/2021","28,248.92","28,411.78","28,460.42","28,104.36","","-0.37%"
"12/28/2021","28,352.79","28,487.49","28,655.81","28,382.84","","-0.19%"
"12/27/2021","28,405.73","28,406.78","28,535.64","28,323.43","","0.32%"
"12/24/2021","28,315.08","28,411.49","28,710.68","28,303.34","","-0.01%"
"12/23/2021","28,317.82","28,397.29","28,500.53","28,269.42","","-0.15%"
"12/22/2021","28,359.46","28,113.06","28,421.78","28,028.74","","1.22%"
"12/21/2021","28,017.80","28,131.05","28,344.62","28,044.71","","-0.05%"
"12/20/2021","28,032.81","28,231.63","28,399.81","28,089.18","","-0.80%"
"12/17/2021","28,259.56","28,322.64","28,562.21","28,263.78","","-0.07%"
"12/16/2021","28,280.12","27,970.67","28,330.91","27,921.50","","1.30%"
"12/15/2021","27,917.15","27,860.57","28,033.54","27,605.45","","0.40%"
"12/14/2021","27,804.97","28,069.01","28,171.30","27,748.68","","-0.60%"
"12/13/2021","27,973.97","27,996.71","28,207.60","27,972.41","","0.21%"
"12/10/2021","27,914.11","27,887.71","28,112.67","27,797.78","","0.45%"
"12/09/2021","27,788.51","28,028.87","28,148.22","27,842.20","","-0.58%"
"12/08/2021","27,951.01","28,030.20","28,239.46","27,955.27","","0.06%"
"12/07/2021","27,934.70","27,954.92","28,130.72","27,837.06","","0.19%"
"12/06/2021","27,882.37","28,038.99","28,123.92","27,894.55","","-0.18%"
"12/03/2021","27,933.31","27,780.89","28,065.00","27,738.08","","0.87%"
"12/02/2021","27,692.52","27,993.36","28,068.70","27,675.94","","-0.74%"
"12/01/2021","27,897.66","27,953.88","28,267.13","27,868.93","","-0.07%"
"11/30/2021","27,917.45","28,054.68","28,496.84","27,867.65","","-0.20%"
"11/29/2021","27,974.04","28,121.65","28,343.57","28,000.30","","-0.43%"
"11/26/2021","28,095.59","28,118.53","28,544.09","27,993.96","","0.19%"
"11/25/2021","28,042.82","28,118.93","28,279.61","28,070.61","","0.01%"
"11/24/2021","28,040.39","28,124.61","28,284.58","27,939.32","","-0.02%"
"11/23/2021","28,045.09","28,370.62","28,505.70","28,007.25","","-0.86%"
"11/22/2021","28,289.70","28,973.50","29,097.96","28,326.76","","-2.03%"
"11/19/2021","28,875.19","29,186.26","29,292.38","28,934.81","","-0.72%"
"11/18/2021","29,085.37","29,355.48","29,461.82","29,141.14","","-0.65%"
"11/17/2021","29,274.40","29,072.57","29,401.81","29,019.42","","1.04%"
"11/16/2021","28,972.41","29,330.03","29,545.21","29,050.34","","-1.09%"
"11/15/2021","29,292.25","29,334.57","29,451.81","28,994.35","","0.22%"
"11/12/2021","29,228.21","29,273.73","29,375.75","28,999.97","","0.13%"
"11/11/2021","29,191.30","29,051.35","29,392.35","28,929.80","","0.83%"
"11/10/2021","28,950.49","28,778.30","29,371.02","28,602.68","","0.95%"
"11/09/2021","28,678.00","28,692.25","28,817.78","28,561.42","","0.11%"
"11/08/2021","28,647.03","28,567.79","28,737.63","28,431.57","","0.70%"
"11/05/2021","28,446.85","28,126.02","28,552.19","28,027.21","","1.51%"
"11/04/2021","28,024.30","27,835.48","28,319.15","27,793.99","","0.91%"
"11/03/2021","27,771.57","28,068.58","28,136.30","27,641.13","","-0.71%"
"11/02/2021","27,971.09","28,206.99","28,287.70","28,036.79","","-0.70%"
"11/01/2021","28,168.07","27,999.20","28,251.90","27,930.83","","0.89%"
"10/29/2021","27,918.78","28,259.01","28,301.52","27,833.52","","-0.86%"
"10/28/2021","28,159.66","28,229.04","28,472.23","28,154.85","","0.10%"
"10/27/2021","28,132.56","28,176.96","28,327.40","28,002.77","","0.16%"
"10/26/2021","28,088.14","28,436.64","28,454.92","27,994.95","","-1.00%"
"10/25/2021","28,372.88","28,168.09","28,494.21","28,135.88","","1.14%"
"10/22/2021","28,052.47","27,990.70","28,483.29","27,983.82","","0.57%"
"10/21/2021","27,892.84","27,980.50","28,096.98","27,884.41","","0.04%"
"10/20/2021","27,881.88","27,814.14","28,164.64","27,769.41","","0.53%"
"10/19/2021","27,735.72","27,776.31","28,106.80","27,740.70","","0.01%"
"10/18/2021","27,733.07","27,751.25","27,886.95","27,635.62","","0.08%"
"10/15/2021","27,710.55","28,229.13","28,247.06","27,737.74","","-1.56%"
"10/14/2021","28,149.34","28,177.42","28,358.63","28,070.48","","0.21%"
"10/13/2021","28,091.45","27,667.99","28,219.98","27,592.31","","1.83%"
"10/12/2021","27,587.24","27,572.84","27,863.57","27,517.50","","0.34%"
"10/11/2021","27,493.16","27,590.34","27,714.60","27,474.45","","0.03%"
"10/08/2021","27,484.37","27,559.02","27,971.14","27,522.54","","0.07%"
"10/07/2021","27,465.01","27,677.50","27,749.01","27,496.71","","-0.42%"
"10/06/2021","27,579.84","27,649.90","27,751.70","27,415.43","","0.09%"
"10/05/2021","27,553.92","27,798.03","27,822.94","27,469.99","","-0.52%"
"10/04/2021","27,698.47","27,752.03","27,854.03","27,431.23","","0.28%"
"10/01/2021","27,620.19","27,625.64","27,736.30","27,500.04","","0.23%"
"09/30/2021","27,556.19","27,135.31","27,738.36","27,037.86","","1.94%"
"09/29/2021","27,032.12","27,241.24","27,494.54","27,038.12","","-0.42%"
"09/28/2021","27,146.28","27,494.29","27,567.93","27,118.42","","-0.93%"
"09/27/2021","27,400.83","27,512.09","27,709.76","27,401.28","","0.06%"
"09/24/2021","27,384.21","27,360.05","27,601.89","27,311.77","","0.42%"
"09/23/2021","27,269.97","27,777.60","27,965.89","27,284.19","","-1.48%"
"09/22/2021","27,680.46","27,858.82","28,081.74","27,725.73","","-0.29%"
"09/21/2021","27,759.81","27,745.92","28,006.65","27,607.00","","0.24%"
"09/20/2021","27,693.07","27,560.00","27,795.86","27,370.69","","0.77%"
"09/17/2021","27,480.32","27,558.50","27,787.70","27,455.31","","0.07%"
"09/16/2021","27,461.52","28,187.97","28,235.40","27,379.72","","-2.25%"
"09/15/2021","28,094.59","28,352.11","28,408.93","28,134.20","","-0.63%"
"09/14/2021","28,272.75","28,197.70","28,459.99","27,979.76","","0.55%"
"09/13/2021","28,117.22","28,084.39","28,265.52","28,022.50","","0.46%"
"09/10/2021","27,989.53","28,192.34","28,343.23","28,077.24","","-0.37%"
"09/09/2021","28,093.88","28,134.43","28,341.31","28,024.07","","0.06%"
"09/08/2021","28,077.72","28,196.43","28,373.96","27,994.94","","-0.12%"
"09/07/2021","28,111.35","28,643.59","28,708.24","28,157.92","","-1.59%"
"09/06/2021","28,566.38","28,764.82","28,795.36","28,561.78","","-0.23%"
"09/03/2021","28,631.38","28,418.81","28,811.64","28,403.05","","1.01%"
"09/02/2021","28,343.74","28,489.69","28,592.15","28,330.37","","-0.27%"
"09/01/2021","28,420.52","28,481.34","28,633.87","28,378.66","","0.19%"
"08/31/2021","28,367.50","28,421.89","28,604.46","28,262.61","","0.17%"
"08/30/2021","28,318.52","28,578.63","28,670.37","28,374.25","","-0.40%"
"08/27/2021","28,432.76","28,126.45","28,564.34","28,066.30","","1.39%"
"08/26/2021","28,044.17","28,113.17","28,246.42","27,920.08","","0.11%"
"08/25/2021","28,013.34","28,303.13","28,317.88","27,999.92","","-0.70%"
"08/24/2021","28,210.53","28,342.38","28,467.96","28,219.20","","-0.13%"
"08/23/2021","28,248.09","28,007.98","28,400.93","27,929.26","","1.36%"
"08/20/2021","27,867.80","27,947.91","28,084.98","27,914.08","","0.06%"
"08/19/2021","27,850.67","28,064.81","28,176.44","27,855.04","","-0.44%"
"08/18/2021","27,972.87","28,057.80","28,205.50","27,903.70","","-0.01%"
"08/17/2021","27,975.49","28,019.94","28,240.34","27,932.55","","0.10%"
"08/16/2021","27,946.82","27,941.91","28,123.20","27,767.94","","0.39%"
"08/13/2021","27,838.06","27,518.14","27,954.27","27,494.90","","1.52%"
"08/12/2021","27,420.21","27,501.59","27,610.37","27,338.30","","0.05%"
"08/11/2021","27,407.22","27,146.82","27,547.72","27,059.61","","1.31%"
"08/10/2021","27,052.43","27,156.16","27,326.70","26,959.52","","-0.03%"
"08/09/2021","27,060.26","27,684.57","27,705.00","26,450.91","","-2.00%"
"08/06/2021","27,613.72","28,338.07","28,347.31","27,614.60","","-2.23%"
"08/05/2021","28,244.22","28,457.03","28,562.86","28,224.55","","-0.37%"
"08/04/2021","28,349.82","28,422.46","28,829.04","28,362.62","","0.08%"
"08/03/2021","28,327.07","28,472.60","28,536.88","28,337.16","","-0.17%"
"08/02/2021","28,376.47","28,448.95","28,581.72","28,302.68","","-0.15%"
"07/30/2021","28,418.96","28,712.30","28,765.69","28,417.91","","-0.77%"
"07/29/2021","28,638.34","28,372.83","28,796.72","28,357.47","","1.29%"
"07/28/2021","28,274.70","28,221.56","28,429.17","28,143.86","","0.51%"
"07/27/2021","28,130.54","28,202.75","28,393.07","28,097.44","","0.10%"
"07/26/2021","28,101.80","28,333.08","28,487.62","28,152.98","","-0.12%"
"07/23/2021","28,134.59","28,315.65","28,371.50","28,056.46","","-0.28%"
"07/22/2021","28,214.25","28,274.91","28,336.79","28,082.41","","0.21%"
"07/21/2021","28,155.67","28,366.57","28,425.72","28,114.76","","-0.40%"
"07/20/2021","28,267.36","28,416.75","28,602.01","28,285.40","","-0.14%"
"07/19/2021","28,307.97","28,406.62","28,499.41","28,122.36","","-0.26%"
"07/16/2021","28,381.35","28,732.18","28,774.68","28,404.88","","-0.96%"
"07/15/2021","28,655.57","28,690.78","28,837.01","28,518.33","","0.16%"
"07/14/2021","28,609.10","28,363.03","28,778.59","28,308.10","","1.21%"
"07/13/2021","28,267.11","28,322.50","28,562.35","28,230.35","","0.17%"
"07/12/2021","28,219.81","28,366.68","28,431.56","28,129.97","","-0.18%"
"07/09/2021","28,270.71","28,287.48","28,441.44","28,180.78","","0.30%"
"07/08/2021","28,187.36","28,264.35","28,590.24","28,125.56","","0.08%"
"07/07/2021","28,164.27","28,195.27","28,459.40","28,142.17","","0.24%"
"07/06/2021","28,096.65","28,096.70","28,546.23","28,081.25","","0.33%"
"07/05/2021","28,002.94","28,017.68","28,215.02","27,951.89","","0.35%"
"07/02/2021","27,906.54","27,884.56","28,133.95","27,812.13","","0.34%"
"07/01/2021","27,812.00","27,783.47","27,985.38","27,709.15","","0.36%"
"06/30/2021","27,713.35","27,597.48","27,854.25","27,448.42","","0.77%"
"06/29/2021","27,501.98","27,867.56","27,899.30","27,422.66","","-0.97%"
"06/28/2021","27,770.64","27,956.65","28,042.93","27,752.94","","-0.16%"
"06/25/2021","27,814.38","27,822.05","28,058.73","27,787.10","","0.33%"
"06/24/2021","27,723.78","27,859.68","28,081.82","27,756.27","","-0.12%"
"06/23/2021","27,758.01","27,889.18","28,117.96","27,767.17","","-0.26%"
"06/22/2021","27,831.43","27,925.66","28,066.24","27,743.82","","0.01%"
"06/21/2021","27,828.19","27,613.59","28,040.97","27,613.59","","1.16%"
"06/18/2021","27,508.88","27,778.68","28,153.86","27,560.22","","-0.70%"
"06/17/2021","27,701.67","28,370.97","28,570.43","27,678.12","","-1.96%"
"06/16/2021","28,255.66","29,127.35","29,202.66","28,235.67","","-2.79%"
"06/15/2021","29,065.81","29,225.36","29,318.45","29,009.50","","-0.27%"
"06/14/2021","29,145.39","29,365.47","29,422.23","28,868.49","","-0.40%"
"06/11/2021","29,263.83","29,747.75","29,824.74","29,310.57","","-1.29%"
"06/10/2021","29,647.24","29,617.90","29,774.47","29,254.50","","0.39%"
"06/09/2021","29,530.74","29,624.22","29,805.36","29,537.14","","0.02%"
"06/08/2021","29,524.30","29,803.92","29,897.16","29,474.93","","-0.57%"
"06/07/2021","29,694.15","29,630.46","29,823.32","29,499.67","","0.40%"
"06/04/2021","29,575.71","29,348.57","29,757.77","29,122.16","","1.12%"
"06/03/2021","29,247.74","29,941.50","29,966.12","29,248.95","","-1.99%"
"06/02/2021","29,840.49","29,797.13","29,989.16","29,680.40","","0.49%"
"06/01/2021","29,695.28","29,938.62","30,084.90","29,709.50","","-0.61%"
"05/31/2021","29,877.84","29,849.97","30,009.69","29,793.45","","0.57%"
"05/28/2021","29,708.65","29,741.79","29,846.34","29,507.36","","0.23%"
"05/27/2021","29,639.01","29,740.99","29,886.89","29,588.50","","-0.07%"
"05/26/2021","29,660.32","29,759.65","30,053.69","29,640.57","","0.02%"
"05/25/2021","29,654.41","29,463.50","29,782.85","29,318.18","","1.03%"
"05/24/2021","29,351.39","29,458.72","29,627.97","29,390.72","","-0.03%"
"05/21/2021","29,360.22","29,437.73","29,632.89","29,285.17","","0.07%"
"05/20/2021","29,338.92","29,315.38","29,558.29","29,212.16","","0.44%"
"05/19/2021","29,210.75","29,312.87","29,637.49","29,022.37","","-0.02%"
"05/18/2021","29,215.44","29,291.14","29,450.82","29,201.09","","0.03%"
"05/17/2021","29,207.46","28,966.82","29,321.50","28,895.16","","1.53%"
"05/14/2021","28,767.04","28,609.29","28,901.26","28,497.85","","0.93%"
"05/13/2021","28,502.13","28,464.32","28,639.18","28,361.61","","0.47%"
"05/12/2021","28,370.05","28,810.93","28,909.08","28,427.88","","-1.19%"
"05/11/2021","28,712.15","28,769.29","28,949.48","28,501.27","","0.15%"
"05/10/2021","28,668.79","28,720.11","28,948.88","28,670.05","","0.26%"
"05/07/2021","28,593.35","28,445.36","28,886.97","28,408.21","","0.88%"
"05/06/2021","28,343.90","28,000.05","28,491.45","27,918.72","","1.58%"
"05/05/2021","27,902.94","27,875.10","28,023.46","27,728.87","","0.44%"
"05/04/2021","27,780.01","28,078.15","28,196.24","27,749.17","","-0.72%"
"05/03/2021","27,981.86","27,694.66","28,160.23","27,654.19","","1.36%"
"04/30/2021","27,607.69","27,750.57","27,780.56","27,620.05","","-0.16%"
"04/29/2021","27,651.14","27,900.81","28,038.09","27,502.03","","-0.56%"
"04/28/2021","27,805.69","27,846.60","27,919.47","27,620.46","","0.17%"
"04/27/2021","27,757.16","27,949.57","28,042.36","27,795.42","","-0.54%"
"04/26/2021","27,908.43","27,919.71","28,035.17","27,733.32","","0.23%"
"04/23/2021","27,845.43","28,012.67","28,198.15","27,789.87","","-0.34%"
"04/22/2021","27,940.08","28,123.80","28,219.16","27,878.31","","-0.31%"
"04/21/2021","28,026.00","27,937.25","28,192.36","27,851.89","","0.51%"
"04/20/2021","27,885.04","27,802.15","27,966.93","27,616.02","","0.54%"
"04/19/2021","27,734.80","27,883.92","28,136.07","27,690.61","","-0.09%"
"04/16/2021","27,758.72","27,653.20","27,974.32","27,593.45","","0.74%"
"04/15/2021","27,555.53","27,210.12","27,752.22","27,173.46","","1.62%"
"04/14/2021","27,117.26","27,384.49","27,497.73","27,142.52","","-0.63%"
"04/13/2021","27,288.90","27,188.72","27,486.81","27,008.06","","0.71%"
"04/12/2021","27,095.67","27,392.85","27,423.72","27,099.14","","-0.74%"
"04/09/2021","27,296.79","27,595.40","27,610.67","27,195.46","","-0.69%"
"04/08/2021","27,486.28","27,281.06","27,686.44","27,207.98","","1.10%"
"04/07/2021","27,187.02","27,392.96","27,423.36","27,169.23","","-0.40%"
"04/06/2021","27,296.79","27,149.96","27,439.67","27,126.22","","0.91%"
"04/05/2021","27,050.93","27,158.61","27,251.59","27,006.98","","-0.15%"
"04/02/2021","27,090.92","27,177.51","27,218.36","27,157.50","","0.06%"
"04/01/2021","27,075.98","26,837.35","27,190.87","26,804.96","","1.18%"
"03/31/2021","26,761.30","26,490.34","26,959.85","26,366.24","","1.38%"
"03/30/2021","26,395.96","26,881.43","26,955.81","26,344.15","","-1.44%"
"03/29/2021","26,781.69","27,209.86","27,235.75","26,773.80","","-1.32%"
"03/26/2021","27,138.72","27,122.73","27,279.68","27,031.94","","0.29%"
"03/25/2021","27,059.90","27,332.03","27,453.59","27,041.59","","-0.68%"
"03/24/2021","27,244.12","27,226.37","27,429.32","27,176.18","","0.38%"
"03/23/2021","27,141.99","27,352.52","27,511.60","27,185.44","","-0.43%"
"03/22/2021","27,259.05","27,467.13","27,489.67","27,110.38","","-0.03%"
"03/19/2021","27,267.94","27,228.50","27,391.11","27,095.70","","0.48%"
"03/18/2021","27,136.65","27,414.68","27,617.75","26,977.11","","-0.67%"
"03/17/2021","27,320.28","27,168.44","27,521.03","27,086.19","","0.91%"
"03/16/2021","27,073.80","27,205.74","27,372.04","27,089.60","","-0.15%"
"03/15/2021","27,114.53","27,058.67","27,299.34","26,959.61","","0.36%"
"03/12/2021","27,018.27","27,044.76","27,136.24","26,672.07","","0.24%"
"03/11/2021","26,952.55","27,161.72","27,445.43","26,959.93","","-0.44%"
"03/10/2021","27,070.57","26,990.27","27,207.09","26,849.64","","0.63%"
"03/09/2021","26,901.10","26,482.97","27,079.22","26,423.29","","1.95%"
"03/08/2021","26,385.73","26,733.93","26,916.89","26,374.60","","-0.87%"
"03/05/2021","26,618.46","26,648.31","26,803.24","26,479.41","","0.26%"
"03/04/2021","26,549.44","26,808.65","27,072.55","26,534.53","","-0.64%"
"03/03/2021","26,720.21","27,251.80","27,296.64","26,669.43","","-1.63%"
"03/02/2021","27,162.11","27,132.31","27,304.52","26,853.97","","0.45%"
"03/01/2021","27,040.26","27,277.14","27,658.29","27,048.08","","-0.33%"
"02/26/2021","27,129.12","27,787.39","27,884.88","26,960.93","","-2.06%"
"02/25/2021","27,698.56","28,302.36","28,313.39","27,717.50","","-1.80%"
"02/24/2021","28,206.64","28,311.77","28,472.74","27,944.27","","-0.02%"
"02/23/2021","28,211.99","28,377.30","28,521.20","28,157.88","","-0.24%"
"02/22/2021","28,280.77","27,936.71","28,424.03","27,908.77","","1.78%"
"02/19/2021","27,786.21","27,808.12","28,058.13","27,563.68","","0.28%"
"02/18/2021","27,709.15","27,764.15","28,049.17","27,668.04","","0.18%"
"02/17/2021","27,660.58","28,031.60","28,131.54","27,662.88","","-0.98%"
"02/16/2021","27,933.98","28,418.20","28,655.79","27,930.47","","-1.34%"
"02/15/2021","28,314.25","28,400.10","28,619.60","28,273.17","","-0.27%"
"02/12/2021","28,391.27","28,535.02","28,597.04","28,295.49","","-0.15%"
"02/11/2021","28,435.30","28,867.61","28,975.07","28,456.48","","-1.16%"
"02/10/2021","28,768.82","28,789.96","29,035.71","28,654.74","","0.31%"
"02/09/2021","28,681.03","28,667.01","28,956.11","28,631.23","","0.39%"
"02/08/2021","28,570.36","28,439.88","28,801.03","28,247.01","","0.84%"
"02/05/2021","28,333.67","28,150.16","28,482.47","28,115.81","","1.02%"
"02/04/2021","28,047.06","28,832.15","28,848.27","27,925.63","","-2.43%"
"02/03/2021","28,744.42","28,919.31","29,035.58","28,742.85","","-0.34%"
"02/02/2021","28,842.31","29,269.24","29,324.84","28,745.90","","-1.11%"
"02/01/2021","29,166.41","29,354.62","29,500.29","29,127.56","","0.89%"
"01/29/2021","28,909.77","28,953.02","29,472.47","28,899.59","","0.20%"
"01/28/2021","28,851.83","28,964.95","29,287.47","28,809.27","","-0.07%"
"01/27/2021","28,870.62","29,113.04","29,224.48","28,786.98","","-0.50%"
"01/26/2021","29,014.38","29,156.15","29,332.86","29,046.05","","-0.14%"
"01/25/2021","29,056.40","29,169.65","29,444.46","29,021.03","","0.03%"
"01/22/2021","29,047.98","29,412.84","29,433.54","28,897.46","","-0.88%"
"01/21/2021","29,307.33","29,471.30","29,547.64","29,205.36","","-0.32%"
"01/20/2021","29,400.64","28,911.22","29,476.74","28,824.70","","2.05%"
"01/19/2021","28,809.55","28,858.14","29,062.53","28,795.46","","0.22%"
"01/18/2021","28,747.33","28,732.66","28,917.05","28,442.42","","0.82%"
"01/15/2021","28,513.07","28,909.89","29,078.38","28,551.50","","-1.04%"
"01/14/2021","28,813.01","28,895.19","29,121.00","28,708.10","","0.06%"
"01/13/2021","28,796.27","29,057.27","29,239.58","28,865.56","","-0.58%"
"01/12/2021","28,964.01","28,840.34","29,280.04","28,783.06","","0.76%"
"01/11/2021","28,746.34","28,905.27","29,147.49","28,401.89","","-0.62%"
"01/08/2021","28,926.05","30,046.00","30,110.36","28,711.32","","-3.37%"
"01/07/2021","29,935.58","30,126.45","30,269.24","29,937.81","","-0.25%"
"01/06/2021","30,011.85","30,616.55","30,792.06","29,825.60","","-1.63%"
"01/05/2021","30,508.88","30,581.20","30,681.25","30,378.86","","0.12%"
"01/04/2021","30,473.76","29,913.01","30,605.28","29,902.20","","2.33%"
"01/01/2021","29,781.19","29,873.53","29,892.19","29,872.17","","0.00%"
"12/31/2020","29,781.03","29,801.54","29,925.87","29,642.71","","0.29%"
"12/30/2020","29,696.20","29,555.63","29,808.63","29,448.07","","0.85%"
"12/29/2020","29,446.33","29,450.60","29,710.10","29,435.19","","0.40%"
"12/28/2020","29,330.32","29,535.86","29,904.87","29,326.50","","-0.03%"
"12/25/2020","29,337.90","29,337.90","29,337.90","29,337.90","","0.00%"
"12/24/2020","29,337.90","29,406.52","29,588.47","29,353.91","","0.12%"
"12/23/2020","29,303.43","29,152.26","29,549.25","29,136.34","","0.88%"
"12/22/2020","29,048.36","29,394.58","29,567.42","29,126.33","","-0.82%"
"12/21/2020","29,289.69","29,415.58","29,894.72","29,086.54","","-0.55%"
"12/18/2020","29,451.14","29,621.47","29,689.96","29,487.31","","-0.23%"
"12/17/2020","29,520.51","29,264.38","29,802.27","29,212.14","","1.24%"
"12/16/2020","29,157.50","29,118.60","29,334.23","28,944.15","","0.48%"
"12/15/2020","29,019.39","28,759.28","29,227.82","28,730.09","","1.18%"
"12/14/2020","28,680.32","29,588.82","29,591.75","28,606.65","","-0.41%"
"12/11/2020","28,799.17","28,855.13","29,030.32","28,658.75","","0.15%"
"12/10/2020","28,754.74","28,874.57","29,119.42","28,688.88","","-0.04%"
"12/09/2020","28,764.93","29,327.86","29,393.37","28,645.40","","-1.55%"
"12/08/2020","29,218.72","29,203.00","29,435.59","29,143.65","","0.39%"
"12/07/2020","29,104.47","28,856.53","29,330.13","28,566.36","","1.40%"
"12/04/2020","28,703.47","28,849.19","28,962.23","28,665.07","","-0.15%"
"12/03/2020","28,746.89","28,666.67","28,979.29","28,575.92","","0.63%"
"12/02/2020","28,567.70","28,425.82","28,763.45","28,297.59","","0.85%"
"12/01/2020","28,327.31","27,821.34","28,463.98","27,795.72","","2.14%"
"11/30/2020","27,732.57","27,998.69","28,031.22","27,617.50","","-0.52%"
"11/27/2020","27,876.93","28,325.57","28,368.09","27,744.23","","-1.24%"
"11/26/2020","28,226.78","28,309.62","28,528.38","28,269.96","","0.06%"
"11/25/2020","28,210.24","28,290.62","28,510.32","28,180.35","","0.09%"
"11/24/2020","28,185.92","28,747.20","28,766.11","28,176.51","","-1.61%"
"11/23/2020","28,646.91","29,148.56","29,351.01","28,634.61","","-1.51%"
"11/20/2020","29,086.05","29,113.44","29,327.79","29,026.25","","0.26%"
"11/19/2020","29,011.48","29,245.59","29,277.21","28,877.21","","-0.45%"
"11/18/2020","29,144.08","29,383.22","29,487.33","29,109.52","","-0.47%"
"11/17/2020","29,280.39","29,539.36","29,725.46","29,333.94","","-0.61%"
"11/16/2020","29,459.10","29,483.34","29,687.96","29,187.00","","0.08%"
"11/13/2020","29,434.54","29,358.68","29,671.54","29,305.65","","0.62%"
"11/12/2020","29,254.48","29,193.77","29,463.83","29,094.86","","0.57%"
"11/11/2020","29,089.16","29,377.73","29,515.54","29,010.01","","-0.61%"
"11/10/2020","29,268.72","29,185.63","29,619.38","29,138.85","","0.62%"
"11/09/2020","29,087.06","30,566.70","30,810.80","28,995.11","","-4.70%"
"11/06/2020","30,521.62","30,573.05","30,764.44","30,366.38","","0.13%"
"11/05/2020","30,480.64","29,951.50","30,641.89","29,895.17","","2.22%"
"11/04/2020","29,818.60","30,001.25","30,142.77","29,584.31","","-0.25%"
"11/03/2020","29,893.22","29,826.89","30,069.77","29,631.45","","0.46%"
"11/02/2020","29,755.97","29,484.61","29,849.07","29,400.14","","1.22%"
"10/30/2020","29,398.37","29,325.63","29,670.75","29,274.80","","0.59%"
"10/29/2020","29,224.65","29,477.39","29,601.13","29,196.86","","-0.48%"
"10/28/2020","29,367.07","29,971.32","30,022.23","29,352.67","","-1.74%"
"10/27/2020","29,888.33","29,862.91","30,040.16","29,776.28","","0.42%"
"10/26/2020","29,763.16","29,885.88","30,006.25","29,706.00","","-0.03%"
"10/23/2020","29,771.07","29,913.12","30,073.60","29,763.25","","-0.14%"
"10/22/2020","29,811.79","30,216.25","30,246.29","29,731.86","","-1.00%"
"10/21/2020","30,113.73","29,933.91","30,344.64","29,928.08","","0.94%"
"10/20/2020","29,832.84","29,895.63","30,197.97","29,726.97","","0.13%"
"10/19/2020","29,794.31","29,819.67","30,161.70","29,774.81","","0.26%"
"10/16/2020","29,717.63","29,965.15","30,050.69","29,792.28","","-0.49%"
"10/15/2020","29,864.74","29,844.16","29,974.72","29,544.54","","0.38%"
"10/14/2020","29,753.15","29,672.64","30,039.32","29,535.50","","0.61%"
"10/13/2020","29,573.05","30,185.51","30,233.95","29,581.83","","-1.66%"
"10/12/2020","30,071.32","30,197.87","30,350.65","30,015.98","","-0.45%"
"10/09/2020","30,207.98","29,749.97","30,333.38","29,737.93","","1.88%"
"10/08/2020","29,650.33","29,644.12","29,860.42","29,564.13","","0.35%"
"10/07/2020","29,545.57","29,527.50","29,875.16","29,443.49","","0.43%"
"10/06/2020","29,418.07","30,099.34","30,242.89","29,468.33","","-1.92%"
"10/05/2020","29,994.38","29,865.27","30,181.88","29,630.87","","0.64%"
"10/02/2020","29,804.80","30,019.55","30,197.19","29,760.83","","-0.37%"
"10/01/2020","29,915.79","29,729.68","30,115.39","29,708.20","","0.86%"
"09/30/2020","29,659.90","29,908.68","29,991.20","29,610.94","","-0.49%"
"09/29/2020","29,806.26","29,652.50","29,932.11","29,555.86","","0.91%"
"09/28/2020","29,538.33","29,349.45","29,683.45","29,112.94","","0.77%"
"09/25/2020","29,311.29","29,463.38","29,582.56","29,224.70","","-0.33%"
"09/24/2020","29,407.70","29,350.89","29,614.34","29,106.80","","0.55%"
"09/23/2020","29,248.16","29,972.29","30,029.47","29,228.34","","-2.24%"
"09/22/2020","29,919.74","30,087.66","30,278.23","29,817.11","","-0.20%"
"09/21/2020","29,978.44","30,685.87","30,786.22","29,622.96","","-2.13%"
"09/18/2020","30,630.11","30,642.42","30,892.83","30,601.55","","0.29%"
"09/17/2020","30,540.13","30,881.58","30,944.50","30,348.58","","-0.77%"
"09/16/2020","30,777.70","30,820.15","31,241.06","30,729.00","","0.28%"
"09/15/2020","30,692.30","30,853.05","31,124.67","30,689.33","","-0.18%"
"09/14/2020","30,747.27","30,522.96","30,943.51","30,466.53","","0.90%"
"09/11/2020","30,472.53","30,675.52","30,857.40","30,533.81","","-0.33%"
"09/10/2020","30,572.49","30,717.61","31,089.65","30,551.32","","-0.12%"
"09/09/2020","30,610.42","30,520.02","30,790.04","30,262.84","","0.64%"
"09/08/2020","30,416.09","30,494.86","30,665.30","30,065.13","","0.12%"
"09/07/2020","30,378.95","30,465.40","30,645.81","30,318.82","","-0.31%"
"09/04/2020","30,473.10","30,522.72","30,707.00","30,302.50","","0.17%"
"09/03/2020","30,421.39","30,813.39","30,945.98","30,319.48","","-0.94%"
"09/02/2020","30,709.23","31,271.15","31,334.54","30,638.99","","-1.46%"
"09/01/2020","31,165.23","31,229.76","31,641.86","31,144.04","","0.13%"
"08/31/2020","31,123.94","31,131.88","31,345.17","30,946.00","","0.15%"
"08/28/2020","31,078.58","30,623.96","31,325.96","30,529.16","","1.82%"
"08/27/2020","30,521.95","31,005.96","31,368.73","30,253.95","","-1.22%"
"08/26/2020","30,899.54","30,658.16","31,025.59","30,134.58","","1.13%"
"08/25/2020","30,555.59","30,648.26","30,829.65","30,387.46","","0.04%"
"08/24/2020","30,544.50","30,838.87","31,201.48","30,572.50","","-0.82%"
"08/21/2020","30,798.06","31,015.67","31,160.42","30,452.66","","-0.35%"
"08/20/2020","30,906.09","30,730.02","31,150.26","30,667.23","","0.91%"
"08/19/2020","30,627.37","31,915.03","31,986.43","30,662.43","","-3.70%"
"08/18/2020","31,802.72","31,616.16","32,149.24","31,507.04","","0.84%"
"08/17/2020","31,538.46","30,992.05","31,701.12","30,716.62","","2.18%"
"08/14/2020","30,865.50","31,123.36","31,268.16","30,787.21","","-0.46%"
"08/13/2020","31,007.13","30,613.99","31,325.22","30,534.60","","1.64%"
"08/12/2020","30,507.51","30,552.10","31,184.82","29,791.54","","0.19%"
"08/11/2020","30,450.38","32,410.97","32,484.59","30,388.97","","-5.82%"
"08/10/2020","32,330.97","32,562.39","32,771.88","32,280.31","","-0.12%"
"08/07/2020","32,370.72","32,947.65","33,112.41","32,169.79","","-1.43%"
"08/06/2020","32,838.93","32,597.27","33,082.30","32,539.33","","0.98%"
"08/05/2020","32,520.78","32,289.19","32,880.62","32,136.32","","1.05%"
"08/04/2020","32,181.31","31,573.48","32,297.87","31,420.11","","2.27%"
"08/03/2020","31,467.50","31,636.29","31,705.02","31,307.71","","0.08%"
"07/31/2020","31,442.04","31,243.81","31,627.89","31,224.10","","0.98%"
"07/30/2020","31,138.13","31,469.48","31,490.84","30,976.56","","-0.71%"
"07/29/2020","31,362.15","31,304.28","31,633.45","31,061.24","","0.40%"
"07/28/2020","31,236.44","31,056.20","31,679.74","30,493.69","","0.91%"
"07/27/2020","30,954.28","30,361.99","31,130.69","30,357.68","","2.15%"
"07/24/2020","30,301.54","30,180.92","30,485.59","30,086.24","","0.75%"
"07/23/2020","30,076.69","29,934.14","30,355.45","29,786.22","","0.82%"
"07/22/2020","29,832.36","29,429.84","29,938.36","29,398.53","","1.72%"
"07/21/2020","29,328.75","29,030.38","29,507.53","28,986.69","","1.38%"
"07/20/2020","28,930.34","28,930.69","29,118.26","28,852.62","","0.47%"
"07/17/2020","28,793.79","28,676.99","28,910.96","28,641.03","","0.73%"
"07/16/2020","28,585.99","28,911.23","28,976.42","28,649.79","","-0.79%"
"07/15/2020","28,814.33","28,859.72","29,034.26","28,750.29","","0.11%"
"07/14/2020","28,782.61","28,789.54","28,940.34","28,552.60","","0.31%"
"07/13/2020","28,694.34","28,075.78","28,988.49","28,075.78","","0.10%"
"07/10/2020","28,665.09","28,837.90","28,954.05","28,690.62","","-0.27%"
"07/09/2020","28,743.49","28,979.96","29,254.67","28,715.23","","-0.49%"
"07/08/2020","28,884.72","28,776.86","29,122.87","28,675.43","","0.68%"
"07/07/2020","28,688.87","28,659.17","28,815.47","28,374.98","","0.43%"
"07/06/2020","28,564.91","28,600.76","28,714.57","28,430.90","","0.15%"
"07/03/2020","28,520.83","28,625.36","28,665.83","28,572.40","","-0.03%"
"07/02/2020","28,529.25","28,548.61","28,690.97","28,342.57","","0.24%"
"07/01/2020","28,461.98","28,767.23","28,937.08","28,368.25","","-0.75%"
"06/30/2020","28,677.25","28,642.12","28,853.21","28,447.40","","0.50%"
"06/29/2020","28,535.66","28,734.70","28,766.62","28,492.83","","0.04%"
"06/26/2020","28,525.02","28,498.10","28,637.47","28,242.32","","0.36%"
"06/25/2020","28,422.56","28,508.79","28,651.91","28,376.90","","-0.05%"
"06/24/2020","28,437.50","28,602.53","28,834.08","28,420.12","","-0.18%"
"06/23/2020","28,489.12","28,402.99","28,641.12","28,256.03","","0.67%"
"06/22/2020","28,300.35","28,321.43","28,549.51","28,121.59","","0.67%"
"06/19/2020","28,112.08","27,877.15","28,239.96","27,848.69","","1.23%"
"06/18/2020","27,770.39","27,939.00","28,159.47","27,782.08","","-0.27%"
"06/17/2020","27,845.19","27,942.18","28,017.21","27,695.70","","0.02%"
"06/16/2020","27,840.50","27,929.66","28,096.62","27,771.89","","-0.01%"
"06/15/2020","27,844.47","28,076.58","28,112.34","27,580.25","","-0.20%"
"06/12/2020","27,901.14","27,948.79","28,204.36","27,871.24","","0.16%"
"06/11/2020","27,855.92","28,151.29","28,232.85","27,823.06","","-0.71%"
"06/10/2020","28,055.57","27,761.13","28,171.60","27,659.51","","1.44%"
"06/09/2020","27,657.27","27,517.18","27,863.70","27,382.14","","0.88%"
"06/08/2020","27,416.62","27,325.01","27,600.08","27,211.84","","0.27%"
"06/05/2020","27,342.86","27,843.50","27,883.87","27,128.60","","-1.65%"
"06/04/2020","27,802.92","27,313.30","27,954.84","27,277.44","","2.16%"
"06/03/2020","27,216.19","27,653.54","27,794.26","27,167.90","","-1.40%"
"06/02/2020","27,601.25","27,714.16","27,932.96","27,377.43","","-0.07%"
"06/01/2020","27,620.98","27,650.06","27,812.93","27,442.82","","1.14%"
"05/29/2020","27,309.02","27,220.04","27,525.37","27,126.50","","0.67%"
"05/28/2020","27,127.88","27,076.77","27,364.03","27,037.25","","0.53%"
"05/27/2020","26,983.56","27,132.91","27,221.69","26,830.20","","-0.21%"
"05/26/2020","27,040.86","27,419.18","27,534.10","27,093.70","","-1.09%"
"05/25/2020","27,338.53","27,510.93","27,533.20","27,302.35","","-0.27%"
"05/22/2020","27,413.91","27,388.88","27,597.52","27,336.36","","0.42%"
"05/21/2020","27,300.55","27,654.29","27,716.61","27,233.25","","-0.90%"
"05/20/2020","27,549.01","27,549.27","27,815.52","27,504.21","","0.38%"
"05/19/2020","27,443.90","27,355.19","27,612.91","27,225.00","","0.68%"
"05/18/2020","27,257.85","26,819.12","27,961.28","26,819.12","","-0.24%"
"05/15/2020","27,322.21","27,236.43","27,578.50","27,197.61","","0.67%"
"05/14/2020","27,140.41","27,035.16","27,346.87","26,929.34","","0.77%"
"05/13/2020","26,933.21","26,818.43","27,091.41","26,740.30","","0.79%"
"05/12/2020","26,721.33","26,727.73","26,987.54","26,667.42","","0.37%"
"05/11/2020","26,623.99","26,816.67","27,001.16","26,642.69","","-0.32%"
"05/08/2020","26,708.60","27,030.24","27,151.65","26,791.69","","-0.83%"
"05/07/2020","26,932.16","26,547.71","27,138.26","26,496.95","","1.83%"
"05/06/2020","26,447.95","26,850.53","26,989.72","26,495.97","","-1.15%"
"05/05/2020","26,754.89","26,843.63","26,985.89","26,640.41","","0.18%"
"05/04/2020","26,707.27","26,759.35","27,026.53","26,646.61","","0.12%"
"05/01/2020","26,676.11","26,572.28","26,877.94","26,303.56","","0.79%"
"04/30/2020","26,467.81","26,978.92","27,183.71","26,470.15","","-1.54%"
"04/29/2020","26,880.70","26,903.35","27,066.87","26,736.38","","0.27%"
"04/28/2020","26,808.17","27,002.45","27,071.00","26,643.14","","-0.39%"
"04/27/2020","26,912.63","27,186.92","27,254.37","26,864.45","","-1.28%"
"04/24/2020","27,262.81","27,348.27","27,434.27","27,004.31","","-0.09%"
"04/23/2020","27,287.57","27,013.83","27,461.82","26,873.78","","1.41%"
"04/22/2020","26,907.84","26,560.92","27,084.48","26,461.51","","1.67%"
"04/21/2020","26,464.74","26,712.30","26,821.46","26,172.22","","-0.54%"
"04/20/2020","26,608.93","26,653.04","26,829.62","26,326.05","","0.63%"
"04/17/2020","26,441.78","27,051.55","27,083.71","26,450.16","","-1.88%"
"04/16/2020","26,948.51","27,099.31","27,445.38","26,899.22","","-0.40%"
"04/15/2020","27,057.36","27,272.11","27,346.04","26,869.41","","-0.64%"
"04/14/2020","27,230.73","26,978.43","27,592.02","26,884.22","","1.27%"
"04/13/2020","26,888.92","26,549.88","27,151.18","26,379.25","","1.28%"
"04/10/2020","26,549.51","26,575.07","26,795.07","26,455.69","","0.02%"
"04/09/2020","26,544.54","25,915.63","26,695.06","25,878.87","","2.79%"
"04/08/2020","25,824.15","26,016.00","26,159.41","25,860.60","","-0.55%"
"04/07/2020","25,967.24","26,172.64","26,358.52","25,859.84","","-0.39%"
"04/06/2020","26,069.14","25,160.73","26,302.18","25,160.73","","2.66%"
"04/03/2020","25,393.29","25,415.60","25,610.66","25,250.54","","0.29%"
"04/02/2020","25,320.36","25,063.60","25,533.18","24,870.08","","1.44%"
"04/01/2020","24,960.46","24,829.39","25,286.20","24,652.75","","1.24%"
"03/31/2020","24,654.48","25,596.54","25,778.73","24,739.99","","-3.47%"
"03/30/2020","25,541.89","25,546.80","25,803.62","25,337.52","","0.16%"
"03/27/2020","25,499.99","25,687.07","25,826.82","25,392.72","","-0.29%"
"03/26/2020","25,575.14","25,473.18","25,944.96","25,134.67","","0.86%"
"03/25/2020","25,357.93","25,638.10","25,878.41","24,998.58","","-0.04%"
"03/24/2020","25,367.79","24,473.55","25,810.24","24,466.28","","4.02%"
"03/23/2020","24,387.20","23,753.40","24,593.34","23,375.70","","3.70%"
"03/20/2020","23,517.97","23,168.31","23,881.00","22,999.67","","1.80%"
"03/19/2020","23,101.92","23,409.28","23,641.62","23,060.91","","-0.98%"
"03/18/2020","23,330.36","24,077.75","24,353.05","23,197.55","","-2.77%"
"03/17/2020","23,995.93","23,851.05","24,463.79","23,086.61","","0.95%"
"03/16/2020","23,769.87","24,588.93","24,774.71","22,865.10","","-0.68%"
"03/13/2020","23,933.70","24,762.89","25,084.19","23,657.81","","-3.01%"
"03/12/2020","24,677.12","25,669.54","25,912.36","24,507.84","","-3.53%"
"03/11/2020","25,579.93","25,929.00","26,349.86","25,637.74","","-1.00%"
"03/10/2020","25,838.89","26,378.92","26,388.74","25,814.62","","-1.72%"
"03/09/2020","26,290.04","26,551.26","26,685.36","25,967.59","","0.75%"
"03/06/2020","26,095.32","26,153.14","26,464.54","25,776.66","","0.11%"
"03/05/2020","26,066.40","25,616.33","26,192.21","25,547.97","","2.11%"
"03/04/2020","25,528.39","25,676.11","25,871.71","25,512.91","","-0.24%"
"03/03/2020","25,589.23","24,861.91","25,815.48","24,834.19","","3.28%"
"03/02/2020","24,777.42","24,868.92","25,302.55","24,690.74","","0.26%"
"02/28/2020","24,714.02","25,713.71","25,785.59","24,478.32","","-3.63%"
"02/27/2020","25,643.64","25,596.89","25,944.87","25,557.25","","0.53%"
"02/26/2020","25,509.62","25,475.80","25,872.22","25,371.32","","0.36%"
"02/25/2020","25,417.87","25,817.11","25,875.33","25,389.54","","-1.22%"
"02/24/2020","25,730.55","25,814.76","26,318.46","25,710.92","","0.95%"
"02/21/2020","25,487.83","25,218.75","25,660.83","25,190.80","","1.42%"
"02/20/2020","25,131.62","25,139.80","25,369.73","24,962.83","","0.24%"
"02/19/2020","25,071.48","24,990.72","25,268.39","24,941.61","","0.63%"
"02/18/2020","24,914.59","24,765.10","25,053.07","24,719.04","","1.10%"
"02/17/2020","24,644.67","24,776.80","24,870.91","24,638.01","","-0.60%"
"02/14/2020","24,794.61","24,742.44","24,885.31","24,698.05","","0.53%"
"02/13/2020","24,663.31","24,632.33","24,902.87","24,583.59","","0.46%"
"02/12/2020","24,549.71","24,646.70","24,755.34","24,488.29","","-0.06%"
"02/11/2020","24,563.82","24,727.27","24,792.82","24,541.28","","-0.33%"
"02/10/2020","24,645.20","24,716.39","24,935.12","24,630.23","","-0.20%"
"02/07/2020","24,694.62","24,691.13","24,827.60","24,623.33","","0.35%"
"02/06/2020","24,608.30","24,554.49","24,869.86","24,471.50","","0.56%"
"02/05/2020","24,471.48","24,535.29","24,706.58","24,380.01","","0.08%"
"02/04/2020","24,452.82","24,960.84","25,004.64","24,476.44","","-1.89%"
"02/03/2020","24,924.39","25,109.30","25,135.25","24,825.45","","-0.46%"
"01/31/2020","25,039.58","24,875.23","25,125.30","24,819.30","","1.00%"
"01/30/2020","24,790.74","24,917.49","25,087.22","24,838.06","","-0.16%"
"01/29/2020","24,829.84","24,767.39","24,943.58","24,698.82","","0.60%"
"01/28/2020","24,682.77","24,977.37","25,032.88","24,737.22","","-0.86%"
"01/27/2020","24,895.64","24,966.39","25,075.81","24,825.63","","0.66%"
"01/24/2020","24,733.25","24,646.24","24,900.99","24,544.74","","0.69%"
"01/23/2020","24,563.44","24,629.37","24,741.54","24,442.92","","0.07%"
"01/22/2020","24,546.61","24,612.63","24,703.23","24,457.02","","-0.05%"
"01/21/2020","24,558.45","24,639.53","24,852.63","24,396.44","","-0.30%"
"01/20/2020","24,632.37","24,663.63","24,762.11","24,535.49","","0.31%"
"01/17/2020","24,556.85","24,576.25","24,717.73","24,526.39","","0.25%"
"01/16/2020","24,494.66","24,682.54","24,720.69","24,468.69","","-0.50%"
"01/15/2020","24,616.71","24,556.21","24,742.91","24,456.34","","0.58%"
"01/14/2020","24,474.92","24,658.38","24,674.79","24,399.73","","-0.42%"
"01/13/2020","24,576.92","24,918.54","24,918.70","24,557.17","","-1.36%"
"01/10/2020","24,914.54","24,830.41","25,004.48","24,720.62","","0.62%"
"01/09/2020","24,759.82","24,950.87","25,033.60","24,644.61","","-0.42%"
"01/08/2020","24,863.12","25,308.49","25,899.25","24,882.35","","-1.60%"
"01/07/2020","25,267.52","25,170.24","25,358.84","25,001.24","","0.55%"
"01/06/2020","25,129.89","24,909.53","25,411.55","24,909.53","","1.30%"
"01/03/2020","24,806.93","24,527.58","24,921.38","24,509.13","","1.47%"
"01/02/2020","24,448.59","24,336.46","24,580.91","24,310.46","","0.80%"
"01/01/2020","24,255.07","24,352.61","24,352.61","24,337.43","","-0.07%"
"12/31/2019","24,272.16","24,318.08","24,542.82","24,309.52","","0.13%"
"12/30/2019","24,240.56","24,294.56","24,368.76","24,198.17","","0.31%"
"12/27/2019","24,166.67","24,237.37","24,306.30","24,171.30","","-0.03%"
"12/26/2019","24,174.56","24,088.11","24,271.02","24,059.87","","0.63%"
"12/25/2019","24,022.56","24,080.12","24,161.54","24,021.58","","0.11%"
"12/24/2019","23,995.95","23,857.46","24,091.93","23,830.12","","0.72%"
"12/23/2019","23,823.65","23,747.29","23,879.23","23,699.15","","0.65%"
"12/20/2019","23,669.36","23,732.65","23,770.49","23,681.35","","-0.06%"
"12/19/2019","23,683.34","23,689.96","23,782.00","23,549.75","","0.15%"
"12/18/2019","23,648.98","23,664.79","23,801.43","23,561.83","","0.27%"
"12/17/2019","23,586.32","23,675.82","23,794.11","23,582.45","","-0.04%"
"12/16/2019","23,594.84","23,720.28","23,864.50","23,595.89","","-0.50%"
"12/13/2019","23,712.23","23,692.05","23,828.91","23,575.16","","0.41%"
"12/12/2019","23,616.47","23,823.33","24,047.54","23,612.19","","-0.66%"
"12/11/2019","23,772.24","23,661.97","23,890.12","23,576.96","","0.59%"
"12/10/2019","23,633.08","23,562.62","23,799.44","23,532.00","","0.63%"
"12/09/2019","23,484.70","23,576.32","23,709.32","23,510.18","","-0.06%"
"12/06/2019","23,498.05","23,822.04","23,846.03","23,542.04","","-1.11%"
"12/05/2019","23,761.99","23,767.83","24,054.75","23,736.95","","0.30%"
"12/04/2019","23,690.07","23,816.18","23,978.08","23,720.72","","-0.21%"
"12/03/2019","23,740.65","23,544.65","23,916.01","23,501.09","","1.16%"
"12/02/2019","23,468.31","23,696.21","23,696.21","23,407.89","","-0.40%"
"11/29/2019","23,561.51","23,469.12","23,644.93","23,421.29","","0.55%"
"11/28/2019","23,431.53","23,440.92","23,575.29","23,417.07","","0.29%"
"11/27/2019","23,364.17","23,557.47","23,611.78","23,395.59","","-0.49%"
"11/26/2019","23,478.11","23,486.53","23,608.41","23,363.32","","0.10%"
"11/25/2019","23,454.80","23,557.51","23,598.15","23,421.51","","-0.11%"
"11/22/2019","23,480.36","23,593.11","23,734.88","23,540.50","","-0.15%"
"11/21/2019","23,515.77","23,692.77","23,803.78","23,547.81","","-0.43%"
"11/20/2019","23,617.61","23,708.87","23,913.64","23,600.69","","-0.06%"
"11/19/2019","23,631.46","23,732.48","23,872.99","23,547.75","","-0.12%"
"11/18/2019","23,660.11","23,607.32","23,791.52","23,442.16","","0.29%"
"11/15/2019","23,591.28","23,729.95","23,735.15","23,586.63","","-0.27%"
"11/14/2019","23,654.48","23,619.98","23,785.58","23,564.28","","0.49%"
"11/13/2019","23,538.06","23,493.92","23,709.63","23,474.82","","0.52%"
"11/12/2019","23,416.74","23,511.42","23,595.78","23,317.63","","-0.08%"
"11/11/2019","23,434.44","23,547.71","23,736.02","23,389.73","","-0.20%"
"11/08/2019","23,480.35","23,702.57","23,779.57","23,504.30","","-0.61%"
"11/07/2019","23,625.19","24,058.30","24,127.82","23,584.44","","-1.48%"
"11/06/2019","23,981.26","23,932.17","24,126.63","23,876.87","","0.53%"
"11/05/2019","23,854.84","24,329.07","24,359.21","23,866.74","","-1.70%"
"11/04/2019","24,268.10","24,402.47","24,533.05","24,242.37","","-0.39%"
"11/01/2019","24,362.27","24,419.27","24,465.12","24,263.47","","0.09%"
"10/31/2019","24,340.31","24,139.71","24,477.97","24,108.74","","1.09%"
"10/30/2019","24,078.74","23,997.09","24,284.01","23,906.75","","0.66%"
"10/29/2019","23,921.09","24,089.21","24,164.31","23,918.87","","-0.37%"
"10/28/2019","24,010.79","24,265.11","24,449.33","23,990.91","","-0.98%"
"10/25/2019","24,249.32","24,258.89","24,497.86","24,201.92","","0.29%"
"10/24/2019","24,179.70","24,157.04","24,452.93","23,975.92","","0.42%"
"10/23/2019","24,077.65","24,101.57","24,238.58","24,028.83","","0.23%"
"10/22/2019","24,023.13","24,046.49","24,160.02","23,932.81","","0.24%"
"10/21/2019","23,965.79","24,169.25","24,264.76","24,006.94","","-0.85%"
"10/18/2019","24,170.38","24,216.81","24,279.36","24,126.01","","0.14%"
"10/17/2019","24,135.71","24,181.10","24,330.35","24,046.67","","0.13%"
"10/16/2019","24,104.64","24,053.41","24,220.70","23,924.01","","0.54%"
"10/15/2019","23,975.20","24,279.44","24,330.25","23,958.06","","-0.94%"
"10/14/2019","24,203.07","24,142.52","24,345.78","24,044.01","","0.17%"
"10/11/2019","24,162.41","24,320.06","24,476.13","24,001.30","","-0.33%"
"10/10/2019","24,241.29","24,538.05","24,732.44","24,219.54","","-0.90%"
"10/09/2019","24,460.68","24,524.62","24,665.63","24,415.37","","0.06%"
"10/08/2019","24,447.05","24,357.61","24,658.67","24,250.26","","0.69%"
"10/07/2019","24,278.62","24,542.57","24,622.18","24,300.86","","-0.74%"
"10/04/2019","24,460.73","24,548.20","24,647.15","24,418.46","","-0.03%"
"10/03/2019","24,468.86","24,500.03","24,799.81","24,345.62","","0.03%"
"10/02/2019","24,460.61","24,082.53","24,584.56","23,978.43","","1.90%"
"10/01/2019","24,004.41","23,969.55","24,244.59","23,686.25","","0.47%"
"09/30/2019","23,892.99","24,349.94","24,405.61","23,830.06","","-1.82%"
"09/27/2019","24,336.23","24,543.31","24,590.60","24,253.64","","-0.53%"
"09/26/2019","24,466.42","24,478.85","24,744.38","24,466.64","","0.21%"
"09/25/2019","24,416.19","24,983.66","25,085.29","24,437.60","","-1.95%"
"09/24/2019","24,902.35","24,819.60","25,049.73","24,713.28","","0.61%"
"09/23/2019","24,750.97","24,730.97","24,905.71","24,594.08","","0.37%"
"09/20/2019","24,658.62","24,448.70","24,746.21","24,430.77","","1.18%"
"09/19/2019","24,370.49","24,426.91","24,598.53","24,303.92","","0.08%"
"09/18/2019","24,351.14","24,517.07","24,708.95","24,269.26","","-0.36%"
"09/17/2019","24,437.91","24,483.05","24,733.25","24,370.40","","-0.05%"
"09/16/2019","24,448.99","24,572.19","24,807.92","24,409.56","","0.34%"
"09/13/2019","24,365.93","24,616.06","24,781.98","24,395.67","","-0.70%"
"09/12/2019","24,536.91","24,595.74","25,046.14","24,461.01","","0.07%"
"09/11/2019","24,520.16","24,452.92","24,666.61","24,362.55","","0.58%"
"09/10/2019","24,378.70","24,673.56","24,709.76","24,424.90","","-0.87%"
"09/09/2019","24,592.03","24,821.96","25,054.94","24,622.61","","-0.78%"
"09/06/2019","24,785.22","25,035.38","25,179.81","24,767.65","","-0.69%"
"09/05/2019","24,957.17","25,656.73","25,674.44","24,858.30","","-2.50%"
"09/04/2019","25,597.51","25,606.93","25,735.64","25,293.77","","0.28%"
"09/03/2019","25,527.15","25,330.19","25,673.29","25,196.28","","1.03%"
"09/02/2019","25,265.91","25,214.67","25,442.05","25,153.21","","0.73%"
"08/30/2019","25,082.75","25,283.45","25,378.62","25,083.09","","-0.48%"
"08/29/2019","25,203.75","25,487.51","25,660.70","25,147.75","","-0.77%"
"08/28/2019","25,400.47","25,521.21","25,646.20","25,349.08","","-0.28%"
"08/27/2019","25,471.09","25,292.11","25,567.99","25,251.54","","1.02%"
"08/26/2019","25,214.07","25,525.46","25,787.97","25,193.87","","-0.02%"
"08/23/2019","25,218.61","24,826.84","25,354.00","24,739.86","","1.99%"
"08/22/2019","24,727.14","24,945.28","25,013.70","24,738.71","","-0.51%"
"08/21/2019","24,854.79","25,012.07","25,054.58","24,800.03","","-0.31%"
"08/20/2019","24,930.92","24,824.07","25,080.90","24,777.97","","0.77%"
"08/19/2019","24,740.60","25,115.32","25,146.07","24,753.13","","-1.10%"
"08/16/2019","25,014.77","25,254.26","25,330.11","24,939.66","","-0.62%"
"08/15/2019","25,171.88","25,171.04","25,351.21","25,004.27","","0.13%"
"08/14/2019","25,138.39","24,902.19","25,303.39","24,759.65","","1.17%"
"08/13/2019","24,847.62","25,066.73","25,455.82","24,570.51","","-0.66%"
"08/12/2019","25,013.31","24,840.33","25,177.11","24,678.79","","1.26%"
"08/09/2019","24,702.15","24,864.07","24,986.58","24,737.20","","-0.35%"
"08/08/2019","24,788.43","24,867.39","25,008.61","24,651.30","","-0.09%"
"08/07/2019","24,811.70","24,408.38","25,021.73","24,373.57","","1.88%"
"08/06/2019","24,354.53","24,244.72","24,429.47","24,106.36","","0.77%"
"08/05/2019","24,169.03","23,857.18","24,371.78","23,797.20","","1.52%"
"08/02/2019","23,808.16","23,964.00","24,011.63","23,712.80","","-0.33%"
"08/01/2019","23,886.68","23,398.58","23,974.37","23,147.67","","2.41%"
"07/31/2019","23,324.57","23,696.01","23,788.57","23,359.04","","-1.33%"
"07/30/2019","23,639.33","23,671.87","23,744.97","23,538.93","","0.18%"
"07/29/2019","23,596.75","23,563.65","23,698.26","23,429.55","","0.59%"
"07/26/2019","23,458.02","23,469.88","23,637.95","23,453.65","","0.27%"
"07/25/2019","23,394.18","23,680.55","23,873.39","23,388.74","","-0.89%"
"07/24/2019","23,604.79","23,560.70","23,797.21","23,537.95","","0.50%"
"07/23/2019","23,486.57","23,684.02","23,754.16","23,505.53","","-0.49%"
"07/22/2019","23,603.30","23,674.17","23,803.54","23,625.08","","-0.04%"
"07/19/2019","23,612.66","24,033.29","24,148.30","23,607.07","","-1.45%"
"07/18/2019","23,960.22","23,691.93","24,071.68","23,485.42","","1.37%"
"07/17/2019","23,635.45","23,381.39","23,702.32","23,233.43","","1.31%"
"07/16/2019","23,330.62","23,488.46","23,578.35","23,291.23","","-0.42%"
"07/15/2019","23,427.99","23,537.57","23,632.84","23,365.09","","-0.11%"
"07/12/2019","23,453.18","23,287.02","23,552.05","23,284.31","","1.02%"
"07/11/2019","23,215.54","23,581.42","23,721.19","23,252.24","","-1.26%"
"07/10/2019","23,512.83","23,214.15","23,587.12","23,048.89","","1.55%"
"07/09/2019","23,154.92","23,178.64","23,259.79","22,991.97","","0.22%"
"07/08/2019","23,103.02","23,212.84","23,391.75","23,092.15","","-0.40%"
"07/05/2019","23,195.25","23,544.69","23,685.18","23,065.40","","-1.14%"
"07/04/2019","23,463.85","23,579.59","23,633.94","23,384.90","","-0.18%"
"07/03/2019","23,506.20","23,600.61","23,899.94","23,446.08","","-0.09%"
"07/02/2019","23,528.10","23,127.42","23,625.49","23,031.91","","2.04%"
"07/01/2019","23,058.36","23,260.28","23,343.18","23,053.60","","-1.73%"
"06/28/2019","23,464.01","23,537.37","23,784.90","23,483.86","","-0.07%"
"06/27/2019","23,481.60","23,539.42","23,579.41","23,356.85","","0.14%"
"06/26/2019","23,449.03","23,772.71","23,781.28","23,392.27","","-1.05%"
"06/25/2019","23,697.61","23,709.85","24,031.15","23,585.44","","0.29%"
"06/24/2019","23,629.01","23,349.30","23,734.06","23,329.63","","1.49%"
"06/21/2019","23,282.52","23,174.07","23,550.94","23,073.01","","0.78%"
"06/20/2019","23,102.81","22,774.71","23,254.16","22,727.19","","1.78%"
"06/19/2019","22,699.48","22,581.67","22,808.27","22,403.59","","0.84%"
"06/18/2019","22,511.06","22,453.63","22,738.19","22,420.57","","0.39%"
"06/17/2019","22,423.40","22,516.51","22,551.06","22,283.90","","0.04%"
"06/14/2019","22,413.62","22,499.49","22,766.79","22,422.92","","-0.05%"
"06/13/2019","22,424.82","22,311.16","22,515.50","22,279.11","","0.66%"
"06/12/2019","22,277.10","22,239.07","22,519.40","22,212.32","","0.49%"
"06/11/2019","22,168.49","22,231.58","22,286.63","22,061.55","","0.04%"
"06/10/2019","22,158.90","22,403.82","22,434.38","22,129.92","","-1.06%"
"06/07/2019","22,395.74","22,410.46","22,586.49","22,318.78","","0.29%"
"06/06/2019","22,331.87","22,321.62","22,486.76","22,271.45","","0.36%"
"06/05/2019","22,252.57","22,213.79","22,529.43","22,199.13","","0.31%"
"06/04/2019","22,184.27","22,210.86","22,280.97","22,121.47","","0.05%"
"06/03/2019","22,173.97","21,911.95","22,263.07","21,898.43","","1.59%"
"05/31/2019","21,826.29","21,625.20","21,881.04","21,612.61","","1.26%"
"05/30/2019","21,554.26","21,529.45","21,633.49","21,363.07","","0.43%"
"05/29/2019","21,461.28","21,547.89","21,663.87","21,503.99","","-0.07%"
"05/28/2019","21,475.42","21,629.94","21,667.82","21,440.47","","-0.43%"
"05/27/2019","21,568.01","21,693.07","21,734.18","21,570.11","","-0.29%"
"05/24/2019","21,631.15","21,646.16","21,681.43","21,597.24","","0.08%"
"05/23/2019","21,613.47","21,576.66","21,784.74","21,477.43","","0.49%"
"05/22/2019","21,508.65","21,697.37","21,854.81","21,537.45","","-0.56%"
"05/21/2019","21,629.79","21,749.02","21,802.17","21,597.76","","-0.24%"
"05/20/2019","21,680.79","21,783.22","21,815.64","21,652.62","","-0.08%"
"05/17/2019","21,698.95","21,934.84","21,981.59","21,724.50","","-0.83%"
"05/16/2019","21,881.66","22,147.05","22,252.25","21,893.28","","-0.88%"
"05/15/2019","22,075.82","22,140.32","22,302.10","22,024.15","","0.02%"
"05/14/2019","22,071.11","22,204.27","22,296.48","22,060.10","","-0.29%"
"05/13/2019","22,135.25","22,009.18","22,229.60","21,843.13","","0.62%"
"05/10/2019","21,999.18","21,987.52","22,081.25","21,969.90","","0.15%"
"05/09/2019","21,966.67","21,971.18","22,141.42","21,898.55","","0.08%"
"05/08/2019","21,948.58","22,030.91","22,210.42","21,947.64","","-0.06%"
"05/07/2019","21,962.34","21,955.28","22,122.48","21,893.39","","0.33%"
"05/06/2019","21,890.39","21,972.52","22,108.31","21,890.54","","-0.08%"
"05/03/2019","21,908.33","21,825.07","22,032.77","21,793.39","","0.68%"
"05/02/2019","21,760.07","21,920.27","21,946.37","21,714.94","","-0.42%"
"05/01/2019","21,851.88","22,039.35","22,104.30","21,860.18","","-0.54%"
"04/30/2019","21,970.95","21,983.67","22,262.07","21,947.41","","0.21%"
"04/29/2019","21,925.09","22,096.51","22,104.19","21,949.11","","-0.40%"
"04/26/2019","22,013.84","21,940.51","22,132.26","21,909.80","","0.64%"
"04/25/2019","21,873.13","21,913.11","22,038.66","21,876.10","","0.13%"
"04/24/2019","21,845.03","21,837.37","21,977.45","21,755.00","","0.20%"
"04/23/2019","21,801.47","21,890.48","22,009.33","21,708.59","","-0.10%"
"04/22/2019","21,822.61","21,864.54","22,077.11","21,832.35","","-0.20%"
"04/19/2019","21,866.42","21,936.82","21,936.82","21,936.82","","-0.03%"
"04/18/2019","21,872.80","21,983.66","22,110.62","21,843.92","","-0.19%"
"04/17/2019","21,915.21","22,097.45","22,248.64","21,943.11","","-0.56%"
"04/16/2019","22,037.57","22,338.37","22,383.14","21,999.10","","-1.19%"
"04/15/2019","22,301.88","22,362.65","22,414.52","22,202.23","","0.09%"
"04/12/2019","22,281.67","22,375.00","22,435.45","22,331.56","","-0.17%"
"04/11/2019","22,319.06","22,655.44","22,737.91","22,324.09","","-1.18%"
"04/10/2019","22,585.62","22,599.81","22,741.81","22,518.21","","0.25%"
"04/09/2019","22,530.10","22,472.46","22,662.65","22,434.39","","0.57%"
"04/08/2019","22,401.78","22,390.14","22,621.36","22,383.11","","0.50%"
"04/05/2019","22,289.56","22,369.99","22,405.22","22,233.77","","-0.05%"
"04/04/2019","22,300.96","22,357.29","22,512.49","22,166.49","","0.04%"
"04/03/2019","22,291.86","22,386.72","22,516.45","22,287.50","","-0.19%"
"04/02/2019","22,334.05","22,323.06","22,414.43","22,245.56","","0.16%"
"04/01/2019","22,298.29","22,381.37","22,507.50","22,271.22","","-0.12%"
"03/29/2019","22,324.03","22,364.37","22,529.22","22,299.79","","0.13%"
"03/28/2019","22,295.35","22,684.70","22,830.21","22,305.40","","-1.42%"
"03/27/2019","22,617.53","22,765.34","22,920.96","22,655.08","","-0.38%"
"03/26/2019","22,704.15","22,869.67","22,927.96","22,689.38","","-0.42%"
"03/25/2019","22,801.05","22,721.07","22,940.13","22,679.01","","0.84%"
"03/22/2019","22,612.10","22,593.45","22,693.80","22,548.97","","0.30%"
"03/21/2019","22,544.60","22,672.41","22,984.92","22,490.27","","-0.40%"
"03/20/2019","22,635.36","22,591.30","22,751.74","22,432.99","","0.51%"
"03/19/2019","22,520.79","22,567.75","22,825.45","22,523.16","","-0.01%"
"03/18/2019","22,523.44","22,597.32","22,797.69","22,493.20","","-0.23%"
"03/15/2019","22,574.61","22,554.98","22,738.17","22,512.45","","0.39%"
"03/14/2019","22,486.64","22,806.19","22,858.99","22,448.01","","-1.09%"
"03/13/2019","22,735.55","22,652.79","22,875.88","22,637.21","","0.59%"
"03/12/2019","22,602.02","22,546.42","22,749.41","22,503.58","","0.56%"
"03/11/2019","22,476.51","22,652.06","22,771.53","22,459.60","","-0.37%"
"03/08/2019","22,559.41","22,397.17","22,660.82","22,387.89","","0.98%"
"03/07/2019","22,340.51","22,468.18","22,589.34","22,335.80","","-0.26%"
"03/06/2019","22,398.64","22,486.04","22,698.15","22,397.41","","-0.19%"
"03/05/2019","22,442.17","22,544.22","22,685.62","22,295.00","","-0.26%"
"03/04/2019","22,500.36","22,663.41","22,797.75","22,458.77","","-0.36%"
"03/01/2019","22,581.42","22,995.89","23,033.80","22,592.19","","-1.51%"
"02/28/2019","22,927.95","23,137.85","23,366.15","22,980.23","","-0.59%"
"02/27/2019","23,063.46","23,270.80","23,367.36","23,083.18","","-0.75%"
"02/26/2019","23,238.26","23,277.41","23,438.50","23,155.96","","0.06%"
"02/25/2019","23,223.72","23,272.11","23,500.28","23,210.81","","0.01%"
"02/22/2019","23,221.65","23,217.72","23,388.03","23,177.20","","0.36%"
"02/21/2019","23,139.44","23,511.10","23,625.17","23,187.71","","-1.22%"
"02/20/2019","23,425.40","23,513.53","23,703.94","23,474.05","","-0.11%"
"02/19/2019","23,450.77","23,273.86","23,540.63","23,204.90","","1.11%"
"02/18/2019","23,194.36","23,203.88","23,407.53","23,172.12","","0.39%"
"02/15/2019","23,104.46","23,024.43","23,201.13","22,997.94","","0.70%"
"02/14/2019","22,944.26","22,965.16","23,238.50","22,832.84","","0.12%"
"02/13/2019","22,917.14","23,073.26","23,251.97","22,944.84","","-0.36%"
"02/12/2019","22,999.98","23,023.82","23,230.29","22,993.44","","0.23%"
"02/11/2019","22,946.98","23,185.39","23,220.83","22,931.04","","-0.49%"
"02/08/2019","23,060.52","23,063.07","23,162.50","23,012.46","","0.32%"
"02/07/2019","22,987.52","23,002.27","23,135.53","22,911.05","","0.28%"
"02/06/2019","22,922.41","23,149.67","23,272.81","22,978.05","","-0.67%"
"02/05/2019","23,077.02","23,202.46","23,324.76","23,065.34","","-0.19%"
"02/04/2019","23,120.16","23,291.39","23,311.63","23,110.80","","-0.33%"
"02/01/2019","23,195.57","23,355.66","23,405.15","23,242.95","","-0.43%"
"01/31/2019","23,295.40","23,332.20","23,454.30","23,254.09","","0.24%"
"01/30/2019","23,240.43","23,132.80","23,389.27","23,082.25","","0.79%"
"01/29/2019","23,058.49","23,021.07","23,197.38","22,954.48","","0.50%"
"01/28/2019","22,944.07","23,064.60","23,301.70","22,860.40","","-1.31%"
"01/25/2019","23,248.02","22,916.57","23,324.54","22,894.12","","1.77%"
"01/24/2019","22,842.87","22,949.33","22,991.98","22,841.70","","-0.15%"
"01/23/2019","22,876.77","23,030.04","23,118.18","22,869.34","","-0.30%"
"01/22/2019","22,946.17","22,942.95","23,087.76","22,812.66","","0.24%"
"01/21/2019","22,890.79","22,970.01","23,041.30","22,856.19","","0.17%"
"01/18/2019","22,852.15","23,113.72","23,127.04","22,908.07","","-0.79%"
"01/17/2019","23,035.01","23,186.90","23,272.78","23,052.68","","-0.45%"
"01/16/2019","23,138.03","23,102.49","23,246.02","23,028.96","","0.48%"
"01/15/2019","23,027.79","23,131.69","23,265.95","23,033.96","","-0.11%"
"01/14/2019","23,053.69","23,062.74","23,288.96","23,021.20","","0.09%"
"01/11/2019","23,033.38","23,068.96","23,222.75","23,061.69","","0.12%"
"01/10/2019","23,006.54","23,174.67","23,308.10","23,048.35","","-0.34%"
"01/09/2019","23,085.48","23,034.82","23,204.92","22,854.96","","0.42%"
"01/08/2019","22,989.54","23,096.60","23,121.56","22,884.74","","-0.18%"
"01/07/2019","23,030.15","23,042.10","23,210.61","22,979.66","","0.36%"
"01/04/2019","22,947.06","23,176.46","23,259.28","22,864.99","","-0.69%"
"01/03/2019","23,107.27","23,071.03","23,227.20","22,991.80","","0.67%"
"01/02/2019","22,953.81","22,965.94","23,124.42","22,901.35","","0.24%"
"01/01/2019","22,899.56","22,971.66","22,971.66","22,971.66","","0.00%"
"12/31/2018","22,899.56","22,990.88","23,061.49","22,799.77","","0.23%"
"12/28/2018","22,847.15","22,819.61","22,941.17","22,795.19","","0.52%"
"12/27/2018","22,729.94","22,697.92","22,932.14","22,614.79","","0.48%"
"12/26/2018","22,620.58","22,759.16","22,967.21","22,648.20","","-0.15%"
"12/25/2018","22,655.23","22,768.23","22,812.62","22,628.62","","0.00%"
"12/24/2018","22,655.23","22,605.30","22,780.39","22,499.17","","1.00%"
"12/21/2018","22,430.73","22,570.21","22,622.50","22,453.43","","-0.28%"
"12/20/2018","22,492.71","22,264.03","22,702.24","22,203.90","","1.35%"
"12/19/2018","22,192.12","22,375.70","22,588.66","22,235.20","","-0.52%"
"12/18/2018","22,308.57","22,320.87","22,466.98","22,200.42","","0.23%"
"12/17/2018","22,256.55","22,222.97","22,366.18","22,046.64","","0.15%"
"12/14/2018","22,224.25","22,253.27","22,319.15","22,133.22","","0.11%"
"12/13/2018","22,200.88","22,317.05","22,394.72","22,195.07","","-0.17%"
"12/12/2018","22,238.56","22,264.85","22,407.94","22,164.50","","0.24%"
"12/11/2018","22,184.26","22,285.79","22,435.42","22,215.13","","-0.13%"
"12/10/2018","22,213.02","22,432.30","22,446.95","22,234.75","","-0.32%"
"12/07/2018","22,284.99","22,174.21","22,395.31","22,159.78","","0.86%"
"12/06/2018","22,094.78","22,197.81","22,340.31","22,038.49","","-0.25%"
"12/05/2018","22,151.09","22,192.84","22,253.44","22,004.29","","0.16%"
"12/04/2018","22,114.61","22,048.31","22,312.56","22,037.01","","0.63%"
"12/03/2018","21,975.30","21,916.52","22,178.01","21,861.56","","0.70%"
"11/30/2018","21,822.78","21,925.72","21,956.70","21,787.36","","-0.10%"
"11/29/2018","21,845.10","21,867.42","22,062.39","21,839.37","","0.19%"
"11/28/2018","21,803.13","21,767.55","21,967.53","21,636.37","","0.45%"
"11/27/2018","21,705.62","21,944.87","22,003.74","21,707.80","","-1.02%"
"11/26/2018","21,930.05","21,836.88","22,053.67","21,801.22","","0.56%"
"11/23/2018","21,808.33","21,952.57","21,985.40","21,827.97","","-0.35%"
"11/22/2018","21,884.33","22,016.26","22,096.09","21,877.39","","-0.57%"
"11/21/2018","22,008.70","21,883.90","22,090.67","21,782.40","","0.87%"
"11/20/2018","21,819.03","21,924.74","22,012.12","21,844.58","","-0.14%"
"11/19/2018","21,850.28","21,934.99","21,994.09","21,716.07","","0.17%"
"11/16/2018","21,813.49","21,735.77","21,951.77","21,725.92","","0.69%"
"11/15/2018","21,663.64","21,687.78","21,845.93","21,598.64","","0.18%"
"11/14/2018","21,624.00","21,534.56","21,787.71","21,422.14","","0.75%"
"11/13/2018","21,462.90","21,504.38","21,635.35","21,379.08","","0.14%"
"11/12/2018","21,432.18","21,670.43","21,734.98","21,493.63","","-0.37%"
"11/09/2018","21,511.85","21,913.72","21,918.19","21,524.60","","-1.50%"
"11/08/2018","21,838.49","21,967.35","22,033.40","21,751.85","","-0.25%"
"11/07/2018","21,893.14","22,001.57","22,189.16","21,890.09","","-0.23%"
"11/06/2018","21,943.61","22,060.31","22,204.83","21,915.97","","-0.19%"
"11/05/2018","21,984.59","22,105.74","22,178.94","21,941.44","","-0.12%"
"11/02/2018","22,012.09","22,107.61","22,149.68","22,023.31","","-0.03%"
"11/01/2018","22,017.81","21,752.43","22,177.88","21,713.39","","1.55%"
"10/31/2018","21,681.68","21,911.95","21,929.36","21,700.73","","-0.72%"
"10/30/2018","21,838.49","22,037.05","22,056.49","21,812.08","","-0.61%"
"10/29/2018","21,972.02","22,115.90","22,164.18","21,928.85","","-0.24%"
"10/26/2018","22,024.42","22,069.62","22,273.43","22,025.38","","0.13%"
"10/25/2018","21,996.38","22,104.92","22,243.47","21,990.73","","-0.10%"
"10/24/2018","22,018.34","22,044.78","22,144.45","21,898.91","","0.16%"
"10/23/2018","21,983.14","21,888.63","22,281.27","21,817.70","","0.76%"
"10/22/2018","21,816.53","21,907.30","22,047.85","21,849.32","","-0.41%"
"10/19/2018","21,906.12","21,957.72","22,053.56","21,908.72","","0.07%"
"10/18/2018","21,890.93","21,898.04","22,059.25","21,762.43","","0.33%"
"10/17/2018","21,819.03","21,932.37","22,076.93","21,800.05","","-0.19%"
"10/16/2018","21,861.18","21,990.82","22,132.33","21,845.69","","-0.32%"
"10/15/2018","21,930.54","21,847.06","22,145.23","21,806.00","","0.63%"
"10/12/2018","21,793.79","21,926.16","21,941.67","21,771.50","","-0.40%"
"10/11/2018","21,880.29","21,401.67","21,966.81","21,252.93","","2.57%"
"10/10/2018","21,331.27","21,306.75","21,409.08","21,215.14","","0.44%"
"10/09/2018","21,238.58","21,288.37","21,387.81","21,197.50","","0.13%"
"10/08/2018","21,210.89","21,524.29","21,545.21","21,197.76","","-1.12%"
"10/05/2018","21,451.89","21,463.57","21,576.97","21,414.17","","0.27%"
"10/04/2018","21,394.80","21,444.65","21,657.23","21,348.68","","0.08%"
"10/03/2018","21,376.99","21,553.82","21,665.30","21,430.14","","-0.48%"
"10/02/2018","21,479.87","21,292.49","21,675.83","21,241.71","","1.26%"
"10/01/2018","21,212.86","21,393.95","21,399.50","21,144.17","","0.06%"
"09/28/2018","21,200.16","21,197.39","21,395.60","21,157.71","","0.28%"
"09/27/2018","21,141.67","21,399.70","21,507.67","21,153.87","","-0.86%"
"09/26/2018","21,325.91","21,518.18","21,565.95","21,304.37","","-0.62%"
"09/25/2018","21,459.73","21,477.24","21,606.25","21,377.11","","0.20%"
"09/24/2018","21,416.84","21,459.98","21,622.89","21,301.70","","-0.05%"
"09/21/2018","21,427.74","21,625.99","21,701.98","21,350.30","","-0.58%"
"09/20/2018","21,552.73","21,548.50","21,702.43","21,453.60","","0.32%"
"09/19/2018","21,483.90","21,459.26","21,675.43","21,441.94","","0.44%"
"09/18/2018","21,389.31","21,520.69","21,611.06","21,394.02","","-0.38%"
"09/17/2018","21,471.56","21,423.55","21,637.13","21,317.66","","0.75%"
"09/14/2018","21,312.52","21,541.47","21,652.23","21,365.39","","-0.78%"
"09/13/2018","21,480.52","21,616.41","21,773.49","21,463.86","","-0.23%"
"09/12/2018","21,529.34","21,384.03","21,650.52","21,276.00","","1.06%"
"09/11/2018","21,304.41","21,326.41","21,400.97","21,186.36","","0.18%"
"09/10/2018","21,266.70","21,439.70","21,533.90","21,253.47","","-0.27%"
"09/07/2018","21,325.22","21,467.49","21,535.91","21,346.10","","-0.37%"
"09/06/2018","21,403.90","21,442.32","21,672.20","21,331.12","","0.18%"
"09/05/2018","21,365.92","21,336.38","21,513.71","21,258.82","","0.45%"
"09/04/2018","21,270.55","21,564.07","21,575.82","21,217.54","","-1.17%"
"09/03/2018","21,523.17","21,473.22","21,599.59","21,374.18","","0.82%"
"08/31/2018","21,348.62","21,406.38","21,559.52","21,367.85","","0.10%"
"08/30/2018","21,327.29","21,587.17","21,652.62","21,351.36","","-0.88%"
"08/29/2018","21,516.65","21,490.47","21,648.19","21,433.02","","0.45%"
"08/28/2018","21,420.49","21,687.85","21,781.18","21,457.11","","-0.90%"
"08/27/2018","21,615.99","21,578.99","21,706.09","21,489.67","","0.62%"
"08/24/2018","21,482.90","21,183.21","21,601.81","21,142.37","","1.74%"
"08/23/2018","21,115.27","21,371.39","21,387.63","21,152.29","","-0.85%"
"08/22/2018","21,296.86","21,374.78","21,476.99","21,308.12","","-0.04%"
"08/21/2018","21,305.06","21,331.28","21,439.77","21,220.11","","0.10%"
"08/20/2018","21,283.22","21,208.29","21,342.93","21,188.04","","0.67%"
"08/17/2018","21,140.65","21,009.88","21,217.70","20,975.68","","0.92%"
"08/16/2018","20,948.05","21,036.94","21,215.01","20,761.53","","-0.06%"
"08/15/2018","20,960.90","21,373.91","21,381.68","20,997.25","","-1.62%"
"08/14/2018","21,306.30","21,393.93","21,502.55","21,307.32","","-0.14%"
"08/13/2018","21,335.13","21,657.08","21,707.59","21,346.09","","-1.26%"
"08/10/2018","21,607.62","21,668.11","21,743.55","21,535.72","","0.05%"
"08/09/2018","21,597.31","21,693.03","21,784.75","21,606.62","","-0.27%"
"08/08/2018","21,655.62","21,649.40","21,779.30","21,534.63","","0.32%"
"08/07/2018","21,585.71","21,590.83","21,773.11","21,576.46","","0.38%"
"08/06/2018","21,504.76","21,674.20","21,796.84","21,548.37","","-0.63%"
"08/03/2018","21,640.46","21,592.30","21,814.31","21,526.61","","0.48%"
"08/02/2018","21,536.98","21,732.46","21,848.44","21,575.67","","-0.62%"
"08/01/2018","21,672.19","21,872.46","21,897.03","21,729.14","","-0.59%"
"07/31/2018","21,801.17","21,869.89","21,954.87","21,654.17","","-0.05%"
"07/30/2018","21,812.42","21,891.01","21,950.91","21,737.55","","0.31%"
"07/27/2018","21,744.41","21,891.55","21,941.30","21,789.69","","-0.34%"
"07/26/2018","21,817.52","22,041.01","22,116.73","21,876.06","","-0.72%"
"07/25/2018","21,976.21","21,915.62","22,116.35","21,850.60","","0.57%"
"07/24/2018","21,851.08","21,938.69","22,042.24","21,731.22","","-0.11%"
"07/23/2018","21,875.56","22,057.00","22,127.83","21,887.38","","-0.47%"
"07/20/2018","21,979.95","21,897.62","22,069.75","21,761.04","","0.73%"
"07/19/2018","21,819.84","21,971.56","22,000.37","21,679.41","","-0.33%"
"07/18/2018","21,891.78","21,965.60","22,026.27","21,790.51","","-0.06%"
"07/17/2018","21,904.09","22,210.70","22,307.06","21,940.55","","-1.05%"
"07/16/2018","22,137.03","22,233.67","22,327.80","22,154.66","","-0.01%"
"07/13/2018","22,139.44","22,329.38","22,343.96","22,126.00","","-0.52%"
"07/12/2018","22,254.84","22,227.81","22,359.64","22,154.86","","0.40%"
"07/11/2018","22,165.42","22,486.55","22,508.39","22,212.32","","-1.13%"
"07/10/2018","22,418.41","22,536.02","22,587.53","22,314.40","","-0.36%"
"07/09/2018","22,499.74","22,447.93","22,715.38","22,445.96","","0.56%"
"07/06/2018","22,374.93","22,496.69","22,522.81","22,407.87","","-0.25%"
"07/05/2018","22,430.77","22,485.42","22,573.12","22,325.91","","0.09%"
"07/04/2018","22,410.61","22,425.84","22,614.34","22,365.33","","0.08%"
"07/03/2018","22,393.45","22,252.68","22,518.53","22,097.99","","0.82%"
"07/02/2018","22,211.87","22,425.05","22,458.20","22,203.63","","-0.57%"
"06/29/2018","22,340.14","22,331.66","22,470.49","22,292.03","","0.35%"
"06/28/2018","22,261.64","22,397.68","22,477.65","22,282.08","","-0.30%"
"06/27/2018","22,328.90","22,510.66","22,577.90","22,367.67","","-0.56%"
"06/26/2018","22,454.14","22,650.84","22,685.25","22,416.25","","-0.50%"
"06/25/2018","22,567.60","22,781.80","22,803.92","22,540.80","","-0.16%"
"06/22/2018","22,604.49","22,646.67","22,717.52","22,632.02","","0.13%"
"06/21/2018","22,574.56","22,679.99","22,729.37","22,511.38","","-0.23%"
"06/20/2018","22,627.20","22,792.82","22,864.63","22,671.04","","-0.47%"
"06/19/2018","22,733.87","22,822.42","22,981.89","22,687.33","","-0.06%"
"06/18/2018","22,746.80","22,832.76","22,898.27","22,793.39","","-0.09%"
"06/15/2018","22,766.20","23,245.39","23,264.45","22,764.03","","-1.75%"
"06/14/2018","23,172.57","23,239.62","23,395.22","23,181.02","","-0.07%"
"06/13/2018","23,189.44","23,146.34","23,268.13","23,033.93","","0.50%"
"06/12/2018","23,074.10","23,186.53","23,279.97","23,052.15","","-0.15%"
"06/11/2018","23,109.38","23,220.22","23,275.38","22,917.62","","-0.09%"
"06/08/2018","23,130.36","23,153.70","23,221.53","23,095.14","","0.15%"
"06/07/2018","23,094.72","23,170.66","23,312.16","23,118.44","","-0.11%"
"06/06/2018","23,120.64","23,201.02","23,293.50","23,080.36","","-0.06%"
"06/05/2018","23,135.56","23,126.46","23,284.52","23,016.29","","0.34%"
"06/04/2018","23,056.66","23,157.28","23,264.18","23,040.61","","-0.08%"
"06/01/2018","23,075.41","23,237.75","23,286.45","23,079.29","","-0.42%"
"05/31/2018","23,173.35","23,323.89","23,426.71","23,223.25","","-0.33%"
"05/30/2018","23,249.41","23,281.78","23,377.55","23,139.96","","0.24%"
"05/29/2018","23,194.55","23,249.80","23,436.98","23,134.95","","0.08%"
"05/28/2018","23,176.92","23,276.86","23,353.46","23,111.92","","-0.32%"
"05/25/2018","23,251.91","23,375.14","23,438.57","23,292.70","","-0.25%"
"05/24/2018","23,310.88","23,177.00","23,417.33","23,090.54","","0.94%"
"05/23/2018","23,092.98","23,137.88","23,308.87","22,980.15","","0.11%"
"05/22/2018","23,068.74","23,156.31","23,265.76","22,871.83","","-0.05%"
"05/21/2018","23,080.30","23,132.86","23,164.36","22,858.35","","0.62%"
"05/18/2018","22,937.04","22,988.19","23,053.90","22,903.94","","0.12%"
"05/17/2018","22,910.40","23,075.51","23,167.34","22,931.72","","-0.41%"
"05/16/2018","23,004.62","23,012.22","23,230.03","22,942.19","","0.27%"
"05/15/2018","22,942.25","23,413.04","23,466.52","22,975.13","","-1.68%"
"05/14/2018","23,334.83","23,483.31","23,619.41","23,229.99","","0.33%"
"05/11/2018","23,257.05","23,389.51","23,473.22","23,322.07","","-0.25%"
"05/10/2018","23,315.83","23,321.97","23,597.61","23,205.34","","0.15%"
"05/09/2018","23,281.98","23,279.91","23,437.08","23,037.77","","0.32%"
"05/08/2018","23,206.65","23,263.79","23,356.69","23,050.82","","-0.04%"
"05/07/2018","23,216.97","23,236.62","23,327.82","23,117.72","","0.46%"
"05/04/2018","23,111.55","23,136.05","23,191.75","23,061.46","","0.26%"
"05/03/2018","23,051.60","23,029.30","23,319.19","23,020.80","","0.41%"
"05/02/2018","22,958.50","23,025.66","23,212.06","22,976.75","","-0.10%"
"05/01/2018","22,982.47","23,223.40","23,243.96","22,982.23","","-0.86%"
"04/30/2018","23,182.57","23,400.29","23,442.19","23,093.07","","-0.69%"
"04/27/2018","23,344.58","23,309.02","23,453.05","23,276.98","","0.39%"
"04/26/2018","23,254.16","23,422.16","23,515.21","23,251.49","","-0.52%"
"04/25/2018","23,376.35","23,559.02","23,587.59","23,348.66","","-0.55%"
"04/24/2018","23,506.05","23,434.59","23,598.30","23,345.00","","0.65%"
"04/23/2018","23,355.36","23,606.27","23,660.05","23,325.02","","-0.92%"
"04/20/2018","23,571.16","23,801.20","23,805.61","23,520.25","","-0.61%"
"04/19/2018","23,715.53","23,883.96","24,008.57","23,707.92","","-0.45%"
"04/18/2018","23,821.93","23,864.78","24,040.12","23,672.65","","0.15%"
"04/17/2018","23,786.43","23,821.04","23,904.79","23,631.69","","0.16%"
"04/16/2018","23,748.78","23,786.09","23,929.28","23,639.09","","0.55%"
"04/13/2018","23,618.38","23,517.65","23,726.06","23,512.28","","0.75%"
"04/12/2018","23,442.25","23,874.74","23,950.46","23,487.17","","-1.55%"
"04/11/2018","23,811.22","23,692.13","24,153.41","23,640.41","","0.86%"
"04/10/2018","23,608.33","23,633.73","23,740.54","23,470.56","","0.18%"
"04/09/2018","23,564.75","23,577.84","23,665.28","23,464.47","","0.22%"
"04/06/2018","23,512.18","23,462.81","23,618.15","23,366.84","","0.51%"
"04/05/2018","23,393.29","23,581.32","23,709.02","23,279.97","","-0.51%"
"04/04/2018","23,513.41","23,458.80","23,878.52","23,433.36","","0.55%"
"04/03/2018","23,384.50","23,666.30","23,746.65","23,398.33","","-0.92%"
"04/02/2018","23,600.90","23,430.83","23,739.70","23,384.81","","1.40%"
"03/30/2018","23,275.92","23,275.92","23,275.92","23,275.92","","0.00%"
"03/29/2018","23,275.92","23,386.19","23,452.89","23,276.26","","-0.16%"
"03/28/2018","23,312.26","23,738.96","23,784.25","23,358.38","","-1.41%"
"03/27/2018","23,646.41","23,896.15","23,987.93","23,611.04","","-0.82%"
"03/26/2018","23,840.92","23,763.41","23,963.42","23,650.87","","0.64%"
"03/23/2018","23,689.51","23,430.21","23,801.57","23,424.04","","1.37%"
"03/22/2018","23,369.72","23,486.35","23,577.70","23,349.13","","-0.19%"
"03/21/2018","23,413.04","23,116.47","23,567.53","23,091.70","","1.60%"
"03/20/2018","23,044.04","23,222.80","23,307.11","23,005.50","","-0.44%"
"03/19/2018","23,145.12","23,133.33","23,289.44","23,016.18","","0.53%"
"03/16/2018","23,023.46","23,191.13","23,284.66","23,064.76","","-0.47%"
"03/15/2018","23,132.82","23,359.70","23,452.51","23,142.22","","-0.72%"
"03/14/2018","23,299.71","23,391.97","23,465.27","23,274.21","","-0.11%"
"03/13/2018","23,324.69","23,322.75","23,444.23","23,166.89","","0.31%"
"03/12/2018","23,252.36","23,297.05","23,417.55","23,139.29","","-0.09%"
"03/09/2018","23,272.90","23,287.82","23,347.44","23,131.11","","0.18%"
"03/08/2018","23,231.23","23,370.34","23,518.70","23,216.97","","-0.28%"
"03/07/2018","23,296.67","23,531.93","23,636.52","23,311.11","","-0.68%"
"03/06/2018","23,456.82","23,261.38","23,601.65","23,218.63","","1.14%"
"03/05/2018","23,193.28","23,305.15","23,581.16","23,209.83","","-0.27%"
"03/02/2018","23,256.97","23,240.02","23,384.39","23,198.73","","0.42%"
"03/01/2018","23,159.35","23,278.54","23,305.19","22,962.77","","-0.20%"
"02/28/2018","23,205.40","23,242.06","23,364.11","23,169.94","","-0.04%"
"02/27/2018","23,213.68","23,545.79","23,648.76","23,163.05","","-1.26%"
"02/26/2018","23,510.79","23,404.61","23,731.61","23,381.07","","0.30%"
"02/23/2018","23,441.27","23,556.40","23,570.08","23,452.27","","-0.20%"
"02/22/2018","23,488.72","23,445.43","23,570.17","23,299.72","","0.50%"
"02/21/2018","23,371.78","23,549.08","23,652.07","23,405.87","","-0.43%"
"02/20/2018","23,472.08","23,757.03","23,801.96","23,525.80","","-0.88%"
"02/19/2018","23,681.59","23,779.66","23,921.50","23,740.83","","-0.17%"
"02/16/2018","23,720.75","23,887.19","24,038.79","23,736.17","","-0.39%"
"02/15/2018","23,812.62","23,918.25","24,161.00","23,793.22","","-0.12%"
"02/14/2018","23,841.53","23,539.45","24,008.22","23,345.59","","1.58%"
"02/13/2018","23,471.20","23,431.56","23,609.30","23,357.12","","0.35%"
"02/12/2018","23,389.19","23,264.83","23,495.68","23,238.78","","0.68%"
"02/09/2018","23,231.99","23,317.07","23,394.52","23,187.79","","-0.18%"
"02/08/2018","23,273.64","23,299.67","23,384.09","23,071.63","","0.12%"
"02/07/2018","23,245.16","23,380.00","23,601.75","23,180.40","","-0.26%"
"02/06/2018","23,305.22","23,666.35","23,839.55","23,300.31","","-1.21%"
"02/05/2018","23,591.42","23,540.43","23,708.08","23,444.28","","0.39%"
"02/02/2018","23,499.38","23,798.71","23,825.79","23,421.71","","-1.15%"
"02/01/2018","23,773.17","23,779.65","23,880.13","23,563.11","","0.29%"
"01/31/2018","23,705.30","23,618.81","23,891.98","23,547.47","","0.47%"
"01/30/2018","23,594.41","23,711.39","23,847.89","23,533.70","","-0.13%"
"01/29/2018","23,624.38","23,884.09","24,097.32","23,632.51","","-0.78%"
"01/26/2018","23,809.77","23,820.49","24,009.24","23,782.46","","0.13%"
"01/25/2018","23,778.72","24,020.91","24,169.15","23,756.45","","-0.74%"
"01/24/2018","23,954.94","23,776.36","24,395.91","23,722.15","","1.10%"
"01/23/2018","23,693.88","23,625.41","23,804.14","23,550.33","","0.38%"
"01/22/2018","23,605.25","23,645.32","23,798.94","23,487.06","","0.34%"
"01/19/2018","23,526.01","23,515.27","23,711.50","23,505.96","","0.37%"
"01/18/2018","23,439.43","23,516.68","23,651.50","23,436.89","","0.06%"
"01/17/2018","23,426.00","23,738.25","23,834.62","23,497.98","","-1.01%"
"01/16/2018","23,664.12","23,767.36","23,864.56","23,510.34","","-0.09%"
"01/15/2018","23,685.19","23,677.32","23,901.40","23,661.47","","0.21%"
"01/12/2018","23,635.08","23,420.17","23,723.89","23,404.58","","1.23%"
"01/11/2018","23,347.05","23,328.01","23,469.15","23,261.17","","0.31%"
"01/10/2018","23,274.84","23,200.71","23,514.23","23,101.91","","0.48%"
"01/09/2018","23,164.74","23,313.60","23,472.34","23,111.54","","-0.52%"
"01/08/2018","23,284.98","23,388.31","23,486.33","23,206.08","","-0.10%"
"01/05/2018","23,307.84","23,425.03","23,442.12","23,264.67","","-0.19%"
"01/04/2018","23,351.99","23,255.90","23,484.71","23,104.96","","0.72%"
"01/03/2018","23,184.40","23,382.23","23,446.18","23,153.98","","-0.50%"
"01/02/2018","23,301.62","23,056.38","23,401.29","23,056.03","","1.25%"
"01/01/2018","23,014.29","23,055.05","23,055.05","23,055.05","","-0.34%"
"12/29/2017","23,092.44","23,010.30","23,255.82","22,989.33","","0.55%"
"12/28/2017","22,966.74","22,966.70","23,093.57","22,801.75","","0.33%"
"12/27/2017","22,891.82","22,893.76","23,011.69","22,747.49","","0.33%"
"12/26/2017","22,816.56","22,798.38","22,906.35","22,659.59","","0.18%"
"12/25/2017","22,775.37","22,788.64","22,810.95","22,622.87","","0.16%"
"12/22/2017","22,739.04","22,629.25","22,801.65","22,598.16","","0.66%"
"12/21/2017","22,590.44","22,613.60","22,676.24","22,445.11","","0.04%"
"12/20/2017","22,581.68","22,527.67","22,671.90","22,402.97","","0.41%"
"12/19/2017","22,489.16","22,490.27","22,627.89","22,400.67","","0.31%"
"12/18/2017","22,420.14","22,381.29","22,591.71","22,273.74","","0.12%"
"12/15/2017","22,392.41","22,384.87","22,547.07","22,376.82","","0.23%"
"12/14/2017","22,340.14","22,445.64","22,513.06","22,212.36","","-0.36%"
"12/13/2017","22,420.37","22,216.73","22,472.64","22,017.39","","1.16%"
"12/12/2017","22,163.80","22,136.80","22,262.39","22,055.08","","0.38%"
"12/11/2017","22,078.85","22,228.16","22,353.02","22,062.72","","-0.31%"
"12/08/2017","22,147.74","22,192.20","22,296.57","22,118.78","","0.09%"
"12/07/2017","22,127.15","22,475.63","22,511.89","22,142.23","","-1.35%"
"12/06/2017","22,431.06","22,496.54","22,616.66","22,396.73","","-0.09%"
"12/05/2017","22,451.21","22,593.45","22,717.30","22,370.84","","-0.29%"
"12/04/2017","22,517.52","22,560.42","22,679.80","22,466.80","","-0.34%"
"12/01/2017","22,595.35","22,542.02","22,808.23","22,485.34","","0.45%"
"11/30/2017","22,493.51","22,705.14","22,735.57","22,462.62","","-0.69%"
"11/29/2017","22,650.25","22,984.57","23,074.75","22,677.48","","-1.36%"
"11/28/2017","22,963.18","22,955.39","23,085.13","22,821.37","","0.21%"
"11/27/2017","22,915.85","22,788.72","23,083.43","22,699.12","","0.87%"
"11/24/2017","22,717.32","22,849.05","22,881.23","22,749.18","","-0.24%"
"11/23/2017","22,771.48","22,863.81","22,929.27","22,719.74","","-0.24%"
"11/22/2017","22,825.58","22,614.13","22,915.30","22,570.98","","1.30%"
"11/21/2017","22,532.88","22,538.18","22,713.32","22,479.45","","0.29%"
"11/20/2017","22,467.10","22,845.63","22,884.80","22,497.14","","-1.32%"
"11/17/2017","22,767.26","22,553.63","22,885.72","22,547.11","","1.15%"
"11/16/2017","22,508.75","22,576.57","22,657.89","22,427.34","","0.02%"
"11/15/2017","22,503.29","22,606.06","22,783.94","22,452.25","","-0.17%"
"11/14/2017","22,540.80","22,535.64","22,680.52","22,362.82","","0.15%"
"11/13/2017","22,507.34","22,506.15","22,614.90","22,422.16","","-0.01%"
"11/10/2017","22,509.70","22,688.29","22,720.85","22,475.78","","-0.67%"
"11/09/2017","22,660.52","22,611.19","22,770.62","22,526.96","","0.27%"
"11/08/2017","22,599.18","22,502.68","22,717.76","22,460.53","","0.54%"
"11/07/2017","22,477.19","22,622.90","22,659.18","22,446.08","","-0.58%"
"11/06/2017","22,608.48","22,425.66","22,650.34","22,307.55","","1.18%"
"11/03/2017","22,344.26","22,536.52","22,588.05","22,335.92","","-0.47%"
"11/02/2017","22,450.74","22,493.10","22,681.39","22,439.95","","0.12%"
"11/01/2017","22,423.46","22,432.11","22,642.46","22,367.93","","0.23%"
"10/31/2017","22,373.12","22,525.75","22,605.47","22,359.08","","-0.37%"
"10/30/2017","22,455.14","22,472.69","22,580.82","22,285.18","","0.03%"
"10/27/2017","22,448.49","22,381.96","22,498.66","22,310.72","","0.46%"
"10/26/2017","22,345.12","22,551.42","22,682.65","22,346.29","","-0.83%"
"10/25/2017","22,532.84","22,536.16","22,611.62","22,352.13","","0.31%"
"10/24/2017","22,463.41","22,615.95","22,685.48","22,450.91","","-0.59%"
"10/23/2017","22,596.02","22,545.49","22,649.31","22,358.11","","0.08%"
"10/20/2017","22,578.62","22,755.70","22,784.64","22,547.14","","-0.70%"
"10/19/2017","22,738.57","22,607.75","22,780.00","22,474.87","","0.70%"
"10/18/2017","22,579.98","22,685.75","22,750.96","22,469.32","","-0.15%"
"10/17/2017","22,613.54","22,836.51","22,857.66","22,545.45","","-0.59%"
"10/16/2017","22,748.52","22,984.59","23,095.48","22,754.01","","-0.95%"
"10/13/2017","22,966.43","22,802.36","22,993.05","22,753.09","","0.86%"
"10/12/2017","22,769.73","22,761.52","22,926.47","22,728.40","","0.15%"
"10/11/2017","22,735.27","22,691.57","22,827.81","22,605.11","","0.34%"
"10/10/2017","22,659.30","22,619.43","22,839.69","22,584.11","","0.29%"
"10/09/2017","22,593.12","22,469.41","22,684.49","22,445.19","","0.43%"
"10/06/2017","22,496.29","22,425.08","22,566.04","22,279.53","","0.60%"
"10/05/2017","22,361.35","22,487.19","22,613.85","22,389.37","","-0.41%"
"10/04/2017","22,453.34","22,433.68","22,663.38","22,358.89","","0.24%"
"10/03/2017","22,398.92","22,432.20","22,581.92","22,330.22","","0.15%"
"10/02/2017","22,364.67","22,536.31","22,604.20","22,348.71","","-0.82%"
"09/29/2017","22,549.83","22,701.98","22,764.08","22,544.63","","-0.61%"
"09/28/2017","22,688.22","22,602.25","22,771.48","22,510.46","","0.47%"
"09/27/2017","22,582.30","22,819.20","22,970.06","22,594.91","","-0.97%"
"09/26/2017","22,804.58","23,160.96","23,285.77","22,806.67","","-1.31%"
"09/25/2017","23,107.77","22,894.44","23,192.33","22,714.05","","1.17%"
"09/22/2017","22,839.64","22,782.07","22,942.30","22,776.07","","0.35%"
"09/21/2017","22,760.51","22,952.29","22,966.14","22,719.62","","-0.74%"
"09/20/2017","22,930.11","23,126.38","23,339.91","22,862.06","","-0.69%"
"09/19/2017","23,089.88","23,105.23","23,272.62","22,998.33","","0.29%"
"09/18/2017","23,022.82","23,289.75","23,397.88","23,027.07","","-1.05%"
"09/15/2017","23,267.74","23,461.53","23,544.45","23,280.16","","-0.77%"
"09/14/2017","23,447.65","23,335.53","23,520.25","23,219.82","","0.73%"
"09/13/2017","23,277.43","23,503.75","23,663.50","23,275.38","","-0.83%"
"09/12/2017","23,472.19","23,429.87","23,590.70","23,319.39","","0.31%"
"09/11/2017","23,400.23","23,601.24","24,203.80","23,398.19","","-1.41%"
"09/08/2017","23,735.45","23,795.13","23,950.63","23,688.06","","-0.18%"
"09/07/2017","23,779.34","23,538.30","23,844.43","23,462.97","","1.13%"
"09/06/2017","23,514.19","23,623.77","23,800.42","23,488.99","","-0.32%"
"09/05/2017","23,588.60","23,526.26","23,757.45","23,372.46","","0.30%"
"09/04/2017","23,517.04","23,527.15","23,620.77","23,484.04","","0.94%"
"09/01/2017","23,299.19","23,320.56","23,446.67","23,223.69","","0.22%"
"08/31/2017","23,246.94","23,090.00","23,356.18","22,944.81","","1.01%"
"08/30/2017","23,014.05","23,132.25","23,257.50","23,004.48","","-0.36%"
"08/29/2017","23,096.05","23,305.46","23,489.18","23,052.57","","0.04%"
"08/28/2017","23,086.49","22,901.45","23,202.81","22,834.00","","1.14%"
"08/25/2017","22,825.41","22,771.17","22,910.20","22,640.18","","0.38%"
"08/24/2017","22,740.02","22,894.13","23,006.00","22,703.39","","-0.33%"
"08/23/2017","22,814.44","22,822.87","23,006.21","22,749.26","","0.30%"
"08/22/2017","22,745.48","22,899.89","22,988.08","22,706.83","","-0.48%"
"08/21/2017","22,854.24","22,782.62","22,997.63","22,741.24","","0.44%"
"08/18/2017","22,754.25","22,856.59","23,121.90","22,808.07","","-0.27%"
"08/17/2017","22,816.45","22,834.64","23,162.97","22,754.91","","0.30%"
"08/16/2017","22,748.86","22,576.93","22,838.37","22,446.87","","0.89%"
"08/15/2017","22,547.92","22,743.95","22,801.31","22,460.15","","-0.79%"
"08/14/2017","22,727.38","22,952.24","23,024.91","22,681.21","","-0.65%"
"08/11/2017","22,876.38","22,874.67","22,967.00","22,775.74","","0.19%"
"08/10/2017","22,832.71","22,735.71","22,925.40","22,659.94","","0.72%"
"08/09/2017","22,669.41","22,408.69","22,766.40","22,397.76","","1.34%"
"08/08/2017","22,369.26","22,346.94","22,570.14","22,235.73","","0.23%"
"08/07/2017","22,317.25","22,368.63","22,799.36","22,275.97","","-0.06%"
"08/04/2017","22,329.86","22,550.45","22,581.54","22,294.57","","-0.80%"
"08/03/2017","22,509.66","22,610.62","22,740.64","22,436.32","","-0.12%"
"08/02/2017","22,537.83","22,652.57","22,740.06","22,431.03","","-0.24%"
"08/01/2017","22,592.88","22,724.96","22,844.16","22,526.36","","-0.44%"
"07/31/2017","22,692.58","22,727.47","22,958.04","22,502.68","","0.30%"
"07/28/2017","22,623.77","22,510.85","22,729.35","22,479.82","","0.82%"
"07/27/2017","22,439.95","22,592.62","22,689.18","22,402.20","","-0.51%"
"07/26/2017","22,553.92","22,405.15","22,639.64","22,099.04","","1.09%"
"07/25/2017","22,311.59","22,450.09","22,581.13","22,312.04","","-0.39%"
"07/24/2017","22,399.25","22,427.37","22,587.24","22,223.91","","0.18%"
"07/21/2017","22,358.75","22,241.75","22,443.20","22,209.63","","0.73%"
"07/20/2017","22,197.24","22,261.24","22,333.00","21,994.02","","0.01%"
"07/19/2017","22,196.12","22,302.18","22,358.06","22,051.96","","-0.16%"
"07/18/2017","22,231.98","22,145.16","22,349.52","21,952.98","","0.72%"
"07/17/2017","22,074.11","22,095.37","22,345.66","21,865.11","","0.21%"
"07/14/2017","22,028.44","21,873.49","22,151.94","21,824.88","","0.92%"
"07/13/2017","21,827.26","21,892.92","22,025.01","21,717.66","","-0.15%"
"07/12/2017","21,859.17","21,793.26","22,055.86","21,674.89","","0.45%"
"07/11/2017","21,761.93","21,712.60","21,811.16","21,530.67","","0.54%"
"07/10/2017","21,644.55","21,695.60","21,750.48","21,493.70","","-0.02%"
"07/07/2017","21,648.48","21,899.57","21,941.13","21,580.76","","-0.98%"
"07/06/2017","21,861.97","21,937.88","22,048.49","21,773.87","","-0.20%"
"07/05/2017","21,906.36","21,845.50","22,056.86","21,571.99","","0.58%"
"07/04/2017","21,780.08","21,907.26","22,166.74","21,773.29","","-0.29%"
"07/03/2017","21,844.44","22,519.23","22,540.72","21,824.06","","-2.60%"
"06/30/2017","22,428.48","22,572.84","22,624.38","22,462.75","","-0.33%"
"06/29/2017","22,502.93","22,637.71","22,714.43","22,460.85","","-0.27%"
"06/28/2017","22,564.19","22,622.53","22,773.96","22,465.01","","-0.22%"
"06/27/2017","22,613.80","22,576.82","22,739.28","22,519.22","","0.23%"
"06/26/2017","22,561.03","22,818.64","22,829.81","22,437.58","","-0.99%"
"06/23/2017","22,786.81","22,688.66","22,847.50","22,670.88","","0.51%"
"06/22/2017","22,671.65","22,615.54","22,769.75","22,528.28","","0.32%"
"06/21/2017","22,599.11","22,558.16","22,678.66","22,402.82","","0.21%"
"06/20/2017","22,550.79","22,378.53","22,673.92","22,371.04","","1.07%"
"06/19/2017","22,311.85","22,766.38","22,800.15","22,373.29","","-1.80%"
"06/16/2017","22,720.88","22,753.84","22,817.80","22,708.66","","-0.03%"
"06/15/2017","22,727.95","22,703.43","22,922.52","22,577.96","","0.41%"
"06/14/2017","22,636.21","22,960.73","23,222.63","22,625.66","","-1.32%"
"06/13/2017","22,939.01","22,909.15","23,018.95","22,711.43","","0.46%"
"06/12/2017","22,833.61","22,807.92","23,054.50","22,785.50","","-0.45%"
"06/09/2017","22,936.13","23,175.59","23,231.89","22,925.49","","-0.85%"
"06/08/2017","23,133.35","23,339.67","23,379.46","22,857.71","","-0.73%"
"06/07/2017","23,303.22","23,453.77","23,480.71","23,187.07","","-0.48%"
"06/06/2017","23,415.07","23,199.11","23,490.91","23,171.57","","1.11%"
"06/05/2017","23,157.14","23,176.72","23,266.24","23,042.54","","0.82%"
"06/02/2017","22,968.46","22,789.73","23,039.66","22,661.57","","1.13%"
"06/01/2017","22,711.42","22,967.02","23,017.79","22,704.94","","-0.78%"
"05/31/2017","22,889.02","22,739.89","23,064.77","22,666.62","","0.99%"
"05/30/2017","22,665.64","22,956.16","23,020.74","22,692.62","","-1.02%"
"05/29/2017","22,900.13","22,957.33","23,002.71","22,796.93","","0.04%"
"05/26/2017","22,890.35","22,720.00","22,980.94","22,671.24","","0.91%"
"05/25/2017","22,684.36","22,794.03","22,825.82","22,603.88","","-0.27%"
"05/24/2017","22,745.72","22,584.09","22,812.23","22,457.90","","1.03%"
"05/23/2017","22,513.68","22,783.83","23,077.69","22,571.01","","-1.01%"
"05/22/2017","22,744.08","22,772.20","22,837.64","22,549.25","","0.67%"
"05/19/2017","22,592.88","22,571.63","22,710.63","22,553.13","","0.40%"
"05/18/2017","22,502.21","22,832.45","22,953.07","22,549.27","","-1.09%"
"05/17/2017","22,749.32","22,418.15","22,854.38","22,367.41","","1.71%"
"05/16/2017","22,366.48","22,294.33","22,464.80","22,204.46","","0.51%"
"05/15/2017","22,252.51","22,273.97","22,415.11","22,139.39","","0.64%"
"05/12/2017","22,109.94","22,108.57","22,240.15","22,099.44","","0.32%"
"05/11/2017","22,040.10","22,079.00","22,222.01","21,978.64","","0.07%"
"05/10/2017","22,025.52","22,114.27","22,230.49","21,941.20","","-0.05%"
"05/09/2017","22,037.25","22,216.80","22,269.20","21,952.82","","-0.62%"
"05/08/2017","22,174.72","22,172.90","22,411.84","22,127.96","","0.19%"
"05/05/2017","22,133.45","22,257.52","22,403.14","22,194.60","","-0.37%"
"05/04/2017","22,215.40","22,431.45","22,493.13","22,075.30","","-0.84%"
"05/03/2017","22,404.36","22,765.04","22,795.52","22,392.50","","-1.46%"
"05/02/2017","22,735.33","22,773.24","22,809.33","22,585.79","","0.01%"
"05/01/2017","22,732.98","22,985.24","23,038.69","22,723.49","","-0.37%"
"04/28/2017","22,817.70","22,817.84","22,904.57","22,798.25","","0.31%"
"04/27/2017","22,746.60","22,839.89","22,966.36","22,733.66","","-0.11%"
"04/26/2017","22,772.27","22,759.13","23,039.46","22,683.53","","0.42%"
"04/25/2017","22,677.31","23,210.05","23,241.05","22,710.71","","-2.07%"
"04/24/2017","23,157.27","22,987.01","23,217.60","22,856.96","","-0.08%"
"04/21/2017","23,176.20","23,201.51","23,323.87","23,137.07","","0.20%"
"04/20/2017","23,130.17","23,244.07","23,333.10","23,011.94","","-0.35%"
"04/19/2017","23,212.22","23,417.14","23,438.02","23,071.43","","-0.75%"
"04/18/2017","23,387.18","23,129.03","23,480.09","23,065.31","","1.45%"
"04/17/2017","23,053.19","23,471.61","23,522.71","23,064.40","","-0.62%"
"04/14/2017","23,197.68","23,391.17","23,416.61","23,264.14","","-0.66%"
"04/13/2017","23,352.71","23,351.80","23,420.13","23,107.43","","0.15%"
"04/12/2017","23,318.81","22,998.87","23,366.60","22,910.51","","1.68%"
"04/11/2017","22,933.08","22,585.17","23,040.97","22,557.08","","1.86%"
"04/10/2017","22,515.22","22,631.34","22,726.21","22,514.60","","0.01%"
"04/07/2017","22,511.99","22,598.53","22,938.05","22,526.75","","-0.05%"
"04/06/2017","22,523.40","22,599.56","22,760.74","22,474.46","","-0.03%"
"04/05/2017","22,531.02","22,699.94","22,790.36","22,383.19","","-0.41%"
"04/04/2017","22,623.57","22,729.52","22,879.45","22,591.19","","-0.30%"
"04/03/2017","22,691.11","22,769.01","22,810.00","22,400.64","","0.95%"
"03/31/2017","22,476.96","22,678.02","22,701.88","22,454.49","","-0.64%"
"03/30/2017","22,620.78","22,865.43","22,875.44","22,444.39","","-0.72%"
"03/29/2017","22,785.49","22,832.26","22,910.93","22,546.27","","-0.02%"
"03/28/2017","22,790.18","22,799.46","22,972.75","22,592.12","","0.15%"
"03/27/2017","22,756.29","22,707.91","23,023.84","22,629.22","","1.64%"
"03/24/2017","22,388.40","22,559.43","22,628.09","22,441.50","","-0.47%"
"03/23/2017","22,493.54","22,487.97","22,914.19","22,395.71","","0.35%"
"03/22/2017","22,414.17","22,586.54","22,915.00","22,447.28","","-0.49%"
"03/21/2017","22,525.45","22,467.14","22,749.30","22,177.43","","0.37%"
"03/20/2017","22,443.33","22,342.32","22,602.88","22,217.86","","1.47%"
"03/17/2017","22,117.50","22,275.48","22,364.71","22,161.09","","-0.42%"
"03/16/2017","22,210.10","22,079.87","22,540.28","22,043.65","","0.93%"
"03/15/2017","22,005.30","21,643.43","22,140.81","21,533.47","","2.02%"
"03/14/2017","21,569.94","21,323.75","21,913.60","21,190.82","","1.48%"
"03/13/2017","21,256.11","21,155.94","21,767.74","21,122.06","","0.84%"
"03/10/2017","21,078.23","21,075.82","21,283.03","20,970.34","","0.33%"
"03/09/2017","21,008.75","21,382.42","21,715.81","20,964.49","","-1.44%"
"03/08/2017","21,316.08","21,275.56","21,731.43","21,172.17","","0.48%"
"03/07/2017","21,215.19","20,653.07","21,551.97","20,517.51","","3.07%"
"03/06/2017","20,582.86","20,313.11","20,903.80","19,538.89","","3.58%"
"03/03/2017","19,870.94","19,996.66","20,030.51","19,749.37","","-0.30%"
"03/02/2017","19,930.72","20,241.93","20,487.86","19,698.68","","-1.20%"
"03/01/2017","20,172.97","19,774.36","20,265.81","19,532.36","","2.37%"
"02/28/2017","19,705.45","20,040.68","20,744.68","19,656.24","","-1.38%"
"02/27/2017","19,981.20","19,811.32","20,226.82","19,688.18","","0.96%"
"02/24/2017","19,790.82","19,926.36","20,071.35","19,763.97","","-0.34%"
"02/23/2017","19,857.51","19,554.11","19,958.50","19,426.27","","1.91%"
"02/22/2017","19,484.48","19,466.24","19,696.07","19,369.90","","0.46%"
"02/21/2017","19,395.62","19,557.84","19,664.25","19,294.52","","-0.53%"
"02/20/2017","19,498.50","19,505.56","19,796.00","19,368.09","","-1.03%"
"02/17/2017","19,701.76","19,879.28","20,552.71","19,757.14","","-0.54%"
"02/16/2017","19,809.21","20,354.12","21,382.60","19,724.03","","-2.30%"
"02/15/2017","20,274.63","20,273.41","21,117.20","19,805.08","","0.34%"
"02/14/2017","20,205.37","20,833.11","21,553.73","20,136.87","","-2.71%"
"02/13/2017","20,767.48","21,684.91","22,251.57","20,605.46","","-5.45%"
"02/10/2017","21,965.38","21,682.34","22,148.70","21,569.56","","1.55%"
"02/09/2017","21,629.87","22,344.23","22,659.13","21,675.10","","-2.98%"
"02/08/2017","22,293.36","22,574.29","23,287.97","22,232.75","","-1.05%"
"02/07/2017","22,529.73","22,793.34","22,842.72","22,379.40","","-0.88%"
"02/06/2017","22,729.52","22,537.13","22,890.12","22,377.07","","-0.35%"
"02/03/2017","22,810.26","22,325.73","22,896.83","22,185.80","","2.27%"
"02/02/2017","22,303.51","22,785.03","23,204.83","22,267.91","","-1.80%"
"02/01/2017","22,712.53","22,674.02","23,168.76","22,427.03","","0.38%"
"01/31/2017","22,626.07","22,609.24","23,077.64","22,406.90","","0.44%"
"01/30/2017","22,526.13","22,640.33","22,903.00","22,250.56","","1.12%"
"01/27/2017","22,275.63","22,272.29","22,343.49","22,108.90","","0.26%"
"01/26/2017","22,217.84","22,689.78","23,105.52","21,881.27","","-1.77%"
"01/25/2017","22,617.36","22,952.55","22,969.92","22,550.94","","-1.05%"
"01/24/2017","22,857.84","23,168.63","23,263.47","22,529.93","","-0.95%"
"01/23/2017","23,076.36","22,772.84","23,679.31","22,623.79","","1.61%"
"01/20/2017","22,710.84","22,768.76","22,894.67","22,380.86","","0.04%"
"01/19/2017","22,702.19","22,748.91","23,047.35","22,383.96","","0.07%"
"01/18/2017","22,685.98","22,755.12","23,290.13","22,568.96","","0.00%"
"01/17/2017","22,686.79","22,772.38","23,692.06","22,481.91","","-0.20%"
"01/16/2017","22,732.92","22,735.40","23,102.63","22,250.77","","0.73%"
"01/13/2017","22,568.35","22,630.53","22,721.54","22,241.29","","-0.10%"
"01/12/2017","22,590.60","22,278.36","23,100.85","22,103.17","","1.67%"
"01/11/2017","22,220.54","22,238.64","22,813.08","21,455.87","","0.36%"
"01/10/2017","22,141.47","21,703.51","22,594.21","21,379.95","","2.76%"
"01/09/2017","21,547.78","21,227.66","22,266.88","21,083.38","","2.88%"
"01/06/2017","20,944.78","21,326.39","21,465.81","21,054.55","","-1.07%"
"01/05/2017","21,172.03","21,215.85","22,400.08","21,040.45","","0.32%"
"01/04/2017","21,104.82","21,119.10","22,529.29","20,807.35","","1.48%"
"01/03/2017","20,796.15","20,834.88","22,474.79","20,689.68","","0.60%"
"01/02/2017","20,672.12","20,906.04","22,294.41","20,618.07","","-0.26%"
"12/30/2016","20,726.28","20,998.41","21,489.17","20,840.67","","-0.51%"
"12/29/2016","20,833.20","21,461.78","22,476.28","20,506.45","","-2.07%"
"12/28/2016","21,274.61","21,721.86","22,442.32","21,178.82","","-0.56%"
"12/27/2016","21,395.15","21,658.76","22,443.98","21,330.55","","0.40%"
"12/26/2016","21,310.93","21,318.19","22,248.14","21,063.10","","0.31%"
"12/23/2016","21,245.81","21,450.72","21,790.43","21,178.35","","0.20%"
"12/22/2016","21,202.45","21,523.01","22,410.48","21,017.32","","-0.96%"
"12/21/2016","21,408.76","22,231.24","22,579.09","21,309.37","","-3.57%"
"12/20/2016","22,201.01","21,888.70","22,473.71","21,213.11","","2.36%"
"12/19/2016","21,689.95","21,182.38","22,186.80","20,740.64","","5.39%"
"12/16/2016","20,581.01","20,790.43","21,333.35","20,609.21","","-0.34%"
"12/15/2016","20,650.27","21,143.90","21,647.05","20,543.22","","-1.52%"
"12/14/2016","20,969.65","21,340.92","22,076.47","20,990.89","","0.05%"
"12/13/2016","20,959.98","21,165.82","21,645.84","20,791.49","","0.49%"
"12/12/2016","20,857.00","21,015.19","21,522.24","20,383.92","","0.36%"
"12/09/2016","20,781.43","21,228.80","21,310.68","20,899.43","","-1.62%"
"12/08/2016","21,123.01","21,287.87","21,761.05","20,920.63","","0.00%"
"12/07/2016","21,122.10","20,968.73","21,680.82","20,491.95","","1.68%"
"12/06/2016","20,772.63","21,008.71","21,402.11","20,516.66","","-0.83%"
"12/05/2016","20,947.30","21,018.53","21,372.87","20,481.51","","0.27%"
"12/02/2016","20,891.40","20,916.60","21,427.68","20,678.91","","0.75%"
"12/01/2016","20,736.61","20,968.79","21,472.04","20,475.89","","-0.02%"
"11/30/2016","20,741.29","21,379.53","21,753.67","20,736.77","","-2.72%"
"11/29/2016","21,321.91","21,193.28","21,792.79","20,823.49","","1.32%"
"11/28/2016","21,044.45","20,856.41","21,527.48","20,666.55","","1.95%"
"11/25/2016","20,641.26","20,878.55","21,180.63","20,649.07","","-0.03%"
"11/24/2016","20,646.84","20,771.31","21,646.56","20,510.33","","0.52%"
"11/23/2016","20,539.94","21,397.20","21,643.32","20,520.36","","-2.87%"
"11/22/2016","21,147.66","21,121.41","21,823.66","20,930.70","","1.03%"
"11/21/2016","20,932.53","21,140.61","21,853.16","20,682.35","","7.57%"
"11/18/2016","19,458.62","19,558.29","19,987.51","18,524.28","","0.64%"
"11/17/2016","19,334.24","19,297.82","20,537.77","18,789.34","","1.93%"
"11/16/2016","18,968.13","18,983.57","20,356.67","18,735.88","","1.93%"
"11/15/2016","18,608.14","18,927.30","19,754.92","18,311.92","","1.62%"
"11/14/2016","18,312.15","19,245.89","20,585.54","18,429.14","","-7.49%"
"11/11/2016","19,795.38","21,252.57","21,356.92","19,660.75","","-4.12%"
"11/10/2016","20,646.94","21,759.72","23,989.38","20,378.72","","-3.82%"
"11/09/2016","21,467.04","22,957.87","24,081.42","21,578.56","","-5.16%"
"11/08/2016","22,634.98","21,527.43","23,299.57","21,253.36","","8.40%"
"11/07/2016","20,881.93","21,063.82","22,473.23","20,354.64","","5.03%"
"11/04/2016","19,881.43","19,882.44","20,884.47","19,624.57","","3.51%"
"11/03/2016","19,207.60","11,515.61","20,850.32","11,497.92","","66.86%"
"11/02/2016","11,511.55","11,438.71","11,615.11","11,430.85","","0.66%"
"11/01/2016","11,436.16","11,338.81","11,475.16","11,326.11","","0.83%"
"10/31/2016","11,342.12","11,351.20","11,364.30","11,287.44","","0.11%"
"10/28/2016","11,329.95","11,262.44","11,405.59","11,209.70","","0.62%"
"10/27/2016","11,260.60","11,251.35","11,304.80","11,234.12","","0.12%"
"10/26/2016","11,247.37","11,315.28","11,337.74","11,228.79","","-0.56%"
"10/25/2016","11,310.77","11,235.98","11,338.32","11,208.10","","0.77%"
"10/24/2016","11,224.73","11,242.37","11,297.65","11,194.29","","-0.17%"
"10/21/2016","11,244.17","11,241.13","11,262.80","11,197.62","","0.05%"
"10/20/2016","11,238.40","11,272.21","11,314.26","11,230.16","","-0.27%"
"10/19/2016","11,268.59","11,209.87","11,310.84","11,189.72","","0.54%"
"10/18/2016","11,208.56","11,152.33","11,234.56","11,141.68","","0.51%"
"10/17/2016","11,151.38","11,102.16","11,166.63","11,100.83","","0.46%"
"10/14/2016","11,099.88","11,175.33","11,184.30","11,075.30","","-0.60%"
"10/13/2016","11,166.39","11,151.09","11,207.96","11,127.56","","0.22%"
"10/12/2016","11,141.88","11,128.62","11,180.43","11,099.27","","0.16%"
"10/11/2016","11,124.12","11,180.13","11,210.76","11,121.47","","-0.53%"
"10/10/2016","11,182.99","11,165.03","11,235.54","11,157.70","","0.23%"
"10/07/2016","11,157.42","11,146.91","11,237.04","11,024.10","","0.18%"
"10/06/2016","11,137.35","11,256.18","11,274.30","11,099.58","","-0.94%"
"10/05/2016","11,243.37","11,269.81","11,341.48","11,206.50","","-0.13%"
"10/04/2016","11,258.03","11,651.38","11,661.99","11,248.68","","-3.33%"
"10/03/2016","11,645.54","11,702.27","11,720.92","11,627.05","","-0.33%"
"09/30/2016","11,684.17","11,723.93","11,796.13","11,659.82","","-0.33%"
"09/29/2016","11,723.07","11,741.47","11,776.81","11,686.28","","-0.08%"
"09/28/2016","11,732.39","11,786.89","11,790.76","11,703.24","","-0.44%"
"09/27/2016","11,784.16","11,880.93","11,897.09","11,765.67","","-0.79%"
"09/26/2016","11,877.40","11,873.07","11,921.11","11,832.98","","0.03%"
"09/23/2016","11,874.20","11,878.71","11,908.06","11,842.30","","0.04%"
"09/22/2016","11,869.50","11,853.85","11,934.12","11,820.86","","0.02%"
"09/21/2016","11,867.54","11,678.03","11,872.94","11,620.75","","1.68%"
"09/20/2016","11,671.39","11,656.71","11,707.55","11,650.72","","0.09%"
"09/19/2016","11,661.26","11,641.62","11,708.22","11,626.97","","0.24%"
"09/16/2016","11,633.20","11,675.00","11,706.62","11,601.44","","-0.34%"
"09/15/2016","11,673.25","11,745.69","11,787.29","11,592.02","","-0.61%"
"09/14/2016","11,744.56","11,713.14","11,777.08","11,603.26","","0.30%"
"09/13/2016","11,710.01","11,792.62","11,833.42","11,682.56","","-0.64%"
"09/12/2016","11,784.96","11,794.88","11,815.48","11,726.46","","-0.05%"
"09/09/2016","11,790.46","11,884.48","11,898.38","11,788.71","","-0.76%"
"09/08/2016","11,880.86","11,945.40","11,984.07","11,799.67","","-0.52%"
"09/07/2016","11,942.40","11,986.87","12,014.80","11,823.63","","-0.35%"
"09/06/2016","11,983.96","11,769.93","12,007.42","11,665.42","","1.75%"
"09/05/2016","11,777.68","11,759.46","11,800.44","11,638.21","","0.12%"
"09/02/2016","11,763.56","11,666.39","11,805.72","11,628.96","","0.85%"
"09/01/2016","11,664.55","11,623.28","11,680.51","11,437.01","","0.39%"
"08/31/2016","11,618.73","11,642.95","11,690.14","11,458.03","","-0.17%"
"08/30/2016","11,638.80","11,751.86","11,771.26","11,563.84","","-0.92%"
"08/29/2016","11,746.95","11,728.20","11,769.62","11,558.39","","0.17%"
"08/26/2016","11,727.24","11,736.63","11,910.64","11,708.08","","-0.07%"
"08/25/2016","11,736.03","11,758.79","11,787.52","11,605.10","","-0.17%"
"08/24/2016","11,756.28","11,882.26","11,902.69","11,734.74","","-0.99%"
"08/23/2016","11,873.49","11,890.43","11,943.71","11,750.54","","-0.11%"
"08/22/2016","11,886.01","11,770.30","11,902.42","11,692.29","","-0.22%"
"08/19/2016","11,912.30","12,008.67","12,015.51","11,878.49","","-0.78%"
"08/18/2016","12,005.80","11,979.50","12,045.70","11,816.75","","0.28%"
"08/17/2016","11,971.70","11,949.93","12,004.45","11,779.78","","0.18%"
"08/16/2016","11,949.68","11,897.00","12,060.93","11,815.47","","0.51%"
"08/15/2016","11,889.39","11,882.09","11,935.63","11,747.12","","0.24%"
"08/12/2016","11,860.88","11,887.41","12,041.88","11,844.84","","-0.20%"
"08/11/2016","11,884.77","11,962.89","12,020.56","11,793.47","","-0.59%"
"08/10/2016","11,954.74","11,907.57","12,053.64","11,865.34","","0.44%"
"08/09/2016","11,901.82","11,858.15","11,927.33","11,700.67","","0.39%"
"08/08/2016","11,855.55","11,855.18","11,887.55","11,676.26","","-0.04%"
"08/05/2016","11,860.88","12,087.39","12,123.13","11,851.01","","-1.84%"
"08/04/2016","12,083.77","12,061.60","12,123.80","11,859.86","","0.22%"
"08/03/2016","12,057.66","12,109.14","12,134.31","11,948.09","","-0.39%"
"08/02/2016","12,105.08","12,020.30","12,145.02","11,910.51","","0.77%"
"08/01/2016","12,013.17","11,987.67","12,034.78","11,828.99","","0.18%"
"07/29/2016","11,991.06","11,861.75","12,037.35","11,811.05","","1.11%"
"07/28/2016","11,859.37","11,897.89","11,943.58","11,761.82","","-0.30%"
"07/27/2016","11,894.71","11,724.38","11,921.92","11,581.71","","1.48%"
"07/26/2016","11,721.20","11,681.53","11,765.27","11,576.00","","0.37%"
"07/25/2016","11,678.40","11,745.34","11,756.83","11,543.07","","-0.51%"
"07/22/2016","11,738.52","11,820.01","11,846.43","11,718.38","","-0.66%"
"07/21/2016","11,817.02","11,685.57","11,848.48","11,566.39","","1.15%"
"07/20/2016","11,683.11","11,826.05","11,864.73","11,563.53","","-1.21%"
"07/19/2016","11,825.63","11,798.88","11,857.00","11,686.23","","0.25%"
"07/18/2016","11,795.97","11,699.53","11,860.20","11,623.58","","-0.68%"
"07/15/2016","11,876.42","11,855.62","11,889.37","11,745.42","","0.21%"
"07/14/2016","11,851.11","11,934.61","11,962.63","11,633.64","","-0.58%"
"07/13/2016","11,920.82","11,833.87","11,948.64","11,746.77","","0.84%"
"07/12/2016","11,821.37","12,033.62","12,059.20","11,803.99","","-1.74%"
"07/11/2016","12,030.93","12,153.95","12,210.87","11,893.09","","-0.85%"
"07/08/2016","12,133.50","12,069.59","12,144.04","11,926.18","","0.46%"
"07/07/2016","12,078.44","12,108.34","12,168.51","11,996.51","","-0.24%"
"07/06/2016","12,107.83","12,047.83","12,212.55","12,043.34","","0.58%"
"07/05/2016","12,038.39","11,997.70","12,057.37","11,884.75","","0.39%"
"07/04/2016","11,991.42","11,922.22","12,057.42","11,842.25","","0.63%"
"07/01/2016","11,916.03","11,751.73","11,941.14","11,729.44","","1.52%"
"06/30/2016","11,737.27","11,701.06","11,759.45","11,659.73","","0.25%"
"06/29/2016","11,708.24","11,522.84","11,793.47","11,513.57","","1.75%"
"06/28/2016","11,507.20","11,761.94","11,778.37","11,508.96","","-2.15%"
"06/27/2016","11,760.45","11,776.99","11,860.51","11,642.07","","0.68%"
"06/24/2016","11,681.33","11,133.19","12,063.19","11,113.66","","4.80%"
"06/23/2016","11,146.49","11,226.88","11,289.53","11,051.66","","-0.84%"
"06/22/2016","11,241.15","11,263.78","11,285.75","11,104.07","","-0.17%"
"06/21/2016","11,260.25","11,443.60","11,492.43","11,175.54","","-1.68%"
"06/20/2016","11,452.85","11,417.84","11,475.96","11,246.27","","-0.65%"
"06/17/2016","11,527.97","11,360.52","11,542.83","11,341.43","","1.53%"
"06/16/2016","11,353.75","11,484.89","11,684.68","11,353.86","","-0.97%"
"06/15/2016","11,464.93","11,412.03","11,517.97","11,243.45","","0.44%"
"06/14/2016","11,414.76","11,396.49","11,456.69","11,242.05","","0.14%"
"06/13/2016","11,398.68","11,313.50","11,431.83","11,264.88","","0.77%"
"06/10/2016","11,311.22","11,269.99","11,350.13","11,229.81","","0.40%"
"06/09/2016","11,266.37","11,208.28","11,293.79","11,048.89","","0.55%"
"06/08/2016","11,204.30","11,052.39","11,227.64","10,993.01","","1.48%"
"06/07/2016","11,041.18","11,059.93","11,069.93","10,863.41","","-0.12%"
"06/06/2016","11,054.23","11,036.01","11,089.29","10,887.21","","0.06%"
"06/03/2016","11,047.39","10,753.13","11,054.69","10,718.10","","2.77%"
"06/02/2016","10,749.56","10,776.22","10,815.12","10,665.47","","-0.15%"
"06/01/2016","10,765.99","10,796.69","10,839.53","10,672.76","","-0.19%"
"05/31/2016","10,786.33","10,711.83","10,821.77","10,626.66","","0.79%"
"05/30/2016","10,701.93","10,653.66","10,756.28","10,534.91","","-0.58%"
"05/27/2016","10,764.21","10,833.49","10,866.08","10,716.55","","-0.62%"
"05/26/2016","10,831.26","10,867.29","10,957.81","10,770.56","","-0.33%"
"05/25/2016","10,867.04","10,895.70","10,924.07","10,718.59","","-0.22%"
"05/24/2016","10,891.20","11,091.90","11,110.11","10,876.80","","-1.76%"
"05/23/2016","11,086.47","11,109.22","11,153.93","10,956.08","","-0.27%"
"05/20/2016","11,116.84","11,145.23","11,189.85","11,089.95","","-0.17%"
"05/19/2016","11,136.28","11,170.98","11,200.46","10,970.97","","-0.30%"
"05/18/2016","11,170.03","11,366.34","11,379.61","11,142.90","","-1.68%"
"05/17/2016","11,361.39","11,313.46","11,388.76","11,152.06","","0.47%"
"05/16/2016","11,308.20","11,299.69","11,443.20","11,248.15","","0.02%"
"05/13/2016","11,305.89","11,220.66","11,337.61","11,219.77","","0.80%"
"05/12/2016","11,216.29","11,346.76","11,376.33","11,125.28","","-1.11%"
"05/11/2016","11,342.39","11,239.80","11,359.37","11,164.35","","0.89%"
"05/10/2016","11,241.95","11,225.10","11,273.76","11,083.44","","0.20%"
"05/09/2016","11,219.40","11,410.30","11,436.71","11,161.93","","-1.93%"
"05/06/2016","11,439.98","11,353.02","11,509.44","11,317.05","","0.83%"
"05/05/2016","11,345.49","11,365.10","11,424.63","11,209.13","","-0.11%"
"05/04/2016","11,358.37","11,419.57","11,452.25","11,201.75","","-0.50%"
"05/03/2016","11,416.00","11,470.63","11,564.58","11,369.14","","-0.43%"
"05/02/2016","11,465.82","11,487.95","11,579.24","11,434.40","","-0.17%"
"04/29/2016","11,484.91","11,244.51","11,513.56","11,234.56","","2.15%"
"04/28/2016","11,242.66","11,061.27","11,279.89","10,993.74","","1.64%"
"04/27/2016","11,061.69","11,034.23","11,111.26","10,929.13","","0.25%"
"04/26/2016","11,034.07","10,994.22","11,053.10","10,817.49","","0.41%"
"04/25/2016","10,988.88","10,940.99","11,032.68","10,923.67","","0.45%"
"04/22/2016","10,939.24","11,077.25","11,124.49","10,900.45","","-1.33%"
"04/21/2016","11,086.20","11,047.10","11,282.20","11,032.86","","0.37%"
"04/20/2016","11,045.71","11,105.71","11,172.44","10,950.29","","-0.50%"
"04/19/2016","11,100.76","10,944.05","11,165.34","10,892.13","","1.54%"
"04/18/2016","10,932.49","10,956.53","11,029.25","10,844.49","","-0.20%"
"04/15/2016","10,954.78","10,900.54","10,978.06","10,880.16","","0.54%"
"04/14/2016","10,895.73","11,029.30","11,048.13","10,860.72","","-1.27%"
"04/13/2016","11,035.58","11,152.33","11,162.14","10,905.34","","-1.02%"
"04/12/2016","11,149.25","11,170.54","11,213.82","11,037.92","","-0.15%"
"04/11/2016","11,165.59","11,014.65","11,180.53","10,955.82","","1.40%"
"04/08/2016","11,011.16","11,012.92","11,041.02","10,920.03","","-0.02%"
"04/07/2016","11,013.65","10,861.47","11,045.55","10,838.26","","1.51%"
"04/06/2016","10,849.91","10,937.83","10,942.81","10,709.54","","-0.72%"
"04/05/2016","10,928.40","10,780.65","11,038.65","10,780.65","","1.32%"
"04/04/2016","10,785.85","10,833.99","10,861.65","10,677.89","","-0.61%"
"04/01/2016","10,852.21","10,946.32","10,970.16","10,735.86","","-0.80%"
"03/31/2016","10,939.59","10,884.11","11,008.25","10,830.62","","0.61%"
"03/30/2016","10,872.99","11,033.78","11,045.11","10,808.89","","-1.40%"
"03/29/2016","11,026.97","10,842.87","11,040.22","10,689.13","","1.73%"
"03/28/2016","10,839.25","10,887.39","10,888.96","10,666.13","","0.37%"
"03/25/2016","10,798.85","10,807.13","10,807.13","10,802.24","","-0.01%"
"03/24/2016","10,799.65","10,841.49","10,894.33","10,674.51","","-0.30%"
"03/23/2016","10,831.70","11,083.91","11,095.50","10,713.50","","-2.26%"
"03/22/2016","11,082.12","11,048.81","11,188.29","11,033.28","","0.38%"
"03/21/2016","11,040.17","11,141.23","11,154.38","11,016.91","","-0.90%"
"03/18/2016","11,140.63","11,169.60","11,251.16","11,082.36","","-0.24%"
"03/17/2016","11,167.45","11,216.09","11,288.99","11,139.37","","-0.40%"
"03/16/2016","11,212.65","11,033.90","11,227.94","10,903.29","","1.69%"
"03/15/2016","11,026.28","11,050.46","11,077.81","10,973.54","","-0.23%"
"03/14/2016","11,052.23","9,795.36","11,286.74","9,772.29","","13.02%"
"03/11/2016","9,778.73","9,951.17","10,045.13","9,778.13","","-1.69%"
"03/10/2016","9,946.92","9,798.88","9,973.92","9,689.26","","1.58%"
"03/09/2016","9,791.88","9,876.79","9,904.97","9,739.65","","-0.83%"
"03/08/2016","9,873.71","9,916.76","10,009.70","9,867.55","","-0.46%"
"03/07/2016","9,919.75","9,850.60","9,970.52","9,840.42","","0.65%"
"03/04/2016","9,855.70","9,886.18","10,022.27","9,791.21","","-0.50%"
"03/03/2016","9,905.42","9,707.27","9,925.33","9,688.71","","2.06%"
"03/02/2016","9,705.75","9,642.67","9,743.33","9,588.29","","0.63%"
"03/01/2016","9,645.46","9,699.17","9,778.56","9,611.34","","-0.52%"
"02/29/2016","9,695.89","9,574.20","9,719.24","9,537.36","","1.32%"
"02/26/2016","9,569.90","9,645.02","9,711.07","9,488.19","","-0.87%"
"02/25/2016","9,654.00","9,608.10","9,733.34","9,562.06","","0.31%"
"02/24/2016","9,624.32","9,599.21","9,814.54","9,568.64","","0.19%"
"02/23/2016","9,606.39","9,464.54","9,611.81","9,452.83","","1.51%"
"02/22/2016","9,463.18","9,600.82","9,602.35","9,412.35","","-1.57%"
"02/19/2016","9,613.75","9,636.80","9,668.78","9,551.88","","-0.20%"
"02/18/2016","9,632.86","9,465.83","9,708.48","9,403.07","","1.83%"
"02/17/2016","9,459.50","9,401.15","9,505.49","9,362.39","","0.71%"
"02/16/2016","9,392.40","9,469.12","9,531.25","9,324.03","","-0.81%"
"02/15/2016","9,468.82","9,650.89","9,666.86","9,412.42","","-2.29%"
"02/12/2016","9,690.88","9,764.42","9,771.87","9,649.68","","-0.73%"
"02/11/2016","9,762.21","9,378.83","9,874.99","9,366.54","","4.13%"
"02/10/2016","9,374.70","9,309.93","9,379.07","9,250.74","","0.73%"
"02/09/2016","9,307.21","9,319.25","9,390.58","9,283.81","","-0.01%"
"02/08/2016","9,308.54","9,168.17","9,403.70","9,116.26","","1.32%"
"02/05/2016","9,186.86","9,045.98","9,199.33","8,968.11","","1.57%"
"02/04/2016","9,045.29","8,945.83","9,064.97","8,922.54","","1.15%"
"02/03/2016","8,942.72","8,841.26","8,973.05","8,803.92","","1.20%"
"02/02/2016","8,837.02","8,841.69","8,853.24","8,788.92","","0.05%"
"02/01/2016","8,832.71","8,752.83","8,848.55","8,740.25","","0.93%"
"01/29/2016","8,751.12","8,728.55","8,758.81","8,682.74","","0.26%"
"01/28/2016","8,728.10","8,808.81","8,816.64","8,706.58","","-0.88%"
"01/27/2016","8,806.01","8,770.44","8,834.65","8,730.39","","0.44%"
"01/26/2016","8,767.72","8,679.92","8,796.40","8,669.20","","1.01%"
"01/25/2016","8,680.18","8,596.18","8,684.15","8,592.27","","0.97%"
"01/22/2016","8,596.64","8,625.19","8,636.94","8,566.78","","-0.26%"
"01/21/2016","8,618.95","8,624.80","8,651.62","8,554.83","","0.00%"
"01/20/2016","8,618.72","8,516.71","8,689.13","8,516.67","","1.33%"
"01/19/2016","8,505.96","8,525.60","8,571.36","8,479.67","","-0.21%"
"01/18/2016","8,523.74","8,531.58","8,562.00","8,514.20","","0.02%"
"01/15/2016","8,522.17","8,443.15","8,594.07","8,426.70","","0.99%"
"01/14/2016","8,438.78","8,562.95","8,577.28","8,389.90","","-1.40%"
"01/13/2016","8,558.27","8,513.62","8,579.66","8,453.72","","0.57%"
"01/12/2016","8,509.64","8,572.58","8,608.36","8,483.94","","-0.66%"
"01/11/2016","8,566.10","8,648.26","8,680.24","8,565.25","","-0.88%"
"01/08/2016","8,642.36","8,683.14","8,710.15","8,564.63","","-0.46%"
"01/07/2016","8,681.90","8,563.33","8,695.58","8,545.09","","1.40%"
"01/06/2016","8,562.11","8,443.15","8,579.19","8,417.11","","1.54%"
"01/05/2016","8,432.60","8,408.26","8,475.37","8,398.91","","0.29%"
"01/04/2016","8,407.85","8,341.71","8,485.23","8,314.65","","1.28%"
"01/01/2016","8,301.68","8,301.68","8,301.68","8,301.68","","-0.01%"
"12/31/2015","8,302.15","8,313.56","8,329.61","8,288.22","","-0.07%"
"12/30/2015","8,307.63","8,371.50","8,398.32","8,294.96","","-0.73%"
"12/29/2015","8,369.10","8,370.67","8,423.29","8,357.21","","0.00%"
"12/28/2015","8,368.78","8,425.14","8,434.14","8,350.17","","-0.62%"
"12/25/2015","8,421.17","8,424.16","8,424.16","8,424.16","","0.03%"
"12/24/2015","8,418.27","8,382.06","8,438.17","8,380.15","","0.55%"
"12/23/2015","8,372.62","8,398.12","8,424.55","8,364.84","","-0.25%"
"12/22/2015","8,393.76","8,443.49","8,464.48","8,392.76","","-0.57%"
"12/21/2015","8,441.60","8,346.40","8,471.14","8,330.40","","1.15%"
"12/18/2015","8,345.29","8,239.92","8,385.40","8,229.74","","1.36%"
"12/17/2015","8,233.32","8,401.26","8,403.02","8,202.76","","-1.89%"
"12/16/2015","8,392.27","8,310.03","8,446.08","8,306.90","","1.09%"
"12/15/2015","8,302.15","8,299.86","8,368.37","8,297.12","","0.03%"
"12/14/2015","8,300.03","8,409.83","8,438.56","8,301.38","","-1.31%"
"12/11/2015","8,409.89","8,391.42","8,457.36","8,319.86","","0.26%"
"12/10/2015","8,388.20","8,395.78","8,429.09","8,376.90","","-0.11%"
"12/09/2015","8,397.68","8,416.53","8,500.31","8,375.73","","-0.19%"
"12/08/2015","8,413.34","8,388.73","8,447.41","8,360.34","","0.34%"
"12/07/2015","8,385.15","8,503.40","8,511.46","8,378.51","","-1.45%"
"12/04/2015","8,508.16","8,316.30","8,527.91","8,285.56","","2.33%"
"12/03/2015","8,314.13","8,254.05","8,345.42","8,192.00","","0.82%"
"12/02/2015","8,246.24","8,367.98","8,390.25","8,227.94","","-1.51%"
"12/01/2015","8,372.46","8,337.05","8,416.09","8,326.36","","0.46%"
"11/30/2015","8,333.94","8,283.41","8,370.13","8,246.22","","0.67%"
"11/27/2015","8,278.11","8,392.99","8,408.70","8,243.83","","-1.33%"
"11/26/2015","8,389.85","8,389.47","8,417.74","8,376.98","","0.05%"
"11/25/2015","8,385.62","8,424.36","8,463.93","8,361.79","","-0.41%"
"11/24/2015","8,420.30","8,373.42","8,464.91","8,370.72","","0.62%"
"11/23/2015","8,368.70","8,432.92","8,432.92","8,354.86","","-0.81%"
"11/20/2015","8,437.22","8,476.03","8,518.86","8,423.88","","-0.39%"
"11/19/2015","8,470.49","8,383.99","8,507.74","8,376.39","","1.06%"
"11/18/2015","8,381.31","8,388.69","8,403.01","8,342.72","","0.05%"
"11/17/2015","8,376.93","8,480.26","8,495.06","8,344.92","","-1.16%"
"11/16/2015","8,474.88","8,485.42","8,600.92","8,467.65","","-0.10%"
"11/13/2015","8,483.02","8,496.74","8,522.15","8,456.97","","-0.14%"
"11/12/2015","8,495.24","8,505.28","8,531.63","8,414.53","","-0.05%"
"11/11/2015","8,499.54","8,750.27","8,783.11","8,488.79","","-2.83%"
"11/10/2015","8,746.76","8,769.90","8,791.90","8,717.18","","-0.26%"
"11/09/2015","8,769.24","8,752.31","8,800.66","8,740.43","","0.25%"
"11/06/2015","8,747.56","8,870.36","8,920.18","8,716.34","","-1.29%"
"11/05/2015","8,861.51","8,896.09","8,927.65","8,856.46","","-0.36%"
"11/04/2015","8,893.23","8,974.79","9,017.58","8,885.17","","-0.88%"
"11/03/2015","8,972.32","9,101.22","9,142.06","8,950.29","","-1.39%"
"11/02/2015","9,099.19","9,168.27","9,179.19","9,097.17","","-0.77%"
"10/30/2015","9,170.26","9,201.72","9,238.77","9,150.20","","-0.31%"
"10/29/2015","9,198.85","9,283.54","9,337.99","9,191.52","","-0.87%"
"10/28/2015","9,279.87","9,370.67","9,498.75","9,255.15","","-0.91%"
"10/27/2015","9,364.99","9,340.55","9,386.13","9,322.05","","0.26%"
"10/26/2015","9,340.50","9,350.59","9,392.95","9,333.85","","-0.07%"
"10/23/2015","9,347.40","9,363.44","9,475.17","9,308.19","","-0.12%"
"10/22/2015","9,359.05","9,371.43","9,412.62","9,338.06","","-0.10%"
"10/21/2015","9,368.60","9,441.69","9,472.45","9,346.50","","-0.77%"
"10/20/2015","9,440.87","9,402.38","9,482.29","9,310.46","","0.44%"
"10/19/2015","9,399.12","9,445.35","9,460.60","9,384.04","","0.71%"
"10/16/2015","9,332.82","9,375.66","9,394.73","9,313.37","","-0.49%"
"10/15/2015","9,378.81","9,274.26","9,445.61","9,245.29","","1.10%"
"10/14/2015","9,277.06","9,151.76","9,320.70","9,114.53","","1.42%"
"10/13/2015","9,147.01","9,110.65","9,155.68","9,018.14","","0.40%"
"10/12/2015","9,110.99","9,049.15","9,156.97","9,043.13","","0.65%"
"10/09/2015","9,052.34","8,918.11","9,084.22","8,916.86","","1.53%"
"10/08/2015","8,916.02","8,968.62","9,017.99","8,903.20","","-0.56%"
"10/07/2015","8,965.82","8,981.89","9,034.15","8,941.49","","-0.18%"
"10/06/2015","8,981.79","8,892.98","9,016.89","8,887.81","","1.04%"
"10/05/2015","8,889.40","8,910.17","8,943.29","8,849.17","","-0.24%"
"10/02/2015","8,910.93","8,723.30","8,940.94","8,650.05","","2.24%"
"10/01/2015","8,716.04","8,730.51","8,764.37","8,700.48","","-0.13%"
"09/30/2015","8,727.00","8,828.07","8,833.86","8,706.82","","-1.10%"
"09/29/2015","8,823.63","8,865.58","8,886.13","8,804.74","","-0.42%"
"09/28/2015","8,860.82","8,971.67","8,991.64","8,833.94","","-1.24%"
"09/25/2015","8,972.08","9,035.99","9,035.99","8,933.62","","-0.67%"
"09/24/2015","9,032.77","8,851.17","9,057.37","8,851.09","","2.09%"
"09/23/2015","8,847.51","8,806.15","8,883.31","8,784.33","","0.54%"
"09/22/2015","8,800.22","8,874.15","8,898.87","8,778.05","","-0.81%"
"09/21/2015","8,872.17","8,923.13","8,929.51","8,848.78","","-0.43%"
"09/18/2015","8,910.33","8,857.27","8,938.08","8,824.39","","0.67%"
"09/17/2015","8,851.25","8,766.13","8,874.61","8,734.53","","1.02%"
"09/16/2015","8,762.24","8,654.99","8,807.75","8,644.18","","1.29%"
"09/15/2015","8,651.05","8,681.18","8,688.62","8,635.72","","-0.34%"
"09/14/2015","8,680.73","8,674.13","8,697.23","8,638.02","","0.12%"
"09/11/2015","8,670.16","8,697.27","8,717.39","8,603.27","","-0.27%"
"09/10/2015","8,693.34","8,673.42","8,732.66","8,643.60","","0.26%"
"09/09/2015","8,670.63","8,782.23","8,815.27","8,624.76","","-1.25%"
"09/08/2015","8,780.25","8,764.17","8,824.19","8,758.11","","0.20%"
"09/07/2015","8,762.55","8,792.30","8,807.05","8,743.04","","-0.15%"
"09/04/2015","8,775.42","8,809.52","8,846.51","8,745.65","","-0.32%"
"09/03/2015","8,803.20","8,878.89","8,883.58","8,781.92","","-0.83%"
"09/02/2015","8,876.48","8,924.66","8,949.16","8,865.93","","-0.48%"
"09/01/2015","8,919.72","8,887.15","8,987.37","8,883.11","","0.40%"
"08/31/2015","8,884.31","8,873.40","8,902.10","8,816.21","","0.11%"
"08/28/2015","8,874.91","8,807.67","8,935.46","8,799.73","","0.81%"
"08/27/2015","8,803.35","8,812.02","8,845.73","8,756.46","","-0.05%"
"08/26/2015","8,807.97","8,933.70","8,979.31","8,749.95","","-1.39%"
"08/25/2015","8,932.46","9,044.96","9,059.56","8,886.52","","-1.20%"
"08/24/2015","9,040.60","9,113.58","9,144.72","8,980.40","","-0.46%"
"08/21/2015","9,082.09","9,019.33","9,148.26","8,993.55","","0.78%"
"08/20/2015","9,012.05","8,879.32","9,037.03","8,869.14","","1.51%"
"08/19/2015","8,878.12","8,749.64","8,885.78","8,737.70","","1.55%"
"08/18/2015","8,742.95","8,751.73","8,782.38","8,686.35","","-0.05%"
"08/17/2015","8,747.28","8,722.63","8,792.95","8,717.74","","0.24%"
"08/14/2015","8,726.14","8,730.19","8,781.01","8,705.96","","-0.02%"
"08/13/2015","8,727.71","8,804.19","8,828.03","8,719.27","","-0.85%"
"08/12/2015","8,802.09","8,681.15","8,815.27","8,624.20","","1.47%"
"08/11/2015","8,674.87","8,649.12","8,762.61","8,564.71","","0.33%"
"08/10/2015","8,646.75","8,566.47","8,687.05","8,530.47","","0.96%"
"08/07/2015","8,564.14","8,530.88","8,612.08","8,481.08","","0.41%"
"08/06/2015","8,529.22","8,501.44","8,568.23","8,483.86","","0.43%"
"08/05/2015","8,492.50","8,514.03","8,551.55","8,477.16","","-0.16%"
"08/04/2015","8,505.78","8,501.74","8,572.10","8,461.58","","0.12%"
"08/03/2015","8,495.99","8,575.82","8,597.12","8,498.72","","-0.94%"
"07/31/2015","8,576.98","8,522.60","8,642.07","8,453.37","","0.79%"
"07/30/2015","8,509.61","8,586.79","8,602.84","8,475.06","","-0.87%"
"07/29/2015","8,584.11","8,577.12","8,627.50","8,537.03","","0.16%"
"07/28/2015","8,570.01","8,566.90","8,605.03","8,547.01","","0.10%"
"07/27/2015","8,561.79","8,609.53","8,655.26","8,528.84","","-0.45%"
"07/24/2015","8,600.08","8,539.49","8,628.52","8,436.49","","0.76%"
"07/23/2015","8,535.56","8,568.11","8,659.84","8,512.60","","-0.31%"
"07/22/2015","8,562.18","8,622.14","8,640.03","8,511.37","","-0.66%"
"07/21/2015","8,618.95","8,584.08","8,691.74","8,582.72","","0.44%"
"07/20/2015","8,580.90","8,874.19","8,874.58","8,522.62","","-3.34%"
"07/17/2015","8,877.65","8,966.66","8,982.63","8,857.47","","-0.96%"
"07/16/2015","8,963.98","8,999.51","9,002.64","8,945.75","","-0.37%"
"07/15/2015","8,997.14","9,049.97","9,059.37","8,956.80","","-0.52%"
"07/14/2015","9,044.04","9,067.59","9,081.65","9,027.75","","-0.21%"
"07/13/2015","9,063.11","9,108.70","9,117.82","9,014.39","","-0.50%"
"07/10/2015","9,108.33","9,077.38","9,125.72","9,066.42","","0.39%"
"07/09/2015","9,072.62","9,067.90","9,140.37","9,049.57","","0.17%"
"07/08/2015","9,056.85","9,049.27","9,119.08","8,982.63","","0.03%"
"07/07/2015","9,053.91","9,048.13","9,157.44","8,991.64","","0.24%"
"07/06/2015","9,032.59","9,145.03","9,201.09","8,994.17","","0.13%"
"07/03/2015","9,020.71","9,012.65","9,043.67","9,001.40","","0.18%"
"07/02/2015","9,004.65","8,917.24","9,036.47","8,874.70","","1.00%"
"07/01/2015","8,915.27","8,945.55","8,972.94","8,908.96","","-0.25%"
"06/30/2015","8,937.71","9,002.35","9,009.20","8,899.69","","-0.66%"
"06/29/2015","8,997.37","9,038.99","9,056.16","8,954.82","","0.49%"
"06/26/2015","8,953.35","8,946.04","8,989.31","8,908.29","","0.23%"
"06/25/2015","8,932.62","8,968.44","8,992.59","8,929.60","","-0.38%"
"06/24/2015","8,966.39","8,990.67","9,006.90","8,933.28","","-0.19%"
"06/23/2015","8,983.78","9,048.17","9,069.27","8,972.29","","-0.68%"
"06/22/2015","9,044.98","9,157.93","9,164.83","9,021.01","","-1.10%"
"06/19/2015","9,145.88","9,168.24","9,187.88","9,139.91","","-0.18%"
"06/18/2015","9,162.28","9,042.41","9,197.88","9,031.83","","1.41%"
"06/17/2015","9,035.14","9,019.10","9,075.67","8,962.22","","0.23%"
"06/16/2015","9,014.16","9,050.09","9,066.52","8,974.65","","-0.33%"
"06/15/2015","9,044.01","9,011.19","9,081.94","8,946.58","","0.38%"
"06/12/2015","9,009.66","9,018.42","9,038.75","8,979.54","","-0.06%"
"06/11/2015","9,014.92","9,049.85","9,065.88","8,973.29","","-0.35%"
"06/10/2015","9,046.55","8,979.04","9,099.71","8,967.03","","0.80%"
"06/09/2015","8,974.94","8,957.68","9,029.52","8,947.19","","0.23%"
"06/08/2015","8,954.76","8,916.36","8,981.36","8,914.45","","0.22%"
"06/05/2015","8,934.73","8,979.04","8,995.64","8,872.53","","-0.39%"
"06/04/2015","8,969.45","9,041.99","9,053.21","8,947.38","","-0.74%"
"06/03/2015","9,036.21","9,103.61","9,122.33","9,003.31","","-0.68%"
"06/02/2015","9,097.78","9,074.49","9,128.94","9,045.48","","0.30%"
"06/01/2015","9,070.54","9,086.63","9,192.08","9,035.03","","-0.08%"
"05/29/2015","9,077.41","9,067.93","9,106.88","9,055.65","","0.14%"
"05/28/2015","9,064.82","9,064.88","9,098.46","9,010.71","","0.06%"
"05/27/2015","9,059.10","9,059.16","9,088.15","9,035.08","","0.08%"
"05/26/2015","9,052.23","9,209.09","9,215.20","9,042.29","","-1.69%"
"05/25/2015","9,207.88","9,192.34","9,225.99","9,175.53","","0.12%"
"05/22/2015","9,197.28","9,204.13","9,271.54","9,169.34","","-0.01%"
"05/21/2015","9,198.35","9,227.94","9,255.14","9,169.76","","-0.34%"
"05/20/2015","9,229.32","9,208.51","9,260.02","9,178.65","","0.25%"
"05/19/2015","9,206.04","9,349.67","9,356.54","9,192.83","","-1.50%"
"05/18/2015","9,346.22","9,336.89","9,404.80","9,320.11","","0.16%"
"05/15/2015","9,330.87","9,314.23","9,354.24","9,239.75","","0.26%"
"05/14/2015","9,306.31","9,272.74","9,365.97","9,245.55","","0.42%"
"05/13/2015","9,267.58","9,110.78","9,300.01","9,089.60","","1.77%"
"05/12/2015","9,106.18","9,032.99","9,132.98","9,007.02","","0.85%"
"05/11/2015","9,029.19","9,071.75","9,094.06","8,998.99","","-0.40%"
"05/08/2015","9,065.58","9,037.26","9,107.04","9,018.07","","0.39%"
"05/07/2015","9,030.33","9,093.19","9,100.40","8,996.17","","-0.60%"
"05/06/2015","9,084.43","9,103.72","9,140.15","9,064.31","","-0.17%"
"05/05/2015","9,100.15","9,067.17","9,155.87","9,047.64","","0.39%"
"05/04/2015","9,064.82","8,988.31","9,105.51","8,984.22","","0.87%"
"05/01/2015","8,986.61","8,986.61","8,986.61","8,986.61","","-0.52%"
"04/30/2015","9,033.54","9,189.33","9,213.78","8,981.90","","-1.63%"
"04/29/2015","9,183.55","9,248.00","9,258.68","9,165.69","","-0.66%"
"04/28/2015","9,244.51","9,171.93","9,274.44","9,148.67","","0.82%"
"04/27/2015","9,169.35","9,001.13","9,212.45","8,993.54","","2.01%"
"04/24/2015","8,988.58","9,108.06","9,125.03","8,964.32","","-1.24%"
"04/23/2015","9,101.58","9,058.70","9,141.05","9,034.94","","0.52%"
"04/22/2015","9,054.14","9,175.14","9,194.97","9,047.95","","-1.25%"
"04/21/2015","9,168.59","9,124.78","9,190.51","9,101.58","","0.51%"
"04/20/2015","9,121.67","9,190.44","9,227.59","9,091.67","","-0.69%"
"04/17/2015","9,185.07","9,144.54","9,217.98","9,135.38","","0.46%"
"04/16/2015","9,142.65","9,175.22","9,228.36","9,117.49","","-0.30%"
"04/15/2015","9,170.12","9,101.05","9,194.02","9,069.65","","0.80%"
"04/14/2015","9,097.10","9,146.53","9,170.56","9,034.78","","-0.52%"
"04/13/2015","9,144.56","9,210.99","9,230.27","9,130.34","","-0.67%"
"04/10/2015","9,206.51","9,116.00","9,239.99","9,105.13","","1.05%"
"04/09/2015","9,110.60","9,175.14","9,186.24","9,099.98","","-0.64%"
"04/08/2015","9,169.35","9,226.26","9,251.63","9,139.66","","-0.56%"
"04/07/2015","9,220.86","9,266.77","9,277.99","9,209.70","","-0.50%"
"04/06/2015","9,267.02","9,275.32","9,340.05","9,262.81","","0.43%"
"04/03/2015","9,227.78","9,170.57","9,246.46","9,151.00","","0.70%"
"04/02/2015","9,164.03","9,185.82","9,214.62","9,117.22","","-0.22%"
"04/01/2015","9,184.23","9,027.06","9,225.99","9,009.38","","1.80%"
"03/31/2015","9,021.90","9,048.06","9,087.96","8,989.64","","-0.30%"
"03/30/2015","9,048.80","9,146.52","9,151.79","9,022.35","","-1.03%"
"03/27/2015","9,143.03","9,193.87","9,205.16","9,100.02","","-0.51%"
"03/26/2015","9,190.34","9,121.72","9,306.76","9,113.71","","0.78%"
"03/25/2015","9,118.99","9,105.32","9,156.25","9,055.73","","0.18%"
"03/24/2015","9,102.97","9,075.56","9,122.30","9,043.75","","0.33%"
"03/23/2015","9,073.14","9,025.21","9,094.45","8,997.93","","0.59%"
"03/20/2015","9,019.65","8,938.15","9,067.28","8,915.90","","0.97%"
"03/19/2015","8,933.20","8,904.02","8,984.07","8,847.05","","0.36%"
"03/18/2015","8,901.43","8,773.64","8,958.98","8,739.07","","1.49%"
"03/17/2015","8,770.69","8,808.99","8,845.14","8,722.52","","-0.32%"
"03/16/2015","8,799.25","8,833.85","8,883.14","8,776.66","","-0.24%"
"03/13/2015","8,820.52","8,799.95","8,864.17","8,782.17","","0.29%"
"03/12/2015","8,795.06","8,815.88","8,901.75","8,763.10","","-0.20%"
"03/11/2015","8,812.65","8,864.10","8,893.59","8,755.98","","-0.54%"
"03/10/2015","8,860.18","8,904.12","8,933.83","8,816.69","","-0.48%"
"03/09/2015","8,903.07","8,914.19","8,971.03","8,895.49","","-0.02%"
"03/06/2015","8,904.44","9,141.49","9,165.03","8,880.42","","-2.58%"
"03/05/2015","9,140.21","9,158.92","9,229.50","9,128.97","","-0.17%"
"03/04/2015","9,155.62","9,183.72","9,227.02","9,143.09","","-0.27%"
"03/03/2015","9,180.42","9,208.74","9,269.75","9,120.20","","-0.29%"
"03/02/2015","9,206.74","9,257.16","9,336.13","9,191.74","","-0.51%"
"02/27/2015","9,253.66","9,229.12","9,305.61","9,190.02","","0.31%"
"02/26/2015","9,225.43","9,193.18","9,311.90","9,183.91","","0.43%"
"02/25/2015","9,185.76","9,159.34","9,249.53","9,157.02","","0.33%"
"02/24/2015","9,156.00","9,170.17","9,191.27","9,088.57","","-0.12%"
"02/23/2015","9,167.06","9,168.62","9,236.75","9,086.20","","0.02%"
"02/20/2015","9,165.54","9,208.13","9,271.66","9,144.05","","-0.43%"
"02/19/2015","9,204.98","9,252.05","9,334.79","9,197.83","","-0.48%"
"02/18/2015","9,249.09","9,229.27","9,256.43","9,140.38","","0.24%"
"02/17/2015","9,227.11","9,392.98","9,415.86","9,184.67","","-1.77%"
"02/16/2015","9,393.29","9,374.28","9,436.28","9,370.51","","0.25%"
"02/13/2015","9,370.21","9,318.39","9,423.27","9,313.24","","0.63%"
"02/12/2015","9,311.65","9,294.94","9,403.24","9,281.03","","0.25%"
"02/11/2015","9,288.02","9,387.19","9,455.35","9,277.21","","-1.04%"
"02/10/2015","9,385.41","9,453.33","9,508.76","9,383.38","","-0.67%"
"02/09/2015","9,448.61","9,417.78","9,491.98","9,416.94","","0.41%"
"02/06/2015","9,410.31","9,649.46","9,684.06","9,374.58","","-2.46%"
"02/05/2015","9,647.37","9,680.15","9,720.69","9,588.38","","-0.21%"
"02/04/2015","9,667.49","9,616.15","9,703.02","9,589.94","","0.57%"
"02/03/2015","9,612.27","9,697.87","9,807.78","9,580.25","","-0.85%"
"02/02/2015","9,694.76","9,762.24","9,765.77","9,649.85","","-0.48%"
"01/30/2015","9,741.61","9,545.63","9,754.16","9,543.35","","2.13%"
"01/29/2015","9,538.35","9,594.53","9,701.66","9,501.72","","-0.55%"
"01/28/2015","9,590.73","9,614.40","9,664.68","9,567.64","","-0.23%"
"01/27/2015","9,613.22","9,534.38","9,655.44","9,468.92","","0.87%"
"01/26/2015","9,530.27","9,576.00","9,614.18","9,474.47","","-0.47%"
"01/23/2015","9,575.60","9,637.08","9,641.34","9,505.22","","-0.58%"
"01/22/2015","9,631.47","9,506.67","9,668.17","9,433.61","","1.37%"
"01/21/2015","9,501.35","9,452.83","9,594.39","9,420.72","","0.56%"
"01/20/2015","9,448.39","9,255.06","9,470.72","9,236.21","","2.08%"
"01/19/2015","9,256.08","9,215.20","9,274.92","9,175.82","","1.16%"
"01/16/2015","9,149.86","9,030.08","9,165.47","8,974.31","","1.39%"
"01/15/2015","9,024.02","8,787.99","9,055.86","8,766.32","","2.76%"
"01/14/2015","8,781.63","8,798.39","8,897.17","8,759.35","","-0.17%"
"01/13/2015","8,796.65","8,818.55","8,893.95","8,775.94","","-0.19%"
"01/12/2015","8,813.45","8,745.37","8,840.08","8,712.23","","0.82%"
"01/09/2015","8,741.95","8,643.34","8,749.88","8,630.83","","1.15%"
"01/08/2015","8,642.92","8,658.75","8,698.68","8,613.74","","-0.18%"
"01/07/2015","8,658.65","8,714.13","8,718.95","8,643.16","","-0.60%"
"01/06/2015","8,710.85","8,600.97","8,743.26","8,579.19","","1.46%"
"01/05/2015","8,585.35","8,503.84","8,624.17","8,459.58","","1.06%"
"01/02/2015","8,494.92","8,455.29","8,541.10","8,356.62","","0.55%"
"01/01/2015","8,448.44","8,466.02","8,470.31","8,451.18","","-0.18%"
"12/31/2014","8,463.46","8,583.99","8,609.02","8,434.02","","-1.37%"
"12/30/2014","8,581.07","8,460.33","8,653.71","8,443.79","","1.48%"
"12/29/2014","8,455.59","8,552.03","8,563.26","8,432.38","","-1.10%"
"12/26/2014","8,549.61","8,387.72","8,576.95","8,387.72","","1.91%"
"12/25/2014","8,389.10","8,392.73","8,393.27","8,392.20","","0.00%"
"12/24/2014","8,389.10","8,410.82","8,449.04","8,386.47","","-0.21%"
"12/23/2014","8,406.97","8,409.28","8,474.78","8,384.62","","0.00%"
"12/22/2014","8,407.18","8,549.24","8,595.97","8,370.81","","-1.65%"
"12/19/2014","8,548.04","8,568.45","8,592.40","8,535.38","","-0.16%"
"12/18/2014","8,561.77","8,504.92","8,674.62","8,498.52","","0.69%"
"12/17/2014","8,502.78","8,558.25","8,602.33","8,467.56","","-0.61%"
"12/16/2014","8,555.33","8,529.72","8,736.47","8,498.94","","0.34%"
"12/15/2014","8,526.38","8,741.80","8,754.74","8,515.64","","-2.42%"
"12/12/2014","8,737.80","8,778.83","8,782.41","8,693.39","","-0.43%"
"12/11/2014","8,775.55","8,767.04","8,816.19","8,695.54","","0.09%"
"12/10/2014","8,767.54","8,802.79","8,855.23","8,759.28","","-0.36%"
"12/09/2014","8,799.51","8,605.45","8,854.70","8,575.88","","2.29%"
"12/08/2014","8,602.24","8,530.37","8,640.98","8,489.22","","0.94%"
"12/05/2014","8,521.73","8,616.89","8,637.44","8,482.47","","-1.08%"
"12/04/2014","8,615.11","8,648.34","8,677.23","8,589.97","","-0.35%"
"12/03/2014","8,644.99","8,566.83","8,687.85","8,541.45","","0.92%"
"12/02/2014","8,566.34","8,666.94","8,672.48","8,524.15","","-1.14%"
"12/01/2014","8,664.80","8,343.40","8,732.72","8,173.62","","3.84%"
"11/28/2014","8,344.34","8,513.57","8,521.08","8,332.32","","-1.99%"
"11/27/2014","8,513.79","8,565.05","8,579.17","8,478.71","","-0.58%"
"11/26/2014","8,563.05","8,586.49","8,599.37","8,543.99","","-0.24%"
"11/25/2014","8,583.93","8,559.83","8,602.77","8,513.56","","0.34%"
"11/24/2014","8,554.98","8,592.42","8,611.31","8,529.12","","-0.39%"
"11/21/2014","8,588.22","8,535.73","8,636.83","8,486.76","","0.65%"
"11/20/2014","8,532.45","8,455.90","8,561.29","8,415.14","","0.93%"
"11/19/2014","8,453.45","8,559.33","8,598.12","8,407.03","","-1.19%"
"11/18/2014","8,555.69","8,484.61","8,615.28","8,460.66","","0.86%"
"11/17/2014","8,482.55","8,499.63","8,539.70","8,449.18","","-0.15%"
"11/14/2014","8,495.27","8,311.94","8,535.15","8,200.75","","2.22%"
"11/13/2014","8,311.16","8,314.08","8,351.62","8,252.09","","0.00%"
"11/12/2014","8,310.87","8,324.81","8,367.35","8,275.62","","-0.13%"
"11/11/2014","8,321.53","8,233.64","8,389.97","8,195.10","","1.12%"
"11/10/2014","8,229.51","8,431.70","8,434.56","8,203.36","","-2.24%"
"11/07/2014","8,417.70","8,164.61","8,429.34","8,094.75","","3.15%"
"11/06/2014","8,161.01","8,154.21","8,220.95","8,138.19","","0.11%"
"11/05/2014","8,151.72","8,354.12","8,364.67","8,134.61","","-2.39%"
"11/04/2014","8,351.34","8,333.38","8,395.06","8,322.30","","0.23%"
"11/03/2014","8,331.90","8,391.30","8,394.34","8,309.08","","-0.65%"
"10/31/2014","8,386.24","8,571.12","8,601.55","8,304.97","","-2.12%"
"10/30/2014","8,567.63","8,667.47","8,700.54","8,551.46","","-1.10%"
"10/29/2014","8,662.73","8,783.48","8,800.82","8,641.77","","-1.36%"
"10/28/2014","8,782.56","8,769.54","8,833.86","8,741.65","","0.18%"
"10/27/2014","8,766.90","8,803.15","8,810.65","8,762.31","","-0.35%"
"10/24/2014","8,798.08","8,807.44","8,826.20","8,786.70","","-0.09%"
"10/23/2014","8,806.15","8,875.00","8,901.64","8,768.90","","-0.76%"
"10/22/2014","8,873.51","8,927.91","8,937.03","8,869.75","","-0.60%"
"10/21/2014","8,926.78","8,915.04","8,976.35","8,903.96","","0.15%"
"10/20/2014","8,913.12","8,853.12","8,928.59","8,827.13","","0.71%"
"10/17/2014","8,850.63","8,859.27","8,880.54","8,807.07","","-0.06%"
"10/16/2014","8,855.63","8,880.36","8,904.85","8,835.49","","-0.26%"
"10/15/2014","8,879.01","8,814.58","8,935.17","8,736.90","","0.75%"
"10/14/2014","8,812.73","8,835.92","8,852.77","8,802.79","","-0.23%"
"10/13/2014","8,833.11","8,747.02","8,849.01","8,746.48","","1.03%"
"10/10/2014","8,742.66","8,752.74","8,763.78","8,704.12","","-0.10%"
"10/09/2014","8,751.53","8,731.14","8,819.77","8,716.48","","0.25%"
"10/08/2014","8,729.36","8,645.48","8,749.48","8,615.92","","1.01%"
"10/07/2014","8,642.13","8,631.90","8,674.26","8,601.51","","0.14%"
"10/06/2014","8,630.05","8,516.07","8,644.95","8,464.48","","1.33%"
"10/03/2014","8,516.37","8,684.09","8,691.78","8,508.89","","-1.92%"
"10/02/2014","8,683.03","8,679.81","8,737.44","8,642.95","","0.07%"
"10/01/2014","8,676.53","8,638.33","8,721.45","8,614.02","","0.47%"
"09/30/2014","8,636.13","8,693.75","8,722.78","8,613.31","","-0.62%"
"09/29/2014","8,690.11","8,718.77","8,749.70","8,687.17","","-0.19%"
"09/26/2014","8,706.98","8,734.22","8,797.06","8,668.37","","-0.29%"
"09/25/2014","8,732.58","8,701.97","8,758.28","8,630.29","","0.38%"
"09/24/2014","8,699.19","8,747.20","8,766.86","8,693.75","","-0.52%"
"09/23/2014","8,744.45","8,689.10","8,830.60","8,681.63","","0.68%"
"09/22/2014","8,685.18","8,697.97","8,727.67","8,642.12","","-0.05%"
"09/19/2014","8,689.32","8,759.88","8,785.91","8,679.52","","-0.78%"
"09/18/2014","8,757.61","8,748.44","8,780.80","8,696.64","","0.17%"
"09/17/2014","8,742.59","8,834.24","8,861.95","8,735.90","","-1.01%"
"09/16/2014","8,832.11","8,819.08","8,881.98","8,808.01","","0.17%"
"09/15/2014","8,817.38","8,783.12","8,855.88","8,763.82","","0.32%"
"09/12/2014","8,789.50","8,872.86","8,879.22","8,777.26","","-0.90%"
"09/11/2014","8,869.58","8,935.85","8,940.96","8,829.99","","-0.74%"
"09/10/2014","8,936.07","8,975.81","8,995.30","8,893.80","","-0.43%"
"09/09/2014","8,975.04","8,978.39","8,996.98","8,920.05","","0.01%"
"09/08/2014","8,973.97","9,071.63","9,094.22","8,948.83","","-1.04%"
"09/05/2014","9,068.56","9,018.08","9,107.31","8,989.40","","0.55%"
"09/04/2014","9,018.58","9,077.35","9,132.58","9,012.49","","-0.60%"
"09/03/2014","9,072.99","9,047.67","9,091.47","9,019.40","","0.31%"
"09/02/2014","9,045.39","9,203.90","9,217.31","9,028.44","","-1.73%"
"09/01/2014","9,204.48","9,202.47","9,225.89","9,172.08","","0.04%"
"08/29/2014","9,201.19","9,220.71","9,234.47","9,176.23","","-0.21%"
"08/28/2014","9,220.21","9,172.80","9,271.65","9,169.08","","0.56%"
"08/27/2014","9,169.09","9,160.65","9,207.66","9,153.14","","0.06%"
"08/26/2014","9,163.30","9,128.83","9,231.61","9,119.67","","0.39%"
"08/25/2014","9,127.62","9,134.15","9,164.58","9,111.88","","-0.32%"
"08/22/2014","9,156.93","9,129.19","9,175.84","9,111.67","","0.33%"
"08/21/2014","9,126.62","9,236.08","9,238.94","9,104.95","","-1.17%"
"08/20/2014","9,234.58","9,264.25","9,280.88","9,210.90","","-0.30%"
"08/19/2014","9,262.47","9,281.83","9,313.83","9,252.56","","-0.21%"
"08/18/2014","9,282.42","9,322.95","9,324.20","9,264.50","","-0.48%"
"08/15/2014","9,326.75","9,391.95","9,406.07","9,242.51","","-0.67%"
"08/14/2014","9,389.59","9,385.52","9,433.24","9,359.06","","0.06%"
"08/13/2014","9,383.59","9,363.81","9,404.64","9,328.31","","0.27%"
"08/12/2014","9,358.64","9,354.41","9,423.58","9,335.11","","0.06%"
"08/11/2014","9,352.77","9,361.92","9,378.72","9,331.17","","-0.06%"
"08/08/2014","9,358.64","9,386.15","9,458.98","9,339.04","","-0.27%"
"08/07/2014","9,383.95","9,338.43","9,401.24","9,309.94","","0.52%"
"08/06/2014","9,335.76","9,214.59","9,365.31","9,206.40","","1.36%"
"08/05/2014","9,210.63","9,211.05","9,250.56","9,170.87","","0.02%"
"08/04/2014","9,208.41","9,252.31","9,264.50","9,196.29","","-0.45%"
"08/01/2014","9,250.24","9,170.87","9,274.15","9,156.71","","0.89%"
"07/31/2014","9,168.45","9,263.61","9,277.37","9,159.64","","-0.99%"
"07/30/2014","9,259.97","9,287.92","9,315.05","9,237.15","","-0.24%"
"07/29/2014","9,282.13","9,324.20","9,384.27","9,263.96","","-0.44%"
"07/28/2014","9,322.81","9,354.06","9,362.92","9,304.93","","-0.25%"
"07/25/2014","9,346.48","9,244.98","9,359.06","9,225.71","","1.14%"
"07/24/2014","9,241.38","9,324.03","9,333.67","9,208.15","","-0.90%"
"07/23/2014","9,325.67","9,339.29","9,376.04","9,314.38","","-0.09%"
"07/22/2014","9,334.33","9,380.99","9,404.82","9,307.58","","-0.49%"
"07/21/2014","9,380.57","9,376.58","9,427.52","9,345.83","","0.12%"
"07/18/2014","9,369.72","9,430.21","9,472.71","9,327.10","","-0.60%"
"07/17/2014","9,426.56","9,286.49","9,467.21","9,275.76","","1.51%"
"07/16/2014","9,286.42","9,250.02","9,324.56","9,245.02","","0.40%"
"07/15/2014","9,249.60","9,344.08","9,396.06","9,237.51","","-0.98%"
"07/14/2014","9,341.48","9,569.99","9,579.63","9,317.59","","-2.37%"
"07/11/2014","9,568.13","9,550.68","9,577.42","9,536.77","","0.21%"
"07/10/2014","9,548.11","9,493.12","9,618.61","9,431.59","","0.60%"
"07/09/2014","9,490.91","9,431.99","9,523.41","9,421.80","","0.65%"
"07/08/2014","9,429.78","9,435.21","9,475.42","9,390.88","","-0.06%"
"07/07/2014","9,435.43","9,442.00","9,442.00","9,380.26","","0.01%"
"07/04/2014","9,434.64","9,434.49","9,463.63","9,428.42","","0.04%"
"07/03/2014","9,430.85","9,487.51","9,493.12","9,365.28","","-0.56%"
"07/02/2014","9,484.12","9,485.26","9,525.83","9,447.04","","0.03%"
"07/01/2014","9,480.90","9,489.91","9,526.83","9,464.56","","-0.08%"
"06/30/2014","9,488.05","9,408.04","9,505.99","9,369.07","","0.91%"
"06/27/2014","9,402.25","9,414.47","9,455.22","9,386.05","","-0.11%"
"06/26/2014","9,412.19","9,432.71","9,439.49","9,339.94","","-0.18%"
"06/25/2014","9,428.71","9,426.45","9,473.28","9,371.22","","0.06%"
"06/24/2014","9,422.99","9,420.51","9,482.94","9,393.56","","0.06%"
"06/23/2014","9,417.69","9,401.03","9,428.60","9,365.49","","0.22%"
"06/20/2014","9,397.25","9,442.36","9,454.87","9,341.37","","-0.42%"
"06/19/2014","9,436.93","9,136.33","9,452.90","9,122.79","","3.33%"
"06/18/2014","9,132.41","9,086.29","9,142.06","9,054.33","","0.55%"
"06/17/2014","9,082.65","9,093.22","9,105.95","9,003.70","","-0.10%"
"06/16/2014","9,091.94","9,130.42","9,188.84","9,084.86","","-0.39%"
"06/13/2014","9,127.39","9,105.72","9,138.42","9,086.05","","0.26%"
"06/12/2014","9,103.79","9,016.34","9,115.72","9,007.94","","1.00%"
"06/11/2014","9,013.77","9,008.83","9,047.02","8,994.53","","0.09%"
"06/10/2014","9,005.55","8,952.70","9,032.61","8,940.05","","0.60%"
"06/09/2014","8,952.21","8,962.84","8,991.14","8,949.51","","-0.05%"
"06/06/2014","8,957.06","8,963.91","8,993.40","8,910.32","","-0.04%"
"06/05/2014","8,960.63","8,894.20","8,990.55","8,874.53","","0.79%"
"06/04/2014","8,890.56","8,901.11","8,932.99","8,886.90","","-0.10%"
"06/03/2014","8,899.19","8,880.45","8,923.82","8,861.35","","0.37%"
"06/02/2014","8,866.30","8,944.38","8,944.38","8,865.16","","-0.75%"
"05/30/2014","8,932.87","8,977.98","9,013.02","8,882.49","","-0.48%"
"05/29/2014","8,975.77","8,997.88","9,011.77","8,947.83","","-0.20%"
"05/28/2014","8,993.81","9,037.54","9,063.58","8,980.75","","-0.45%"
"05/27/2014","9,034.62","9,238.11","9,245.43","9,034.72","","-2.18%"
"05/26/2014","9,236.04","9,221.67","9,433.56","9,109.24","","0.20%"
"05/23/2014","9,217.26","9,231.31","9,242.00","9,185.26","","-0.10%"
"05/22/2014","9,226.60","9,205.08","9,299.24","9,191.90","","0.26%"
"05/21/2014","9,202.59","9,211.11","9,242.15","9,144.52","","-0.07%"
"05/20/2014","9,208.94","9,201.24","9,230.42","9,152.14","","0.08%"
"05/19/2014","9,201.89","9,201.12","9,289.89","9,173.02","","0.07%"
"05/16/2014","9,195.68","9,219.29","9,235.68","9,158.26","","-0.22%"
"05/15/2014","9,216.02","9,280.77","9,294.69","9,182.66","","-0.64%"
"05/14/2014","9,275.80","9,126.41","9,302.01","9,111.92","","1.68%"
"05/13/2014","9,122.75","9,142.25","9,164.55","9,094.11","","-0.18%"
"05/12/2014","9,139.05","9,084.46","9,201.06","9,017.89","","0.69%"
"05/09/2014","9,076.30","9,083.76","9,121.31","9,056.71","","-0.04%"
"05/08/2014","9,080.17","9,068.68","9,124.44","9,050.58","","0.16%"
"05/07/2014","9,065.31","9,178.19","9,225.20","9,047.00","","-1.16%"
"05/06/2014","9,171.91","9,191.31","9,220.63","9,152.38","","-0.17%"
"05/05/2014","9,187.70","9,116.82","9,230.45","9,107.33","","0.93%"
"05/02/2014","9,103.37","8,999.83","9,143.28","8,947.59","","1.21%"
"05/01/2014","8,994.76","9,050.60","9,061.32","8,952.56","","-0.58%"
"04/30/2014","9,047.38","9,071.24","9,094.44","9,009.22","","-0.23%"
"04/29/2014","9,068.44","9,075.47","9,109.56","9,004.35","","-0.05%"
"04/28/2014","9,073.20","9,115.86","9,140.42","9,044.29","","-0.41%"
"04/25/2014","9,110.83","9,047.31","9,130.72","9,025.94","","0.76%"
"04/24/2014","9,042.28","8,981.55","9,081.97","8,873.62","","0.73%"
"04/23/2014","8,976.87","8,973.20","9,023.31","8,960.01","","0.08%"
"04/22/2014","8,969.57","9,015.20","9,037.22","8,930.21","","-0.47%"
"04/21/2014","9,011.64","9,048.47","9,096.84","8,960.32","","-0.43%"
"04/18/2014","9,050.78","9,052.24","9,057.53","9,043.51","","0.02%"
"04/17/2014","9,049.38","9,097.20","9,119.04","9,040.25","","-0.49%"
"04/16/2014","9,094.34","9,093.11","9,138.83","9,029.14","","0.06%"
"04/15/2014","9,089.07","9,266.85","9,272.08","9,008.72","","-1.91%"
"04/14/2014","9,265.73","9,201.83","9,292.99","9,201.14","","0.79%"
"04/11/2014","9,193.40","9,199.78","9,235.80","9,165.53","","-0.03%"
"04/10/2014","9,196.19","9,151.27","9,239.89","9,143.38","","0.55%"
"04/09/2014","9,145.55","9,126.94","9,174.04","9,073.42","","0.24%"
"04/08/2014","9,123.67","9,047.85","9,169.97","9,041.64","","0.89%"
"04/07/2014","9,043.11","9,087.79","9,101.05","9,035.89","","-0.45%"
"04/04/2014","9,084.14","8,971.15","9,111.99","8,952.99","","1.29%"
"04/03/2014","8,968.47","8,995.38","9,023.65","8,936.19","","-0.22%"
"04/02/2014","8,988.62","8,912.51","9,026.79","8,907.63","","0.92%"
"04/01/2014","8,906.61","8,946.56","8,976.55","8,902.54","","-0.39%"
"03/31/2014","8,941.89","9,018.10","9,048.45","8,936.00","","-0.89%"
"03/28/2014","9,021.87","8,997.20","9,051.41","8,957.63","","0.32%"
"03/27/2014","8,992.88","9,081.99","9,100.31","8,982.39","","-0.94%"
"03/26/2014","9,078.55","9,127.41","9,167.15","9,042.62","","-0.48%"
"03/25/2014","9,122.05","9,109.38","9,170.95","9,090.14","","0.17%"
"03/24/2014","9,106.12","9,291.67","9,292.37","9,103.37","","-1.94%"
"03/21/2014","9,286.66","9,242.71","9,345.92","9,238.74","","0.52%"
"03/20/2014","9,238.36","9,253.28","9,291.32","9,191.24","","-0.12%"
"03/19/2014","9,249.90","9,434.97","9,465.46","9,242.17","","-1.93%"
"03/18/2014","9,432.05","9,516.75","9,519.08","9,400.31","","-0.83%"
"03/17/2014","9,510.70","9,619.06","9,689.68","9,482.65","","-1.10%"
"03/14/2014","9,616.14","9,540.42","9,661.63","9,521.24","","0.83%"
"03/13/2014","9,537.21","9,518.28","9,591.64","9,496.36","","0.31%"
"03/12/2014","9,508.05","9,392.99","9,542.47","9,363.90","","1.30%"
"03/11/2014","9,386.31","9,322.35","9,416.14","9,311.17","","0.67%"
"03/10/2014","9,323.67","9,321.51","9,362.06","9,251.56","","-0.03%"
"03/07/2014","9,326.18","9,404.79","9,419.09","9,255.53","","-0.77%"
"03/06/2014","9,398.08","9,309.26","9,419.83","9,264.84","","0.97%"
"03/05/2014","9,307.86","9,292.68","9,340.96","9,275.47","","0.19%"
"03/04/2014","9,290.25","9,403.36","9,415.78","9,267.42","","-1.17%"
"03/03/2014","9,400.57","9,244.45","9,432.07","9,244.45","","1.90%"
"02/28/2014","9,225.23","9,267.72","9,283.28","9,186.53","","-0.37%"
"02/27/2014","9,259.76","9,263.37","9,301.90","9,215.30","","0.11%"
"02/26/2014","9,249.38","9,332.30","9,369.75","9,205.38","","-0.95%"
"02/25/2014","9,338.46","9,306.65","9,354.81","9,268.06","","0.40%"
"02/24/2014","9,301.09","9,224.79","9,321.49","9,182.29","","0.97%"
"02/21/2014","9,211.77","9,209.12","9,249.67","9,161.23","","0.04%"
"02/20/2014","9,207.73","9,130.56","9,224.99","9,102.83","","0.91%"
"02/19/2014","9,124.54","9,200.87","9,210.86","9,111.87","","-0.84%"
"02/18/2014","9,202.23","9,252.76","9,274.90","9,137.70","","-0.49%"
"02/17/2014","9,247.75","9,182.94","9,260.04","9,179.45","","0.82%"
"02/14/2014","9,172.84","9,070.51","9,197.94","9,049.24","","1.26%"
"02/13/2014","9,058.26","8,987.63","9,070.20","8,952.66","","0.79%"
"02/12/2014","8,987.33","8,992.63","9,025.15","8,938.69","","0.07%"
"02/11/2014","8,981.19","8,874.33","9,008.33","8,867.33","","1.26%"
"02/10/2014","8,869.67","8,814.65","8,896.29","8,808.11","","0.51%"
"02/07/2014","8,824.69","8,754.72","8,854.55","8,745.12","","0.85%"
"02/06/2014","8,750.55","8,758.64","8,820.54","8,721.62","","-0.04%"
"02/05/2014","8,754.09","8,736.74","8,866.55","8,719.83","","0.26%"
"02/04/2014","8,731.81","8,756.02","8,777.47","8,684.15","","-0.13%"
"02/03/2014","8,742.87","8,668.65","8,815.52","8,636.76","","1.04%"
"01/31/2014","8,652.50","8,659.22","8,738.47","8,621.80","","-0.01%"
"01/30/2014","8,653.69","8,829.08","8,836.39","8,620.06","","-1.93%"
"01/29/2014","8,823.55","8,750.22","8,842.34","8,696.93","","1.08%"
"01/28/2014","8,729.69","8,750.54","8,781.55","8,697.14","","-0.12%"
"01/27/2014","8,740.14","8,833.88","8,900.13","8,716.88","","-0.92%"
"01/24/2014","8,821.15","8,803.01","8,862.42","8,750.61","","0.40%"
"01/23/2014","8,785.92","8,609.72","8,812.82","8,573.38","","2.09%"
"01/22/2014","8,605.69","8,643.35","8,661.17","8,604.77","","-0.43%"
"01/21/2014","8,643.04","8,733.20","8,745.94","8,605.02","","-0.94%"
"01/20/2014","8,724.71","8,726.08","8,774.62","8,706.78","","0.01%"
"01/17/2014","8,724.21","8,651.52","8,738.75","8,617.96","","0.89%"
"01/16/2014","8,647.00","8,644.55","8,668.61","8,604.32","","0.17%"
"01/15/2014","8,632.73","8,668.79","8,672.16","8,590.39","","-0.31%"
"01/14/2014","8,659.29","8,718.56","8,741.29","8,646.96","","-0.55%"
"01/13/2014","8,707.24","8,684.82","8,731.98","8,651.22","","0.38%"
"01/10/2014","8,673.91","8,549.73","8,695.17","8,543.64","","1.47%"
"01/09/2014","8,548.38","8,528.68","8,575.00","8,515.15","","0.47%"
"01/08/2014","8,508.54","8,572.01","8,577.85","8,478.60","","-0.74%"
"01/07/2014","8,572.06","8,613.06","8,666.88","8,522.62","","-0.41%"
"01/06/2014","8,607.54","8,606.60","8,687.21","8,579.33","","0.01%"
"01/03/2014","8,606.74","8,522.86","8,630.25","8,503.38","","1.09%"
"01/02/2014","8,513.86","8,373.70","8,565.33","8,364.22","","1.66%"
"01/01/2014","8,374.96","8,376.82","8,381.24","8,371.93","","0.02%"
"12/31/2013","8,373.29","8,302.35","8,434.36","8,232.30","","0.95%"
"12/30/2013","8,294.30","8,412.50","8,439.29","8,294.83","","-1.51%"
"12/27/2013","8,421.40","8,399.85","8,457.64","8,388.02","","0.22%"
"12/26/2013","8,402.80","8,344.08","8,436.97","8,316.63","","0.86%"
"12/25/2013","8,330.83","8,334.46","8,358.83","8,325.12","","0.08%"
"12/24/2013","8,324.33","8,282.79","8,340.92","8,265.31","","0.75%"
"12/23/2013","8,262.52","8,303.55","8,332.20","8,226.98","","-0.42%"
"12/20/2013","8,297.78","8,221.58","8,341.08","8,189.12","","1.20%"
"12/19/2013","8,199.42","8,399.30","8,461.13","8,202.93","","-2.52%"
"12/18/2013","8,411.75","8,482.29","8,584.72","8,387.08","","-0.66%"
"12/17/2013","8,467.76","8,541.52","8,597.64","8,455.42","","-0.77%"
"12/16/2013","8,533.19","8,489.71","8,620.71","8,449.03","","0.14%"
"12/13/2013","8,520.98","8,428.01","8,531.69","8,180.08","","0.90%"
"12/12/2013","8,445.16","8,619.58","8,659.70","8,430.08","","-2.16%"
"12/11/2013","8,631.92","8,683.73","8,700.67","8,617.52","","-0.69%"
"12/10/2013","8,691.68","8,544.99","8,731.00","8,526.29","","1.76%"
"12/09/2013","8,541.34","8,469.70","8,562.27","8,439.98","","1.00%"
"12/06/2013","8,456.62","8,436.60","8,563.36","8,348.31","","0.18%"
"12/05/2013","8,441.74","8,565.52","8,568.65","8,383.58","","-1.43%"
"12/04/2013","8,563.83","8,430.34","8,613.79","8,345.30","","1.75%"
"12/03/2013","8,416.23","8,402.79","8,446.36","8,374.73","","0.33%"
"12/02/2013","8,388.20","8,620.56","8,620.56","8,388.05","","-2.62%"
"11/29/2013","8,613.69","8,572.62","8,639.94","8,543.05","","0.68%"
"11/28/2013","8,555.56","8,523.56","8,579.27","8,506.66","","0.35%"
"11/27/2013","8,525.84","8,562.57","8,641.89","8,515.89","","-0.32%"
"11/26/2013","8,552.97","8,628.04","8,657.47","8,539.67","","-0.54%"
"11/25/2013","8,599.18","8,529.10","8,629.24","8,447.14","","0.53%"
"11/22/2013","8,554.04","8,560.10","8,603.46","8,550.17","","0.01%"
"11/21/2013","8,553.49","8,563.42","8,610.28","8,519.01","","-0.25%"
"11/20/2013","8,575.33","8,785.12","8,793.48","8,548.34","","-2.26%"
"11/19/2013","8,773.30","8,778.25","8,808.81","8,742.51","","0.04%"
"11/18/2013","8,769.49","8,889.07","8,889.66","8,748.87","","-1.12%"
"11/15/2013","8,868.62","8,866.34","8,894.99","8,820.15","","0.01%"
"11/14/2013","8,868.07","8,809.95","8,916.28","8,807.34","","1.15%"
"11/13/2013","8,767.28","8,733.31","8,812.43","8,720.29","","0.38%"
"11/12/2013","8,733.86","8,839.36","8,853.82","8,689.70","","-1.17%"
"11/11/2013","8,837.53","8,878.13","8,879.20","8,813.24","","-0.39%"
"11/08/2013","8,871.90","9,010.70","9,046.07","8,826.95","","-1.37%"
"11/07/2013","8,995.41","9,080.51","9,132.25","8,946.26","","-0.93%"
"11/06/2013","9,079.51","9,036.67","9,108.65","9,019.56","","0.57%"
"11/05/2013","9,028.10","9,058.07","9,090.41","9,000.17","","-0.25%"
"11/04/2013","9,051.04","9,061.78","9,110.77","9,036.94","","-0.05%"
"11/01/2013","9,055.35","9,118.05","9,145.63","8,997.57","","-0.58%"
"10/31/2013","9,108.39","9,252.92","9,253.61","9,087.53","","-1.48%"
"10/30/2013","9,245.38","9,259.90","9,365.61","9,192.82","","-0.20%"
"10/29/2013","9,263.90","9,315.36","9,372.85","9,236.44","","-0.54%"
"10/28/2013","9,313.85","9,322.04","9,383.40","9,275.95","","0.04%"
"10/25/2013","9,310.26","9,280.01","9,339.44","9,209.02","","0.39%"
"10/24/2013","9,273.68","9,179.56","9,315.39","9,166.37","","1.04%"
"10/23/2013","9,178.39","9,237.70","9,248.97","9,160.58","","-0.56%"
"10/22/2013","9,230.40","9,063.73","9,267.05","9,028.56","","1.84%"
"10/21/2013","9,063.25","9,071.23","9,124.70","9,049.11","","-0.03%"
"10/18/2013","9,066.34","9,090.17","9,133.55","9,038.81","","-0.31%"
"10/17/2013","9,094.52","8,835.24","9,126.08","8,782.43","","2.97%"
"10/16/2013","8,832.42","8,823.53","8,869.55","8,745.98","","0.09%"
"10/15/2013","8,824.15","8,772.20","8,876.41","8,626.78","","0.65%"
"10/14/2013","8,767.58","8,769.79","8,884.06","8,741.78","","0.06%"
"10/11/2013","8,762.14","8,867.97","8,918.23","8,699.13","","-1.02%"
"10/10/2013","8,852.33","9,006.72","9,036.40","8,838.31","","-1.63%"
"10/09/2013","8,999.08","9,088.29","9,108.96","8,920.21","","-1.00%"
"10/08/2013","9,089.95","9,106.55","9,164.64","9,069.17","","-0.26%"
"10/07/2013","9,113.65","9,034.94","9,154.44","9,018.02","","0.90%"
"10/04/2013","9,032.46","9,076.63","9,125.04","9,002.03","","-0.43%"
"10/03/2013","9,071.74","9,074.05","9,103.37","8,973.23","","0.05%"
"10/02/2013","9,067.44","8,867.70","9,121.81","8,812.19","","2.28%"
"10/01/2013","8,864.88","9,150.26","9,217.76","8,842.34","","-3.13%"
"09/30/2013","9,151.50","9,206.69","9,263.45","9,119.94","","-0.61%"
"09/27/2013","9,207.24","9,122.95","9,263.89","9,099.42","","0.95%"
"09/26/2013","9,120.41","9,190.55","9,228.66","9,089.94","","-0.73%"
"09/25/2013","9,187.38","9,117.33","9,223.84","9,072.89","","0.77%"
"09/24/2013","9,117.27","9,107.74","9,163.12","9,003.44","","0.04%"
"09/23/2013","9,113.46","9,141.17","9,181.17","9,058.04","","-0.25%"
"09/20/2013","9,136.69","9,418.26","9,433.14","9,131.83","","-2.93%"
"09/19/2013","9,412.26","9,413.15","9,479.57","9,366.34","","0.14%"
"09/18/2013","9,399.57","9,028.48","9,427.00","8,905.33","","4.12%"
"09/17/2013","9,027.73","9,055.37","9,124.96","9,004.83","","-0.29%"
"09/16/2013","9,053.85","9,166.46","9,205.28","8,990.92","","-0.99%"
"09/13/2013","9,144.54","9,112.35","9,176.53","8,996.49","","0.42%"
"09/12/2013","9,106.07","9,426.85","9,427.54","9,105.00","","-3.26%"
"09/11/2013","9,413.19","9,408.84","9,435.08","9,358.85","","0.19%"
"09/10/2013","9,395.60","9,570.27","9,593.26","9,362.78","","-1.71%"
"09/09/2013","9,559.23","9,608.17","9,617.22","9,529.13","","-0.47%"
"09/06/2013","9,604.10","9,435.85","9,618.60","9,411.37","","1.79%"
"09/05/2013","9,435.06","9,610.93","9,665.17","9,427.57","","-1.78%"
"09/04/2013","9,606.31","9,863.73","9,884.93","9,561.88","","-2.60%"
"09/03/2013","9,863.24","9,723.29","9,894.85","9,671.19","","1.27%"
"09/02/2013","9,739.26","9,741.99","9,767.27","9,628.54","","-0.11%"
"08/30/2013","9,749.73","9,838.94","9,859.62","9,727.13","","-0.78%"
"08/29/2013","9,826.22","9,906.83","9,909.87","9,800.48","","-0.76%"
"08/28/2013","9,901.15","9,884.94","10,018.49","9,862.17","","0.41%"
"08/27/2013","9,860.40","9,816.17","9,933.40","9,757.38","","0.48%"
"08/26/2013","9,812.96","9,767.06","9,821.73","9,708.16","","0.56%"
"08/23/2013","9,757.90","9,613.07","9,783.62","9,564.83","","1.56%"
"08/22/2013","9,607.76","9,546.78","9,652.58","9,470.53","","0.68%"
"08/21/2013","9,542.55","9,586.07","9,631.31","9,503.03","","-0.39%"
"08/20/2013","9,580.20","9,549.03","9,624.89","9,451.73","","0.43%"
"08/19/2013","9,539.46","9,619.24","9,676.42","9,521.33","","-0.84%"
"08/16/2013","9,619.80","9,555.99","9,644.62","9,490.65","","0.81%"
"08/15/2013","9,542.22","9,332.34","9,573.29","9,220.59","","2.22%"
"08/14/2013","9,335.07","9,235.20","9,346.33","9,199.97","","1.12%"
"08/13/2013","9,231.92","9,343.53","9,375.64","9,218.74","","-1.13%"
"08/12/2013","9,337.10","9,182.29","9,389.27","9,182.29","","1.71%"
"08/09/2013","9,180.05","9,165.52","9,199.61","9,118.33","","0.15%"
"08/08/2013","9,166.22","8,999.35","9,181.10","8,967.31","","1.94%"
"08/07/2013","8,992.05","8,967.05","9,011.09","8,906.19","","0.26%"
"08/06/2013","8,969.01","9,120.24","9,143.74","8,951.28","","-1.61%"
"08/05/2013","9,115.90","9,186.12","9,232.30","9,076.87","","-0.50%"
"08/02/2013","9,161.88","9,143.27","9,216.67","8,971.27","","0.25%"
"08/01/2013","9,139.45","9,262.27","9,317.19","9,141.31","","-1.23%"
"07/31/2013","9,252.83","9,289.83","9,373.21","9,139.60","","-0.35%"
"07/30/2013","9,285.14","9,298.06","9,313.39","9,230.04","","-0.06%"
"07/29/2013","9,290.92","9,338.67","9,370.87","9,263.72","","-0.49%"
"07/26/2013","9,336.78","9,339.02","9,386.88","9,190.20","","-0.04%"
"07/25/2013","9,340.63","9,252.12","9,366.92","9,166.53","","0.93%"
"07/24/2013","9,254.43","9,437.63","9,441.13","9,196.34","","-1.93%"
"07/23/2013","9,436.79","9,351.51","9,440.08","9,291.78","","0.96%"
"07/22/2013","9,346.89","9,083.36","9,378.08","9,077.90","","3.02%"
"07/19/2013","9,072.72","8,999.67","9,088.96","8,980.67","","0.93%"
"07/18/2013","8,989.46","8,936.21","9,024.85","8,923.85","","0.74%"
"07/17/2013","8,923.19","9,054.56","9,107.39","8,899.06","","-1.31%"
"07/16/2013","9,041.54","8,979.63","9,075.22","8,944.90","","0.59%"
"07/15/2013","8,988.60","9,001.81","9,069.11","8,935.86","","0.09%"
"07/12/2013","8,980.91","9,002.42","9,018.55","8,872.43","","-0.11%"
"07/11/2013","8,990.70","8,865.17","9,103.10","8,858.17","","1.44%"
"07/10/2013","8,862.94","8,781.58","8,871.13","8,732.69","","1.00%"
"07/09/2013","8,775.48","8,685.74","8,848.67","8,657.04","","1.10%"
"07/08/2013","8,680.33","8,592.87","8,697.21","8,543.74","","0.94%"
"07/05/2013","8,599.48","8,784.74","8,793.24","8,489.37","","-2.05%"
"07/04/2013","8,779.68","8,795.20","8,844.65","8,750.26","","-0.21%"
"07/03/2013","8,798.58","8,722.41","8,857.97","8,680.73","","0.86%"
"07/02/2013","8,723.56","8,797.71","8,898.12","8,699.49","","-0.77%"
"07/01/2013","8,791.25","8,662.58","8,854.11","8,607.10","","1.45%"
"06/28/2013","8,665.68","8,425.33","8,674.76","8,290.52","","2.82%"
"06/27/2013","8,427.72","8,605.96","8,735.25","8,405.67","","-1.94%"
"06/26/2013","8,594.25","8,954.89","8,964.67","8,573.87","","-3.99%"
"06/25/2013","8,951.60","8,986.43","9,036.40","8,913.50","","-0.40%"
"06/24/2013","8,987.77","9,087.72","9,116.50","8,945.33","","-1.12%"
"06/21/2013","9,090.03","8,953.95","9,124.35","8,891.15","","1.17%"
"06/20/2013","8,984.63","9,457.24","9,457.80","8,941.06","","-4.96%"
"06/19/2013","9,453.28","9,568.08","9,631.20","9,442.08","","-1.21%"
"06/18/2013","9,569.42","9,688.42","9,696.32","9,521.18","","-1.23%"
"06/17/2013","9,688.69","9,730.69","9,735.31","9,660.15","","-0.38%"
"06/14/2013","9,725.51","9,692.65","9,735.20","9,640.27","","0.40%"
"06/13/2013","9,686.35","9,704.90","9,753.92","9,612.64","","-0.15%"
"06/12/2013","9,701.34","9,643.88","9,750.31","9,607.25","","0.70%"
"06/11/2013","9,634.37","9,695.61","9,701.24","9,557.47","","-0.59%"
"06/10/2013","9,691.28","9,657.51","9,710.72","9,619.83","","0.21%"
"06/07/2013","9,670.82","9,879.92","9,910.75","9,629.17","","-2.08%"
"06/06/2013","9,875.94","9,805.35","9,949.08","9,725.35","","0.81%"
"06/05/2013","9,796.82","9,774.46","9,855.20","9,749.39","","0.26%"
"06/04/2013","9,771.53","9,863.17","9,886.12","9,705.31","","-0.80%"
"06/03/2013","9,850.11","9,704.24","9,896.08","9,700.85","","1.66%"
"05/31/2013","9,689.46","9,873.28","9,928.14","9,670.72","","-1.81%"
"05/30/2013","9,867.90","9,726.35","9,905.30","9,697.08","","1.52%"
"05/29/2013","9,720.62","9,641.81","9,742.48","9,634.62","","0.87%"
"05/28/2013","9,636.87","9,738.28","9,775.18","9,589.87","","-1.00%"
"05/27/2013","9,733.75","9,691.99","9,753.47","9,665.53","","0.62%"
"05/24/2013","9,673.77","9,677.33","9,677.33","9,677.33","","-0.34%"
"05/23/2013","9,706.87","9,559.69","9,759.02","9,473.18","","1.50%"
"05/22/2013","9,563.74","9,612.49","9,877.02","9,460.51","","-0.35%"
"05/21/2013","9,597.08","9,738.08","9,783.84","9,493.25","","-1.29%"
"05/20/2013","9,722.23","9,488.34","9,768.66","9,344.84","","2.54%"
"05/17/2013","9,481.64","9,679.13","9,716.42","9,456.60","","-1.88%"
"05/16/2013","9,663.30","9,705.10","9,744.79","9,546.28","","-0.37%"
"05/15/2013","9,698.76","9,934.79","9,965.08","9,683.46","","-2.25%"
"05/14/2013","9,922.11","9,966.82","10,066.83","9,903.80","","-0.36%"
"05/13/2013","9,957.70","10,068.80","10,068.80","9,915.90","","-1.09%"
"05/10/2013","10,067.71","10,148.48","10,171.74","9,884.80","","-0.70%"
"05/09/2013","10,138.66","10,238.56","10,256.58","10,111.43","","-0.98%"
"05/08/2013","10,238.66","10,083.85","10,262.49","10,049.73","","1.61%"
"05/07/2013","10,076.41","10,205.32","10,209.31","10,006.06","","-1.20%"
"05/06/2013","10,199.00","10,207.40","10,265.74","10,168.95","","-0.06%"
"05/03/2013","10,205.18","10,186.23","10,330.47","10,108.66","","0.23%"
"05/02/2013","10,181.58","10,107.71","10,230.13","10,047.80","","0.74%"
"05/01/2013","10,107.00","10,238.77","10,250.63","9,987.37","","-1.31%"
"04/30/2013","10,241.17","10,237.38","10,257.40","10,131.82","","0.13%"
"04/29/2013","10,228.27","10,129.06","10,250.71","10,127.98","","1.08%"
"04/26/2013","10,118.76","10,165.99","10,287.26","10,032.75","","-0.43%"
"04/25/2013","10,162.80","9,914.95","10,175.56","9,882.47","","2.54%"
"04/24/2013","9,910.75","9,776.72","9,927.80","9,768.31","","1.43%"
"04/23/2013","9,771.46","9,865.87","9,905.72","9,725.08","","-1.00%"
"04/22/2013","9,869.87","9,696.17","9,957.33","9,692.92","","1.89%"
"04/19/2013","9,686.92","9,604.01","9,836.62","9,570.42","","0.89%"
"04/18/2013","9,601.80","9,489.12","9,682.54","9,237.17","","1.20%"
"04/17/2013","9,488.35","9,429.62","9,615.27","9,401.83","","0.65%"
"04/16/2013","9,427.48","9,318.82","9,657.22","9,102.87","","1.64%"
"04/15/2013","9,275.03","10,157.65","10,273.13","9,207.95","","-8.61%"
"04/12/2013","10,148.47","10,724.42","10,751.63","10,152.05","","-5.36%"
"04/11/2013","10,722.88","10,697.35","10,775.23","10,657.56","","0.32%"
"04/10/2013","10,688.35","10,855.40","10,881.30","10,674.09","","-1.53%"
"04/09/2013","10,853.88","10,773.90","10,893.45","10,755.89","","0.76%"
"04/08/2013","10,772.11","10,812.98","10,826.90","10,735.44","","-0.40%"
"04/05/2013","10,814.96","10,622.74","10,826.84","10,594.91","","1.81%"
"04/04/2013","10,623.14","10,621.04","10,646.78","10,501.52","","0.06%"
"04/03/2013","10,616.80","10,732.24","10,749.86","10,568.33","","-1.03%"
"04/02/2013","10,726.88","10,892.72","10,922.88","10,716.38","","-1.48%"
"04/01/2013","10,887.87","10,870.25","10,902.49","10,851.28","","0.19%"
"03/29/2013","10,867.72","10,911.69","10,915.15","10,847.43","","0.07%"
"03/28/2013","10,860.65","10,918.40","10,931.55","10,844.20","","-0.47%"
"03/27/2013","10,912.22","10,872.72","10,936.79","10,820.54","","0.37%"
"03/26/2013","10,872.30","10,916.24","10,920.55","10,842.37","","-0.35%"
"03/25/2013","10,910.65","10,940.10","10,969.91","10,810.65","","-0.22%"
"03/22/2013","10,934.85","10,976.81","10,988.06","10,902.51","","-0.37%"
"03/21/2013","10,975.37","10,912.59","10,990.82","10,899.45","","0.62%"
"03/20/2013","10,908.13","10,954.62","10,965.00","10,892.05","","-0.34%"
"03/19/2013","10,945.37","10,897.42","10,969.63","10,863.95","","0.48%"
"03/18/2013","10,892.76","10,830.48","10,938.38","10,798.61","","0.91%"
"03/15/2013","10,794.09","10,784.06","10,840.18","10,773.45","","0.12%"
"03/14/2013","10,780.93","10,754.45","10,804.92","10,693.95","","0.30%"
"03/13/2013","10,748.21","10,773.02","10,832.84","10,739.11","","-0.18%"
"03/12/2013","10,767.19","10,698.63","10,811.41","10,686.52","","0.72%"
"03/11/2013","10,690.36","10,661.90","10,700.66","10,644.09","","0.32%"
"03/08/2013","10,656.51","10,666.62","10,697.26","10,546.91","","-0.01%"
"03/07/2013","10,657.18","10,690.69","10,707.75","10,639.94","","-0.24%"
"03/06/2013","10,682.91","10,625.33","10,697.98","10,582.58","","0.58%"
"03/05/2013","10,621.13","10,611.73","10,698.13","10,600.68","","0.19%"
"03/04/2013","10,601.28","10,630.54","10,683.66","10,564.49","","-0.17%"
"03/01/2013","10,619.61","10,651.78","10,698.99","10,548.28","","-0.26%"
"02/28/2013","10,646.98","10,765.12","10,802.89","10,615.28","","-1.00%"
"02/27/2013","10,754.86","10,869.61","10,880.79","10,731.39","","-1.10%"
"02/26/2013","10,874.53","10,741.30","10,915.49","10,643.94","","1.23%"
"02/25/2013","10,742.30","10,648.12","10,762.06","10,606.78","","1.01%"
"02/22/2013","10,634.64","10,612.44","10,687.88","10,560.25","","0.21%"
"02/21/2013","10,612.42","10,523.65","10,672.56","10,469.79","","0.80%"
"02/20/2013","10,528.35","10,801.53","10,854.79","10,494.33","","-2.51%"
"02/19/2013","10,799.28","10,838.30","10,874.34","10,775.85","","-0.33%"
"02/18/2013","10,834.85","10,835.53","10,896.30","10,819.48","","0.06%"
"02/15/2013","10,828.11","11,002.44","11,054.27","10,759.48","","-1.60%"
"02/14/2013","11,004.44","11,054.33","11,105.38","10,989.62","","-0.40%"
"02/13/2013","11,048.79","11,090.54","11,126.66","11,038.08","","-0.40%"
"02/12/2013","11,092.76","11,065.47","11,108.75","11,012.73","","0.23%"
"02/11/2013","11,067.21","11,192.99","11,211.19","11,039.96","","-1.19%"
"02/08/2013","11,200.36","11,222.84","11,251.40","11,181.21","","-0.18%"
"02/07/2013","11,220.50","11,243.28","11,302.44","11,167.81","","-0.04%"
"02/06/2013","11,224.56","11,210.61","11,256.55","11,176.53","","0.18%"
"02/05/2013","11,204.74","11,234.69","11,291.19","11,169.70","","0.00%"
"02/04/2013","11,205.19","11,198.85","11,260.45","11,133.78","","0.10%"
"02/01/2013","11,193.64","11,172.72","11,296.31","11,148.64","","0.23%"
"01/31/2013","11,167.85","11,213.31","11,261.80","11,122.75","","-0.32%"
"01/30/2013","11,203.29","11,124.72","11,258.81","11,115.34","","0.77%"
"01/29/2013","11,118.05","11,017.35","11,139.03","11,011.86","","0.91%"
"01/28/2013","11,018.22","11,035.50","11,066.63","10,997.98","","0.14%"
"01/25/2013","11,003.22","11,067.27","11,098.33","10,988.31","","-0.57%"
"01/24/2013","11,066.12","11,189.66","11,190.42","11,048.92","","-1.06%"
"01/23/2013","11,184.96","11,227.81","11,249.58","11,170.45","","-0.33%"
"01/22/2013","11,221.78","11,188.73","11,254.35","11,183.99","","0.33%"
"01/21/2013","11,185.33","11,154.63","11,199.02","11,154.63","","0.59%"
"01/18/2013","11,119.51","11,140.66","11,193.82","11,116.56","","-0.15%"
"01/17/2013","11,136.55","11,057.71","11,200.28","11,003.98","","0.71%"
"01/16/2013","11,057.62","11,049.55","11,091.47","11,016.40","","0.10%"
"01/15/2013","11,046.83","10,940.76","11,093.16","10,936.79","","0.96%"
"01/14/2013","10,941.49","10,907.37","10,990.80","10,894.87","","0.61%"
"01/11/2013","10,874.87","10,956.51","10,971.85","10,821.02","","-0.61%"
"01/10/2013","10,941.09","10,797.83","10,982.54","10,771.23","","1.39%"
"01/09/2013","10,790.97","10,750.12","10,859.62","10,743.28","","0.41%"
"01/08/2013","10,747.34","10,622.63","10,774.29","10,619.06","","1.23%"
"01/07/2013","10,616.85","10,681.22","10,721.22","10,593.19","","-0.17%"
"01/04/2013","10,634.72","10,679.46","10,686.43","10,443.20","","-0.48%"
"01/03/2013","10,686.53","10,780.95","10,820.11","10,665.75","","-0.76%"
"01/02/2013","10,768.84","10,653.83","10,834.19","10,624.20","","1.27%"
"01/01/2013","10,633.33","10,653.33","10,660.35","10,586.55","","0.08%"
"12/31/2012","10,624.50","10,248.78","10,688.59","10,245.68","","3.69%"
"12/28/2012","10,246.09","10,298.19","10,314.44","10,182.27","","-0.47%"
"12/27/2012","10,294.98","10,249.46","10,308.12","10,182.27","","0.51%"
"12/26/2012","10,242.49","10,231.19","10,297.99","10,182.27","","0.12%"
"12/25/2012","10,229.99","10,231.53","10,264.97","10,225.17","","0.09%"
"12/24/2012","10,220.31","10,227.80","10,279.35","10,192.54","","0.10%"
"12/21/2012","10,210.22","10,162.67","10,235.79","10,087.68","","0.48%"
"12/20/2012","10,161.51","10,283.69","10,323.21","10,087.52","","-1.28%"
"12/19/2012","10,292.79","10,306.65","10,348.65","10,262.65","","-0.19%"
"12/18/2012","10,312.78","10,467.33","10,504.90","10,250.81","","-1.44%"
"12/17/2012","10,463.39","10,456.85","10,482.96","10,401.52","","0.07%"
"12/14/2012","10,456.52","10,473.47","10,494.20","10,449.10","","-0.04%"
"12/13/2012","10,461.14","10,547.50","10,549.38","10,423.03","","-0.74%"
"12/12/2012","10,539.28","10,519.44","10,620.12","10,511.05","","0.25%"
"12/11/2012","10,512.69","10,519.95","10,546.85","10,485.29","","0.04%"
"12/10/2012","10,508.86","10,449.75","10,553.12","10,435.65","","0.61%"
"12/07/2012","10,444.66","10,418.41","10,456.45","10,327.06","","0.34%"
"12/06/2012","10,409.60","10,362.97","10,442.60","10,321.97","","0.53%"
"12/05/2012","10,354.43","10,380.11","10,444.49","10,308.22","","-0.18%"
"12/04/2012","10,372.60","10,484.58","10,496.87","10,340.30","","-1.05%"
"12/03/2012","10,482.37","10,472.63","10,546.06","10,467.96","","0.06%"
"11/30/2012","10,475.60","10,545.72","10,583.98","10,444.44","","-0.66%"
"11/29/2012","10,545.00","10,502.71","10,576.30","10,494.34","","0.43%"
"11/28/2012","10,499.52","10,637.57","10,645.42","10,421.44","","-1.30%"
"11/27/2012","10,637.29","10,673.32","10,691.05","10,622.97","","-0.28%"
"11/26/2012","10,667.23","10,702.07","10,703.26","10,656.11","","0.03%"
"11/23/2012","10,663.96","10,531.23","10,684.25","10,524.84","","1.36%"
"11/22/2012","10,521.27","10,544.09","10,566.65","10,526.43","","-0.12%"
"11/21/2012","10,534.09","10,549.91","10,579.10","10,501.18","","-0.08%"
"11/20/2012","10,543.04","10,563.58","10,596.20","10,511.06","","-0.18%"
"11/19/2012","10,562.49","10,450.39","10,584.65","10,450.06","","1.13%"
"11/16/2012","10,444.40","10,466.56","10,476.05","10,403.86","","-0.10%"
"11/15/2012","10,454.53","10,529.63","10,545.56","10,401.90","","-0.62%"
"11/14/2012","10,519.40","10,527.71","10,574.26","10,486.50","","0.05%"
"11/13/2012","10,514.47","10,537.19","10,573.47","10,482.83","","-0.11%"
"11/12/2012","10,526.57","10,573.86","10,610.04","10,521.56","","-0.54%"
"11/09/2012","10,583.55","10,589.91","10,637.49","10,561.75","","-0.05%"
"11/08/2012","10,588.62","10,493.95","10,611.59","10,475.55","","0.88%"
"11/07/2012","10,496.31","10,498.06","10,590.49","10,411.64","","0.03%"
"11/06/2012","10,492.79","10,296.17","10,527.46","10,289.69","","1.98%"
"11/05/2012","10,288.63","10,235.96","10,306.10","10,213.70","","0.53%"
"11/02/2012","10,234.70","10,466.04","10,479.22","10,219.75","","-2.11%"
"11/01/2012","10,455.64","10,516.87","10,546.85","10,457.80","","-0.51%"
"10/31/2012","10,508.83","10,445.87","10,550.21","10,443.83","","0.67%"
"10/30/2012","10,439.30","10,439.24","10,483.06","10,410.16","","0.11%"
"10/29/2012","10,428.32","10,446.54","10,478.33","10,414.65","","-0.09%"
"10/26/2012","10,437.65","10,449.63","10,490.86","10,381.38","","0.06%"
"10/25/2012","10,431.61","10,387.67","10,486.74","10,384.92","","0.54%"
"10/24/2012","10,375.73","10,424.42","10,461.08","10,369.03","","-0.32%"
"10/23/2012","10,409.29","10,545.84","10,558.50","10,396.50","","-1.23%"
"10/22/2012","10,538.97","10,515.47","10,552.55","10,467.74","","0.40%"
"10/19/2012","10,497.29","10,628.72","10,646.70","10,480.34","","-1.20%"
"10/18/2012","10,625.17","10,682.53","10,697.79","10,616.67","","-0.50%"
"10/17/2012","10,678.11","10,670.49","10,704.28","10,642.24","","0.17%"
"10/16/2012","10,659.69","10,594.91","10,671.10","10,586.03","","0.66%"
"10/15/2012","10,589.63","10,696.97","10,711.42","10,551.28","","-0.95%"
"10/12/2012","10,691.03","10,786.75","10,814.65","10,684.31","","-0.75%"
"10/11/2012","10,771.51","10,742.91","10,823.52","10,714.03","","0.36%"
"10/10/2012","10,732.59","10,742.35","10,772.18","10,705.14","","0.02%"
"10/09/2012","10,730.59","10,817.82","10,845.54","10,720.10","","-0.76%"
"10/08/2012","10,812.39","10,851.03","10,851.61","10,763.59","","-0.32%"
"10/05/2012","10,847.46","10,911.96","10,944.83","10,802.59","","-0.49%"
"10/04/2012","10,901.31","10,835.70","10,940.27","10,835.66","","0.65%"
"10/03/2012","10,830.92","10,820.69","10,861.75","10,799.24","","0.16%"
"10/02/2012","10,813.97","10,859.93","10,881.45","10,803.88","","-0.05%"
"10/01/2012","10,819.73","10,793.70","10,923.91","10,746.29","","0.26%"
"09/28/2012","10,791.25","10,830.36","10,873.56","10,775.55","","-0.27%"
"09/27/2012","10,819.99","10,698.31","10,847.30","10,676.21","","1.37%"
"09/26/2012","10,674.00","10,721.45","10,758.41","10,595.22","","-0.39%"
"09/25/2012","10,716.10","10,748.09","10,815.92","10,695.87","","-0.26%"
"09/24/2012","10,743.92","10,803.66","10,816.30","10,695.87","","-0.50%"
"09/21/2012","10,798.31","10,769.05","10,892.62","10,763.56","","0.25%"
"09/20/2012","10,771.87","10,777.51","10,799.12","10,695.10","","-0.09%"
"09/19/2012","10,781.68","10,777.51","10,799.12","10,774.46","","0.04%"
"09/18/2012","10,777.66","10,726.52","10,798.86","10,665.95","","0.58%"
"09/17/2012","10,715.35","10,808.84","10,819.98","10,683.87","","-0.70%"
"09/14/2012","10,790.59","10,768.89","10,838.75","10,760.36","","0.18%"
"09/13/2012","10,771.69","10,546.58","10,806.14","10,468.36","","2.18%"
"09/12/2012","10,541.90","10,555.31","10,641.77","10,516.70","","-0.04%"
"09/11/2012","10,546.20","10,510.68","10,593.90","10,504.75","","0.45%"
"09/10/2012","10,498.96","10,573.50","10,600.03","10,500.12","","-0.67%"
"09/07/2012","10,569.71","10,372.72","10,614.21","10,294.20","","2.04%"
"09/06/2012","10,358.29","10,325.81","10,445.20","10,313.99","","0.40%"
"09/05/2012","10,317.14","10,348.28","10,357.02","10,291.80","","-0.28%"
"09/04/2012","10,345.88","10,320.03","10,370.32","10,306.65","","0.32%"
"09/03/2012","10,312.64","10,313.27","10,343.46","10,282.51","","0.01%"
"08/31/2012","10,311.82","10,125.74","10,333.24","10,052.64","","2.14%"
"08/30/2012","10,095.44","10,106.06","10,157.52","10,077.60","","0.07%"
"08/29/2012","10,087.90","10,148.97","10,175.67","10,075.55","","-0.47%"
"08/28/2012","10,135.96","10,129.23","10,182.03","10,094.87","","0.07%"
"08/27/2012","10,128.75","10,176.82","10,210.03","10,130.05","","-0.34%"
"08/24/2012","10,163.47","10,179.37","10,187.19","10,120.08","","0.00%"
"08/23/2012","10,163.71","10,040.12","10,196.29","10,038.90","","0.83%"
"08/22/2012","10,080.43","9,965.17","10,096.69","9,832.13","","1.23%"
"08/21/2012","9,957.94","9,843.23","9,990.71","9,832.13","","1.20%"
"08/20/2012","9,839.62","9,823.79","9,856.92","9,780.02","","0.33%"
"08/17/2012","9,807.49","9,806.78","9,840.06","9,790.31","","0.09%"
"08/16/2012","9,798.39","9,749.03","9,833.47","9,727.79","","0.59%"
"08/15/2012","9,741.04","9,703.22","9,761.49","9,647.74","","0.45%"
"08/14/2012","9,697.05","9,780.66","9,856.58","9,678.03","","-0.78%"
"08/13/2012","9,772.88","9,860.34","9,879.97","9,765.31","","-0.73%"
"08/10/2012","9,844.94","9,832.21","9,891.32","9,766.63","","0.18%"
"08/09/2012","9,827.71","9,794.64","9,846.77","9,793.29","","0.31%"
"08/08/2012","9,797.68","9,783.27","9,832.76","9,751.45","","0.09%"
"08/07/2012","9,789.10","9,784.53","9,834.45","9,754.47","","0.01%"
"08/06/2012","9,788.48","9,743.46","9,821.06","9,738.13","","0.55%"
"08/03/2012","9,735.13","9,657.91","9,767.67","9,629.23","","0.95%"
"08/02/2012","9,643.46","9,703.74","9,817.46","9,634.64","","-0.66%"
"08/01/2012","9,707.57","9,794.89","9,830.14","9,671.51","","-0.92%"
"07/31/2012","9,797.93","9,835.97","9,890.94","9,785.79","","-0.43%"
"07/30/2012","9,840.58","9,862.24","9,885.09","9,801.60","","-0.04%"
"07/27/2012","9,844.71","9,798.86","9,885.33","9,778.37","","0.49%"
"07/26/2012","9,797.04","9,730.63","9,838.57","9,714.41","","0.68%"
"07/25/2012","9,730.69","9,580.76","9,768.95","9,579.01","","1.51%"
"07/24/2012","9,585.91","9,570.39","9,627.27","9,515.49","","0.30%"
"07/23/2012","9,556.86","9,588.03","9,602.97","9,483.22","","-0.46%"
"07/20/2012","9,601.13","9,587.85","9,628.81","9,545.98","","0.14%"
"07/19/2012","9,588.09","9,535.76","9,655.52","9,540.14","","0.52%"
"07/18/2012","9,538.91","9,579.90","9,619.37","9,512.84","","-0.51%"
"07/17/2012","9,588.14","9,636.70","9,700.29","9,531.03","","-0.43%"
"07/16/2012","9,629.12","9,644.77","9,674.67","9,577.06","","-0.03%"
"07/13/2012","9,631.91","9,519.35","9,681.86","9,495.39","","1.10%"
"07/12/2012","9,527.53","9,548.86","9,565.23","9,427.33","","-0.19%"
"07/11/2012","9,545.89","9,477.99","9,594.53","9,487.05","","0.63%"
"07/10/2012","9,486.47","9,612.16","9,704.28","9,480.93","","-1.31%"
"07/09/2012","9,612.34","9,577.13","9,653.05","9,552.65","","0.34%"
"07/06/2012","9,579.62","9,703.14","9,750.33","9,552.20","","-1.36%"
"07/05/2012","9,711.25","9,784.11","9,835.20","9,673.63","","-0.73%"
"07/04/2012","9,782.84","9,786.13","9,813.01","9,760.78","","-0.01%"
"07/03/2012","9,784.01","9,669.55","9,839.83","9,615.53","","1.20%"
"07/02/2012","9,667.74","9,680.07","9,708.27","9,615.53","","-0.09%"
"06/29/2012","9,676.22","9,394.35","9,737.19","9,396.87","","2.93%"
"06/28/2012","9,400.77","9,532.38","9,571.83","9,376.88","","-1.44%"
"06/27/2012","9,537.83","9,514.52","9,596.95","9,474.65","","0.16%"
"06/26/2012","9,522.69","9,585.97","9,616.45","9,499.81","","-0.73%"
"06/25/2012","9,592.33","9,513.20","9,623.21","9,485.42","","0.86%"
"06/22/2012","9,510.18","9,458.82","9,524.37","9,433.07","","0.49%"
"06/21/2012","9,464.20","9,706.92","9,728.31","9,467.69","","-2.60%"
"06/20/2012","9,716.91","9,785.26","9,816.36","9,630.71","","-0.62%"
"06/19/2012","9,778.00","9,840.66","9,878.41","9,782.73","","-0.63%"
"06/18/2012","9,839.69","9,830.15","9,864.24","9,720.33","","0.14%"
"06/15/2012","9,825.92","9,804.40","9,877.42","9,734.72","","0.21%"
"06/14/2012","9,805.01","9,774.55","9,842.47","9,734.72","","0.34%"
"06/13/2012","9,772.07","9,713.03","9,820.05","9,701.77","","0.55%"
"06/12/2012","9,718.46","9,634.88","9,772.17","9,581.48","","0.88%"
"06/11/2012","9,633.44","9,611.15","9,711.42","9,559.31","","0.17%"
"06/08/2012","9,617.45","9,583.66","9,627.70","9,425.83","","0.33%"
"06/07/2012","9,585.83","9,859.92","9,865.24","9,525.04","","-1.89%"
"06/06/2012","9,770.91","9,764.20","9,904.33","9,740.59","","0.04%"
"06/05/2012","9,766.68","9,772.54","9,805.86","9,739.67","","-0.03%"
"06/04/2012","9,769.52","9,813.50","9,832.24","9,717.33","","-0.57%"
"06/01/2012","9,825.45","9,418.31","9,845.83","9,333.89","","4.29%"
"05/31/2012","9,421.09","9,437.00","9,502.17","9,377.98","","-0.17%"
"05/30/2012","9,437.54","9,391.97","9,487.03","9,259.68","","0.47%"
"05/29/2012","9,393.18","9,502.97","9,566.26","9,359.87","","-1.11%"
"05/28/2012","9,498.32","9,493.63","9,561.61","9,489.46","","0.07%"
"05/25/2012","9,491.91","9,404.98","9,505.72","9,368.45","","0.94%"
"05/24/2012","9,403.23","9,414.70","9,529.97","9,368.08","","-0.23%"
"05/23/2012","9,424.96","9,461.13","9,475.34","9,261.06","","-0.43%"
"05/22/2012","9,465.65","9,620.00","9,641.24","9,431.08","","-1.67%"
"05/21/2012","9,626.47","9,621.52","9,670.97","9,583.17","","0.04%"
"05/18/2012","9,622.69","9,504.61","9,662.10","9,482.19","","1.16%"
"05/17/2012","9,512.17","9,288.80","9,554.32","9,287.99","","2.34%"
"05/16/2012","9,294.23","9,317.10","9,406.11","9,222.53","","-0.15%"
"05/15/2012","9,308.65","9,383.49","9,442.83","9,303.36","","-0.78%"
"05/14/2012","9,381.98","9,547.22","9,572.58","9,385.02","","-1.53%"
"05/11/2012","9,527.55","9,612.14","9,629.76","9,500.22","","-0.89%"
"05/10/2012","9,612.86","9,593.75","9,671.53","9,575.67","","0.20%"
"05/09/2012","9,593.51","9,687.32","9,699.94","9,538.04","","-0.96%"
"05/08/2012","9,686.72","9,874.47","9,901.31","9,630.90","","-2.00%"
"05/07/2012","9,884.12","9,910.89","9,935.10","9,858.83","","-0.44%"
"05/04/2012","9,927.74","9,882.23","9,958.48","9,834.46","","0.45%"
"05/03/2012","9,883.20","9,960.07","10,015.13","9,859.85","","-1.05%"
"05/02/2012","9,988.47","10,034.10","10,057.00","9,956.99","","-0.55%"
"05/01/2012","10,043.47","10,060.08","10,105.09","10,019.07","","-0.14%"
"04/30/2012","10,057.67","10,046.43","10,076.62","9,944.85","","0.10%"
"04/27/2012","10,047.24","10,012.13","10,084.42","9,979.29","","0.38%"
"04/26/2012","10,009.41","9,937.86","10,044.90","9,927.54","","0.73%"
"04/25/2012","9,936.71","9,918.88","9,955.63","9,821.18","","0.20%"
"04/24/2012","9,916.82","9,900.92","9,973.43","9,879.29","","0.25%"
"04/23/2012","9,892.21","9,920.86","9,935.86","9,805.47","","-0.30%"
"04/20/2012","9,921.61","9,929.11","9,960.91","9,909.84","","0.02%"
"04/19/2012","9,919.20","9,901.63","9,999.83","9,863.63","","0.03%"
"04/18/2012","9,916.07","9,958.11","9,993.99","9,897.74","","-0.46%"
"04/17/2012","9,962.10","9,973.22","10,011.56","9,875.57","","-0.07%"
"04/16/2012","9,969.06","9,998.88","10,014.85","9,911.07","","-0.41%"
"04/13/2012","10,010.04","10,109.94","10,135.14","9,960.32","","-0.99%"
"04/12/2012","10,110.18","10,011.55","10,146.04","9,971.06","","1.06%"
"04/11/2012","10,004.37","10,004.37","10,004.37","10,004.37","","-0.11%"
"04/10/2012","10,015.53","9,902.84","10,040.74","9,852.84","","1.19%"
"04/09/2012","9,897.83","9,903.07","9,955.91","9,826.12","","0.13%"
"04/06/2012","9,885.27","9,821.60","9,895.99","9,827.99","","0.45%"
"04/05/2012","9,840.91","9,776.81","9,860.87","9,779.80","","0.66%"
"04/04/2012","9,776.69","9,924.85","9,951.40","9,736.93","","-1.53%"
"04/03/2012","9,929.02","10,117.72","10,153.79","9,897.45","","-1.93%"
"04/02/2012","10,124.72","10,124.72","10,124.72","10,124.72","","0.51%"
"03/30/2012","10,073.14","10,028.76","10,092.63","10,025.95","","0.45%"
"03/29/2012","10,028.39","10,031.77","10,059.63","9,936.89","","-0.04%"
"03/28/2012","10,032.56","10,185.39","10,192.45","9,995.86","","-1.03%"
"03/27/2012","10,137.10","10,198.97","10,243.25","10,137.81","","-0.59%"
"03/26/2012","10,197.04","10,020.36","10,228.65","9,976.69","","1.68%"
"03/23/2012","10,029.04","9,927.34","10,059.88","9,913.08","","1.15%"
"03/22/2012","9,915.09","9,956.40","10,000.55","9,827.85","","-0.41%"
"03/21/2012","9,955.44","9,959.12","10,032.41","9,929.65","","0.09%"
"03/20/2012","9,946.14","10,035.83","10,046.85","9,908.08","","-0.80%"
"03/19/2012","10,026.84","9,970.78","10,075.84","9,968.92","","0.13%"
"03/16/2012","10,013.36","10,007.69","10,044.49","9,892.63","","0.18%"
"03/15/2012","9,994.96","9,905.25","10,055.58","9,873.58","","0.92%"
"03/14/2012","9,903.51","10,096.50","10,149.83","9,861.67","","-1.95%"
"03/13/2012","10,100.42","10,249.52","10,292.44","10,030.63","","-1.51%"
"03/12/2012","10,255.43","10,302.74","10,340.13","10,210.88","","-0.68%"
"03/09/2012","10,325.77","10,250.21","10,343.29","10,121.00","","0.73%"
"03/08/2012","10,251.36","10,163.73","10,282.76","10,157.51","","0.87%"
"03/07/2012","10,162.83","10,097.21","10,188.26","10,082.32","","0.65%"
"03/06/2012","10,096.96","10,284.59","10,308.62","10,041.86","","-1.88%"
"03/05/2012","10,290.20","10,313.51","10,357.39","10,216.24","","-0.27%"
"03/02/2012","10,317.97","10,353.12","10,398.11","10,283.02","","-0.26%"
"03/01/2012","10,344.50","10,222.71","10,407.74","10,221.22","","1.21%"
"02/29/2012","10,220.42","10,761.63","10,810.87","10,183.95","","-5.10%"
"02/28/2012","10,770.14","10,659.00","10,798.05","10,657.85","","1.08%"
"02/27/2012","10,654.96","10,695.30","10,740.69","10,636.31","","-0.44%"
"02/24/2012","10,702.41","10,740.79","10,761.77","10,687.92","","-0.35%"
"02/23/2012","10,740.43","10,712.15","10,789.56","10,691.56","","0.19%"
"02/22/2012","10,720.30","10,618.29","10,756.18","10,560.85","","0.99%"
"02/21/2012","10,615.21","10,462.46","10,626.84","10,452.70","","1.47%"
"02/20/2012","10,461.67","10,401.37","10,488.74","10,405.08","","0.65%"
"02/17/2012","10,394.29","10,430.33","10,480.64","10,369.88","","-0.38%"
"02/16/2012","10,433.47","10,421.34","10,446.56","10,297.31","","0.04%"
"02/15/2012","10,429.61","10,371.93","10,485.98","10,370.49","","0.52%"
"02/14/2012","10,375.25","10,390.62","10,425.87","10,331.31","","-0.12%"
"02/13/2012","10,387.90","10,403.33","10,464.46","10,359.69","","0.14%"
"02/10/2012","10,373.17","10,438.47","10,470.72","10,285.33","","-0.49%"
"02/09/2012","10,424.60","10,452.93","10,571.57","10,412.29","","-0.27%"
"02/08/2012","10,453.05","10,522.29","10,572.03","10,409.17","","-0.70%"
"02/07/2012","10,526.57","10,367.38","10,557.84","10,314.54","","1.51%"
"02/06/2012","10,369.49","10,406.57","10,488.74","10,326.56","","-0.30%"
"02/03/2012","10,401.09","10,606.83","10,640.22","10,394.02","","-1.95%"
"02/02/2012","10,607.92","10,508.68","10,628.67","10,504.68","","0.96%"
"02/01/2012","10,506.57","10,472.59","10,563.17","10,420.74","","0.26%"
"01/31/2012","10,479.46","10,421.15","10,537.46","10,408.78","","0.53%"
"01/30/2012","10,424.16","10,473.08","10,493.05","10,347.83","","-0.62%"
"01/27/2012","10,489.51","10,378.42","10,493.96","10,328.90","","1.02%"
"01/26/2012","10,383.25","10,324.13","10,444.96","10,283.93","","0.47%"
"01/25/2012","10,334.64","10,055.20","10,349.09","9,961.25","","2.83%"
"01/24/2012","10,050.67","10,122.65","10,146.52","10,035.09","","-0.70%"
"01/23/2012","10,121.98","10,063.06","10,157.44","10,044.62","","0.58%"
"01/20/2012","10,063.49","10,010.03","10,071.08","9,935.84","","0.59%"
"01/19/2012","10,004.90","10,022.17","10,092.72","9,961.36","","-0.25%"
"01/18/2012","10,030.33","9,974.62","10,044.10","9,924.13","","0.58%"
"01/17/2012","9,972.20","9,921.09","10,072.06","9,894.00","","0.54%"
"01/16/2012","9,918.19","9,892.45","9,950.50","9,851.21","","0.31%"
"01/13/2012","9,887.99","9,959.48","9,967.90","9,814.41","","-0.72%"
"01/12/2012","9,959.24","9,898.85","10,038.92","9,903.67","","0.58%"
"01/11/2012","9,901.56","9,848.46","9,946.40","9,810.33","","0.58%"
"01/10/2012","9,844.90","9,721.72","9,902.44","9,706.19","","1.32%"
"01/09/2012","9,716.89","9,750.21","9,800.32","9,689.21","","-0.35%"
"01/06/2012","9,750.93","9,779.47","9,847.81","9,711.99","","-0.36%"
"01/05/2012","9,786.46","9,713.77","9,812.03","9,638.90","","0.71%"
"01/04/2012","9,717.45","9,661.00","9,768.13","9,609.74","","0.47%"
"01/03/2012","9,672.22","9,439.91","9,698.18","9,412.53","","2.48%"
"01/02/2012","9,437.86","9,439.91","9,470.01","9,409.41","","0.13%"
"12/30/2011","9,425.38","9,317.16","9,536.94","9,317.90","","1.12%"
"12/29/2011","9,321.08","9,380.81","9,417.80","9,184.83","","-0.48%"
"12/28/2011","9,365.74","9,597.16","9,634.96","9,346.90","","-2.37%"
"12/27/2011","9,593.49","9,680.07","9,724.17","9,580.68","","-0.79%"
"12/26/2011","9,669.88","9,664.80","9,717.71","9,626.44","","0.11%"
"12/23/2011","9,659.39","9,660.23","9,720.69","9,647.68","","0.12%"
"12/22/2011","9,648.20","9,732.15","9,754.44","9,618.97","","-0.84%"
"12/21/2011","9,729.73","9,717.07","9,898.01","9,685.61","","0.09%"
"12/20/2011","9,721.23","9,591.33","9,748.78","9,582.18","","1.47%"
"12/19/2011","9,580.86","9,622.88","9,687.40","9,536.26","","-0.32%"
"12/16/2011","9,611.68","9,448.57","9,642.28","9,449.73","","1.72%"
"12/15/2011","9,449.23","9,469.78","9,598.11","9,398.81","","-0.23%"
"12/14/2011","9,471.22","9,833.54","9,901.30","9,413.75","","-3.63%"
"12/13/2011","9,827.99","10,032.07","10,119.97","9,784.60","","-2.06%"
"12/12/2011","10,034.60","10,290.34","10,316.84","9,982.80","","-2.50%"
"12/09/2011","10,292.21","10,271.15","10,373.57","10,248.23","","0.14%"
"12/08/2011","10,278.07","10,462.27","10,563.35","10,244.17","","-1.73%"
"12/07/2011","10,459.33","10,371.55","10,474.47","10,335.88","","0.84%"
"12/06/2011","10,372.45","10,335.00","10,412.27","10,226.44","","0.38%"
"12/05/2011","10,332.90","10,474.69","10,541.00","10,313.52","","-1.32%"
"12/02/2011","10,471.33","10,468.03","10,584.24","10,437.97","","0.00%"
"12/01/2011","10,471.03","10,482.23","10,538.77","10,412.45","","-0.08%"
"11/30/2011","10,478.98","10,289.77","10,511.08","10,211.88","","1.73%"
"11/29/2011","10,300.63","10,268.85","10,331.96","10,226.16","","0.26%"
"11/28/2011","10,273.65","10,081.20","10,328.73","10,064.10","","1.94%"
"11/25/2011","10,077.78","10,166.10","10,202.75","10,036.30","","-0.86%"
"11/24/2011","10,165.50","10,143.19","10,236.19","10,128.27","","0.18%"
"11/23/2011","10,146.79","10,185.20","10,258.19","10,063.05","","-0.30%"
"11/22/2011","10,177.35","10,050.92","10,226.53","10,010.67","","1.12%"
"11/21/2011","10,064.45","10,343.18","10,351.79","9,981.95","","-2.30%"
"11/18/2011","10,301.08","10,296.83","10,396.33","10,239.90","","0.28%"
"11/17/2011","10,272.31","10,539.03","10,575.51","10,233.92","","-2.54%"
"11/16/2011","10,539.63","10,649.14","10,668.62","10,492.66","","-0.98%"
"11/15/2011","10,644.35","10,640.18","10,681.48","10,527.54","","0.01%"
"11/14/2011","10,643.17","10,675.79","10,732.66","10,605.08","","-0.35%"
"11/11/2011","10,680.62","10,505.58","10,691.28","10,434.13","","1.71%"
"11/10/2011","10,501.11","10,564.06","10,607.58","10,373.19","","-0.48%"
"11/09/2011","10,552.06","10,649.54","10,741.10","10,529.05","","-0.92%"
"11/08/2011","10,649.60","10,708.92","10,763.34","10,607.51","","-0.58%"
"11/07/2011","10,711.31","10,463.99","10,736.59","10,463.18","","2.37%"
"11/04/2011","10,463.63","10,518.00","10,534.69","10,443.33","","-0.53%"
"11/03/2011","10,519.50","10,358.71","10,553.97","10,284.58","","1.61%"
"11/02/2011","10,352.75","10,258.40","10,413.22","10,235.52","","0.96%"
"11/01/2011","10,254.81","10,226.02","10,291.16","10,043.67","","0.33%"
"10/31/2011","10,221.25","10,397.15","10,419.45","10,184.79","","-1.69%"
"10/28/2011","10,396.79","10,407.24","10,463.62","10,343.59","","-0.11%"
"10/27/2011","10,407.89","10,293.25","10,449.05","10,184.24","","1.17%"
"10/26/2011","10,287.34","10,176.57","10,311.37","10,119.24","","1.20%"
"10/25/2011","10,165.59","9,859.87","10,203.74","9,810.92","","3.11%"
"10/24/2011","9,858.56","9,807.90","9,921.29","9,774.17","","0.58%"
"10/21/2011","9,802.11","9,670.48","9,852.49","9,631.43","","1.35%"
"10/20/2011","9,671.14","9,815.09","9,834.49","9,582.49","","-1.36%"
"10/19/2011","9,804.69","9,879.18","9,949.02","9,798.78","","-0.76%"
"10/18/2011","9,879.42","9,971.93","10,013.13","9,718.62","","-0.86%"
"10/17/2011","9,964.83","10,036.92","10,123.63","9,944.97","","-0.56%"
"10/14/2011","10,020.81","9,945.31","10,052.52","9,917.55","","0.77%"
"10/13/2011","9,943.88","9,991.09","10,054.41","9,870.33","","-0.45%"
"10/12/2011","9,988.70","9,912.58","10,099.08","9,910.14","","0.74%"
"10/11/2011","9,915.26","9,906.19","10,054.01","9,869.82","","-0.80%"
"10/10/2011","9,995.68","9,857.35","10,013.70","9,761.51","","2.33%"
"10/07/2011","9,767.63","9,795.95","9,938.77","9,694.98","","-0.67%"
"10/06/2011","9,833.74","9,779.26","9,871.42","9,730.47","","0.57%"
"10/05/2011","9,778.42","9,673.68","9,820.99","9,523.80","","1.13%"
"10/04/2011","9,669.21","9,888.70","10,007.57","9,508.74","","-2.24%"
"10/03/2011","9,890.48","9,646.71","9,928.51","9,656.70","","2.16%"
"09/30/2011","9,681.06","9,634.78","9,785.81","9,586.73","","0.57%"
"09/29/2011","9,626.19","9,580.81","9,749.30","9,444.06","","0.38%"
"09/28/2011","9,589.75","9,835.31","9,955.02","9,534.43","","-2.50%"
"09/27/2011","9,835.67","9,685.64","10,006.24","9,632.19","","1.39%"
"09/26/2011","9,700.91","9,887.06","9,931.31","9,161.38","","-1.85%"
"09/23/2011","9,883.74","10,367.69","10,484.77","9,727.90","","-4.61%"
"09/22/2011","10,361.66","10,609.00","10,655.82","10,277.86","","-2.36%"
"09/21/2011","10,611.69","10,751.53","10,837.87","10,610.48","","-1.31%"
"09/20/2011","10,752.78","10,594.15","10,804.27","10,548.28","","1.51%"
"09/19/2011","10,592.96","10,824.37","10,898.46","10,551.08","","-1.75%"
"09/16/2011","10,781.74","10,641.82","10,853.94","10,501.11","","1.24%"
"09/15/2011","10,649.56","10,836.88","10,882.10","10,560.24","","-1.68%"
"09/14/2011","10,831.52","10,907.18","10,980.34","10,773.95","","-0.70%"
"09/13/2011","10,908.14","10,787.02","10,973.97","10,689.78","","1.10%"
"09/12/2011","10,789.70","11,110.46","11,142.97","10,720.56","","-2.82%"
"09/09/2011","11,102.61","11,169.39","11,278.88","10,901.39","","-0.59%"
"09/08/2011","11,168.73","10,853.35","11,186.97","10,791.16","","2.94%"
"09/07/2011","10,849.76","11,154.59","11,212.17","10,719.09","","-2.79%"
"09/06/2011","11,160.61","11,339.44","11,453.10","11,088.20","","-1.39%"
"09/05/2011","11,317.98","11,174.50","11,354.04","11,166.31","","0.94%"
"09/02/2011","11,212.92","10,857.56","11,222.21","10,859.92","","3.26%"
"09/01/2011","10,858.81","10,847.14","10,899.54","10,798.87","","0.07%"
"08/31/2011","10,851.37","10,920.35","10,953.42","10,786.99","","-0.61%"
"08/30/2011","10,917.67","10,635.93","10,957.85","10,618.34","","2.65%"
"08/29/2011","10,635.93","10,938.13","10,954.63","10,572.20","","-2.35%"
"08/26/2011","10,891.52","10,558.41","10,905.00","10,473.14","","3.25%"
"08/25/2011","10,549.18","10,424.32","10,576.45","10,146.91","","1.13%"
"08/24/2011","10,431.53","10,938.88","11,090.21","10,429.39","","-4.63%"
"08/23/2011","10,938.52","11,340.40","11,431.79","10,904.53","","-3.53%"
"08/22/2011","11,338.97","11,040.46","11,365.43","11,049.47","","2.64%"
"08/19/2011","11,046.88","10,879.27","11,203.68","10,868.89","","1.54%"
"08/18/2011","10,879.27","10,680.27","10,913.82","10,656.41","","1.92%"
"08/17/2011","10,674.36","10,660.34","10,722.59","10,627.29","","0.13%"
"08/16/2011","10,660.04","10,531.76","10,672.27","10,516.25","","1.22%"
"08/15/2011","10,531.76","10,402.05","10,549.99","10,302.43","","1.22%"
"08/12/2011","10,404.35","10,507.80","10,543.05","10,273.03","","-1.13%"
"08/11/2011","10,523.00","10,689.84","10,811.67","10,326.85","","-1.56%"
"08/10/2011","10,689.84","10,388.92","10,709.25","10,332.22","","2.90%"
"08/09/2011","10,388.92","10,230.71","10,603.14","10,223.04","","1.55%"
"08/08/2011","10,230.71","9,900.36","10,254.72","9,906.93","","3.28%"
"08/05/2011","9,905.44","9,806.65","9,940.98","9,773.12","","0.97%"
"08/04/2011","9,810.52","9,884.49","10,012.58","9,762.37","","-0.75%"
"08/03/2011","9,884.49","9,872.54","9,964.65","9,835.45","","0.10%"
"08/02/2011","9,874.14","9,642.79","9,892.31","9,621.01","","2.51%"
"08/01/2011","9,632.55","9,682.04","9,717.38","9,577.05","","-0.54%"
"07/29/2011","9,685.29","9,622.22","9,727.51","9,566.77","","0.61%"
"07/28/2011","9,626.98","9,607.03","9,654.51","9,550.35","","0.21%"
"07/27/2011","9,607.03","9,636.75","9,700.82","9,583.73","","-0.36%"
"07/26/2011","9,641.57","9,618.12","9,654.78","9,580.05","","0.24%"
"07/25/2011","9,618.12","9,528.73","9,679.73","9,534.64","","1.03%"
"07/22/2011","9,519.61","9,482.24","9,583.38","9,442.23","","0.59%"
"07/21/2011","9,463.88","9,523.60","9,574.99","9,449.69","","-0.85%"
"07/20/2011","9,544.60","9,460.41","9,563.36","9,431.95","","0.89%"
"07/19/2011","9,460.41","9,551.77","9,586.65","9,432.07","","-0.87%"
"07/18/2011","9,543.44","9,484.21","9,569.63","9,478.28","","0.69%"
"07/15/2011","9,477.77","9,445.92","9,495.89","9,384.67","","0.34%"
"07/14/2011","9,445.92","9,424.07","9,497.02","9,410.56","","0.23%"
"07/13/2011","9,424.07","9,326.64","9,465.46","9,315.56","","1.13%"
"07/12/2011","9,319.20","9,239.26","9,369.27","9,174.87","","0.87%"
"07/11/2011","9,239.26","9,187.21","9,264.15","9,170.60","","0.59%"
"07/08/2011","9,185.49","9,123.55","9,208.11","9,082.12","","0.76%"
"07/07/2011","9,115.80","9,099.84","9,139.88","9,073.14","","0.21%"
"07/06/2011","9,096.26","9,028.67","9,136.02","8,992.97","","0.74%"
"07/05/2011","9,029.02","8,904.66","9,042.89","8,890.87","","1.39%"
"07/04/2011","8,905.19","8,857.10","8,922.51","8,856.11","","0.53%"
"07/01/2011","8,858.01","8,955.51","8,969.44","8,823.81","","-1.01%"
"06/30/2011","8,948.11","9,022.44","9,040.70","8,944.58","","-0.82%"
"06/29/2011","9,022.44","9,022.44","9,022.44","9,022.44","","0.84%"
"06/28/2011","8,947.48","8,921.84","8,987.67","8,922.84","","0.37%"
"06/27/2011","8,914.69","8,929.56","8,978.51","8,889.49","","-0.28%"
"06/24/2011","8,939.39","9,061.85","9,095.48","8,932.32","","-1.35%"
"06/23/2011","9,061.85","9,247.39","9,253.87","9,019.44","","-2.01%"
"06/22/2011","9,247.39","9,195.19","9,283.50","9,178.02","","0.62%"
"06/21/2011","9,190.73","9,150.38","9,211.22","9,140.91","","0.44%"
"06/20/2011","9,150.38","9,144.25","9,189.84","9,112.58","","0.03%"
"06/17/2011","9,147.82","9,084.51","9,170.58","9,053.57","","0.67%"
"06/16/2011","9,087.19","9,090.35","9,116.01","9,052.80","","-0.07%"
"06/15/2011","9,093.98","9,051.46","9,118.23","8,999.44","","0.55%"
"06/14/2011","9,044.62","9,000.98","9,094.22","8,989.21","","0.48%"
"06/13/2011","9,001.51","9,091.26","9,113.05","8,982.78","","-0.98%"
"06/10/2011","9,090.67","9,172.07","9,186.54","9,070.53","","-0.81%"
"06/09/2011","9,164.64","9,131.67","9,210.53","9,110.89","","0.44%"
"06/08/2011","9,124.24","9,169.88","9,196.02","9,099.60","","-0.42%"
"06/07/2011","9,163.04","9,165.72","9,210.56","9,131.25","","-0.03%"
"06/06/2011","9,165.72","9,159.90","9,231.13","9,151.85","","0.06%"
"06/03/2011","9,160.37","9,110.42","9,191.86","9,058.15","","0.67%"
"06/02/2011","9,099.49","9,148.97","9,178.81","9,033.49","","-0.51%"
"06/01/2011","9,145.76","9,114.29","9,211.04","9,084.00","","0.43%"
"05/31/2011","9,106.57","9,143.11","9,164.30","9,103.01","","-0.40%"
"05/30/2011","9,143.11","9,136.69","9,159.75","9,125.74","","0.05%"
"05/27/2011","9,138.84","9,061.07","9,165.45","9,047.02","","1.10%"
"05/26/2011","9,039.63","9,064.56","9,114.07","9,023.37","","-0.37%"
"05/25/2011","9,072.89","9,077.86","9,121.30","9,054.12","","0.03%"
"05/24/2011","9,070.18","9,024.37","9,096.89","8,983.22","","0.51%"
"05/23/2011","9,024.37","9,001.53","9,045.45","8,950.60","","0.29%"
"05/20/2011","8,998.26","8,890.81","9,025.82","8,856.15","","1.23%"
"05/19/2011","8,888.54","8,900.74","8,927.54","8,849.73","","-0.05%"
"05/18/2011","8,893.01","8,824.16","8,928.16","8,829.36","","0.66%"
"05/17/2011","8,834.27","8,842.13","8,903.46","8,753.25","","-0.09%"
"05/16/2011","8,842.13","8,859.45","8,938.37","8,831.40","","-0.26%"
"05/13/2011","8,865.57","8,935.95","9,003.61","8,802.98","","-0.55%"
"05/12/2011","8,914.94","8,914.94","8,914.94","8,914.94","","0.11%"
"05/11/2011","8,905.52","8,978.17","9,070.44","8,882.94","","-0.97%"
"05/10/2011","8,992.42","8,980.01","9,025.38","8,941.30","","0.15%"
"05/09/2011","8,979.36","8,869.33","8,993.27","8,857.10","","1.10%"
"05/06/2011","8,881.80","8,759.40","8,907.08","8,741.52","","1.57%"
"05/05/2011","8,744.54","9,013.30","9,058.52","8,689.72","","-3.04%"
"05/04/2011","9,018.42","9,134.32","9,184.87","8,964.99","","-1.23%"
"05/03/2011","9,130.28","9,181.40","9,224.78","9,083.86","","-0.56%"
"05/02/2011","9,182.05","9,317.54","9,376.16","9,164.30","","-1.22%"
"04/29/2011","9,295.60","9,125.28","9,334.86","9,107.09","","1.87%"
"04/28/2011","9,125.28","9,080.36","9,150.35","9,066.63","","0.53%"
"04/27/2011","9,076.74","8,958.22","9,103.61","8,942.51","","1.26%"
"04/26/2011","8,963.64","8,963.06","9,001.06","8,885.74","","-0.05%"
"04/25/2011","8,968.41","8,984.25","9,042.14","8,944.19","","-0.06%"
"04/22/2011","8,973.71","8,969.07","9,008.80","8,950.44","","0.35%"
"04/21/2011","8,941.99","8,933.87","8,990.77","8,931.83","","0.17%"
"04/20/2011","8,927.08","8,903.02","8,968.14","8,887.94","","0.42%"
"04/19/2011","8,889.92","8,904.45","8,932.19","8,862.23","","-0.15%"
"04/18/2011","8,903.44","8,840.21","8,924.19","8,800.83","","0.55%"
"04/15/2011","8,854.63","8,786.06","8,867.77","8,768.53","","0.91%"
"04/14/2011","8,774.80","8,689.28","8,795.35","8,659.11","","1.08%"
"04/13/2011","8,681.23","8,729.29","8,733.87","8,657.17","","0.23%"
"04/12/2011","8,660.97","8,772.29","8,778.36","8,623.45","","-0.75%"
"04/11/2011","8,726.06","8,785.87","8,812.42","8,707.47","","-0.68%"
"04/08/2011","8,785.57","8,697.84","8,804.94","8,689.59","","1.14%"
"04/07/2011","8,686.57","8,696.77","8,739.90","8,664.73","","-0.01%"
"04/06/2011","8,687.23","8,667.30","8,721.86","8,641.49","","0.35%"
"04/05/2011","8,656.89","8,547.47","8,678.85","8,513.08","","1.28%"
"04/04/2011","8,547.47","8,515.82","8,566.79","8,513.05","","0.49%"
"04/01/2011","8,505.88","8,557.11","8,563.69","8,421.52","","-0.60%"
"03/31/2011","8,557.11","8,485.88","8,579.74","8,476.01","","0.90%"
"03/30/2011","8,480.81","8,417.98","8,534.33","8,414.13","","0.65%"
"03/29/2011","8,425.71","8,450.19","8,495.11","8,400.95","","-0.18%"
"03/28/2011","8,440.97","8,475.25","8,503.30","8,397.17","","-0.70%"
"03/25/2011","8,500.47","8,519.21","8,558.02","8,463.37","","-0.03%"
"03/24/2011","8,503.15","8,554.75","8,622.86","8,473.04","","-0.53%"
"03/23/2011","8,548.26","8,482.15","8,582.08","8,471.03","","0.74%"
"03/22/2011","8,485.12","8,482.15","8,495.67","8,471.03","","0.34%"
"03/21/2011","8,456.25","8,445.62","8,518.61","8,407.96","","0.63%"
"03/18/2011","8,403.24","8,319.30","8,446.90","8,316.56","","0.96%"
"03/17/2011","8,323.56","8,296.34","8,335.69","8,217.46","","0.38%"
"03/16/2011","8,292.25","8,262.80","8,356.28","8,254.00","","0.42%"
"03/15/2011","8,257.76","8,455.17","8,472.49","8,186.97","","-2.28%"
"03/14/2011","8,450.19","8,398.41","8,485.93","8,392.06","","0.82%"
"03/11/2011","8,381.38","8,352.11","8,425.50","8,308.40","","0.39%"
"03/10/2011","8,349.10","8,447.83","8,470.86","8,298.67","","-1.17%"
"03/09/2011","8,447.77","8,437.63","8,494.74","8,413.10","","0.08%"
"03/08/2011","8,440.88","8,441.79","8,493.62","8,414.60","","-0.13%"
"03/07/2011","8,452.17","8,418.85","8,527.42","8,424.22","","0.35%"
"03/04/2011","8,422.34","8,349.15","8,449.71","8,338.65","","0.89%"
"03/03/2011","8,348.09","8,456.56","8,471.92","8,320.33","","-1.20%"
"03/02/2011","8,449.78","8,443.90","8,491.67","8,410.21","","0.04%"
"03/01/2011","8,446.38","8,306.26","8,455.74","8,302.49","","1.66%"
"02/28/2011","8,308.61","8,287.91","8,341.75","8,241.58","","0.26%"
"02/25/2011","8,286.85","8,246.54","8,325.75","8,239.22","","0.65%"
"02/24/2011","8,233.19","8,306.68","8,348.53","8,193.02","","-0.77%"
"02/23/2011","8,297.26","8,229.89","8,344.54","8,214.96","","0.93%"
"02/22/2011","8,221.12","8,279.64","8,313.76","8,204.23","","-0.71%"
"02/21/2011","8,279.64","8,156.98","8,299.33","8,162.25","","1.54%"
"02/18/2011","8,154.04","8,129.89","8,184.24","8,124.78","","0.27%"
"02/17/2011","8,131.71","8,075.59","8,143.74","8,076.87","","0.67%"
"02/16/2011","8,077.88","8,069.12","8,126.10","8,030.72","","0.11%"
"02/15/2011","8,068.83","8,002.53","8,095.09","7,995.15","","0.80%"
"02/14/2011","8,004.47","7,985.08","8,035.86","7,961.05","","0.41%"
"02/11/2011","7,971.63","8,014.02","8,049.78","7,964.38","","-0.38%"
"02/10/2011","8,001.91","8,010.27","8,037.17","7,947.03","","-0.11%"
"02/09/2011","8,010.56","8,012.87","8,041.00","7,987.83","","-0.05%"
"02/08/2011","8,014.81","8,037.10","8,091.73","7,927.31","","-0.20%"
"02/07/2011","8,030.97","7,992.45","8,056.79","7,970.39","","1.74%"
"02/04/2011","7,893.65","7,923.57","7,956.27","7,878.92","","-0.45%"
"02/03/2011","7,929.43","7,822.28","7,943.80","7,762.19","","1.34%"
"02/02/2011","7,824.27","7,848.57","7,875.97","7,771.15","","-0.26%"
"02/01/2011","7,844.82","7,797.69","7,870.14","7,765.00","","0.66%"
"01/31/2011","7,793.59","7,825.50","7,889.77","7,750.94","","-0.26%"
"01/28/2011","7,814.08","7,684.04","7,890.50","7,663.66","","1.73%"
"01/27/2011","7,681.47","7,849.51","7,864.29","7,671.22","","-2.14%"
"01/26/2011","7,849.28","7,750.98","7,855.57","7,724.27","","1.21%"
"01/25/2011","7,755.40","7,759.36","7,851.11","7,697.94","","0.02%"
"01/24/2011","7,754.18","7,799.27","7,861.61","7,759.18","","-0.52%"
"01/21/2011","7,794.53","7,814.05","7,845.65","7,772.02","","-0.30%"
"01/20/2011","7,818.11","7,958.33","7,965.51","7,802.36","","-1.79%"
"01/19/2011","7,960.65","7,963.04","8,018.57","7,944.01","","0.00%"
"01/18/2011","7,960.42","7,926.17","8,022.62","7,924.67","","0.33%"
"01/17/2011","7,934.62","7,880.08","7,946.33","7,883.87","","0.56%"
"01/14/2011","7,890.17","7,959.51","8,037.93","7,859.75","","-0.92%"
"01/13/2011","7,963.39","8,042.87","8,083.45","7,943.14","","-0.97%"
"01/12/2011","8,041.65","8,010.21","8,060.25","7,983.20","","0.31%"
"01/11/2011","8,016.54","7,972.89","8,047.79","7,966.80","","0.55%"
"01/10/2011","7,972.60","7,972.89","7,979.29","7,976.88","","0.41%"
"01/07/2011","7,939.91","7,950.87","7,998.86","7,846.17","","-0.10%"
"01/06/2011","7,947.97","7,982.90","8,002.04","7,917.23","","-0.38%"
"01/05/2011","7,978.27","7,991.71","8,030.42","7,907.22","","-0.17%"
"01/04/2011","7,991.71","8,201.14","8,243.51","7,956.62","","-2.52%"
"01/03/2011","8,197.89","8,244.90","8,262.56","8,194.32","","-0.49%"
"12/31/2010","8,238.49","8,149.69","8,256.45","8,147.17","","1.10%"
"12/30/2010","8,148.76","8,189.15","8,214.23","8,142.39","","-0.45%"
"12/29/2010","8,185.96","8,160.68","8,227.94","8,131.94","","0.33%"
"12/28/2010","8,159.11","8,032.89","8,171.18","8,016.28","","1.57%"
"12/27/2010","8,032.89","8,032.80","8,052.57","7,967.17","","-0.05%"
"12/24/2010","8,036.96","8,012.57","8,050.25","8,004.72","","0.32%"
"12/23/2010","8,011.70","8,038.35","8,067.44","7,969.76","","-0.32%"
"12/22/2010","8,037.77","8,039.19","8,080.15","8,028.82","","-0.02%"
"12/21/2010","8,039.77","8,035.99","8,083.84","8,018.52","","0.08%"
"12/20/2010","8,033.38","7,976.93","8,064.58","7,980.88","","0.82%"
"12/17/2010","7,968.23","7,944.18","7,993.72","7,911.12","","0.41%"
"12/16/2010","7,936.07","7,999.42","8,039.11","7,894.31","","-0.72%"
"12/15/2010","7,993.57","8,085.00","8,128.69","7,987.88","","-1.13%"
"12/14/2010","8,085.29","8,076.61","8,159.59","8,065.54","","0.11%"
"12/13/2010","8,076.56","8,015.35","8,114.31","8,000.37","","0.67%"
"12/10/2010","8,022.98","8,031.66","8,062.25","7,945.21","","-0.08%"
"12/09/2010","8,029.29","7,995.67","8,073.88","7,986.03","","0.45%"
"12/08/2010","7,993.00","8,097.97","8,145.68","7,940.84","","-1.38%"
"12/07/2010","8,105.02","8,226.07","8,276.06","8,075.84","","-1.48%"
"12/06/2010","8,227.00","8,177.63","8,253.83","8,123.14","","0.56%"
"12/03/2010","8,181.35","8,012.45","8,193.41","8,009.50","","2.15%"
"12/02/2010","8,009.33","8,026.86","8,093.99","8,003.13","","-0.17%"
"12/01/2010","8,022.64","8,019.50","8,084.38","7,998.59","","0.11%"
"11/30/2010","8,014.00","7,915.25","8,048.83","7,887.37","","1.35%"
"11/29/2010","7,907.15","7,867.69","7,926.75","7,815.55","","0.38%"
"11/26/2010","7,877.39","7,935.54","7,943.62","7,800.97","","-0.73%"
"11/25/2010","7,935.54","7,922.50","7,944.07","7,895.45","","0.05%"
"11/24/2010","7,931.79","7,922.33","7,970.88","7,891.93","","0.14%"
"11/23/2010","7,920.32","7,853.13","7,958.42","7,807.40","","0.88%"
"11/22/2010","7,851.12","7,786.36","7,865.69","7,753.45","","0.94%"
"11/19/2010","7,778.03","7,762.44","7,839.62","7,716.64","","-0.05%"
"11/18/2010","7,781.76","7,677.03","7,818.63","7,655.33","","1.31%"
"11/17/2010","7,680.99","7,700.02","7,734.50","7,655.45","","-0.28%"
"11/16/2010","7,702.61","7,817.28","7,872.55","7,647.40","","-1.42%"
"11/15/2010","7,813.83","7,853.78","7,918.82","7,797.61","","-0.70%"
"11/12/2010","7,868.59","8,103.76","8,114.03","7,821.80","","-2.88%"
"11/11/2010","8,101.75","8,067.79","8,158.62","8,035.88","","0.43%"
"11/10/2010","8,067.22","7,999.58","8,128.53","7,963.86","","0.85%"
"11/09/2010","7,999.58","8,066.03","8,187.18","7,947.99","","-0.84%"
"11/08/2010","8,067.69","7,965.38","8,076.12","7,924.92","","1.33%"
"11/05/2010","7,961.89","7,954.97","7,992.14","7,850.62","","0.08%"
"11/04/2010","7,955.32","7,784.35","7,965.57","7,715.90","","2.19%"
"11/03/2010","7,784.70","7,839.16","7,885.67","7,656.51","","-0.70%"
"11/02/2010","7,839.39","7,799.91","7,857.07","7,802.80","","0.51%"
"11/01/2010","7,799.91","7,851.02","7,891.81","7,792.65","","-0.59%"
"10/29/2010","7,846.48","7,757.22","7,852.65","7,711.86","","1.17%"
"10/28/2010","7,755.83","7,646.86","7,772.81","7,640.61","","1.40%"
"10/27/2010","7,648.94","7,729.71","7,761.29","7,617.95","","-1.07%"
"10/26/2010","7,731.44","7,721.72","7,750.47","7,668.32","","0.09%"
"10/25/2010","7,724.61","7,663.26","7,772.61","7,667.54","","1.08%"
"10/22/2010","7,642.02","7,631.23","7,653.21","7,576.01","","0.13%"
"10/21/2010","7,632.38","7,745.09","7,771.30","7,591.88","","-1.47%"
"10/20/2010","7,746.53","7,648.01","7,760.79","7,631.65","","1.24%"
"10/19/2010","7,651.74","7,817.67","7,849.02","7,620.90","","-2.15%"
"10/18/2010","7,819.67","7,807.74","7,856.18","7,716.80","","0.27%"
"10/15/2010","7,798.34","7,864.46","7,898.06","7,765.97","","-0.87%"
"10/14/2010","7,867.02","7,820.06","7,910.04","7,812.51","","0.64%"
"10/13/2010","7,816.64","7,695.70","7,836.37","7,694.21","","1.58%"
"10/12/2010","7,695.42","7,706.15","7,720.34","7,632.89","","-0.10%"
"10/11/2010","7,703.02","7,659.77","7,718.82","7,631.10","","0.49%"
"10/08/2010","7,665.83","7,586.69","7,688.54","7,547.02","","1.02%"
"10/07/2010","7,588.39","7,679.89","7,771.86","7,550.43","","-1.17%"
"10/06/2010","7,678.46","7,630.63","7,694.73","7,625.38","","0.61%"
"10/05/2010","7,632.05","7,477.76","7,643.75","7,474.86","","2.01%"
"10/04/2010","7,482.03","7,497.32","7,516.57","7,474.18","","-0.21%"
"10/01/2010","7,498.07","7,451.11","7,520.17","7,436.20","","0.67%"
"09/30/2010","7,447.98","7,460.68","7,492.14","7,378.41","","-0.14%"
"09/29/2010","7,458.11","7,454.29","7,487.83","7,440.62","","0.04%"
"09/28/2010","7,454.86","7,373.63","7,467.18","7,285.74","","1.13%"
"09/27/2010","7,371.92","7,389.26","7,413.54","7,370.65","","-0.20%"
"09/24/2010","7,386.92","7,363.83","7,414.54","7,365.07","","0.38%"
"09/23/2010","7,358.99","7,360.45","7,391.72","7,339.07","","-0.03%"
"09/22/2010","7,361.31","7,333.99","7,391.18","7,291.53","","0.46%"
"09/21/2010","7,327.43","7,284.74","7,367.82","7,246.48","","0.61%"
"09/20/2010","7,283.02","7,276.46","7,359.13","7,268.61","","0.27%"
"09/17/2010","7,263.47","7,269.75","7,319.95","7,256.34","","-0.09%"
"09/16/2010","7,270.03","7,228.81","7,291.34","7,217.09","","0.53%"
"09/15/2010","7,231.37","7,231.66","7,260.36","7,207.54","","-0.06%"
"09/14/2010","7,235.94","7,099.87","7,274.88","7,101.98","","1.88%"
"09/13/2010","7,102.15","7,105.01","7,129.37","7,081.86","","-0.08%"
"09/10/2010","7,108.14","7,095.88","7,139.72","7,056.42","","0.19%"
"09/09/2010","7,094.74","7,148.08","7,183.80","7,088.52","","-0.88%"
"09/08/2010","7,158.06","7,152.98","7,209.62","7,151.76","","0.01%"
"09/07/2010","7,157.25","7,115.13","7,187.33","7,098.68","","0.47%"
"09/06/2010","7,123.68","7,115.42","7,139.73","7,112.32","","0.25%"
"09/03/2010","7,106.04","7,136.27","7,155.10","7,056.57","","-0.40%"
"09/02/2010","7,134.28","7,096.00","7,151.27","7,094.87","","0.54%"
"09/01/2010","7,096.29","7,116.36","7,161.41","7,089.17","","-0.13%"
"08/31/2010","7,105.81","7,041.68","7,132.69","7,026.65","","0.80%"
"08/30/2010","7,049.38","7,051.76","7,088.54","7,035.35","","-0.09%"
"08/27/2010","7,055.80","7,043.48","7,087.31","7,028.27","","0.10%"
"08/26/2010","7,048.67","7,062.21","7,097.62","7,039.97","","-0.24%"
"08/25/2010","7,065.35","7,006.75","7,087.60","7,003.15","","0.79%"
"08/24/2010","7,010.17","6,977.51","7,048.64","6,903.23","","0.62%"
"08/23/2010","6,967.26","6,985.88","7,020.51","6,962.25","","-0.32%"
"08/20/2010","6,989.91","7,005.00","7,024.57","6,958.80","","-0.33%"
"08/19/2010","7,013.25","6,996.26","7,046.34","6,976.69","","0.25%"
"08/18/2010","6,995.98","6,971.16","7,020.68","6,935.96","","0.47%"
"08/17/2010","6,963.19","6,969.92","7,002.24","6,965.09","","-0.09%"
"08/16/2010","6,969.63","6,909.11","6,998.55","6,920.74","","0.83%"
"08/13/2010","6,912.38","6,903.84","6,939.82","6,901.06","","0.05%"
"08/12/2010","6,908.68","6,805.12","6,927.85","6,810.16","","1.39%"
"08/11/2010","6,814.22","6,822.77","6,873.03","6,784.28","","-0.18%"
"08/10/2010","6,826.17","6,805.77","6,855.76","6,761.94","","0.27%"
"08/09/2010","6,807.47","6,822.22","6,877.03","6,801.83","","-0.36%"
"08/06/2010","6,831.99","6,771.86","6,883.78","6,767.44","","0.82%"
"08/05/2010","6,776.40","6,783.91","6,814.20","6,753.53","","-0.19%"
"08/04/2010","6,789.02","6,743.20","6,835.97","6,743.57","","0.72%"
"08/03/2010","6,740.35","6,720.26","6,779.79","6,711.41","","0.28%"
"08/02/2010","6,721.40","6,721.48","6,779.38","6,689.00","","-0.10%"