"Date","Price","Open","High","Low","Vol.","Change %"
"03/18/2026","178.00","177.02","178.50","174.00","110.73K","0.55%"
"03/17/2026","177.02","179.01","181.14","176.00","74.68K","-1.05%"
"03/16/2026","178.90","181.32","183.67","178.31","52.23K","-1.17%"
"03/15/2026","181.01","184.75","186.95","181.01","35.11K","-2.02%"
"03/12/2026","184.74","186.79","188.00","183.72","44.39K","-1.11%"
"03/11/2026","186.82","185.00","187.00","184.11","37.52K","1.70%"
"03/10/2026","183.69","184.02","189.85","183.00","67.05K","0.73%"
"03/09/2026","182.35","186.03","187.29","181.11","57.82K","-1.54%"
"03/08/2026","185.20","190.00","190.95","185.08","93.26K","-2.01%"
"03/05/2026","188.99","191.10","197.01","188.00","204.24K","-0.32%"
"03/04/2026","189.60","191.00","192.99","185.03","147.78K","-0.21%"
"03/03/2026","190.00","196.11","197.00","187.01","196.02K","-3.36%"
"03/02/2026","196.61","186.13","197.00","185.50","196.71K","5.85%"
"03/01/2026","185.75","183.00","187.90","175.00","129.20K","-4.06%"
"02/26/2026","193.61","192.39","196.48","186.30","104.96K","0.39%"
"02/25/2026","192.85","202.85","204.98","190.22","161.27K","-4.99%"
"02/24/2026","202.98","197.22","202.98","194.02","212.07K","3.03%"
"02/23/2026","197.01","195.00","197.50","192.01","119.42K","1.55%"
"02/22/2026","194.00","192.05","197.44","190.12","279.81K","2.07%"
"02/19/2026","190.07","193.00","195.00","174.01","140.66K","-1.26%"
"02/18/2026","192.50","183.00","198.00","183.00","360.91K","6.42%"
"02/17/2026","180.88","177.50","181.89","176.01","139.29K","2.54%"
"02/16/2026","176.40","176.80","179.00","175.00","138.85K","1.04%"
"02/15/2026","174.59","175.00","176.94","174.04","76.64K","0.52%"
"02/12/2026","173.69","172.02","173.90","171.06","40.10K","1.56%"
"02/11/2026","171.02","177.00","177.47","171.00","82.77K","-2.72%"
"02/10/2026","175.80","179.00","179.00","175.00","117.36K","0.06%"
"02/09/2026","175.70","167.50","178.90","167.25","341.83K","5.22%"
"02/08/2026","166.99","165.12","169.40","165.00","77.44K","1.80%"
"02/05/2026","164.03","168.15","170.40","160.01","101.19K","-2.39%"
"02/04/2026","168.04","170.00","171.99","168.04","81.01K","-0.53%"
"02/03/2026","168.93","167.00","169.00","166.51","43.55K","1.64%"
"02/02/2026","166.20","166.88","167.94","166.00","47.25K","0.12%"
"02/01/2026","166.00","167.57","170.98","165.80","127.30K","-0.81%"
"01/28/2026","167.35","172.48","173.20","167.35","68.54K","-2.13%"
"01/27/2026","171.00","169.99","174.50","167.01","103.82K","1.18%"
"01/26/2026","169.00","168.22","172.60","167.00","50.42K","0.46%"
"01/25/2026","168.22","172.57","175.00","168.22","95.65K","-2.20%"
"01/22/2026","172.00","175.19","176.00","171.51","90.25K","-0.88%"
"01/21/2026","173.53","173.00","177.50","171.10","192.59K","0.33%"
"01/20/2026","172.96","175.63","176.89","171.20","110.81K","-0.60%"
"01/19/2026","174.00","175.03","181.84","173.21","209.59K","0.00%"
"01/18/2026","174.00","166.70","174.00","166.01","100.79K","5.70%"
"01/15/2026","164.61","165.50","168.49","163.02","77.86K","-0.24%"
"01/14/2026","165.00","170.99","174.00","162.03","85.93K","-4.01%"
"01/13/2026","171.90","175.10","177.60","170.00","64.04K","-1.77%"
"01/12/2026","175.00","177.00","179.40","171.61","69.25K","-0.14%"
"01/11/2026","175.24","174.05","179.80","174.00","89.78K","1.28%"
"01/08/2026","173.02","177.30","180.00","173.02","104.63K","-2.25%"
"01/06/2026","177.00","179.12","184.90","175.77","178.82K","-1.18%"
"01/05/2026","179.11","183.99","185.70","170.00","282.66K","-1.58%"
"01/04/2026","181.98","171.50","182.80","171.50","293.27K","6.43%"
"12/31/2025","170.98","159.60","170.98","159.01","297.46K","8.01%"
"12/30/2025","158.30","162.60","163.60","158.10","136.60K","-1.87%"
"12/29/2025","161.32","157.01","167.00","157.01","326.66K","3.37%"
"12/28/2025","156.06","145.00","156.06","143.50","538.05K","9.13%"
"12/25/2025","143.00","144.30","145.00","141.02","117.80K","-0.59%"
"12/24/2025","143.85","142.80","146.80","141.83","154.93K","1.47%"
"12/23/2025","141.77","136.20","143.35","135.22","262.86K","4.81%"
"12/22/2025","135.26","129.68","138.00","129.30","217.79K","4.60%"
"12/21/2025","129.31","130.10","134.00","129.30","75.98K","-0.39%"
"12/18/2025","129.81","134.38","135.64","129.52","123.19K","-2.40%"
"12/17/2025","133.00","126.01","136.90","125.50","275.28K","6.18%"
"12/16/2025","125.26","127.02","131.00","125.10","136.28K","-1.29%"
"12/15/2025","126.90","131.10","132.00","126.75","118.69K","-2.97%"
"12/14/2025","130.79","132.50","134.00","130.02","47.27K","-0.68%"
"12/11/2025","131.68","133.68","135.98","131.51","79.20K","-0.48%"
"12/10/2025","132.32","135.99","136.90","131.01","134.07K","-1.62%"
"12/09/2025","134.50","134.00","135.90","132.55","78.82K","1.48%"
"12/08/2025","132.54","133.03","136.90","132.52","67.84K","0.23%"
"12/07/2025","132.24","137.00","137.48","132.04","66.64K","-3.44%"
"12/04/2025","136.95","138.99","140.00","136.25","54.53K","-0.15%"
"12/03/2025","137.15","131.20","142.49","131.20","303.94K","4.69%"
"12/02/2025","131.01","136.57","138.50","129.00","166.03K","-3.82%"
"12/01/2025","136.21","138.00","139.45","136.13","76.31K","-1.15%"
"11/30/2025","137.80","141.20","142.98","136.00","106.36K","-1.98%"
"11/27/2025","140.59","136.00","146.00","135.30","235.63K","3.94%"
"11/26/2025","135.26","146.00","147.88","133.35","139.42K","-7.58%"
"11/25/2025","146.36","148.76","154.00","146.30","105.38K","-1.11%"
"11/24/2025","148.00","149.50","150.00","145.12","118.49K","-0.18%"
"11/23/2025","148.27","145.00","154.99","144.22","314.00K","2.25%"
"11/20/2025","145.01","137.00","149.00","136.31","508.59K","6.81%"
"11/19/2025","135.76","129.96","136.99","126.80","334.98K","6.06%"
"11/18/2025","128.00","133.31","134.88","126.60","274.30K","-3.77%"
"11/17/2025","133.01","130.50","138.00","130.02","492.82K","2.82%"
"11/16/2025","129.36","133.00","137.80","125.10","302.38K","-2.37%"
"11/13/2025","132.50","124.03","139.80","122.11","1.78M","11.06%"
"11/12/2025","119.30","101.75","121.75","101.00","2.24M","17.43%"
"11/11/2025","101.59","96.79","101.79","95.50","381.75K","5.82%"
"11/10/2025","96.00","97.00","97.68","95.60","191.72K","-0.10%"
"11/09/2025","96.10","94.20","98.40","93.11","259.30K","2.09%"
"11/06/2025","94.13","97.00","98.90","92.90","146.66K","-2.51%"
"11/05/2025","96.55","95.61","99.25","95.01","294.66K","0.99%"
"11/04/2025","95.60","94.98","96.79","93.62","180.30K","2.25%"
"11/03/2025","93.50","91.44","93.50","91.00","137.70K","2.70%"
"11/02/2025","91.04","93.51","94.45","91.00","141.22K","-2.64%"
"10/30/2025","93.51","93.57","94.00","92.01","82.30K","-0.06%"
"10/29/2025","93.57","93.94","96.00","93.05","195.03K","0.44%"
"10/28/2025","93.16","93.39","93.55","91.51","170.16K","0.69%"
"10/27/2025","92.52","96.00","96.87","92.01","242.39K","-2.10%"
"10/26/2025","94.50","93.11","97.00","91.00","637.77K","2.07%"
"10/23/2025","92.58","86.50","94.35","86.35","998.92K","7.65%"
"10/22/2025","86.00","84.10","87.75","84.00","496.18K","2.28%"
"10/21/2025","84.08","84.70","85.00","83.80","287.27K","-0.02%"
"10/20/2025","84.10","81.97","85.00","81.81","360.23K","2.80%"
"10/19/2025","81.81","82.90","84.30","81.80","194.80K","-0.84%"
"10/16/2025","82.50","84.95","85.40","82.00","218.76K","-1.79%"
"10/15/2025","84.00","81.82","84.50","81.60","379.85K","2.66%"
"10/14/2025","81.82","83.22","86.66","81.51","305.27K","-0.28%"
"10/13/2025","82.05","87.97","88.00","81.83","496.79K","-6.74%"
"10/12/2025","87.98","77.00","88.50","75.56","1.16M","17.75%"
"10/08/2025","74.72","73.80","76.00","73.06","139.77K","1.63%"
"10/07/2025","73.52","74.29","74.29","73.01","56.88K","-0.39%"
"10/06/2025","73.81","75.21","76.00","73.81","104.38K","-0.93%"
"10/05/2025","74.50","72.80","78.50","72.01","291.70K","3.73%"
"10/02/2025","71.82","72.50","73.10","71.61","24.07K","0.32%"
"10/01/2025","71.59","73.00","73.92","71.52","70.08K","-1.53%"
"09/30/2025","72.70","73.01","74.40","72.70","81.60K","0.00%"
"09/29/2025","72.70","71.48","74.00","70.65","98.09K","2.39%"
"09/28/2025","71.00","71.49","72.00","70.75","23.08K","0.38%"
"09/25/2025","70.73","70.80","71.99","70.53","43.06K","0.58%"
"09/24/2025","70.32","70.10","71.40","70.00","37.29K","0.46%"
"09/23/2025","70.00","73.00","73.00","70.00","50.63K","-2.45%"
"09/22/2025","71.76","72.17","73.49","70.01","53.70K","-0.57%"
"09/21/2025","72.17","71.92","72.89","69.00","94.85K","0.29%"
"09/18/2025","71.96","73.00","73.63","71.90","71.55K","-0.96%"
"09/17/2025","72.66","73.00","73.90","72.00","48.31K","0.21%"
"09/16/2025","72.51","75.50","76.69","72.00","131.58K","-3.85%"
"09/15/2025","75.41","75.18","77.88","75.08","176.28K","0.44%"
"09/14/2025","75.08","76.90","76.90","75.00","89.92K","0.01%"
"09/11/2025","75.07","75.50","77.90","75.00","141.81K","0.16%"
"09/10/2025","74.95","76.50","76.76","74.94","59.08K","0.01%"
"09/09/2025","74.94","70.76","76.98","70.73","533.14K","5.97%"
"09/08/2025","70.72","74.45","74.45","70.70","198.59K","-3.77%"
"09/07/2025","73.49","75.75","76.70","73.49","102.83K","-2.01%"
"09/03/2025","75.00","77.84","79.36","74.20","168.74K","-3.36%"
"09/02/2025","77.61","78.51","80.01","77.51","171.23K","0.58%"
"09/01/2025","77.16","77.11","79.95","77.01","202.26K","0.21%"
"08/31/2025","77.00","81.50","82.70","76.32","317.67K","-5.41%"
"08/28/2025","81.40","83.75","84.99","80.50","154.50K","-2.78%"
"08/27/2025","83.73","85.00","86.80","82.25","275.65K","-0.56%"
"08/26/2025","84.20","89.72","89.72","82.17","264.67K","-6.18%"
"08/25/2025","89.75","91.37","93.45","88.05","231.59K","-1.37%"
"08/24/2025","91.00","83.90","92.98","83.81","531.97K","8.98%"
"08/21/2025","83.50","86.51","87.30","83.01","387.07K","-3.47%"
"08/20/2025","86.50","85.00","88.90","83.27","662.80K","2.37%"
"08/19/2025","84.50","87.90","88.90","83.70","750.75K","-2.33%"
"08/18/2025","86.52","78.00","87.90","77.65","1.13M","11.57%"
"08/17/2025","77.55","80.00","81.47","77.55","242.45K","-1.85%"
"08/14/2025","79.01","79.98","81.99","77.50","456.93K","-0.11%"
"08/13/2025","79.10","76.25","81.40","76.25","633.26K","4.01%"
"08/12/2025","76.05","76.27","78.40","75.60","407.50K","-0.07%"
"08/11/2025","76.10","79.00","79.69","76.10","373.70K","-2.44%"
"08/10/2025","78.00","75.99","79.65","75.35","644.95K","4.29%"
"08/07/2025","74.79","73.49","78.20","73.00","706.26K","4.41%"
"08/06/2025","71.63","79.99","82.80","69.85","1.36M","-9.50%"
"08/05/2025","79.15","84.89","84.89","78.50","366.09K","-4.75%"
"08/04/2025","83.10","86.00","87.80","83.10","407.76K","-0.93%"
"08/03/2025","83.88","84.80","88.70","80.20","784.99K","6.18%"
"07/31/2025","79.00","76.25","88.99","75.00","1.05M","4.36%"
"07/30/2025","75.70","63.26","75.75","63.26","1.15M","19.91%"
"07/29/2025","63.13","61.00","65.00","61.00","488.85K","3.49%"
"07/28/2025","61.00","60.50","61.00","59.69","304.78K","1.51%"
"07/27/2025","60.09","59.50","60.80","59.13","503.00K","1.85%"
"07/23/2025","59.00","61.00","61.20","58.60","691.08K","-1.67%"
"07/22/2025","60.00","58.50","62.00","58.30","635.86K","2.92%"
"07/21/2025","58.30","63.00","63.85","58.30","423.75K","-4.43%"
"07/20/2025","61.00","56.00","64.00","56.00","913.92K","13.38%"
"07/17/2025","53.80","52.50","54.27","52.00","216.51K","2.87%"
"07/16/2025","52.30","53.00","53.50","52.10","140.19K","-1.32%"
"07/15/2025","53.00","53.53","54.00","52.56","84.82K","-0.11%"
"07/14/2025","53.06","53.45","54.39","52.75","209.68K","1.53%"
"07/13/2025","52.26","51.26","53.60","51.26","160.78K","2.27%"
"07/10/2025","51.10","53.00","53.95","51.05","133.73K","-3.15%"
"07/09/2025","52.76","53.42","54.40","52.70","69.33K","-1.03%"
"07/07/2025","53.31","55.35","55.40","53.21","242.82K","-3.07%"
"07/06/2025","55.00","55.99","57.49","54.90","444.37K","1.10%"
"07/02/2025","54.40","54.00","57.00","53.50","355.10K","1.30%"
"07/01/2025","53.70","52.74","56.48","52.74","301.59K","1.84%"
"06/30/2025","52.73","55.13","56.00","52.66","341.35K","-4.35%"
"06/29/2025","55.13","58.99","59.00","55.01","733.06K","-4.42%"
"06/25/2025","57.68","52.00","59.49","51.00","905.56K","12.24%"
"06/24/2025","51.39","48.91","51.50","47.50","788.77K","4.77%"
"06/23/2025","49.05","49.30","50.69","48.13","325.00K","0.51%"
"06/22/2025","48.80","47.05","50.10","47.05","486.44K","-1.35%"
"06/19/2025","49.47","47.81","51.50","47.75","1.02M","3.60%"
"06/18/2025","47.75","46.11","48.95","45.55","916.04K","4.44%"
"06/17/2025","45.72","43.26","46.46","42.76","863.51K","7.48%"
"06/16/2025","42.54","41.00","43.98","41.00","484.16K","6.16%"
"06/15/2025","40.07","40.00","41.50","39.07","216.39K","-4.64%"
"06/12/2025","42.02","42.00","43.68","41.25","617.40K","0.05%"
"06/11/2025","42.00","42.96","43.43","41.00","476.55K","-1.50%"
"06/10/2025","42.64","44.30","44.90","42.33","209.02K","-3.75%"
"06/04/2025","44.30","45.99","45.99","44.01","227.80K","-3.95%"
"06/03/2025","46.12","45.00","47.89","44.45","843.34K","3.78%"
"06/02/2025","44.44","43.05","44.75","42.65","625.33K","4.76%"
"06/01/2025","42.42","39.50","42.99","39.50","1.01M","8.19%"
"05/29/2025","39.21","38.05","39.88","37.50","1.10M","3.18%"
"05/28/2025","38.00","37.95","38.75","37.49","359.83K","0.13%"
"05/27/2025","37.95","38.00","38.80","37.21","396.02K","0.93%"
"05/26/2025","37.60","36.00","37.80","35.02","1.37M","5.26%"
"05/25/2025","35.72","36.10","37.00","34.55","931.75K","-1.11%"
"05/22/2025","36.12","33.80","36.94","33.10","3.16M","7.44%"
"05/21/2025","33.62","29.71","33.98","29.70","12.98M","12.97%"
"05/20/2025","29.76","28.50","29.80","28.50","718.10K","3.66%"
"05/19/2025","28.71","29.50","29.70","28.56","584.08K","-2.68%"
"05/18/2025","29.50","29.80","29.82","29.10","1.00M","-1.07%"
"05/15/2025","29.82","29.70","30.24","29.57","417.22K","0.51%"
"05/14/2025","29.67","30.49","31.00","29.63","884.78K","-0.93%"
"05/13/2025","29.95","28.60","29.95","28.60","1.39M","4.39%"
"05/12/2025","28.69","28.90","28.90","28.32","611.73K","0.53%"
"05/11/2025","28.54","29.45","29.45","28.50","509.43K","-1.76%"
"05/08/2025","29.05","27.61","29.05","27.61","1.23M","4.87%"
"05/07/2025","27.70","27.75","28.45","27.61","567.95K","-0.18%"
"05/06/2025","27.75","27.62","27.90","27.61","159.71K","0.51%"
"05/05/2025","27.61","27.86","28.33","27.60","598.80K","-0.65%"
"05/04/2025","27.79","28.20","28.65","27.75","518.52K","-1.24%"
"04/30/2025","28.14","27.20","28.65","27.20","1.27M","3.34%"
"04/29/2025","27.23","26.95","27.46","26.85","582.79K","0.85%"
"04/28/2025","27.00","26.50","27.06","26.20","317.92K","2.08%"
"04/27/2025","26.45","26.79","26.79","26.32","62.69K","-0.79%"
"04/23/2025","26.66","26.73","26.97","26.58","120.20K","-0.04%"
"04/22/2025","26.67","26.82","27.25","26.60","130.37K","-0.41%"
"04/17/2025","26.78","26.00","27.00","25.81","534.52K","2.53%"
"04/16/2025","26.12","26.40","26.80","25.90","160.20K","-0.99%"
"04/15/2025","26.38","26.37","26.90","26.25","591.62K","0.50%"
"04/14/2025","26.25","25.19","26.85","24.86","1.35M","5.00%"
"04/13/2025","25.00","24.75","25.28","24.75","122.93K","1.09%"
"04/10/2025","24.73","25.69","25.69","24.62","318.20K","0.77%"
"04/09/2025","24.54","25.05","25.44","24.35","457.79K","-2.04%"
"04/08/2025","25.05","25.32","25.48","24.50","706.12K","-0.75%"
"04/07/2025","25.24","24.70","25.30","24.26","140.33K","1.20%"
"04/06/2025","24.94","25.83","25.83","24.20","329.27K","-4.70%"
"04/03/2025","26.17","26.10","26.40","25.73","154.65K","0.31%"
"03/27/2025","26.09","25.94","26.50","25.71","373.69K","1.76%"
"03/26/2025","25.64","25.77","25.77","24.99","261.15K","-0.50%"
"03/25/2025","25.77","26.00","26.29","25.60","124.43K","-0.88%"
"03/24/2025","26.00","26.73","26.80","25.82","196.98K","-2.33%"
"03/23/2025","26.62","26.55","27.20","26.05","734.93K","4.39%"
"03/20/2025","25.50","25.08","25.50","24.51","252.57K","0.67%"
"03/19/2025","25.33","25.70","25.97","25.17","156.04K","-1.44%"
"03/18/2025","25.70","26.31","26.50","25.21","351.08K","-1.91%"
"03/17/2025","26.20","26.75","27.39","26.15","921.86K","-0.30%"
"03/16/2025","26.28","24.54","26.61","24.53","1.68M","8.10%"
"03/13/2025","24.31","24.49","24.49","24.04","191.97K","0.16%"
"03/12/2025","24.27","24.40","24.57","24.20","129.92K","0.21%"
"03/11/2025","24.22","24.24","24.70","24.00","371.76K","-0.08%"
"03/10/2025","24.24","24.40","24.68","24.19","150.95K","-0.66%"
"03/09/2025","24.40","24.60","24.95","24.40","242.85K","-0.61%"
"03/06/2025","24.55","24.76","25.20","24.54","96.81K","-0.85%"
"03/05/2025","24.76","25.03","25.19","24.63","139.93K","-1.16%"
"03/04/2025","25.05","25.05","25.53","24.85","448.84K","0.12%"
"03/03/2025","25.02","24.51","25.20","24.36","506.00K","2.08%"
"03/02/2025","24.51","24.78","24.78","24.41","116.88K","-0.33%"
"02/27/2025","24.59","24.79","24.95","24.50","271.20K","-0.53%"
"02/26/2025","24.72","24.74","24.98","24.50","252.25K","0.73%"
"02/25/2025","24.54","24.95","24.98","24.46","302.26K","-0.65%"
"02/24/2025","24.70","25.06","25.26","24.65","445.09K","-1.24%"
"02/23/2025","25.01","25.00","25.90","24.64","623.04K","2.75%"
"02/20/2025","24.34","24.72","24.72","24.25","372.64K","-0.69%"
"02/19/2025","24.51","24.61","24.80","24.46","298.90K","-0.37%"
"02/18/2025","24.60","24.55","24.80","24.45","245.63K","-0.04%"
"02/17/2025","24.61","24.55","25.15","24.50","824.76K","1.03%"
"02/16/2025","24.36","23.90","24.68","23.90","739.08K","2.83%"
"02/13/2025","23.69","23.98","24.38","23.62","485.13K","-0.13%"
"02/12/2025","23.72","23.80","24.23","23.03","442.36K","-1.54%"
"02/11/2025","24.09","25.67","25.90","24.07","551.66K","-5.90%"
"02/10/2025","25.60","25.71","26.10","25.51","585.70K","0.39%"
"02/09/2025","25.50","26.22","26.34","25.50","834.74K","-1.54%"
"02/06/2025","25.90","26.00","26.80","25.81","1.73M","0.39%"
"02/05/2025","25.80","26.21","26.45","25.80","638.12K","-1.15%"
"02/04/2025","26.10","26.40","26.40","25.80","739.28K","0.00%"
"02/03/2025","26.10","27.49","27.65","26.10","1.84M","-5.54%"
"02/02/2025","27.63","26.88","29.50","26.66","6.15M","7.93%"
"01/30/2025","25.60","25.90","26.20","25.41","1.46M","-1.04%"
"01/29/2025","25.87","27.30","27.40","25.85","1.45M","-5.06%"
"01/28/2025","27.25","25.82","27.25","25.67","4.22M","6.40%"
"01/27/2025","25.61","24.38","26.75","24.31","3.97M","6.00%"
"01/26/2025","24.16","24.00","24.59","23.80","841.82K","0.67%"
"01/23/2025","24.00","24.05","24.59","23.50","335.01K","0.00%"
"01/22/2025","24.00","24.51","24.85","24.00","264.79K","-1.84%"
"01/21/2025","24.45","24.24","25.10","24.00","690.40K","1.37%"
"01/20/2025","24.12","24.99","25.00","24.10","669.88K","-2.78%"
"01/19/2025","24.81","23.90","24.95","23.70","1.40M","4.77%"
"01/16/2025","23.68","23.10","23.85","22.98","787.79K","4.92%"
"01/15/2025","22.57","21.80","22.99","21.60","692.36K","3.63%"
"01/14/2025","21.78","22.00","22.39","20.62","413.15K","-1.04%"
"01/13/2025","22.01","22.70","23.00","22.00","290.17K","-3.08%"
"01/12/2025","22.71","23.05","23.05","22.50","271.28K","-2.53%"
"01/09/2025","23.30","23.98","23.98","23.05","191.40K","-1.56%"
"01/08/2025","23.67","23.71","23.85","23.42","334.87K","0.68%"
"01/06/2025","23.51","24.10","24.25","23.51","493.48K","-1.59%"
"01/05/2025","23.89","23.79","24.05","23.41","521.71K","1.49%"
"01/02/2025","23.54","22.93","23.67","22.84","586.41K","3.93%"
"12/31/2024","22.65","22.37","23.00","22.28","710.12K","1.34%"
"12/30/2024","22.35","22.53","22.74","22.22","346.30K","-0.67%"
"12/29/2024","22.50","23.10","23.44","22.50","316.02K","-2.17%"
"12/26/2024","23.00","22.58","23.11","22.30","356.72K","1.95%"
"12/25/2024","22.56","23.00","23.29","22.55","212.72K","-1.01%"
"12/24/2024","22.79","23.04","23.25","22.60","486.33K","-0.96%"
"12/23/2024","23.01","23.89","23.90","23.01","292.80K","-3.56%"
"12/22/2024","23.86","24.20","24.38","23.81","213.24K","-0.46%"
"12/19/2024","23.97","23.85","24.20","23.41","286.21K","-0.99%"
"12/18/2024","24.21","23.70","24.94","23.70","798.52K","2.37%"
"12/17/2024","23.65","23.77","24.28","23.61","402.30K","-0.17%"
"12/16/2024","23.69","24.68","24.68","23.57","460.63K","-3.50%"
"12/15/2024","24.55","24.88","25.00","24.20","287.03K","-0.41%"
"12/12/2024","24.65","24.98","25.13","24.52","518.39K","0.08%"
"12/11/2024","24.63","24.52","25.22","24.36","466.00K","0.70%"
"12/10/2024","24.46","24.91","25.25","24.30","326.79K","-1.81%"
"12/09/2024","24.91","25.45","25.75","24.60","892.03K","-2.12%"
"12/08/2024","25.45","26.02","26.33","25.38","1.96M","-1.89%"
"12/05/2024","25.94","25.95","26.79","25.91","1.83M","0.12%"
"12/04/2024","25.91","26.23","26.50","25.65","480.65K","-0.92%"
"12/03/2024","26.15","26.95","26.99","26.01","1.02M","-1.88%"
"12/02/2024","26.65","26.90","27.50","26.40","2.98M","0.83%"
"12/01/2024","26.43","26.70","27.00","26.21","577.13K","0.65%"
"11/28/2024","26.26","26.32","26.80","26.01","591.70K","-0.15%"
"11/27/2024","26.30","27.20","28.17","26.30","1.14M","-2.59%"
"11/26/2024","27.00","25.90","27.00","25.30","864.03K","4.33%"
"11/25/2024","25.88","26.33","26.89","25.40","499.46K","-1.71%"
"11/24/2024","26.33","27.30","27.63","25.71","446.90K","-3.55%"
"11/21/2024","27.30","27.88","28.15","27.10","306.44K","-1.09%"
"11/20/2024","27.60","26.99","27.90","26.77","287.79K","2.26%"
"11/19/2024","26.99","27.69","27.99","26.73","342.39K","-2.70%"
"11/18/2024","27.74","29.20","29.40","27.60","656.33K","-4.34%"
"11/17/2024","29.00","29.56","29.82","28.92","619.03K","-1.19%"
"11/14/2024","29.35","29.45","30.17","28.80","1.56M","0.96%"
"11/13/2024","29.07","29.50","29.56","29.05","228.92K","-0.10%"
"11/12/2024","29.10","30.00","30.00","29.10","376.92K","-1.59%"
"11/11/2024","29.57","29.53","30.59","29.10","548.52K","0.24%"
"11/10/2024","29.50","30.98","30.99","29.39","462.91K","-3.63%"
"11/07/2024","30.61","31.51","31.51","30.51","388.11K","-1.89%"
"11/06/2024","31.20","31.00","31.50","30.71","534.52K","1.63%"
"11/05/2024","30.70","30.95","31.70","30.16","428.30K","-0.20%"
"11/04/2024","30.76","31.71","32.12","30.50","823.76K","-2.35%"
"11/03/2024","31.50","31.56","32.94","31.50","1.63M","2.74%"
"10/31/2024","30.66","28.89","32.25","28.45","4.35M","8.88%"
"10/30/2024","28.16","28.70","29.29","28.11","228.28K","-1.71%"
"10/29/2024","28.65","29.50","29.80","28.50","385.23K","-1.92%"
"10/28/2024","29.21","29.56","30.29","28.63","1.01M","-1.18%"
"10/27/2024","29.56","28.53","30.18","28.37","1.13M","3.79%"
"10/24/2024","28.48","28.89","30.00","28.10","785.86K","-1.79%"
"10/23/2024","29.00","30.80","31.56","28.80","1.19M","-5.54%"
"10/22/2024","30.70","29.60","31.48","29.28","2.26M","5.57%"
"10/21/2024","29.08","30.00","31.03","28.02","3.47M","-2.42%"
"10/20/2024","29.80","27.79","29.80","27.20","3.66M","10.37%"
"10/17/2024","27.00","26.66","27.85","26.55","1.30M","1.85%"
"10/16/2024","26.51","28.70","28.83","26.51","2.32M","-6.33%"
"10/15/2024","28.30","26.50","29.39","26.40","5.98M","10.29%"
"10/14/2024","25.66","24.00","25.69","24.00","3.39M","9.66%"
"10/13/2024","23.40","23.01","24.40","22.70","1.88M","2.27%"
"10/10/2024","22.88","23.77","24.05","22.73","1.04M","-2.22%"
"10/09/2024","23.40","23.70","24.54","23.09","1.91M","0.60%"
"10/08/2024","23.26","22.94","24.84","22.92","3.21M","2.69%"
"10/07/2024","22.65","22.19","23.55","21.84","1.61M","4.76%"
"10/03/2024","21.62","21.69","22.30","21.31","346.85K","1.93%"
"10/02/2024","21.21","21.80","22.00","21.17","425.98K","-4.03%"
"10/01/2024","22.10","21.90","22.75","21.82","1.50M","1.05%"
"09/30/2024","21.87","20.65","22.74","20.38","3.41M","7.63%"
"09/29/2024","20.32","20.48","20.83","20.28","236.87K","-0.68%"
"09/26/2024","20.46","20.89","21.05","20.40","201.53K","-2.15%"
"09/25/2024","20.91","21.30","21.35","20.86","260.19K","-0.29%"
"09/24/2024","20.97","21.69","21.69","20.91","157.61K","-1.69%"
"09/23/2024","21.33","20.95","21.79","20.80","411.84K","2.55%"
"09/22/2024","20.80","20.75","21.28","20.10","134.21K","0.24%"
"09/19/2024","20.75","20.88","21.32","20.70","114.01K","-0.57%"
"09/18/2024","20.87","20.70","21.35","20.50","177.66K","1.36%"
"09/17/2024","20.59","21.56","21.98","20.10","278.89K","-5.64%"
"09/16/2024","21.82","22.25","22.25","21.52","146.91K","0.28%"
"09/12/2024","21.76","22.50","22.50","21.70","375.58K","-1.09%"
"09/11/2024","22.00","21.80","22.39","18.00","251.44K","-0.27%"
"09/10/2024","22.06","22.49","22.65","21.81","187.98K","-0.68%"
"09/09/2024","22.21","22.30","22.76","22.03","249.61K","-0.31%"
"09/08/2024","22.28","22.62","23.19","22.22","555.42K","-1.55%"
"09/05/2024","22.63","21.92","23.10","21.92","1.12M","3.76%"
"09/04/2024","21.81","21.90","21.92","21.51","183.52K","0.37%"
"09/03/2024","21.73","21.54","21.92","21.50","221.20K","1.02%"
"09/02/2024","21.51","21.88","22.05","21.33","383.14K","-1.51%"
"09/01/2024","21.84","22.11","22.35","21.51","453.06K","-0.68%"
"08/29/2024","21.99","22.26","22.30","21.75","506.63K","-1.08%"
"08/28/2024","22.23","22.49","22.95","22.00","830.28K","-1.16%"
"08/27/2024","22.49","22.00","22.49","21.70","846.48K","2.69%"
"08/26/2024","21.90","22.25","22.58","21.60","795.99K","0.09%"
"08/25/2024","21.88","22.74","23.30","21.83","1.11M","-2.41%"
"08/22/2024","22.42","22.79","23.69","22.22","2.57M","-1.02%"
"08/21/2024","22.65","22.00","22.90","21.70","2.03M","3.95%"
"08/20/2024","21.79","21.62","22.41","21.47","1.11M","2.30%"
"08/19/2024","21.30","21.37","22.50","21.30","1.75M","-0.19%"
"08/18/2024","21.34","21.99","22.00","21.26","1.26M","-3.00%"
"08/15/2024","22.00","20.16","22.48","19.99","4.43M","11.17%"
"08/14/2024","19.79","20.10","20.17","19.66","293.76K","0.41%"
"08/13/2024","19.71","19.57","20.39","19.44","820.08K","1.39%"
"08/12/2024","19.44","20.12","20.44","19.42","587.98K","-3.28%"
"08/11/2024","20.10","19.42","20.48","19.42","802.89K","3.61%"
"08/08/2024","19.40","20.17","20.50","19.28","1.02M","-3.82%"
"08/07/2024","20.17","17.81","21.33","17.63","1.55M","13.44%"
"08/06/2024","17.78","17.40","17.94","17.40","522.89K","3.13%"
"08/05/2024","17.24","18.82","18.82","16.35","1.31M","-9.17%"
"08/04/2024","18.98","20.06","20.20","18.90","677.46K","-7.50%"
"08/01/2024","20.52","20.72","21.00","20.28","380.74K","-0.97%"
"07/31/2024","20.72","20.21","21.25","20.21","1.02M","1.82%"
"07/30/2024","20.35","20.15","20.48","20.02","728.59K","1.40%"
"07/29/2024","20.07","19.75","20.70","19.60","1.61M","2.92%"
"07/28/2024","19.50","19.10","19.85","18.90","741.62K","4.17%"
"07/24/2024","18.72","19.10","19.50","18.50","586.22K","-0.79%"
"07/23/2024","18.87","18.65","19.20","18.62","356.95K","1.51%"
"07/22/2024","18.59","19.34","19.34","18.51","610.27K","-2.72%"
"07/21/2024","19.11","18.51","19.85","18.34","1.65M","5.00%"
"07/18/2024","18.20","18.40","18.75","18.06","297.77K","-1.52%"
"07/17/2024","18.48","18.75","18.75","18.10","662.91K","-0.70%"
"07/16/2024","18.61","17.37","18.85","17.30","1.45M","7.95%"
"07/15/2024","17.24","17.05","17.59","17.00","395.12K","1.23%"
"07/14/2024","17.03","17.20","17.47","16.86","426.05K","1.19%"
"07/10/2024","16.83","17.15","17.15","16.75","249.24K","-0.94%"
"07/09/2024","16.99","17.10","17.40","16.94","557.82K","0.24%"
"07/08/2024","16.95","16.15","17.55","16.10","1.56M","5.81%"
"07/07/2024","16.02","16.05","16.25","16.00","280.09K","-0.06%"
"07/04/2024","16.03","16.49","16.50","16.01","199.68K","-2.73%"
"07/03/2024","16.48","16.59","16.65","16.36","176.61K","0.49%"
"07/02/2024","16.40","16.24","16.79","16.07","441.42K","1.61%"
"07/01/2024","16.14","16.01","16.30","16.00","131.88K","1.13%"
"06/27/2024","15.96","16.20","16.20","15.86","206.62K","0.82%"
"06/26/2024","15.83","16.00","16.34","15.80","413.97K","-0.50%"
"06/25/2024","15.91","15.15","16.40","15.15","849.00K","4.12%"
"06/24/2024","15.28","15.40","15.56","15.19","171.00K","-0.46%"
"06/23/2024","15.35","15.05","15.40","14.86","59.12K","3.23%"
"06/13/2024","14.87","14.70","15.28","14.70","114.89K","0.68%"
"06/12/2024","14.77","14.57","14.90","14.57","32.32K","0.68%"
"06/11/2024","14.67","14.76","14.94","14.61","72.93K","-0.47%"
"06/10/2024","14.74","14.70","14.85","14.51","41.23K","0.00%"
"06/09/2024","14.74","14.99","15.10","14.54","67.10K","-1.73%"
"06/06/2024","15.00","15.15","15.30","14.90","117.54K","-0.99%"
"06/05/2024","15.15","15.42","15.50","14.86","295.98K","-2.07%"
"06/04/2024","15.47","15.31","15.57","15.31","58.64K","1.51%"
"06/03/2024","15.24","15.60","15.99","15.24","198.03K","-1.80%"
"06/02/2024","15.52","15.50","15.85","15.40","228.75K","1.31%"
"05/30/2024","15.32","15.64","15.74","15.21","117.57K","-1.92%"
"05/29/2024","15.62","15.80","15.89","15.44","109.53K","-0.95%"
"05/28/2024","15.77","15.80","15.80","15.11","285.52K","-0.32%"
"05/27/2024","15.82","16.08","16.34","15.74","312.26K","-2.10%"
"05/26/2024","16.16","15.90","16.35","15.80","674.48K","3.52%"
"05/23/2024","15.61","14.90","15.87","14.90","450.43K","5.12%"
"05/22/2024","14.85","14.91","15.25","14.66","253.81K","-0.54%"
"05/21/2024","14.93","15.10","15.27","14.91","302.15K","-1.13%"
"05/20/2024","15.10","15.22","15.55","15.04","218.30K","0.00%"
"05/19/2024","15.10","14.51","15.14","14.50","294.71K","4.57%"
"05/16/2024","14.44","14.35","14.59","14.19","212.81K","3.36%"
"05/15/2024","13.97","14.10","14.37","13.90","92.46K","-0.14%"
"05/14/2024","13.99","14.40","14.50","13.91","92.32K","-0.71%"
"05/13/2024","14.09","14.45","14.45","13.72","102.19K","-2.49%"
"05/12/2024","14.45","14.92","14.99","14.06","125.43K","-2.96%"
"05/09/2024","14.89","15.00","15.25","14.80","139.31K","0.20%"
"05/08/2024","14.86","15.67","15.67","14.51","74.69K","-4.25%"
"05/07/2024","15.52","15.49","15.68","15.18","86.90K","0.65%"
"05/02/2024","15.42","15.40","15.69","15.17","131.89K","1.65%"
"05/01/2024","15.17","15.50","15.60","14.40","131.77K","-1.43%"
"04/30/2024","15.39","16.11","16.30","15.21","173.27K","-3.99%"
"04/29/2024","16.03","15.75","16.44","15.75","178.90K","1.84%"
"04/28/2024","15.74","16.40","16.94","15.62","107.73K","-4.43%"
"04/24/2024","16.47","17.09","17.14","16.11","168.69K","-3.63%"
"04/23/2024","17.09","17.93","17.99","17.02","164.59K","-4.68%"
"04/22/2024","17.93","18.13","18.48","17.66","84.96K","-1.10%"
"04/21/2024","18.13","18.03","18.50","18.00","171.17K","0.55%"
"04/18/2024","18.03","19.35","19.69","17.10","302.71K","-6.82%"
"04/17/2024","19.35","19.18","19.70","19.01","218.60K","0.89%"
"04/16/2024","19.18","19.15","19.49","19.00","185.33K","0.16%"
"04/15/2024","19.15","18.41","19.17","18.43","234.58K","4.02%"
"04/08/2024","18.41","18.38","18.90","18.22","215.84K","0.16%"
"04/07/2024","18.38","18.06","18.90","18.31","171.77K","1.77%"
"04/04/2024","18.06","17.55","18.37","17.56","156.50K","2.91%"
"04/03/2024","17.55","17.51","17.80","17.16","100.11K","0.23%"
"04/02/2024","17.51","17.55","17.80","17.35","112.99K","-0.23%"
"04/01/2024","17.55","16.94","17.69","16.95","128.90K","3.60%"
"03/31/2024","16.94","17.79","18.13","16.16","329.88K","-4.78%"
"03/28/2024","17.79","18.07","18.47","17.40","150.07K","-1.55%"
"03/27/2024","18.07","19.28","19.26","18.02","165.91K","-6.28%"
"03/26/2024","19.28","19.00","19.98","19.15","202.78K","1.47%"
"03/25/2024","19.00","19.00","19.30","18.83","173.94K","0.00%"
"03/24/2024","19.00","18.95","19.58","18.87","135.56K","0.26%"
"03/21/2024","18.95","18.39","19.14","18.30","288.02K","3.05%"
"03/20/2024","18.39","18.35","19.00","18.10","153.85K","0.22%"
"03/19/2024","18.35","18.75","18.60","17.71","216.47K","-2.13%"
"03/18/2024","18.75","20.57","20.57","18.60","333.26K","-8.85%"
"03/17/2024","20.57","20.99","21.48","20.41","177.22K","-2.00%"
"03/14/2024","20.99","20.55","21.19","20.03","279.24K","2.14%"
"03/13/2024","20.55","21.53","22.00","20.25","270.75K","-4.55%"
"03/12/2024","21.53","22.21","22.60","21.37","272.69K","-3.06%"
"03/11/2024","22.21","22.63","23.18","22.13","292.45K","-1.86%"
"03/10/2024","22.63","22.02","23.23","22.11","642.92K","2.77%"
"03/07/2024","22.02","22.69","22.70","21.50","310.73K","-2.95%"
"03/06/2024","22.69","23.81","23.81","22.60","481.85K","-4.70%"
"03/05/2024","23.81","24.00","24.99","23.72","908.29K","-0.79%"
"03/04/2024","24.00","24.43","24.60","23.40","1.47M","-1.76%"
"03/03/2024","24.43","25.04","25.20","24.21","514.83K","-2.44%"
"02/29/2024","25.04","25.71","25.88","24.21","788.86K","-2.61%"
"02/28/2024","25.71","26.70","27.80","25.51","1.72M","-3.71%"
"02/27/2024","26.70","24.73","28.30","25.02","2.99M","7.97%"
"02/26/2024","24.73","25.11","25.88","24.00","1.37M","-1.51%"
"02/25/2024","25.11","25.95","28.00","24.00","2.93M","-3.24%"
"02/22/2024","25.95","22.54","26.90","22.85","5.30M","15.13%"
"02/21/2024","22.54","22.15","22.58","22.05","545.77K","1.76%"
"02/20/2024","22.15","22.29","22.60","22.00","478.97K","-0.63%"
"02/19/2024","22.29","22.38","22.75","22.00","633.93K","-0.40%"
"02/18/2024","22.38","21.60","22.85","22.22","965.36K","3.61%"
"02/15/2024","21.60","21.37","22.10","21.51","460.92K","1.08%"
"02/14/2024","21.37","20.46","21.37","20.56","649.70K","4.45%"
"02/13/2024","20.46","20.06","20.94","20.17","324.74K","1.99%"
"02/12/2024","20.06","20.52","20.66","19.85","256.04K","-2.24%"
"02/11/2024","20.52","20.87","21.29","20.40","219.36K","-1.68%"
"02/08/2024","20.87","20.62","21.20","20.65","217.15K","1.21%"
"02/07/2024","20.62","20.67","21.10","20.50","246.10K","-0.24%"
"02/06/2024","20.67","21.13","21.50","20.40","271.11K","-2.18%"
"02/05/2024","21.13","19.97","21.50","20.03","440.82K","5.81%"
"02/04/2024","19.97","20.42","20.98","19.60","249.02K","-2.20%"
"02/01/2024","20.42","19.91","20.67","18.75","272.59K","2.56%"
"01/31/2024","19.91","22.45","22.50","18.05","533.08K","-10.27%"
"01/30/2024","22.19","22.09","22.50","22.09","443.69K","0.45%"
"01/29/2024","22.09","22.66","22.80","22.06","364.44K","-1.78%"
"01/28/2024","22.49","22.50","22.83","22.31","370.54K","1.08%"
"01/24/2024","22.25","22.45","22.60","22.25","350.74K","-0.04%"
"01/23/2024","22.26","22.95","22.95","22.24","514.71K","-1.55%"
"01/22/2024","22.61","22.95","23.14","22.50","740.42K","-0.79%"
"01/21/2024","22.79","22.30","23.30","22.00","1.39M","2.66%"
"01/18/2024","22.20","22.25","22.40","22.00","404.37K","0.41%"
"01/17/2024","22.11","22.71","22.91","22.07","628.32K","-2.17%"
"01/16/2024","22.60","22.44","22.80","22.30","785.30K","1.57%"
"01/15/2024","22.25","22.60","22.89","22.05","705.84K","-1.02%"
"01/14/2024","22.48","22.64","22.95","22.41","826.94K","0.36%"
"01/11/2024","22.40","22.30","22.86","22.15","1.92M","1.45%"
"01/10/2024","22.08","21.71","22.40","21.70","2.03M","1.94%"
"01/09/2024","21.66","22.00","22.19","21.63","790.17K","-1.23%"
"01/08/2024","21.93","22.39","22.50","21.90","724.90K","-1.53%"
"01/04/2024","22.27","22.60","22.80","22.25","405.11K","-1.02%"
"01/03/2024","22.50","22.21","22.88","22.13","650.33K","1.67%"
"01/02/2024","22.13","21.79","22.38","21.70","317.30K","1.89%"
"12/31/2023","21.72","22.38","22.39","21.66","448.58K","-1.50%"
"12/28/2023","22.05","22.20","22.79","21.92","461.53K","-0.23%"
"12/27/2023","22.10","22.16","22.59","21.99","565.86K","0.91%"
"12/26/2023","21.90","23.15","23.37","21.90","896.29K","-4.58%"
"12/25/2023","22.95","23.44","23.73","22.86","1.02M","-1.50%"
"12/24/2023","23.30","23.21","24.40","23.00","2.39M","2.19%"
"12/21/2023","22.80","22.05","23.48","21.90","1.83M","4.44%"
"12/20/2023","21.83","22.01","22.18","21.53","814.56K","-0.41%"
"12/19/2023","21.92","22.90","23.15","21.81","1.42M","-3.35%"
"12/18/2023","22.68","22.00","23.33","21.80","3.55M","4.56%"
"12/17/2023","21.69","19.62","22.09","19.62","2.38M","10.78%"
"12/14/2023","19.58","19.52","19.89","19.46","721.82K","0.93%"
"12/13/2023","19.40","19.39","19.66","19.01","420.14K","1.04%"
"12/12/2023","19.20","19.70","19.89","19.01","693.82K","-1.23%"
"12/11/2023","19.44","20.20","20.20","19.12","619.78K","-3.62%"
"12/10/2023","20.17","20.90","21.44","20.00","1.14M","1.20%"
"12/07/2023","19.93","20.48","20.50","19.85","707.46K","-3.25%"
"12/06/2023","20.60","20.80","21.70","20.60","1.63M","-1.06%"
"12/05/2023","20.82","21.30","21.66","20.75","1.44M","-1.84%"
"12/04/2023","21.21","21.37","22.39","21.00","2.63M","1.48%"
"12/03/2023","20.90","19.50","21.29","19.11","2.48M","7.84%"
"11/30/2023","19.38","19.97","20.05","19.30","848.92K","-1.42%"
"11/29/2023","19.66","19.70","20.97","19.55","1.97M","-0.05%"
"11/28/2023","19.67","18.80","19.78","18.63","357.30K","4.24%"
"11/27/2023","18.87","18.20","19.10","18.20","270.85K","3.62%"
"11/26/2023","18.21","18.37","18.75","18.11","191.39K","-0.87%"
"11/23/2023","18.37","18.26","18.49","18.06","399.45K","0.88%"
"11/22/2023","18.21","17.70","18.29","17.53","318.22K","3.64%"
"11/21/2023","17.57","17.74","17.84","17.43","330.85K","-0.96%"
"11/20/2023","17.74","17.70","17.98","17.46","518.02K","1.14%"
"11/19/2023","17.54","17.92","18.13","17.50","259.21K","-1.63%"
"11/16/2023","17.83","18.01","18.45","17.80","463.70K","-0.67%"
"11/15/2023","17.95","17.50","17.99","17.30","539.60K","2.63%"
"11/14/2023","17.49","17.70","17.90","17.12","403.16K","-0.51%"
"11/13/2023","17.58","17.66","17.97","17.42","168.55K","-0.28%"
"11/12/2023","17.63","17.54","18.00","17.46","255.14K","1.44%"
"11/09/2023","17.38","17.44","17.70","17.10","347.13K","0.75%"
"11/08/2023","17.25","17.00","17.67","17.00","571.22K","-0.23%"
"11/07/2023","17.29","16.56","17.40","16.56","400.16K","2.86%"
"11/06/2023","16.81","16.37","16.94","16.37","289.21K","1.88%"
"11/05/2023","16.50","16.05","16.57","15.90","318.45K","3.13%"
"11/02/2023","16.00","16.40","16.40","15.83","191.83K","-1.11%"
"11/01/2023","16.18","15.85","16.60","15.85","120.01K","0.06%"
"10/31/2023","16.17","16.60","16.60","16.00","155.37K","-2.24%"
"10/30/2023","16.54","16.60","16.90","16.50","196.27K","-0.30%"
"10/29/2023","16.59","16.75","17.00","16.40","410.50K","1.72%"
"10/26/2023","16.31","16.80","16.89","16.15","510.41K","2.97%"
"10/25/2023","15.84","15.30","16.13","15.30","600.33K","4.04%"
"10/24/2023","15.23","14.96","15.32","14.67","255.84K","2.58%"
"10/23/2023","14.84","14.70","15.00","14.61","262.68K","0.92%"
"10/22/2023","14.71","14.65","14.99","14.41","133.66K","0.46%"
"10/19/2023","14.64","14.81","14.86","14.55","125.85K","-0.71%"
"10/18/2023","14.74","14.98","15.38","14.63","269.27K","-0.71%"
"10/17/2023","14.85","14.63","14.98","14.41","265.86K","2.33%"
"10/16/2023","14.51","14.25","14.76","14.02","373.66K","3.26%"
"10/15/2023","14.06","13.95","14.48","13.50","141.55K","1.96%"
"10/12/2023","13.78","14.02","14.02","13.60","118.01K","-1.24%"
"10/11/2023","13.96","13.90","14.18","13.81","96.98K","0.81%"
"10/10/2023","13.85","13.88","13.88","13.39","184.83K","3.42%"
"10/09/2023","13.39","13.27","13.42","13.01","58.98K","2.88%"
"10/08/2023","13.01","13.61","13.61","12.75","83.56K","-4.41%"
"10/04/2023","13.61","13.34","13.65","13.09","95.95K","2.72%"
"10/03/2023","13.25","13.35","13.64","13.20","55.59K","-0.79%"
"10/02/2023","13.36","13.50","13.66","11.44","147.82K","-1.11%"
"10/01/2023","13.51","13.78","13.78","13.46","123.60K","-1.64%"
"09/27/2023","13.73","13.69","13.80","13.48","149.44K","0.38%"
"09/26/2023","13.68","13.64","13.88","13.60","245.70K","1.28%"
"09/25/2023","13.51","13.53","13.65","13.43","107.54K","-0.06%"
"09/24/2023","13.52","13.78","13.94","13.51","147.76K","-1.69%"
"09/21/2023","13.75","13.65","13.97","13.50","35.31K","0.88%"
"09/20/2023","13.63","13.95","14.16","13.57","156.15K","-2.68%"
"09/19/2023","14.00","14.14","14.32","13.93","138.38K","-1.27%"
"09/18/2023","14.18","14.25","14.41","13.92","220.30K","-2.63%"
"09/17/2023","14.56","14.49","14.70","14.49","353.28K","-0.15%"
"09/14/2023","14.59","14.55","14.70","14.48","184.50K","0.26%"
"09/13/2023","14.55","14.72","14.74","14.39","118.84K","0.52%"
"09/12/2023","14.48","14.40","14.51","14.32","69.17K","0.57%"
"09/11/2023","14.39","14.77","14.77","14.32","216.46K","-1.74%"
"09/10/2023","14.65","14.65","14.74","14.56","92.82K","-0.15%"
"09/07/2023","14.67","14.91","14.91","14.61","129.74K","-0.31%"
"09/06/2023","14.72","14.55","14.92","14.47","290.10K","1.50%"
"09/05/2023","14.50","14.63","14.77","14.45","152.11K","-1.28%"
"09/04/2023","14.69","14.29","14.76","14.29","361.75K","2.78%"
"09/03/2023","14.29","14.34","14.53","14.21","465.78K","-0.21%"
"08/31/2023","14.32","14.35","14.65","14.27","81.46K","-0.88%"
"08/30/2023","14.44","14.68","14.70","14.32","199.77K","0.89%"
"08/29/2023","14.32","14.20","14.53","14.20","184.76K","1.11%"
"08/28/2023","14.16","14.43","14.69","14.12","144.19K","-1.82%"
"08/27/2023","14.42","14.05","14.77","14.05","285.43K","2.07%"
"08/24/2023","14.13","14.11","14.36","14.00","151.64K","-0.16%"
"08/23/2023","14.15","14.36","14.43","14.07","254.36K","-0.74%"
"08/22/2023","14.26","13.94","14.43","13.88","741.00K","3.20%"
"08/21/2023","13.81","13.62","14.01","13.50","423.16K","2.05%"
"08/20/2023","13.54","13.65","13.72","13.46","72.39K","0.33%"
"08/17/2023","13.49","13.72","13.77","13.45","189.47K","-1.21%"
"08/16/2023","13.66","13.49","13.69","13.39","335.28K","1.28%"
"08/15/2023","13.48","13.64","13.73","13.43","313.21K","-1.10%"
"08/14/2023","13.64","13.45","13.83","13.38","245.16K","2.08%"
"08/13/2023","13.36","13.62","13.62","13.34","121.61K","-0.50%"
"08/10/2023","13.43","13.58","13.65","13.41","131.73K","-1.16%"
"08/09/2023","13.58","13.36","13.75","13.36","288.70K","1.34%"
"08/08/2023","13.40","13.40","13.56","13.36","74.15K","0.17%"
"08/07/2023","13.38","13.50","13.52","13.27","217.81K","0.51%"
"08/06/2023","13.31","13.26","13.46","13.20","190.02K","0.40%"
"08/03/2023","13.26","13.36","13.49","13.20","180.46K","-0.95%"
"08/02/2023","13.39","13.73","13.88","13.28","406.79K","-2.51%"
"08/01/2023","13.73","13.73","13.81","13.65","61.26K","0.00%"
"07/31/2023","13.73","13.73","13.87","13.72","63.23K","0.11%"
"07/30/2023","13.72","13.78","13.98","13.66","245.83K","-0.60%"
"07/27/2023","13.80","14.06","14.24","13.76","321.68K","-2.13%"
"07/26/2023","14.10","13.88","14.25","13.80","209.55K","1.24%"
"07/25/2023","13.93","14.10","14.21","13.90","54.96K","-0.75%"
"07/24/2023","14.03","14.18","14.32","13.99","146.16K","-0.16%"
"07/19/2023","14.06","13.76","14.39","13.71","515.68K","2.35%"
"07/18/2023","13.73","13.69","13.88","13.65","63.67K","0.44%"
"07/17/2023","13.67","13.73","13.89","13.62","130.80K","-0.38%"
"07/16/2023","13.73","14.08","14.08","13.73","132.34K","-1.13%"
"07/13/2023","13.88","13.77","13.95","13.76","33.40K","0.00%"
"07/12/2023","13.88","14.18","14.18","13.84","64.12K","-0.86%"
"07/11/2023","14.00","14.06","14.06","13.69","68.85K","0.76%"
"07/10/2023","13.90","13.51","14.02","13.43","88.55K","3.00%"
"07/09/2023","13.49","14.10","14.25","13.43","93.49K","-5.42%"
"07/06/2023","14.27","14.46","14.46","14.10","54.31K","-0.42%"
"07/05/2023","14.32","14.42","14.46","14.25","83.34K","0.21%"
"07/04/2023","14.30","14.25","14.51","14.06","163.96K","1.93%"
"06/26/2023","14.02","14.05","14.06","13.84","85.96K","1.52%"
"06/25/2023","13.81","13.93","14.21","13.75","76.45K","-0.43%"
"06/22/2023","13.88","13.91","14.10","13.83","102.26K","-0.27%"
"06/21/2023","13.91","14.35","14.35","13.89","182.31K","-1.59%"
"06/20/2023","14.14","14.25","14.27","14.02","51.03K","0.43%"
"06/19/2023","14.08","14.47","14.47","14.00","90.46K","-1.42%"
"06/18/2023","14.28","14.26","14.69","14.26","179.44K","-0.42%"
"06/15/2023","14.34","14.63","14.81","14.25","187.10K","-1.90%"
"06/14/2023","14.62","14.02","14.63","13.97","412.04K","5.07%"
"06/13/2023","13.91","13.73","14.20","13.65","119.56K","2.20%"
"06/12/2023","13.61","14.04","14.04","13.61","169.17K","-3.25%"
"06/11/2023","14.07","14.02","14.22","13.80","96.18K","0.37%"
"06/08/2023","14.02","14.25","14.44","13.95","92.65K","-1.74%"
"06/07/2023","14.27","14.64","14.87","14.18","143.15K","-2.51%"
"06/06/2023","14.63","14.85","14.91","14.60","78.74K","-1.51%"
"06/05/2023","14.86","14.99","15.00","14.80","88.58K","-0.15%"
"06/04/2023","14.88","15.00","15.00","14.70","82.37K","0.71%"
"06/01/2023","14.77","15.19","15.19","14.77","89.38K","-0.86%"
"05/31/2023","14.90","14.93","15.20","14.77","116.33K","-0.05%"
"05/30/2023","14.91","15.14","15.23","14.55","49.66K","-1.54%"
"05/29/2023","15.14","14.93","15.18","14.63","167.05K","3.12%"
"05/28/2023","14.69","14.26","14.76","14.21","164.89K","2.03%"
"05/25/2023","14.39","14.11","14.69","14.06","129.64K","1.64%"
"05/24/2023","14.16","14.48","14.48","13.97","69.85K","1.07%"
"05/23/2023","14.01","13.88","14.14","13.64","66.33K","0.86%"
"05/22/2023","13.89","14.55","14.60","13.87","97.72K","0.11%"
"05/21/2023","13.88","14.06","14.58","13.60","75.89K","-0.70%"
"05/18/2023","13.97","14.25","14.77","13.88","75.76K","-2.66%"
"05/17/2023","14.35","14.70","14.93","14.14","99.99K","-2.20%"
"05/16/2023","14.68","15.19","15.19","14.55","63.09K","-2.25%"
"05/15/2023","15.02","15.18","15.45","14.91","152.21K","-2.05%"
"05/14/2023","15.33","15.07","15.55","15.07","55.71K","0.05%"
"05/11/2023","15.32","15.47","15.71","15.24","133.20K","-1.45%"
"05/10/2023","15.55","15.15","15.56","15.05","140.12K","2.02%"
"05/09/2023","15.24","15.38","15.52","15.07","106.32K","-0.83%"
"05/08/2023","15.37","15.00","15.48","14.96","177.11K","2.04%"
"05/07/2023","15.06","15.73","15.73","14.93","113.49K","-2.10%"
"05/03/2023","15.38","15.36","15.56","15.23","73.92K","0.15%"
"05/02/2023","15.36","15.45","15.68","15.09","100.55K","-0.63%"
"05/01/2023","15.46","15.82","15.90","15.24","89.62K","-2.46%"
"04/30/2023","15.85","16.09","16.61","15.82","221.38K","-3.03%"
"04/27/2023","16.34","15.75","16.46","15.75","381.35K","2.83%"
"04/26/2023","15.89","15.24","16.03","14.82","246.30K","4.90%"
"04/19/2023","15.15","14.80","15.26","14.76","81.96K","2.43%"
"04/18/2023","14.79","14.62","15.14","14.39","80.09K","1.91%"
"04/13/2023","14.51","14.62","14.85","14.25","156.15K","1.63%"
"04/12/2023","14.28","14.63","14.93","14.10","283.31K","-1.91%"
"04/11/2023","14.56","14.70","14.85","14.48","133.84K","-0.26%"
"04/10/2023","14.60","14.81","15.12","14.42","141.80K","-1.82%"
"04/09/2023","14.86","15.10","15.52","14.77","101.10K","-1.59%"
"04/06/2023","15.10","15.38","15.52","14.89","161.94K","-1.90%"
"04/05/2023","15.40","15.06","15.71","14.74","269.35K","2.34%"
"04/04/2023","15.05","15.38","15.71","15.00","257.53K","-2.24%"
"04/03/2023","15.39","15.41","15.75","15.38","82.69K","-0.05%"
"04/02/2023","15.40","15.57","15.92","15.00","73.82K","-1.11%"
"03/30/2023","15.57","16.49","16.49","15.32","53.99K","-1.80%"
"03/29/2023","15.85","16.21","16.84","15.75","82.48K","-2.08%"
"03/28/2023","16.19","16.36","16.58","15.01","34.24K","-1.01%"
"03/27/2023","16.36","16.50","16.80","16.09","26.19K","-0.50%"
"03/26/2023","16.44","16.13","17.06","15.90","66.91K","3.54%"
"03/23/2023","15.88","15.49","17.08","15.01","36.39K","5.17%"
"03/22/2023","15.10","16.07","16.07","14.73","110.78K","-4.14%"
"03/21/2023","15.75","15.02","16.13","15.02","45.21K","2.29%"
"03/20/2023","15.40","15.00","16.07","14.27","63.96K","7.66%"
"03/19/2023","14.30","15.42","15.42","14.11","32.81K","0.37%"
"03/16/2023","14.25","13.73","15.00","13.14","55.52K","-3.75%"
"03/15/2023","14.81","16.07","16.91","13.31","67.25K","-10.11%"
"03/14/2023","16.47","15.82","16.57","15.82","12.08K","0.00%"
"03/13/2023","16.47","17.24","17.24","15.75","77.81K","-1.83%"
"03/12/2023","16.78","17.39","17.44","16.78","36.88K","-2.65%"
"03/09/2023","17.24","17.10","17.39","16.65","98.20K","1.23%"
"03/08/2023","17.02","17.25","17.48","16.77","29.90K","-1.73%"
"03/07/2023","17.33","17.55","17.55","16.58","77.53K","0.26%"
"03/06/2023","17.28","17.76","17.76","17.25","77.44K","-1.33%"
"03/05/2023","17.51","17.77","17.77","17.25","76.96K","0.65%"
"03/02/2023","17.40","17.81","17.81","17.26","50.64K","-0.04%"
"03/01/2023","17.41","17.13","17.63","16.96","142.87K","1.62%"
"02/28/2023","17.13","17.17","17.25","16.65","150.33K","1.02%"
"02/27/2023","16.96","17.63","17.63","16.94","87.71K","1.07%"
"02/26/2023","16.78","16.57","17.09","16.06","63.68K","2.61%"
"02/23/2023","16.35","15.75","16.67","15.75","26.38K","1.58%"
"02/22/2023","16.09","16.50","16.79","15.91","30.15K","-2.45%"
"02/21/2023","16.50","16.73","17.17","16.36","111.11K","-2.35%"
"02/20/2023","16.90","16.73","17.63","16.73","137.90K","-1.40%"
"02/19/2023","17.14","17.17","17.32","16.50","204.10K","0.18%"
"02/16/2023","17.11","17.03","17.39","16.88","134.86K","-0.65%"
"02/15/2023","17.22","17.25","17.77","17.02","87.56K","-1.20%"
"02/14/2023","17.43","16.50","17.63","16.15","145.89K","6.22%"
"02/13/2023","16.41","16.30","16.80","16.30","68.87K","0.27%"
"02/12/2023","16.36","16.50","16.91","16.13","45.37K","-0.32%"
"02/09/2023","16.42","15.90","16.50","15.75","55.89K","3.21%"
"02/08/2023","15.91","16.01","16.42","15.86","48.13K","-0.70%"
"02/07/2023","16.02","15.01","16.42","15.01","75.91K","6.27%"
"02/06/2023","15.07","15.02","15.72","15.00","93.41K","-1.57%"
"02/05/2023","15.31","15.38","15.68","15.00","170.84K","-0.87%"
"02/02/2023","15.45","15.56","16.10","15.38","113.04K","-2.18%"
"02/01/2023","15.80","15.12","16.39","14.63","73.90K","-3.22%"
"01/31/2023","16.32","16.80","17.08","15.77","146.19K","-2.86%"
"01/30/2023","16.80","17.25","17.33","16.74","229.56K","-1.71%"
"01/29/2023","17.09","17.25","17.44","16.88","81.41K","-0.91%"
"01/25/2023","17.25","17.11","17.55","17.10","206.50K","-0.48%"
"01/24/2023","17.33","17.55","17.55","17.04","252.83K","0.09%"
"01/23/2023","17.32","17.26","17.85","17.25","596.57K","-0.99%"
"01/22/2023","17.49","17.40","18.00","17.40","407.96K","-1.35%"
"01/19/2023","17.73","18.51","18.52","17.44","1.00M","-1.58%"
"01/18/2023","18.01","17.02","18.71","16.88","1.46M","6.38%"
"01/17/2023","16.93","16.51","17.17","16.51","82.23K","1.90%"
"01/16/2023","16.62","16.50","16.93","16.50","55.13K","0.14%"
"01/15/2023","16.60","15.68","16.69","15.49","277.39K","5.78%"
"01/12/2023","15.69","15.50","15.89","14.48","87.80K","-0.71%"
"01/11/2023","15.80","16.27","16.50","14.40","57.63K","-3.44%"
"01/10/2023","16.36","16.84","16.87","16.27","47.45K","-2.94%"
"01/09/2023","16.86","16.95","17.25","16.73","149.77K","1.81%"
"01/05/2023","16.56","16.80","16.95","16.35","240.79K","-1.08%"
"01/04/2023","16.74","17.02","17.16","16.31","127.06K","-1.54%"
"01/03/2023","17.00","16.91","17.24","16.91","37.19K","-0.66%"
"01/02/2023","17.11","16.88","17.39","16.51","227.61K","2.56%"
"12/29/2022","16.69","16.91","16.91","16.50","53.00K","0.95%"
"12/28/2022","16.53","16.35","16.79","16.20","408.75K","0.69%"
"12/27/2022","16.42","17.16","17.16","16.39","485.29K","-3.44%"
"12/26/2022","17.00","16.65","17.23","15.98","280.90K","3.05%"
"12/25/2022","16.50","16.50","16.88","15.76","188.53K","0.00%"
"12/22/2022","16.50","17.24","17.63","16.50","82.64K","-2.74%"
"12/21/2022","16.97","17.20","17.40","16.42","152.08K","1.30%"
"12/20/2022","16.75","17.25","17.39","16.50","132.66K","-1.02%"
"12/19/2022","16.92","16.86","17.24","15.90","119.70K","1.85%"
"12/18/2022","16.61","17.25","17.33","15.38","247.28K","-3.44%"
"12/15/2022","17.20","17.08","17.55","17.04","277.45K","0.39%"
"12/14/2022","17.14","17.40","17.63","17.07","209.55K","-0.44%"
"12/13/2022","17.21","17.53","17.55","17.10","206.84K","-0.13%"
"12/12/2022","17.24","16.42","17.40","16.13","358.82K","3.98%"
"12/11/2022","16.58","15.37","16.69","15.30","622.41K","8.97%"
"12/08/2022","15.21","14.67","15.38","14.63","181.13K","1.91%"
"12/07/2022","14.93","14.63","15.11","14.55","313.55K","2.10%"
"12/06/2022","14.62","14.16","14.81","13.89","339.43K","3.23%"
"12/05/2022","14.16","14.02","14.55","14.02","405.97K","1.34%"
"12/04/2022","13.97","13.52","14.02","13.52","200.46K","3.79%"
"12/01/2022","13.46","13.69","13.87","13.28","135.93K","-0.44%"
"11/30/2022","13.52","13.52","13.71","13.13","195.18K","-0.28%"
"11/29/2022","13.56","13.27","13.72","13.13","196.52K","3.14%"
"11/28/2022","13.15","13.12","13.31","13.12","114.53K","0.23%"
"11/27/2022","13.12","12.52","13.30","12.52","335.08K","4.05%"
"11/24/2022","12.61","12.52","12.70","12.34","199.99K","1.88%"
"11/23/2022","12.38","12.38","12.49","12.38","72.75K","-0.06%"
"11/22/2022","12.38","12.45","12.60","12.38","82.63K","-1.49%"
"11/21/2022","12.57","12.97","12.97","12.55","283.15K","-1.64%"
"11/20/2022","12.78","12.66","13.11","12.49","306.76K","2.22%"
"11/17/2022","12.50","12.34","12.68","12.16","364.66K","3.28%"
"11/16/2022","12.10","11.71","12.30","11.70","206.30K","2.93%"
"11/15/2022","11.76","11.83","11.83","11.70","132.95K","-0.88%"
"11/14/2022","11.86","12.01","12.18","11.77","272.48K","-0.82%"
"11/13/2022","11.96","11.74","12.06","11.70","219.19K","2.18%"
"11/10/2022","11.71","11.41","11.77","11.32","302.71K","1.43%"
"11/09/2022","11.54","11.36","11.61","11.30","103.62K","1.72%"
"11/08/2022","11.35","11.46","11.81","11.25","209.12K","-1.24%"
"11/07/2022","11.49","11.40","11.70","11.40","100.88K","1.12%"
"11/06/2022","11.36","11.40","11.51","11.25","63.53K","-0.79%"
"11/03/2022","11.45","11.22","11.63","11.22","79.00K","-0.97%"
"11/02/2022","11.56","11.63","12.00","11.52","295.56K","-0.58%"
"11/01/2022","11.63","11.66","11.85","11.53","229.56K","-0.13%"
"10/31/2022","11.65","11.50","11.81","11.21","400.94K","2.71%"
"10/30/2022","11.34","11.55","11.63","11.27","369.01K","-1.37%"
"10/27/2022","11.50","11.03","12.67","11.03","1.07M","4.64%"
"10/26/2022","10.99","10.69","11.10","10.61","377.71K","3.46%"
"10/25/2022","10.62","10.72","10.72","10.50","248.86K","0.07%"
"10/24/2022","10.61","10.73","10.75","10.55","136.67K","-1.05%"
"10/23/2022","10.73","10.80","10.94","10.69","242.12K","-3.38%"
"10/20/2022","11.10","11.07","11.25","11.00","285.49K","0.07%"
"10/19/2022","11.09","11.10","11.32","11.03","441.46K","0.27%"
"10/18/2022","11.06","11.06","11.10","11.00","295.87K","0.82%"
"10/17/2022","10.97","10.73","11.02","10.73","319.66K","2.38%"
"10/16/2022","10.72","10.72","10.79","10.65","43.11K","1.06%"
"10/13/2022","10.60","10.61","10.64","10.57","77.88K","-0.21%"
"10/12/2022","10.63","10.73","10.76","10.56","117.40K","-0.77%"
"10/11/2022","10.71","10.68","10.80","10.50","560.77K","0.28%"
"10/10/2022","10.68","10.60","11.02","10.50","542.92K","-0.97%"
"10/09/2022","10.78","10.85","11.01","10.51","154.56K","-0.90%"
"10/05/2022","10.88","10.88","10.99","10.79","194.77K","-0.07%"
"10/04/2022","10.89","10.66","10.94","10.66","122.16K","2.18%"
"10/03/2022","10.66","10.73","10.80","10.60","130.48K","-0.70%"
"10/02/2022","10.73","10.88","10.88","10.69","229.21K","-1.38%"
"09/29/2022","10.88","10.84","11.02","10.84","164.99K","0.07%"
"09/28/2022","10.88","11.02","11.06","10.76","281.64K","-0.89%"
"09/27/2022","10.97","11.02","11.17","10.88","309.18K","-0.27%"
"09/26/2022","11.00","11.24","11.24","10.91","486.45K","-1.08%"
"09/25/2022","11.12","11.02","11.38","11.02","1.13M","2.21%"
"09/22/2022","10.88","10.80","11.02","10.80","249.09K","0.07%"
"09/21/2022","10.88","10.78","11.02","10.69","759.01K","1.90%"
"09/20/2022","10.67","10.76","10.76","10.36","192.16K","0.49%"
"09/19/2022","10.62","10.27","10.84","9.98","306.50K","1.29%"
"09/18/2022","10.48","10.73","10.88","10.35","680.16K","-1.89%"
"09/15/2022","10.69","10.58","10.80","10.49","455.91K","0.49%"
"09/14/2022","10.64","10.48","10.73","10.32","366.29K","1.14%"
"09/13/2022","10.52","10.54","10.66","10.47","220.69K","-0.92%"
"09/12/2022","10.61","10.95","10.95","10.58","514.09K","-1.87%"
"09/11/2022","10.81","10.86","11.09","10.76","405.97K","0.77%"
"09/08/2022","10.73","10.65","10.99","10.61","396.85K","0.77%"
"09/07/2022","10.65","10.69","10.83","10.59","451.63K","-0.07%"
"09/06/2022","10.66","10.81","10.81","10.55","177.34K","0.07%"
"09/05/2022","10.65","10.54","10.69","10.43","187.88K","1.57%"
"09/04/2022","10.48","10.66","10.76","10.43","328.85K","-1.55%"
"09/01/2022","10.65","10.48","10.76","10.28","440.95K","2.23%"
"08/31/2022","10.42","10.40","10.50","10.20","493.73K","-0.07%"
"08/30/2022","10.43","10.69","10.73","10.38","381.25K","-2.18%"
"08/29/2022","10.66","10.88","10.88","10.33","593.59K","-0.77%"
"08/28/2022","10.74","10.88","11.02","10.66","324.30K","-1.24%"
"08/25/2022","10.88","11.14","11.23","10.80","924.38K","-0.14%"
"08/24/2022","10.89","11.20","11.34","10.86","524.38K","-1.43%"
"08/23/2022","11.05","11.16","11.35","10.83","668.99K","0.41%"
"08/22/2022","11.00","10.95","11.08","10.90","212.39K","0.41%"
"08/21/2022","10.96","11.46","11.48","10.88","479.99K","-2.08%"
"08/18/2022","11.19","11.37","11.69","11.12","168.60K","-0.53%"
"08/17/2022","11.25","11.06","11.70","11.03","577.79K","3.50%"
"08/16/2022","10.87","10.34","11.06","10.28","688.51K","6.88%"
"08/15/2022","10.17","10.35","10.50","10.12","460.60K","-0.78%"
"08/14/2022","10.25","10.50","10.63","10.20","259.30K","-1.06%"
"08/11/2022","10.36","10.21","10.43","10.17","180.96K","1.37%"
"08/10/2022","10.22","10.16","10.77","10.16","199.33K","0.29%"
"08/09/2022","10.19","10.28","10.43","10.00","229.09K","-1.74%"
"08/08/2022","10.37","10.35","10.80","10.28","562.32K","0.88%"
"08/07/2022","10.28","9.62","10.43","9.62","461.32K","4.15%"
"08/04/2022","9.87","9.49","9.97","9.49","292.39K","2.81%"
"08/03/2022","9.60","9.70","9.72","9.49","142.19K","0.52%"
"08/02/2022","9.55","9.52","9.60","9.31","118.73K","2.14%"
"08/01/2022","9.35","9.53","9.68","9.30","180.25K","-1.99%"
"07/31/2022","9.54","9.35","9.68","9.35","303.63K","1.38%"
"07/28/2022","9.41","9.25","9.47","9.25","160.23K","1.29%"
"07/27/2022","9.29","9.34","9.56","9.15","326.08K","0.54%"
"07/26/2022","9.24","9.16","9.35","9.16","203.70K","-0.11%"
"07/25/2022","9.25","9.30","9.38","9.20","110.42K","-0.86%"
"07/24/2022","9.33","9.31","9.40","9.25","298.83K","-0.21%"
"07/21/2022","9.35","9.04","9.53","9.04","527.93K","2.63%"
"07/20/2022","9.11","9.00","9.26","8.92","273.53K","1.45%"
"07/19/2022","8.98","8.85","9.07","8.78","126.60K","1.24%"
"07/18/2022","8.87","8.78","9.04","8.75","191.34K","1.14%"
"07/17/2022","8.77","8.93","8.93","8.70","72.10K","-2.01%"
"07/07/2022","8.95","8.79","9.05","8.66","220.28K","2.64%"
"07/06/2022","8.72","8.62","8.80","8.52","188.65K","0.69%"
"07/05/2022","8.66","8.50","8.74","8.41","78.35K","1.76%"
"07/04/2022","8.51","8.83","8.83","8.32","128.90K","-2.63%"
"07/03/2022","8.74","8.86","8.96","8.51","365.52K","-2.13%"
"06/29/2022","8.93","9.08","9.29","8.89","343.62K","-1.65%"
"06/28/2022","9.08","9.44","9.44","8.86","575.81K","-2.89%"
"06/27/2022","9.35","9.53","9.53","9.29","295.43K","-1.37%"
"06/26/2022","9.48","9.45","9.59","9.34","378.95K","1.39%"
"06/23/2022","9.35","9.38","9.41","9.19","226.29K","-0.64%"
"06/22/2022","9.41","9.45","9.48","9.27","41.11K","0.75%"
"06/21/2022","9.34","9.49","9.49","9.12","137.47K","1.08%"
"06/20/2022","9.24","9.44","9.45","9.16","88.55K","-0.54%"
"06/19/2022","9.29","9.41","9.53","9.19","81.51K","-1.59%"
"06/16/2022","9.44","9.60","9.60","9.38","52.00K","-0.84%"
"06/15/2022","9.52","9.64","9.71","9.52","35.16K","-0.83%"
"06/14/2022","9.60","9.22","9.62","9.22","144.44K","2.78%"
"06/13/2022","9.34","9.55","9.57","9.30","168.23K","-1.06%"
"06/12/2022","9.44","9.38","9.53","9.35","147.73K","-1.56%"
"06/09/2022","9.59","9.70","9.70","9.43","135.16K","0.63%"
"06/08/2022","9.53","9.26","9.64","9.22","282.51K","3.14%"
"06/07/2022","9.24","9.15","9.27","9.15","91.49K","1.20%"
"06/06/2022","9.13","9.01","9.30","9.00","138.35K","1.22%"
"06/05/2022","9.02","9.08","9.08","8.96","304.97K","0.33%"
"06/02/2022","8.99","9.18","9.19","8.89","153.77K","-1.32%"
"06/01/2022","9.11","9.38","9.38","9.05","165.14K","-1.51%"
"05/31/2022","9.25","9.40","9.45","9.19","101.24K","-0.43%"
"05/30/2022","9.29","9.41","9.49","9.21","58.00K","-0.64%"
"05/29/2022","9.35","9.55","9.55","9.26","64.71K","-0.11%"
"05/26/2022","9.36","9.56","9.75","9.30","290.49K","-1.37%"
"05/25/2022","9.49","9.61","9.61","9.39","85.06K","-1.76%"
"05/24/2022","9.66","9.82","9.86","9.62","110.25K","-1.13%"
"05/23/2022","9.77","9.69","9.86","9.68","145.80K","0.31%"
"05/22/2022","9.74","9.88","9.94","9.68","200.95K","0.21%"
"05/19/2022","9.72","9.62","9.90","9.62","180.39K","-0.31%"
"05/18/2022","9.75","9.86","10.01","9.60","206.79K","0.00%"
"05/17/2022","9.75","9.66","9.82","9.60","98.27K","1.56%"
"05/16/2022","9.60","9.61","9.75","9.27","138.52K","-0.21%"
"05/15/2022","9.62","9.84","9.97","9.58","91.62K","-0.52%"
"05/12/2022","9.67","9.73","9.90","9.53","141.67K","0.31%"
"05/11/2022","9.64","9.90","9.90","9.60","82.27K","-0.92%"
"05/10/2022","9.73","9.75","9.93","9.69","92.51K","-0.61%"
"05/09/2022","9.79","9.91","9.94","9.75","219.15K","-1.81%"
"05/08/2022","9.97","10.26","10.26","9.79","67.51K","-1.38%"
"04/28/2022","10.11","9.82","10.21","9.82","178.04K","2.54%"
"04/27/2022","9.86","9.49","9.94","9.49","120.44K","2.82%"
"04/26/2022","9.59","9.68","9.77","9.49","205.79K","-1.13%"
"04/21/2022","9.70","9.51","9.85","9.49","258.50K","1.57%"
"04/20/2022","9.55","9.45","9.71","9.44","87.95K","0.63%"
"04/19/2022","9.49","9.22","9.64","9.17","279.69K","3.04%"
"04/18/2022","9.21","9.26","9.35","8.78","325.71K","1.88%"
"04/17/2022","9.04","9.47","9.75","8.98","288.24K","-4.54%"
"04/14/2022","9.47","9.75","9.75","9.04","245.20K","-3.96%"
"04/13/2022","9.86","10.09","10.09","9.82","123.03K","-0.80%"
"04/12/2022","9.94","9.96","10.12","9.83","288.15K","-0.20%"
"04/11/2022","9.96","10.20","10.23","9.86","245.91K","-1.68%"
"04/10/2022","10.13","9.81","10.50","9.68","1.21M","3.26%"
"04/07/2022","9.81","9.94","10.06","9.76","146.69K","-1.90%"
"04/06/2022","10.00","9.97","10.20","9.85","296.35K","0.10%"
"04/05/2022","9.99","10.30","10.34","9.88","603.63K","-1.96%"
"04/04/2022","10.19","10.18","10.20","9.98","469.22K","0.10%"
"04/03/2022","10.18","9.90","10.35","9.77","649.61K","3.67%"
"03/31/2022","9.82","9.50","9.94","9.26","517.55K","2.72%"
"03/30/2022","9.56","10.24","10.24","9.38","964.96K","-5.06%"
"03/29/2022","10.07","9.84","10.20","9.65","527.27K","1.51%"
"03/28/2022","9.92","10.10","10.11","9.71","625.84K","-1.10%"
"03/27/2022","10.03","10.28","10.28","9.90","920.62K","-2.05%"
"03/24/2022","10.24","10.48","10.75","10.20","3.49M","-1.16%"
"03/23/2022","10.36","10.41","10.43","10.12","449.15K","0.88%"
"03/22/2022","10.27","10.31","10.50","10.15","2.13M","1.68%"
"03/21/2022","10.10","9.97","10.42","9.86","559.43K","2.12%"
"03/20/2022","9.89","9.91","10.12","9.80","209.15K","-0.80%"
"03/17/2022","9.97","9.85","10.12","9.69","398.35K","2.47%"
"03/16/2022","9.73","9.29","9.79","9.29","229.18K","6.34%"
"03/15/2022","9.15","9.51","9.51","9.00","334.19K","-2.45%"
"03/14/2022","9.38","9.51","9.56","9.37","42.63K","-1.88%"
"03/13/2022","9.56","9.38","9.64","9.38","245.77K","0.74%"
"03/10/2022","9.49","9.38","9.59","9.35","227.58K","0.53%"
"03/09/2022","9.44","9.27","9.48","9.19","152.54K","1.94%"
"03/08/2022","9.26","9.22","9.37","9.02","183.00K","1.76%"
"03/07/2022","9.10","9.53","9.67","9.00","518.95K","-4.91%"
"03/06/2022","9.57","9.74","9.75","9.54","88.52K","-1.34%"
"03/03/2022","9.70","9.77","9.90","9.68","126.72K","0.21%"
"03/02/2022","9.68","9.86","10.03","9.65","268.42K","-2.02%"
"03/01/2022","9.88","9.68","9.90","9.61","275.80K","3.89%"
"02/28/2022","9.51","9.79","9.79","9.38","236.37K","-2.36%"
"02/27/2022","9.74","9.79","9.82","9.58","147.81K","2.74%"
"02/24/2022","9.48","9.53","9.75","9.03","319.65K","-7.15%"
"02/23/2022","10.21","10.17","10.34","10.05","112.17K","1.09%"
"02/22/2022","10.10","9.98","10.12","9.82","404.73K","-0.20%"
"02/21/2022","10.12","9.97","10.12","9.90","251.87K","2.12%"
"02/20/2022","9.91","9.84","9.99","9.68","560.53K","1.33%"
"02/17/2022","9.78","9.84","9.97","9.75","337.42K","0.51%"
"02/16/2022","9.73","9.62","9.81","9.38","315.88K","2.10%"
"02/15/2022","9.53","9.45","9.60","9.30","224.57K","2.80%"
"02/14/2022","9.27","9.22","9.37","8.86","208.58K","0.65%"
"02/13/2022","9.21","10.12","10.12","9.00","379.40K","-10.06%"
"02/10/2022","10.24","10.35","10.39","10.22","89.58K","-1.25%"
"02/09/2022","10.37","10.43","10.54","10.29","100.17K","-0.86%"
"02/08/2022","10.46","10.35","10.65","10.35","248.05K","1.55%"
"02/07/2022","10.30","10.34","10.47","10.24","348.24K","0.88%"
"02/06/2022","10.21","10.12","10.34","10.06","149.46K","1.39%"
"02/03/2022","10.07","10.08","10.23","10.00","142.68K","-0.30%"
"02/02/2022","10.10","10.12","10.29","10.06","92.49K","-0.20%"
"02/01/2022","10.12","10.12","10.31","10.12","258.49K","0.60%"
"01/31/2022","10.06","9.83","10.09","9.81","95.64K","1.51%"
"01/30/2022","9.91","9.98","9.98","9.81","94.93K","-0.60%"
"01/26/2022","9.97","10.16","10.24","9.93","93.90K","-1.48%"
"01/25/2022","10.12","9.99","10.24","9.99","137.65K","0.80%"
"01/24/2022","10.04","10.24","10.41","9.97","153.80K","-1.95%"
"01/23/2022","10.24","10.66","10.66","10.20","224.64K","-2.29%"
"01/20/2022","10.48","10.34","10.72","10.21","426.89K","1.35%"
"01/19/2022","10.34","10.20","10.43","10.14","448.23K","2.38%"
"01/18/2022","10.10","9.90","10.16","9.79","218.93K","1.92%"
"01/17/2022","9.91","9.88","10.06","9.75","130.38K","0.30%"
"01/16/2022","9.88","10.09","10.20","9.79","232.15K","-2.08%"
"01/13/2022","10.09","10.35","10.35","10.05","311.97K","-2.98%"
"01/12/2022","10.40","10.65","10.78","10.31","296.31K","-1.79%"
"01/11/2022","10.59","10.85","10.97","10.56","360.83K","-2.40%"
"01/10/2022","10.85","10.84","11.25","10.75","665.41K","-0.91%"
"01/09/2022","10.95","11.03","11.19","10.92","162.37K","0.09%"
"01/05/2022","10.94","11.14","11.14","10.92","171.24K","-1.44%"
"01/04/2022","11.10","11.04","11.32","10.88","911.73K","2.12%"
"01/03/2022","10.87","10.00","11.06","9.97","1.62M","8.81%"
"01/02/2022","9.99","9.75","10.05","9.68","277.00K","2.67%"
"12/30/2021","9.73","9.79","9.82","9.71","272.35K","0.21%"
"12/29/2021","9.71","9.72","9.88","9.69","116.03K","-0.10%"
"12/28/2021","9.72","9.81","9.89","9.64","156.92K","0.10%"
"12/27/2021","9.71","9.97","10.01","9.64","204.00K","-2.41%"
"12/26/2021","9.95","9.94","10.12","9.91","289.82K","0.51%"
"12/23/2021","9.90","9.82","9.97","9.82","193.61K","0.41%"
"12/22/2021","9.86","9.97","10.01","9.82","178.30K","-0.40%"
"12/21/2021","9.90","9.48","10.11","9.48","821.96K","4.54%"
"12/20/2021","9.47","9.54","9.62","9.32","184.37K","-1.25%"
"12/19/2021","9.59","9.71","9.74","9.55","116.54K","-0.93%"
"12/16/2021","9.68","9.68","9.79","9.64","84.99K","0.00%"
"12/15/2021","9.68","9.68","9.82","9.57","126.28K","0.62%"
"12/14/2021","9.62","9.68","9.88","9.60","180.45K","-1.54%"
"12/13/2021","9.77","9.71","9.94","9.54","424.06K","2.52%"
"12/12/2021","9.53","9.51","9.71","9.49","212.69K","0.42%"
"12/09/2021","9.49","9.49","9.70","9.42","181.17K","-0.63%"
"12/08/2021","9.55","9.60","9.79","9.39","369.63K","-0.73%"
"12/07/2021","9.62","9.97","10.12","9.53","589.45K","-3.32%"
"12/06/2021","9.95","10.12","10.42","9.85","1.34M","-0.80%"
"12/05/2021","10.03","10.12","10.18","9.77","1.37M","1.21%"
"12/02/2021","9.91","10.12","10.16","9.76","498.71K","-2.08%"
"12/01/2021","10.12","9.97","10.30","9.97","643.27K","0.80%"
"11/30/2021","10.04","10.23","10.24","9.97","765.14K","-0.79%"
"11/29/2021","10.12","9.56","10.33","9.56","1.85M","6.64%"
"11/28/2021","9.49","9.44","9.60","9.15","449.19K","-2.06%"
"11/25/2021","9.69","9.35","9.94","9.35","906.72K","3.86%"
"11/24/2021","9.33","9.69","9.69","9.30","166.13K","-1.69%"
"11/23/2021","9.49","9.39","9.68","9.30","340.39K","2.37%"
"11/22/2021","9.27","9.03","9.43","9.00","260.36K","0.32%"
"11/21/2021","9.24","9.62","9.71","9.10","349.22K","-4.74%"
"11/18/2021","9.70","9.78","10.12","9.62","284.18K","-0.72%"
"11/17/2021","9.77","9.79","10.01","9.38","628.31K","0.00%"
"11/16/2021","9.77","10.12","10.24","9.59","712.02K","-4.59%"
"11/15/2021","10.24","10.13","10.54","10.06","590.19K","1.19%"
"11/14/2021","10.12","10.24","10.31","9.94","287.42K","0.20%"
"11/11/2021","10.10","10.04","10.19","9.75","209.34K","3.59%"
"11/10/2021","9.75","10.20","10.20","9.38","334.07K","-5.06%"
"11/09/2021","10.27","10.15","10.43","10.05","457.43K","0.88%"
"11/08/2021","10.18","9.75","10.28","9.71","606.05K","4.41%"
"11/07/2021","9.75","9.75","9.88","9.60","276.15K","0.21%"
"11/04/2021","9.73","10.05","10.05","9.46","646.66K","-1.92%"
"11/03/2021","9.92","9.75","10.23","9.75","819.08K","1.54%"
"11/02/2021","9.77","9.53","10.09","9.49","843.00K","1.77%"
"11/01/2021","9.60","9.74","10.12","9.49","338.28K","-1.13%"
"10/31/2021","9.71","9.38","9.75","9.01","241.22K","0.10%"
"10/28/2021","9.70","9.01","9.79","9.01","348.96K","1.15%"
"10/27/2021","9.59","9.20","9.75","8.24","771.42K","4.24%"
"10/26/2021","9.20","9.67","10.05","8.78","392.45K","-3.97%"
"10/25/2021","9.58","9.75","9.76","9.07","446.55K","-1.84%"
"10/24/2021","9.76","9.97","10.20","9.68","386.29K","1.04%"
"10/20/2021","9.66","9.76","9.92","8.26","1.00M","-1.73%"
"10/19/2021","9.83","11.38","11.53","9.53","320.31K","-13.70%"
"10/18/2021","11.39","11.40","11.67","11.37","84.60K","-0.44%"
"10/17/2021","11.44","11.85","11.85","11.30","219.85K","0.53%"
"10/14/2021","11.38","11.62","11.62","11.21","265.11K","-0.70%"
"10/13/2021","11.46","11.75","11.78","11.40","196.22K","-2.63%"
"10/12/2021","11.77","11.77","12.07","11.70","188.83K","1.03%"
"10/11/2021","11.65","11.58","11.88","11.46","173.05K","0.26%"
"10/10/2021","11.62","11.78","12.00","11.58","318.18K","-1.36%"
"10/06/2021","11.78","11.96","12.07","11.44","382.32K","1.38%"
"10/05/2021","11.62","12.17","12.17","11.45","215.32K","-3.57%"
"10/04/2021","12.05","12.15","12.40","12.00","127.93K","-1.15%"
"10/03/2021","12.19","12.19","12.90","12.15","611.75K","0.00%"
"09/30/2021","12.19","11.89","12.46","11.89","580.89K","2.35%"
"09/29/2021","11.91","12.02","12.19","11.65","193.58K","-0.58%"
"09/28/2021","11.98","12.15","12.28","11.81","193.25K","-1.32%"
"09/27/2021","12.14","12.46","13.01","12.00","614.43K","-2.57%"
"09/26/2021","12.46","12.75","12.88","12.45","255.12K","-0.48%"
"09/23/2021","12.52","12.22","12.65","12.22","272.06K","2.71%"
"09/22/2021","12.19","12.00","12.30","12.00","372.25K","3.13%"
"09/21/2021","11.82","12.31","12.56","11.36","525.17K","-6.78%"
"09/20/2021","12.68","13.10","13.10","12.00","335.83K","-2.69%"
"09/19/2021","13.03","13.88","14.23","12.86","314.97K","-7.33%"
"09/16/2021","14.06","14.16","14.41","13.72","358.23K","0.86%"
"09/15/2021","13.94","14.18","14.81","13.88","930.34K","-1.69%"
"09/14/2021","14.18","14.10","14.51","13.99","874.11K","0.93%"
"09/13/2021","14.05","14.25","14.44","13.88","470.91K","-0.92%"
"09/12/2021","14.18","14.10","14.32","13.81","663.89K","3.05%"
"09/09/2021","13.76","12.62","14.21","12.62","1.86M","6.92%"
"09/08/2021","12.87","13.12","13.50","12.75","481.47K","-1.08%"
"09/07/2021","13.01","12.82","13.12","12.38","604.48K","2.85%"
"09/06/2021","12.65","12.87","13.20","12.30","1.30M","-3.14%"
"09/05/2021","13.06","14.40","14.54","12.75","641.42K","-10.30%"
"09/02/2021","14.56","14.56","14.96","14.31","1.17M","2.39%"
"09/01/2021","14.22","13.50","14.84","13.50","1.23M","5.02%"
"08/31/2021","13.54","13.50","13.88","13.12","757.21K","-4.92%"
"08/30/2021","14.24","14.59","14.72","13.50","1.08M","-1.73%"
"08/29/2021","14.49","13.99","14.80","13.99","679.28K","-0.89%"
"08/26/2021","14.62","15.02","15.26","14.00","1.47M","-5.43%"
"08/25/2021","15.46","16.04","16.09","14.93","2.37M","-3.19%"
"08/24/2021","15.97","16.04","17.62","15.25","3.58M","7.33%"
"08/23/2021","14.88","14.40","15.48","14.14","3.88M","5.68%"
"08/22/2021","14.08","13.80","14.40","13.66","1.05M","-0.21%"
"08/19/2021","14.11","14.44","14.67","13.65","856.50K","-2.01%"
"08/18/2021","14.40","14.03","14.78","14.02","1.74M","2.93%"
"08/17/2021","13.99","13.57","14.39","13.52","849.98K","1.97%"
"08/16/2021","13.72","13.88","14.10","13.43","661.49K","-3.72%"
"08/15/2021","14.25","14.74","14.93","13.76","889.93K","-3.59%"
"08/11/2021","14.78","14.70","15.20","14.40","1.90M","3.65%"
"08/10/2021","14.26","13.88","14.78","13.35","2.73M","5.01%"
"08/09/2021","13.58","13.11","14.21","12.75","2.13M","1.95%"
"08/08/2021","13.32","13.76","14.10","12.75","790.63K","-3.13%"
"08/05/2021","13.75","13.28","14.32","13.09","1.60M","3.38%"
"08/04/2021","13.30","13.43","13.84","12.95","1.18M","-4.59%"
"08/03/2021","13.94","13.89","14.89","13.30","1.67M","-5.68%"
"08/02/2021","14.78","15.34","15.60","13.67","1.75M","-2.12%"
"08/01/2021","15.10","14.72","16.12","14.11","3.22M","2.58%"
"07/29/2021","14.72","14.51","15.34","14.21","2.16M","3.88%"
"07/28/2021","14.17","14.18","14.18","13.61","2.11M","9.93%"
"07/27/2021","12.89","12.02","13.47","11.90","2.12M","5.22%"
"07/26/2021","12.25","12.97","12.97","11.87","2.60M","-0.97%"
"07/25/2021","12.37","12.39","12.39","11.47","2.33M","9.76%"
"07/18/2021","11.27","11.27","11.27","11.27","787.02K","10.06%"
"07/15/2021","10.24","10.33","10.34","9.79","2.39M","8.94%"
"07/14/2021","9.40","8.78","9.59","8.63","2.31M","7.92%"
"07/13/2021","8.71","8.55","8.84","8.55","294.89K","1.52%"
"07/12/2021","8.58","8.62","8.81","8.41","310.23K","-0.46%"
"07/11/2021","8.62","8.70","8.93","8.26","334.65K","-3.90%"
"07/08/2021","8.97","9.22","9.26","8.70","535.80K","-4.06%"
"07/07/2021","9.35","9.30","9.54","9.18","664.63K","1.41%"
"07/06/2021","9.22","9.17","9.56","8.68","1.30M","-3.15%"
"07/05/2021","9.52","9.93","9.93","9.04","1.86M","5.43%"
"07/04/2021","9.03","9.03","9.03","9.00","544.94K","9.99%"
"06/30/2021","8.21","7.65","8.31","7.65","1.99M","8.60%"
"06/29/2021","7.56","7.32","7.70","7.31","200.72K","0.67%"
"06/28/2021","7.51","7.67","7.67","7.39","248.85K","-1.96%"
"06/27/2021","7.66","7.66","7.83","7.54","253.80K","-1.16%"
"06/24/2021","7.75","7.74","7.82","7.66","149.88K","-1.15%"
"06/23/2021","7.84","7.68","7.97","7.68","652.78K","3.29%"
"06/22/2021","7.59","7.51","7.72","7.51","124.41K","0.66%"
"06/21/2021","7.54","7.57","7.68","7.50","170.97K","-0.92%"
"06/20/2021","7.61","7.50","7.69","7.50","307.06K","0.93%"
"06/17/2021","7.54","7.25","7.69","7.20","272.10K","4.00%"
"06/16/2021","7.25","7.31","7.37","7.13","115.90K","0.00%"
"06/15/2021","7.25","7.55","7.55","7.12","106.37K","-2.29%"
"06/14/2021","7.42","7.24","7.54","7.22","63.07K","0.27%"
"06/13/2021","7.40","7.53","7.61","7.14","195.09K","-1.73%"
"06/10/2021","7.53","7.61","7.64","7.46","146.98K","0.40%"
"06/09/2021","7.50","7.35","7.61","7.27","157.89K","0.81%"
"06/08/2021","7.44","7.50","7.51","7.36","161.42K","-2.11%"
"06/07/2021","7.60","7.63","7.79","7.43","328.69K","0.80%"
"06/06/2021","7.54","7.33","7.75","7.30","365.23K","3.43%"
"06/03/2021","7.29","7.40","7.46","7.18","301.88K","-2.28%"
"06/02/2021","7.46","7.78","7.79","7.14","202.04K","-1.97%"
"06/01/2021","7.61","7.80","7.87","7.50","296.71K","-2.06%"
"05/31/2021","7.77","7.67","7.92","7.52","503.98K","2.51%"
"05/30/2021","7.58","7.58","7.72","7.50","218.03K","-0.39%"
"05/27/2021","7.61","7.65","7.79","7.49","284.91K","1.60%"
"05/26/2021","7.49","7.46","7.61","7.37","188.38K","1.08%"
"05/25/2021","7.41","7.42","7.57","7.23","210.45K","-1.85%"
"05/24/2021","7.55","7.91","7.91","7.13","392.26K","-3.94%"
"05/23/2021","7.86","7.56","8.09","7.56","493.02K","4.38%"
"05/20/2021","7.53","7.51","7.61","7.50","131.16K","-1.57%"
"05/19/2021","7.65","7.54","7.80","7.51","431.26K","1.06%"
"05/18/2021","7.57","7.51","7.70","7.46","150.29K","-0.26%"
"05/17/2021","7.59","7.65","7.76","7.37","378.92K","2.29%"
"05/11/2021","7.42","7.12","7.68","7.07","591.40K","3.92%"
"05/10/2021","7.14","7.05","7.30","7.05","253.42K","2.88%"
"05/09/2021","6.94","6.97","7.03","6.91","135.16K","0.73%"
"05/06/2021","6.89","6.97","7.05","6.78","370.68K","-1.57%"
"05/05/2021","7.00","7.10","7.12","6.97","38.32K","-0.28%"
"05/04/2021","7.02","6.97","7.16","6.91","124.96K","1.15%"
"04/28/2021","6.94","6.95","6.97","6.83","103.17K","-0.86%"
"04/27/2021","7.00","7.07","7.19","6.97","84.56K","-0.99%"
"04/26/2021","7.07","7.28","7.28","6.90","275.88K","-1.94%"
"04/25/2021","7.21","6.84","7.37","6.84","53.03K","1.69%"
"04/22/2021","7.09","6.89","7.19","6.75","123.69K","4.73%"
"04/21/2021","6.77","6.79","6.89","6.75","41.10K","0.00%"
"04/20/2021","6.77","6.76","6.86","6.64","44.54K","0.30%"
"04/19/2021","6.75","6.75","6.81","6.55","47.87K","4.33%"
"04/18/2021","6.47","6.75","6.75","6.40","29.73K","0.31%"
"04/15/2021","6.45","6.63","6.75","6.09","73.98K","-4.16%"
"04/14/2021","6.73","7.18","7.19","6.46","29.80K","-5.08%"
"04/13/2021","7.09","7.38","7.38","6.97","14.27K","-3.54%"
"04/12/2021","7.35","7.37","7.49","7.08","90.57K","-1.47%"
"04/11/2021","7.46","7.50","7.58","7.35","92.89K","0.95%"
"04/08/2021","7.39","7.01","7.50","7.01","334.89K","4.53%"
"04/07/2021","7.07","6.49","7.13","6.38","1.40M","8.94%"
"04/06/2021","6.49","6.53","6.64","6.30","148.76K","-0.76%"
"04/05/2021","6.54","6.76","6.76","6.25","133.98K","-5.49%"
"04/04/2021","6.92","7.02","7.12","6.75","38.38K","0.14%"
"04/01/2021","6.91","6.83","6.98","6.81","107.07K","2.22%"
"03/31/2021","6.76","6.97","6.97","6.75","176.73K","-3.01%"
"03/30/2021","6.97","7.09","7.09","6.86","55.90K","-0.99%"
"03/29/2021","7.04","6.86","7.16","6.82","265.77K","1.29%"
"03/28/2021","6.95","6.68","7.08","6.67","58.97K","4.20%"
"03/25/2021","6.67","6.49","6.86","6.26","254.24K","3.89%"
"03/24/2021","6.42","6.38","6.60","6.25","57.64K","4.22%"
"03/23/2021","6.16","6.30","6.44","5.97","300.29K","-6.38%"
"03/22/2021","6.58","6.64","6.90","6.23","180.54K","-3.24%"
"03/21/2021","6.80","7.05","7.05","6.68","80.52K","-3.55%"
"03/18/2021","7.05","7.07","7.19","6.92","29.40K","0.43%"
"03/17/2021","7.02","7.33","7.33","6.83","89.09K","-1.27%"
"03/16/2021","7.11","7.12","7.35","6.97","87.59K","-2.34%"
"03/15/2021","7.28","7.51","7.55","6.97","262.18K","-2.93%"
"03/14/2021","7.50","7.41","7.88","7.28","314.33K","4.17%"
"03/11/2021","7.20","6.97","7.34","6.96","323.23K","6.19%"
"03/10/2021","6.78","6.77","6.90","6.75","4.75M","-1.02%"
"03/09/2021","6.85","6.86","6.97","6.77","199.86K","0.00%"
"03/08/2021","6.85","7.12","7.12","6.75","168.91K","-1.58%"
"03/07/2021","6.96","7.18","7.18","6.90","71.67K","1.02%"
"03/04/2021","6.89","6.75","7.09","6.75","126.73K","-1.57%"
"03/03/2021","7.00","7.14","7.15","6.75","116.45K","-3.45%"
"03/02/2021","7.25","7.39","7.39","7.13","199.11K","-1.36%"
"03/01/2021","7.35","7.42","7.46","7.24","85.61K","-0.68%"
"02/28/2021","7.40","7.43","7.50","7.24","93.81K","-1.46%"
"02/25/2021","7.51","7.61","7.63","7.46","177.01K","0.00%"
"02/24/2021","7.51","7.46","7.58","7.42","182.43K","-0.40%"
"02/23/2021","7.54","7.68","7.69","7.44","235.42K","-0.13%"
"02/22/2021","7.55","7.61","7.74","7.49","300.19K","-1.05%"
"02/21/2021","7.63","7.50","7.88","7.50","185.13K","3.95%"
"02/18/2021","7.34","7.41","7.55","7.22","242.59K","-0.94%"
"02/17/2021","7.41","7.54","7.58","7.33","233.44K","-2.76%"
"02/16/2021","7.62","7.70","7.78","7.54","205.62K","-0.13%"
"02/15/2021","7.63","7.78","7.78","7.50","163.43K","-1.80%"
"02/14/2021","7.77","8.01","8.01","7.69","205.62K","-3.00%"
"02/11/2021","8.01","8.00","8.17","7.90","125.22K","1.26%"
"02/10/2021","7.91","7.80","8.23","7.80","595.71K","0.64%"
"02/09/2021","7.86","7.91","8.03","7.70","224.97K","-1.50%"
"02/08/2021","7.98","8.13","8.13","7.80","271.46K","-1.72%"
"02/07/2021","8.12","8.23","8.23","8.06","155.96K","-0.25%"
"02/04/2021","8.14","8.25","8.29","8.07","386.03K","-2.63%"
"02/03/2021","8.36","8.30","8.47","8.18","632.00K","1.33%"
"02/02/2021","8.25","8.24","8.33","8.11","693.82K","0.36%"
"02/01/2021","8.22","8.25","8.30","8.14","154.76K","-0.24%"
"01/31/2021","8.24","8.06","8.43","7.96","193.09K","-0.36%"
"01/27/2021","8.27","8.21","8.45","8.18","349.89K","-0.72%"
"01/26/2021","8.33","8.13","8.47","8.10","602.63K","2.46%"
"01/25/2021","8.13","8.24","8.45","7.95","699.13K","-0.61%"
"01/24/2021","8.18","8.25","8.37","8.10","377.87K","-1.09%"
"01/21/2021","8.27","8.47","8.47","8.14","468.47K","-1.90%"
"01/20/2021","8.43","8.27","8.69","8.23","1.23M","4.98%"
"01/19/2021","8.03","7.45","8.40","7.45","2.06M","5.10%"
"01/18/2021","7.64","7.55","7.83","7.42","687.31K","-0.13%"
"01/17/2021","7.65","7.42","7.84","7.42","955.59K","2.55%"
"01/14/2021","7.46","7.42","7.58","7.37","305.30K","0.27%"
"01/13/2021","7.44","7.50","7.65","7.31","471.44K","-1.98%"
"01/12/2021","7.59","7.46","7.72","7.46","1.32M","3.55%"
"01/11/2021","7.33","7.16","7.48","7.04","1.13M","4.12%"
"01/10/2021","7.04","7.04","7.12","6.92","318.85K","2.62%"
"01/06/2021","6.86","6.95","6.99","6.77","230.41K","-0.29%"
"01/05/2021","6.88","6.79","6.97","6.79","49.41K","0.29%"
"01/04/2021","6.86","7.05","7.05","6.79","235.50K","0.15%"
"01/03/2021","6.85","7.08","7.08","6.75","164.38K","-0.72%"
"12/31/2020","6.90","7.09","7.09","6.84","239.09K","-1.00%"
"12/30/2020","6.97","7.05","7.07","6.83","275.46K","2.05%"
"12/29/2020","6.83","6.79","6.97","6.67","328.17K","2.25%"
"12/28/2020","6.68","6.71","6.75","6.62","110.32K","0.15%"
"12/27/2020","6.67","6.67","6.78","6.60","160.83K","-1.04%"
"12/24/2020","6.74","6.75","6.86","6.61","181.35K","0.00%"
"12/23/2020","6.74","6.74","6.83","6.60","961.83K","1.81%"
"12/22/2020","6.62","6.74","6.75","6.38","197.99K","-0.30%"
"12/21/2020","6.64","7.20","7.20","6.54","1.03M","-8.54%"
"12/20/2020","7.26","7.16","7.35","7.12","187.31K","2.11%"
"12/17/2020","7.11","7.24","7.24","7.05","213.99K","-1.80%"
"12/16/2020","7.24","7.38","7.41","7.06","300.01K","-1.23%"
"12/15/2020","7.33","7.58","7.58","7.22","328.86K","-2.40%"
"12/14/2020","7.51","7.32","7.69","7.32","598.75K","2.60%"
"12/13/2020","7.32","7.12","7.44","7.12","627.90K","2.66%"
"12/10/2020","7.13","7.35","7.35","7.05","411.63K","-2.86%"
"12/09/2020","7.34","7.64","7.64","7.25","521.92K","-3.93%"
"12/08/2020","7.64","7.63","7.84","7.44","996.95K","2.41%"
"12/07/2020","7.46","7.30","7.72","7.27","815.81K","2.19%"
"12/06/2020","7.30","7.48","7.48","7.25","559.97K","-1.88%"
"12/03/2020","7.44","7.51","7.61","7.30","954.95K","-1.98%"
"12/02/2020","7.59","7.72","7.95","7.37","2.84M","1.61%"
"12/01/2020","7.47","7.31","7.60","7.21","2.49M","8.10%"
"11/30/2020","6.91","6.49","7.16","6.49","4.71M","5.98%"
"11/29/2020","6.52","6.52","6.58","6.42","230.90K","1.56%"
"11/26/2020","6.42","6.55","6.60","6.36","396.91K","-1.68%"
"11/25/2020","6.53","6.46","6.67","6.38","832.88K","-0.46%"
"11/24/2020","6.56","6.45","6.67","6.43","1.13M","2.66%"
"11/23/2020","6.39","6.48","6.55","6.30","486.86K","-0.31%"
"11/22/2020","6.41","6.46","6.51","6.33","320.82K","-0.93%"
"11/19/2020","6.47","6.52","6.54","6.39","426.69K","-1.82%"
"11/18/2020","6.59","6.67","6.72","6.42","700.32K","0.15%"
"11/17/2020","6.58","6.54","6.67","6.41","924.55K","2.65%"
"11/16/2020","6.41","6.47","6.50","6.33","410.02K","-1.23%"
"11/15/2020","6.49","6.49","6.60","6.32","742.71K","0.00%"
"11/12/2020","6.49","6.67","6.72","6.34","1.26M","-1.67%"
"11/11/2020","6.60","6.45","6.75","6.45","1.63M","2.80%"
"11/10/2020","6.42","6.59","6.60","6.27","1.82M","1.74%"
"11/09/2020","6.31","6.22","6.60","6.11","2.19M","2.27%"
"11/08/2020","6.17","5.98","6.32","5.96","806.36K","2.49%"
"11/05/2020","6.02","5.94","6.14","5.84","299.91K","1.69%"
"11/04/2020","5.92","5.84","5.93","5.78","156.52K","2.96%"
"11/03/2020","5.75","5.62","5.85","5.62","120.96K","0.70%"
"11/02/2020","5.71","5.91","5.92","5.59","273.54K","-1.55%"
"11/01/2020","5.80","5.87","5.96","5.66","41.55K","-2.85%"
"10/28/2020","5.97","6.08","6.08","5.86","77.25K","-1.32%"
"10/27/2020","6.05","6.00","6.08","5.92","174.87K","2.72%"
"10/26/2020","5.89","6.00","6.00","5.74","84.35K","1.38%"
"10/25/2020","5.81","5.70","5.97","5.63","229.09K","-0.68%"
"10/22/2020","5.85","6.08","6.08","5.66","332.48K","-4.10%"
"10/21/2020","6.10","6.14","6.26","5.92","332.19K","-0.33%"
"10/20/2020","6.12","5.93","6.16","5.89","273.03K","0.33%"
"10/19/2020","6.10","6.29","6.30","5.92","380.42K","-0.65%"
"10/18/2020","6.14","6.04","6.22","5.92","405.36K","-0.65%"
"10/15/2020","6.18","6.30","6.44","6.04","436.39K","-1.44%"
"10/14/2020","6.27","6.08","6.38","6.00","711.59K","3.98%"
"10/13/2020","6.03","6.00","6.11","5.82","75.40K","-0.82%"
"10/12/2020","6.08","6.10","6.19","6.00","183.59K","-0.33%"
"10/11/2020","6.10","6.15","6.21","6.01","167.92K","0.83%"
"10/07/2020","6.05","5.90","6.17","5.88","326.35K","2.72%"
"10/06/2020","5.89","5.99","6.13","5.83","435.60K","-1.01%"
"10/05/2020","5.95","5.99","6.07","5.85","81.24K","-1.65%"
"10/04/2020","6.05","6.16","6.26","5.98","149.85K","-2.73%"
"10/01/2020","6.22","6.26","6.30","6.13","106.70K","1.63%"
"09/30/2020","6.12","6.15","6.22","6.04","84.67K","-1.45%"
"09/29/2020","6.21","6.26","6.30","6.13","93.81K","-0.80%"
"09/28/2020","6.26","6.37","6.38","6.20","107.90K","-0.79%"
"09/27/2020","6.31","6.53","6.53","6.22","118.47K","-0.16%"
"09/24/2020","6.32","6.27","6.58","6.22","156.15K","-2.17%"
"09/23/2020","6.46","6.38","6.67","6.23","455.05K","5.38%"
"09/22/2020","6.13","5.87","6.29","5.83","161.72K","2.17%"
"09/21/2020","6.00","6.23","6.37","5.81","214.80K","-5.06%"
"09/20/2020","6.32","6.35","6.44","6.20","113.43K","1.28%"
"09/17/2020","6.24","6.01","6.41","6.01","361.38K","1.63%"
"09/16/2020","6.14","6.29","6.29","6.07","177.69K","0.99%"
"09/15/2020","6.08","6.00","6.16","5.85","69.82K","1.16%"
"09/14/2020","6.01","6.01","6.12","5.89","143.27K","-2.59%"
"09/13/2020","6.17","6.08","6.30","6.00","128.11K","2.15%"
"09/10/2020","6.04","5.89","6.15","5.89","131.88K","2.72%"
"09/09/2020","5.88","5.85","6.00","5.70","163.91K","-2.65%"
"09/08/2020","6.04","6.38","6.44","5.87","251.71K","-4.43%"
"09/07/2020","6.32","6.51","6.51","6.22","141.35K","-0.63%"
"09/06/2020","6.36","6.38","6.53","6.11","93.31K","-1.55%"
"09/03/2020","6.46","6.40","6.56","6.39","178.34K","0.00%"
"09/02/2020","6.46","6.59","6.59","6.38","221.24K","-0.31%"
"09/01/2020","6.48","6.58","6.60","6.43","95.77K","-1.52%"
"08/31/2020","6.58","6.74","6.74","6.40","256.34K","-1.35%"
"08/30/2020","6.67","6.67","6.79","6.61","338.31K","0.30%"
"08/27/2020","6.65","6.74","6.76","6.57","285.59K","-2.06%"
"08/26/2020","6.79","6.82","6.92","6.62","308.22K","2.26%"
"08/25/2020","6.64","6.66","6.75","6.56","222.35K","-1.78%"
"08/24/2020","6.76","6.92","6.93","6.62","429.68K","-1.74%"
"08/23/2020","6.88","6.82","6.95","6.79","301.89K","1.62%"
"08/19/2020","6.77","6.77","6.92","6.63","497.69K","1.96%"
"08/18/2020","6.64","6.46","6.83","6.34","879.82K","1.68%"
"08/17/2020","6.53","6.75","6.75","6.38","626.47K","-3.83%"
"08/16/2020","6.79","6.78","7.01","6.64","573.15K","1.34%"
"08/13/2020","6.70","6.53","6.88","6.52","1.37M","3.08%"
"08/12/2020","6.50","6.75","6.80","6.38","513.91K","-1.07%"
"08/11/2020","6.57","6.25","6.80","6.25","1.14M","3.96%"
"08/10/2020","6.32","6.53","6.61","6.21","1.32M","-0.94%"
"08/09/2020","6.38","6.22","6.53","6.09","480.08K","2.90%"
"08/06/2020","6.20","6.26","6.31","6.08","422.51K","-2.05%"
"08/05/2020","6.33","6.41","6.45","6.23","573.42K","-0.78%"
"08/04/2020","6.38","6.31","6.53","6.26","523.61K","1.11%"
"07/29/2020","6.31","6.26","6.52","6.10","1.01M","1.77%"
"07/28/2020","6.20","6.16","6.38","6.08","1.82M","3.51%"
"07/27/2020","5.99","5.80","6.08","5.62","2.64M","8.32%"
"07/26/2020","5.53","5.36","5.79","5.21","3.48M","6.55%"
"07/22/2020","5.19","5.17","5.28","5.08","1.16M","3.18%"
"07/21/2020","5.03","4.95","5.17","4.86","1.14M","4.57%"
"07/20/2020","4.81","4.85","4.96","4.66","569.75K","1.91%"
"07/19/2020","4.72","4.75","5.00","4.52","405.00K","-2.07%"
"07/16/2020","4.82","4.73","4.91","4.61","496.95K","-3.79%"
"07/15/2020","5.01","5.21","5.40","4.66","1.57M","-3.09%"
"07/14/2020","5.17","5.32","5.32","5.08","507.57K","-2.64%"
"07/13/2020","5.31","5.20","5.42","5.14","1.55M","2.51%"
"07/12/2020","5.18","5.03","5.25","5.01","390.79K","2.98%"
"07/09/2020","5.03","5.28","5.28","4.88","747.05K","-4.91%"
"07/08/2020","5.29","5.19","5.44","5.12","1.13M","2.32%"
"07/07/2020","5.17","5.20","5.30","5.12","446.36K","-2.64%"
"07/06/2020","5.31","5.46","5.53","5.18","1.31M","0.57%"
"07/05/2020","5.28","5.00","5.39","4.95","2.34M","7.54%"
"06/30/2020","4.91","4.84","5.03","4.74","680.04K","3.15%"
"06/29/2020","4.76","4.85","4.88","4.70","326.34K","-0.63%"
"06/28/2020","4.79","4.73","4.88","4.72","265.83K","0.00%"
"06/25/2020","4.79","4.89","4.95","4.48","564.18K","-3.62%"
"06/24/2020","4.97","5.02","5.10","4.88","1.12M","1.02%"
"06/23/2020","4.92","4.88","4.96","4.76","941.89K","-0.81%"
"06/22/2020","4.96","5.03","5.08","4.81","1.23M","-0.40%"
"06/21/2020","4.98","4.84","5.10","4.80","2.73M","2.68%"
"06/18/2020","4.85","4.73","5.05","4.69","3.45M","3.19%"
"06/17/2020","4.70","4.77","4.84","4.58","1.42M","-0.42%"
"06/16/2020","4.72","4.57","4.91","4.46","3.19M","3.51%"
"06/15/2020","4.56","4.61","4.72","4.37","2.53M","-4.80%"
"06/14/2020","4.79","4.90","5.02","4.61","645.81K","-4.20%"
"06/11/2020","5.00","5.17","5.25","4.80","2.11M","5.71%"
"06/10/2020","4.73","4.53","4.84","4.42","478.28K","7.26%"
"06/09/2020","4.41","4.39","4.55","4.28","640.54K","5.00%"
"06/08/2020","4.20","4.09","4.35","4.05","745.12K","4.74%"
"06/07/2020","4.01","3.85","4.09","3.85","664.39K","4.70%"
"06/04/2020","3.83","3.76","3.89","3.76","169.93K","1.59%"
"06/03/2020","3.77","3.83","3.83","3.75","131.43K","-2.08%"
"06/02/2020","3.85","3.92","3.93","3.75","267.37K","-0.26%"
"06/01/2020","3.86","3.86","4.05","3.75","226.57K","2.12%"
"05/31/2020","3.78","3.66","3.86","3.55","348.94K","5.59%"
"05/21/2020","3.58","3.64","3.64","3.52","747.92K","-2.45%"
"05/20/2020","3.67","3.77","3.82","3.60","294.10K","-2.65%"
"05/19/2020","3.77","3.87","3.88","3.70","758.07K","-4.31%"
"05/18/2020","3.94","3.98","4.04","3.90","379.21K","0.00%"
"05/17/2020","3.94","3.94","4.03","3.92","277.45K","0.77%"
"05/14/2020","3.91","4.05","4.12","3.85","177.20K","-4.40%"
"05/13/2020","4.09","4.33","4.33","4.06","181.96K","-9.11%"
"05/12/2020","4.50","4.61","4.62","4.39","11.15K","2.74%"
"05/11/2020","4.38","4.44","4.44","4.04","41.70K","-1.79%"
"05/10/2020","4.46","4.46","4.61","4.44","65.29K","-2.62%"
"05/07/2020","4.58","4.72","4.73","4.44","83.59K","-2.97%"
"05/06/2020","4.72","4.72","4.78","4.54","80.62K","3.74%"
"05/05/2020","4.55","4.64","4.72","4.50","247.09K","-0.22%"
"05/04/2020","4.56","4.65","4.79","4.35","168.51K","-3.39%"
"05/03/2020","4.72","4.88","4.88","4.52","130.30K","-3.87%"
"04/30/2020","4.91","4.88","5.02","4.70","134.69K","3.37%"
"04/29/2020","4.75","4.88","4.89","4.65","126.68K","-1.25%"
"04/28/2020","4.81","4.67","4.89","4.67","148.53K","6.42%"
"04/27/2020","4.52","4.68","4.70","4.42","137.06K","0.22%"
"04/26/2020","4.51","4.47","4.65","4.42","311.56K","1.12%"
"04/23/2020","4.46","4.42","4.57","4.33","293.33K","3.48%"
"04/22/2020","4.31","4.28","4.41","4.27","19.64K","-1.60%"
"04/21/2020","4.38","4.30","4.46","4.28","20.20K","0.23%"
"04/16/2020","4.37","4.41","4.46","4.33","76.32K","0.46%"
"04/15/2020","4.35","4.25","4.42","4.20","84.48K","-0.46%"
"04/14/2020","4.37","4.28","4.42","4.22","13.33K","-0.68%"
"04/13/2020","4.40","4.47","4.47","4.39","10.30K","2.56%"
"04/12/2020","4.29","4.31","4.38","4.28","27.47K","0.94%"
"04/09/2020","4.25","4.39","4.41","4.18","90.89K","-1.85%"
"04/08/2020","4.33","4.28","4.50","4.21","57.78K","-0.92%"
"04/07/2020","4.37","4.22","4.49","4.21","50.81K","3.80%"
"04/06/2020","4.21","4.25","4.26","4.17","78.30K","-4.54%"
"04/05/2020","4.41","4.51","4.61","4.20","147.00K","-1.78%"
"04/02/2020","4.49","4.21","4.49","4.20","537.45K","9.78%"
"04/01/2020","4.09","3.78","4.22","3.75","96.04K","6.51%"
"03/31/2020","3.84","3.62","3.98","3.60","70.29K","5.79%"
"03/30/2020","3.63","3.83","3.92","3.50","40.02K","0.55%"
"03/29/2020","3.61","3.38","3.74","3.22","87.71K","6.18%"
"03/26/2020","3.40","3.34","3.52","3.30","47.88K","5.26%"
"03/25/2020","3.23","3.11","3.34","3.11","55.43K","3.86%"
"03/24/2020","3.11","3.02","3.22","3.01","88.42K","-0.64%"
"03/23/2020","3.13","3.08","3.22","3.00","191.84K","5.74%"
"03/22/2020","2.96","2.71","3.18","2.71","32.07K","2.07%"
"03/19/2020","2.90","2.71","3.31","2.71","158.76K","-3.65%"
"03/18/2020","3.01","3.08","3.46","3.00","88.11K","-9.61%"
"03/17/2020","3.33","3.57","3.57","3.29","61.80K","-8.77%"
"03/16/2020","3.65","3.67","3.75","3.65","30.52K","-9.65%"
"03/15/2020","4.04","4.20","4.20","3.98","15.85K","-8.39%"
"03/11/2020","4.41","4.20","4.71","4.20","30.94K","-0.23%"
"03/10/2020","4.42","4.46","4.50","4.28","20.96K","-1.56%"
"03/09/2020","4.49","4.58","4.58","4.44","94.61K","-8.92%"
"03/08/2020","4.93","5.03","5.21","4.75","25.99K","0.00%"
"03/05/2020","4.93","5.24","5.25","4.98","5.57K","0.00%"
"03/04/2020","4.93","5.00","5.24","4.76","10.43K","-1.40%"
"03/03/2020","5.00","5.24","5.25","4.80","9.14K","0.00%"
"03/02/2020","5.00","5.06","5.10","4.88","6.99K","-0.40%"
"03/01/2020","5.02","5.31","5.33","4.91","6.21K","-7.38%"
"02/27/2020","5.42","5.44","5.66","5.33","11.07K","-1.81%"
"02/26/2020","5.52","5.54","5.59","5.36","6.96K","2.22%"
"02/25/2020","5.40","5.29","5.58","5.29","10.82K","-1.10%"
"02/24/2020","5.46","5.70","5.70","5.31","42.27K","-4.88%"
"02/23/2020","5.74","5.75","5.76","5.75","3.71K","0.00%"
"02/20/2020","5.74","5.70","5.83","5.68","22.11K","-0.17%"
"02/19/2020","5.75","5.70","5.83","5.70","11.01K","-1.20%"
"02/18/2020","5.82","5.75","5.85","5.70","8.81K","-1.02%"
"02/17/2020","5.88","5.83","6.00","5.83","41.03K","1.55%"
"02/16/2020","5.79","5.89","5.92","5.71","45.67K","-3.50%"
"02/13/2020","6.00","5.93","6.11","5.92","81.12K","0.33%"
"02/12/2020","5.98","6.15","6.15","5.92","32.24K","0.34%"
"02/11/2020","5.96","5.99","6.10","5.89","36.84K","-1.81%"
"02/10/2020","6.07","6.12","6.12","5.94","45.88K","-0.16%"
"02/09/2020","6.08","6.08","6.22","5.96","172.77K","2.53%"
"02/06/2020","5.93","5.92","5.96","5.89","34.41K","0.17%"
"02/05/2020","5.92","5.92","6.00","5.80","104.93K","-1.50%"
"02/04/2020","6.01","6.00","6.14","5.88","150.02K","-1.15%"
"02/03/2020","6.08","6.11","6.14","5.99","34.19K","0.66%"
"02/02/2020","6.04","6.01","6.29","5.86","104.38K","-1.15%"
"01/30/2020","6.11","6.00","6.22","5.99","225.63K","2.86%"
"01/29/2020","5.94","5.78","6.00","5.78","106.82K","4.03%"
"01/28/2020","5.71","5.59","5.66","5.59","3.65K","0.00%"
"01/27/2020","5.71","5.57","5.78","5.57","25.49K","-1.21%"
"01/26/2020","5.78","5.78","5.78","5.78","17.33K","-0.52%"
"01/23/2020","5.81","5.64","5.86","5.64","57.39K","2.29%"
"01/22/2020","5.68","5.66","5.74","5.62","28.41K","-0.35%"
"01/21/2020","5.70","5.63","5.83","5.57","4.62K","0.00%"
"01/20/2020","5.70","5.74","5.78","5.64","31.17K","-2.40%"
"01/19/2020","5.84","5.86","5.86","5.81","5.47K","-2.18%"
"01/16/2020","5.97","5.70","6.05","5.70","121.47K","2.23%"
"01/15/2020","5.84","5.70","5.96","5.67","33.07K","-0.85%"
"01/14/2020","5.89","5.92","6.08","5.71","175.16K","0.68%"
"01/13/2020","5.85","5.54","5.91","5.54","79.54K","2.45%"
"01/12/2020","5.71","5.58","5.77","5.54","63.75K","0.53%"
"01/09/2020","5.68","5.58","5.76","5.49","68.77K","3.09%"
"01/08/2020","5.51","5.47","5.58","5.36","12.69K","3.96%"
"01/06/2020","5.30","5.33","5.44","5.25","13.73K","-2.75%"
"01/05/2020","5.45","5.57","5.57","5.17","50.88K","-4.22%"
"01/02/2020","5.69","5.62","5.84","5.57","33.09K","2.15%"
"12/31/2019","5.57","5.51","5.92","5.37","81.06K","1.46%"
"12/30/2019","5.49","5.47","5.51","5.41","20.23K","-1.08%"
"12/29/2019","5.55","5.50","5.66","5.44","88.49K","3.35%"
"12/26/2019","5.37","5.40","5.47","5.33","25.20K","-0.74%"
"12/25/2019","5.41","5.44","5.44","5.38","4.78K","0.00%"
"12/24/2019","5.41","5.44","5.51","5.35","14.80K","-0.73%"
"12/23/2019","5.45","5.50","5.50","5.42","5.93K","-0.91%"
"12/22/2019","5.50","5.47","5.53","5.47","13.31K","0.92%"
"12/19/2019","5.45","5.50","5.55","5.38","12.27K","-2.15%"
"12/18/2019","5.57","5.55","5.61","5.47","23.82K","1.64%"
"12/17/2019","5.48","5.47","5.54","5.45","6.70K","0.18%"
"12/16/2019","5.47","5.44","5.55","5.40","20.57K","0.92%"
"12/15/2019","5.42","5.42","5.44","5.38","20.70K","0.00%"
"12/12/2019","5.42","5.44","5.47","5.36","9.00K","-1.28%"
"12/11/2019","5.49","5.44","5.55","5.44","7.20K","-2.14%"
"12/10/2019","5.61","5.61","5.62","5.49","31.19K","3.31%"
"12/09/2019","5.43","5.59","5.59","5.38","14.95K","-1.63%"
"12/08/2019","5.52","5.48","5.62","5.47","32.89K","-0.90%"
"12/05/2019","5.57","5.62","5.68","5.50","21.73K","-2.28%"
"12/04/2019","5.70","5.62","5.75","5.62","46.74K","3.26%"
"12/03/2019","5.52","5.47","5.60","5.40","12.25K","0.55%"
"12/02/2019","5.49","5.60","5.60","5.38","24.17K","-2.49%"
"12/01/2019","5.63","5.78","5.78","5.59","20.99K","-2.09%"
"11/28/2019","5.75","5.66","5.81","5.61","47.47K","4.74%"
"11/27/2019","5.49","5.51","5.66","5.48","16.13K","-0.90%"
"11/26/2019","5.54","5.61","5.67","5.49","37.40K","-2.81%"
"11/25/2019","5.70","5.81","5.97","5.61","22.30K","1.42%"
"11/24/2019","5.62","5.62","5.70","5.59","11.61K","-2.09%"
"11/21/2019","5.74","5.88","5.88","5.70","30.25K","0.17%"
"11/20/2019","5.73","5.81","5.92","5.68","37.60K","-1.21%"
"11/19/2019","5.80","5.83","5.92","5.66","5.97K","-1.53%"
"11/18/2019","5.89","5.86","6.00","5.78","70.32K","-0.51%"
"11/17/2019","5.92","6.04","6.04","5.85","32.52K","-1.33%"
"11/14/2019","6.00","6.05","6.11","5.93","60.16K","-0.66%"
"11/13/2019","6.04","6.11","6.11","6.00","19.94K","0.33%"
"11/12/2019","6.02","6.15","6.15","6.00","80.73K","-2.11%"
"11/11/2019","6.15","6.18","6.22","6.11","25.64K","-0.49%"
"11/07/2019","6.18","6.19","6.25","6.15","29.87K","-0.32%"
"11/06/2019","6.20","6.34","6.34","6.15","56.77K","-0.80%"
"11/05/2019","6.25","6.36","6.36","6.19","31.32K","-1.11%"
"11/04/2019","6.32","6.39","6.41","6.22","33.29K","-1.25%"
"11/03/2019","6.40","6.30","6.49","6.30","199.56K","2.24%"
"10/31/2019","6.26","6.20","6.30","6.20","103.58K","2.45%"
"10/30/2019","6.11","6.15","6.15","6.08","36.29K","-0.81%"
"10/29/2019","6.16","6.25","6.25","6.12","45.45K","-0.16%"
"10/28/2019","6.17","6.11","6.26","6.08","155.96K","1.65%"
"10/27/2019","6.07","6.09","6.18","6.00","69.69K","-0.49%"
"10/24/2019","6.10","6.04","6.15","6.01","22.24K","0.99%"
"10/23/2019","6.04","6.04","6.10","6.01","41.69K","-0.66%"
"10/22/2019","6.08","6.13","6.18","6.04","81.87K","-0.82%"
"10/21/2019","6.13","6.14","6.20","6.08","210.82K","-1.45%"
"10/20/2019","6.22","6.19","6.30","6.13","110.21K","0.00%"
"10/17/2019","6.22","6.29","6.30","6.11","157.58K","0.16%"
"10/16/2019","6.21","6.26","6.29","6.12","160.16K","0.65%"
"10/15/2019","6.17","6.22","6.22","6.10","66.21K","-0.32%"
"10/14/2019","6.19","6.22","6.34","6.07","108.54K","-1.59%"
"10/13/2019","6.29","6.37","6.42","6.22","80.75K","-1.56%"
"10/10/2019","6.39","6.34","6.50","6.25","564.99K","2.40%"
"10/09/2019","6.24","6.30","6.41","6.15","46.53K","-1.73%"
"10/08/2019","6.35","6.41","6.45","6.25","122.23K","-1.24%"
"10/07/2019","6.43","6.71","6.71","6.27","169.67K","-1.53%"
"10/03/2019","6.53","6.30","6.75","6.19","677.88K","2.35%"
"10/02/2019","6.38","6.62","6.62","6.22","493.06K","-3.92%"
"10/01/2019","6.64","6.67","6.83","6.45","840.69K","4.08%"
"09/30/2019","6.38","6.20","6.63","6.12","215.65K","1.59%"
"09/29/2019","6.28","6.53","6.53","6.01","114.84K","5.90%"
"09/26/2019","5.93","5.92","6.00","5.85","31.93K","3.13%"
"09/25/2019","5.75","5.62","5.94","5.43","8.72K","3.60%"
"09/24/2019","5.55","5.62","5.62","5.42","21.16K","-1.25%"
"09/23/2019","5.62","5.70","5.99","5.40","48.65K","-5.07%"
"09/22/2019","5.92","6.31","6.31","5.88","153.27K","-9.34%"
"09/19/2019","6.53","6.53","6.67","6.24","36.39K","4.98%"
"09/18/2019","6.22","6.29","6.49","6.01","12.13K","-1.58%"
"09/17/2019","6.32","6.49","6.50","6.07","44.78K","-3.51%"
"09/16/2019","6.55","6.53","6.60","6.46","28.67K","-0.46%"
"09/15/2019","6.58","6.88","6.89","6.55","40.87K","-4.91%"
"09/12/2019","6.92","6.76","7.07","6.75","247.05K","1.17%"
"09/11/2019","6.84","6.66","6.94","6.53","341.56K","2.40%"
"09/10/2019","6.68","6.67","6.75","6.57","34.73K","1.37%"
"09/09/2019","6.59","6.56","6.78","6.52","51.18K","-2.95%"
"09/08/2019","6.79","6.83","7.04","6.58","161.56K","0.89%"
"09/05/2019","6.73","6.50","6.90","6.50","299.03K","3.54%"
"09/04/2019","6.50","6.34","6.63","6.30","72.06K","1.09%"
"09/03/2019","6.43","6.41","6.66","6.25","72.51K","1.74%"
"09/02/2019","6.32","6.08","6.42","6.08","114.03K","2.10%"
"09/01/2019","6.19","6.22","6.29","6.08","103.72K","3.34%"
"08/29/2019","5.99","6.00","6.11","5.94","32.38K","1.01%"
"08/28/2019","5.93","6.00","6.00","5.86","23.97K","-0.34%"
"08/27/2019","5.95","5.97","5.97","5.87","16.87K","-0.34%"
"08/26/2019","5.97","5.96","6.00","5.96","42.23K","-1.81%"
"08/25/2019","6.08","6.15","6.15","6.00","59.93K","-1.62%"
"08/22/2019","6.18","6.19","6.30","6.09","22.06K","-0.32%"
"08/21/2019","6.20","6.22","6.38","6.09","87.14K","-1.74%"
"08/20/2019","6.31","6.38","6.38","6.20","21.81K","-0.79%"
"08/19/2019","6.36","6.29","6.50","6.24","21.29K","3.58%"
"08/18/2019","6.14","6.29","6.29","6.03","55.03K","1.15%"
"08/15/2019","6.07","6.17","6.17","6.01","9.62K","-2.88%"
"08/14/2019","6.25","6.15","6.30","6.08","32.26K","6.84%"
"08/08/2019","5.85","5.85","6.07","5.70","35.91K","-0.17%"
"08/07/2019","5.86","5.78","5.96","5.70","46.54K","2.45%"
"08/06/2019","5.72","5.62","5.84","5.62","19.09K","0.88%"
"08/05/2019","5.67","5.42","5.43","5.42","1.79K","0.00%"
"08/04/2019","5.67","5.74","5.83","5.47","42.69K","-0.53%"
"08/01/2019","5.70","5.70","5.70","5.62","65.37K","-0.35%"
"07/31/2019","5.72","5.70","5.92","5.67","26.56K","-2.72%"
"07/30/2019","5.88","5.81","5.98","5.81","12.44K","-2.65%"
"07/29/2019","6.04","5.85","6.00","5.85","3.41K","0.00%"
"07/28/2019","6.04","6.05","6.08","6.00","19.18K","-2.27%"
"07/25/2019","6.18","6.30","6.30","6.04","8.33K","-0.96%"
"07/24/2019","6.24","6.22","6.34","6.15","75.07K","0.65%"
"07/22/2019","6.20","6.13","6.30","6.05","63.25K","3.16%"
"07/21/2019","6.01","6.00","6.08","6.00","18.05K","1.52%"
"07/18/2019","5.92","5.87","6.00","5.74","3.41K","0.00%"
"07/17/2019","5.92","5.86","6.02","5.85","39.64K","-0.84%"
"07/16/2019","5.97","5.97","6.08","5.86","45.57K","0.84%"
"07/15/2019","5.92","5.89","5.94","5.89","12.47K","0.00%"
"07/14/2019","5.92","5.70","5.74","5.62","4.42K","0.00%"
"07/11/2019","5.92","5.85","6.08","5.81","47.15K","0.51%"
"07/10/2019","5.89","6.04","6.04","5.85","40.28K","-5.31%"
"07/09/2019","6.22","6.24","6.27","6.15","17.99K","-1.58%"
"07/08/2019","6.32","6.09","6.48","6.03","19.56K","2.43%"
"07/07/2019","6.17","6.15","6.22","6.09","5.47K","0.00%"
"07/04/2019","6.17","6.19","6.22","6.14","35.87K","-2.37%"
"07/03/2019","6.32","6.16","6.38","6.15","28.85K","0.96%"
"07/02/2019","6.26","6.38","6.38","6.15","9.97K","-1.57%"
"06/27/2019","6.36","6.45","6.45","6.26","18.40K","-1.09%"
"06/26/2019","6.43","6.38","6.74","6.38","16.69K","-5.72%"
"06/25/2019","6.82","6.56","6.65","6.38","4.54K","0.00%"
"06/24/2019","6.82","6.97","7.00","6.75","69.96K","-3.40%"
"06/23/2019","7.06","7.12","7.12","6.92","17.54K","0.00%"
"06/20/2019","7.06","7.11","7.33","6.97","44.49K","-2.62%"
"06/19/2019","7.25","7.22","7.31","7.17","44.77K","-1.76%"
"06/18/2019","7.38","6.92","7.57","6.87","198.87K","3.07%"
"06/17/2019","7.16","7.20","7.35","6.91","52.40K","-0.28%"
"06/16/2019","7.18","7.16","7.42","7.14","10.35K","-1.37%"
"06/13/2019","7.28","7.34","7.42","7.21","13.24K","0.28%"
"06/12/2019","7.26","7.35","7.35","7.20","24.61K","-2.02%"
"06/11/2019","7.41","7.42","7.51","7.28","17.18K","0.95%"
"06/10/2019","7.34","7.57","7.57","7.38","3.35K","0.00%"
"06/09/2019","7.34","7.20","7.58","7.20","1.60K","0.00%"
"06/03/2019","7.34","7.09","7.58","7.09","46.48K","2.37%"
"06/02/2019","7.17","7.09","7.31","7.09","8.80K","-0.14%"
"05/30/2019","7.18","7.31","7.42","7.12","22.40K","-1.24%"
"05/29/2019","7.27","7.49","7.49","7.25","9.25K","-3.07%"
"05/28/2019","7.50","7.15","7.51","7.15","9.50K","-0.40%"
"05/27/2019","7.53","7.63","7.65","7.49","5.53K","0.13%"
"05/26/2019","7.52","7.13","7.83","7.13","6.07K","-0.27%"
"05/23/2019","7.54","7.49","7.55","7.49","48.58K","9.75%"
"05/22/2019","6.87","6.90","7.28","6.90","1.72K","0.00%"
"05/21/2019","6.87","6.91","7.49","6.75","24.88K","-2.83%"
"05/20/2019","7.07","7.17","7.49","6.86","6.77K","-5.61%"
"05/19/2019","7.49","7.28","7.28","7.21","3.75K","0.00%"
"05/16/2019","7.49","7.50","7.51","7.28","22.62K","-1.83%"
"05/15/2019","7.63","8.14","8.14","7.50","14.95K","-3.30%"
"05/14/2019","7.89","7.88","8.20","7.88","4.46K","-4.71%"
"05/13/2019","8.28","7.91","8.39","7.91","6.37K","-2.24%"
"05/12/2019","8.47","8.47","8.51","7.89","7.32K","7.22%"
"05/09/2019","7.90","7.61","7.72","7.61","2.02K","0.00%"
"05/08/2019","7.90","8.21","8.21","7.61","25.22K","-5.73%"
"05/07/2019","8.38","8.47","8.47","8.34","5.33K","-3.01%"
"05/06/2019","8.64","8.85","8.85","8.49","8.32K","-3.03%"
"05/05/2019","8.91","8.95","9.00","8.85","10.90K","-1.00%"
"05/02/2019","9.00","9.00","9.00","9.00","14.73K","-0.22%"
"04/30/2019","9.02","9.01","9.05","8.99","10.01K","0.56%"
"04/24/2019","8.97","8.89","9.07","8.89","5.44K","-0.11%"
"04/23/2019","8.98","9.00","9.15","8.89","14.61K","-2.71%"
"04/22/2019","9.23","9.22","9.37","9.16","20.72K","1.10%"
"04/21/2019","9.13","9.01","9.22","9.01","14.32K","0.11%"
"04/18/2019","9.12","9.16","9.16","9.04","27.53K","-0.44%"
"04/17/2019","9.16","9.23","9.30","9.10","37.23K","-2.55%"
"04/16/2019","9.40","9.49","9.49","9.36","31.15K","-0.11%"
"04/15/2019","9.41","9.38","9.66","9.34","15.86K","-1.36%"
"04/14/2019","9.54","9.44","9.44","9.44","0.67K","0.00%"
"04/11/2019","9.54","9.31","9.76","9.30","99.65K","1.92%"
"04/10/2019","9.36","9.30","9.52","9.30","30.93K","0.11%"
"04/09/2019","9.35","9.44","9.45","9.30","44.06K","-3.01%"
"04/08/2019","9.64","9.82","9.82","9.17","68.27K","-1.73%"
"04/07/2019","9.81","9.82","10.12","9.68","31.09K","-2.29%"
"04/04/2019","10.04","10.02","10.16","9.95","17.02K","-1.47%"
"04/03/2019","10.19","10.28","10.42","10.02","21.76K","-0.59%"
"04/02/2019","10.25","10.24","10.28","10.24","7.40K","-0.39%"
"04/01/2019","10.29","10.28","10.41","10.20","13.08K","-1.15%"
"03/31/2019","10.41","10.31","10.49","10.29","20.64K","0.68%"
"03/28/2019","10.34","10.28","10.48","10.13","11.79K","-0.58%"
"03/27/2019","10.40","10.36","10.50","10.28","28.17K","0.19%"
"03/26/2019","10.38","10.50","10.57","10.28","23.85K","-1.33%"
"03/25/2019","10.52","10.55","10.58","10.37","42.81K","-0.94%"
"03/24/2019","10.62","10.73","10.79","10.50","114.48K","-1.39%"
"03/21/2019","10.77","10.79","10.81","10.72","31.32K","0.19%"
"03/20/2019","10.75","10.90","10.90","10.66","26.85K","0.19%"
"03/19/2019","10.73","10.99","10.99","10.51","60.73K","-3.25%"
"03/18/2019","11.09","11.21","11.25","10.96","38.41K","-0.45%"
"03/17/2019","11.14","11.20","11.21","11.02","13.69K","0.00%"
"03/14/2019","11.14","11.21","11.40","11.03","101.59K","0.18%"
"03/13/2019","11.12","11.43","11.43","11.04","32.83K","-1.51%"
"03/12/2019","11.29","11.50","11.50","11.19","41.62K","-0.27%"
"03/11/2019","11.32","11.34","11.59","11.25","61.41K","-2.08%"
"03/10/2019","11.56","11.80","11.81","11.40","46.22K","0.43%"
"03/07/2019","11.51","11.21","11.78","11.18","187.44K","4.16%"
"03/06/2019","11.05","11.40","11.40","10.88","121.13K","0.18%"
"03/05/2019","11.03","11.05","11.17","10.97","76.56K","-1.16%"
"03/04/2019","11.16","11.43","11.43","11.03","54.37K","-1.50%"
"03/03/2019","11.33","11.25","11.54","11.12","166.60K","-0.70%"
"02/28/2019","11.41","11.84","11.89","11.12","235.39K","-2.06%"
"02/27/2019","11.65","10.93","11.98","10.93","354.04K","6.30%"
"02/26/2019","10.96","11.16","11.17","10.88","57.45K","0.18%"
"02/25/2019","10.94","10.80","11.09","10.80","43.24K","0.27%"
"02/24/2019","10.91","11.15","11.15","10.75","70.57K","-3.02%"
"02/21/2019","11.25","11.29","11.29","11.15","24.18K","-1.14%"
"02/20/2019","11.38","11.54","11.62","11.13","142.26K","-0.87%"
"02/19/2019","11.48","11.53","11.55","11.35","52.23K","0.09%"
"02/18/2019","11.47","11.82","11.84","11.25","201.46K","-2.22%"
"02/17/2019","11.73","11.69","11.97","11.59","135.86K","1.38%"
"02/14/2019","11.57","11.29","11.85","11.26","402.67K","3.49%"
"02/13/2019","11.18","11.06","11.38","10.88","330.37K","2.38%"
"02/12/2019","10.92","10.82","11.08","10.76","254.65K","2.06%"
"02/11/2019","10.70","10.98","10.98","10.62","135.13K","-1.83%"
"02/10/2019","10.90","10.87","11.09","10.74","100.04K","0.83%"
"02/07/2019","10.81","10.58","10.88","10.58","79.55K","1.31%"
"02/06/2019","10.67","10.62","10.83","10.61","48.82K","-1.30%"
"02/05/2019","10.81","10.84","10.86","10.65","28.31K","1.69%"
"02/04/2019","10.63","10.65","10.72","10.54","46.76K","0.19%"
"02/03/2019","10.61","10.58","10.72","10.57","79.18K","-1.21%"
"01/31/2019","10.74","10.69","10.93","10.60","58.65K","0.19%"
"01/30/2019","10.72","10.52","10.94","10.50","74.10K","2.00%"
"01/29/2019","10.51","10.61","10.61","10.47","73.13K","-1.78%"
"01/28/2019","10.70","10.46","10.85","10.46","45.61K","1.42%"
"01/27/2019","10.55","10.57","10.72","10.46","37.56K","-1.22%"
"01/23/2019","10.68","10.72","10.76","10.52","30.20K","0.28%"
"01/22/2019","10.65","10.50","10.81","10.50","73.51K","-0.09%"
"01/21/2019","10.66","11.19","11.32","10.46","141.47K","-4.57%"
"01/20/2019","11.17","10.95","11.25","10.94","60.75K","1.27%"
"01/17/2019","11.03","10.93","11.25","10.70","243.46K","1.85%"
"01/16/2019","10.83","10.58","10.95","10.57","144.13K","2.36%"
"01/15/2019","10.58","10.43","10.72","10.43","39.89K","1.44%"
"01/14/2019","10.43","10.41","10.44","10.41","7.14K","-1.88%"
"01/13/2019","10.63","10.79","10.87","10.44","38.34K","0.19%"
"01/10/2019","10.61","10.35","10.82","10.35","46.61K","1.73%"
"01/09/2019","10.43","10.43","10.64","10.25","14.23K","-0.76%"
"01/08/2019","10.51","10.69","10.69","10.43","13.07K","-0.85%"
"01/06/2019","10.60","10.35","10.80","10.31","15.79K","2.91%"
"01/03/2019","10.30","10.22","10.32","10.22","22.57K","-1.06%"
"01/02/2019","10.41","10.41","10.43","10.30","4.77K","1.96%"
"12/31/2018","10.21","10.28","10.28","10.16","10.63K","-1.26%"
"12/30/2018","10.34","10.30","10.48","10.28","16.99K","0.39%"
"12/27/2018","10.30","10.30","10.31","10.26","16.76K","-0.68%"
"12/26/2018","10.37","10.40","10.48","10.28","38.05K","1.67%"
"12/25/2018","10.20","10.09","10.31","10.02","24.23K","0.39%"
"12/24/2018","10.16","10.15","10.34","10.04","11.43K","-1.26%"
"12/23/2018","10.29","10.50","10.50","10.12","6.77K","-2.09%"
"12/20/2018","10.51","10.39","10.63","10.28","11.56K","0.57%"
"12/19/2018","10.45","10.50","10.63","10.35","15.94K","-1.32%"
"12/18/2018","10.59","10.61","10.91","10.52","11.25K","-0.19%"
"12/17/2018","10.61","10.54","10.78","10.54","6.55K","0.38%"
"12/16/2018","10.57","10.54","10.84","10.50","34.34K","-3.03%"
"12/13/2018","10.90","10.88","11.16","10.69","78.83K","-1.18%"
"12/12/2018","11.03","10.88","11.32","10.70","240.87K","6.16%"
"12/11/2018","10.39","10.35","10.50","10.13","34.44K","1.07%"
"12/10/2018","10.28","10.16","10.41","10.09","21.52K","3.94%"
"12/09/2018","9.89","10.01","10.04","9.77","6.74K","-0.20%"
"12/06/2018","9.91","10.12","10.12","9.75","38.91K","-2.27%"
"12/05/2018","10.14","10.21","10.35","10.00","45.25K","-4.43%"
"12/04/2018","10.61","10.88","10.88","10.25","68.95K","-3.55%"
"12/03/2018","11.00","11.03","11.45","10.61","99.47K","-1.35%"
"12/02/2018","11.15","11.29","11.36","10.88","140.89K","-1.50%"
"11/29/2018","11.32","10.90","11.55","10.88","297.46K","4.33%"
"11/28/2018","10.85","10.94","11.16","10.57","98.36K","1.88%"
"11/27/2018","10.65","10.12","10.88","10.05","112.27K","5.55%"
"11/26/2018","10.09","10.09","10.30","9.95","6.13K","0.30%"
"11/25/2018","10.06","10.37","10.39","9.91","16.07K","-1.76%"
"11/22/2018","10.24","10.39","10.42","10.06","26.76K","-0.68%"
"11/21/2018","10.31","10.28","10.39","10.16","26.58K","-1.15%"
"11/19/2018","10.43","10.21","10.50","10.21","32.49K","0.00%"
"11/18/2018","10.43","10.04","10.63","10.04","23.08K","2.25%"
"11/15/2018","10.20","10.21","10.39","10.06","13.98K","-0.49%"
"11/14/2018","10.25","10.21","10.32","10.01","14.99K","-0.68%"
"11/13/2018","10.32","10.36","10.50","10.20","17.76K","-1.53%"
"11/12/2018","10.48","10.43","10.52","10.39","33.73K","-0.29%"
"11/11/2018","10.51","10.51","10.65","10.31","31.94K","-0.85%"
"11/08/2018","10.60","10.67","10.78","10.46","44.60K","-0.28%"
"11/07/2018","10.63","10.65","10.86","10.46","143.93K","3.20%"
"11/06/2018","10.30","10.01","10.76","10.01","125.04K","3.31%"
"11/05/2018","9.97","9.90","10.06","9.86","30.15K","-0.70%"
"11/04/2018","10.04","10.20","10.20","9.88","7.90K","-0.59%"
"11/01/2018","10.10","10.05","10.33","9.97","68.95K","0.90%"
"10/31/2018","10.01","10.06","10.19","9.82","148.39K","1.52%"
"10/30/2018","9.86","9.74","10.12","9.74","243.22K","1.44%"
"10/29/2018","9.72","9.74","9.97","9.53","120.65K","2.53%"
"10/28/2018","9.48","9.73","9.74","9.59","2.84K","0.00%"
"10/25/2018","9.48","9.59","9.59","9.29","8.50K","-2.97%"
"10/24/2018","9.77","10.03","10.15","9.60","74.90K","-4.31%"
"10/23/2018","10.21","10.69","10.79","9.97","67.72K","-3.68%"
"10/22/2018","10.60","10.51","10.76","10.43","2.17K","0.00%"
"10/21/2018","10.60","10.50","10.91","10.49","14.60K","2.32%"
"10/18/2018","10.36","10.43","10.50","10.22","14.28K","-2.54%"
"10/17/2018","10.63","10.22","10.80","10.22","16.55K","1.43%"
"10/16/2018","10.48","10.03","10.58","10.03","12.95K","2.64%"
"10/15/2018","10.21","9.99","10.42","9.99","19.67K","2.41%"
"10/14/2018","9.97","9.96","10.12","9.94","24.38K","0.00%"
"10/11/2018","9.97","10.12","10.12","9.56","5.47K","-4.96%"
"10/10/2018","10.49","10.24","10.50","10.24","4.09K","0.10%"
"10/09/2018","10.48","10.28","10.69","10.21","8.55K","-0.10%"
"10/08/2018","10.49","10.76","10.76","10.20","22.56K","-4.38%"
"10/04/2018","10.97","11.03","11.03","10.85","8.97K","-3.09%"
"10/03/2018","11.32","11.42","11.42","11.18","1.47K","0.00%"
"10/02/2018","11.32","11.09","11.44","10.88","16.01K","5.20%"
"10/01/2018","10.76","10.69","11.08","10.69","8.66K","0.84%"
"09/30/2018","10.67","10.88","11.24","10.52","7.31K","-4.48%"
"09/27/2018","11.17","11.13","11.45","11.10","6.80K","-0.98%"
"09/26/2018","11.28","11.74","11.74","11.10","3.53K","0.71%"
"09/25/2018","11.20","10.63","11.26","10.63","28.34K","2.47%"
"09/24/2018","10.93","10.88","11.21","10.88","3.60K","-2.76%"
"09/23/2018","11.24","11.25","11.26","10.88","7.70K","1.08%"
"09/20/2018","11.12","11.25","11.35","10.50","48.00K","-1.94%"
"09/19/2018","11.34","11.78","11.78","10.96","30.70K","-6.74%"
"09/18/2018","12.16","12.63","12.74","11.62","22.85K","-1.06%"
"09/17/2018","12.29","12.26","12.67","11.92","10.77K","-3.38%"
"09/16/2018","12.72","12.90","12.94","12.25","49.44K","-2.97%"
"09/13/2018","13.11","13.28","13.28","12.90","12.84K","0.92%"
"09/12/2018","12.99","13.07","13.45","12.88","14.29K","-3.49%"
"09/10/2018","13.46","13.54","13.57","13.28","12.89K","0.22%"
"09/09/2018","13.43","13.12","13.79","13.12","28.10K","2.13%"
"09/06/2018","13.15","12.83","13.41","12.83","27.09K","1.94%"
"09/05/2018","12.90","12.85","13.14","12.80","7.09K","-0.46%"
"09/04/2018","12.96","12.79","13.16","12.75","6.45K","0.00%"
"09/03/2018","12.96","12.88","13.28","12.82","13.88K","-0.84%"
"09/02/2018","13.07","13.33","13.33","12.90","8.34K","-0.15%"
"08/30/2018","13.09","13.01","13.20","12.94","11.67K","0.46%"
"08/29/2018","13.03","13.15","13.16","12.92","20.87K","1.01%"
"08/28/2018","12.90","12.69","13.28","12.68","15.83K","0.55%"
"08/27/2018","12.83","12.80","13.05","12.68","8.81K","-0.31%"
"08/26/2018","12.87","12.91","13.05","12.82","10.79K","-0.62%"
"08/19/2018","12.95","12.82","13.11","12.82","2.56K","0.23%"
"08/16/2018","12.92","13.05","13.12","12.79","31.76K","0.16%"
"08/15/2018","12.90","12.83","13.05","12.75","29.39K","-0.62%"
"08/14/2018","12.98","13.20","13.35","12.78","20.16K","-2.48%"
"08/13/2018","13.31","13.62","13.62","13.10","16.16K","-2.28%"
"08/12/2018","13.62","13.74","14.18","13.51","8.94K","-3.68%"
"08/09/2018","14.14","14.06","14.23","13.95","13.59K","1.65%"
"08/08/2018","13.91","13.80","14.10","13.76","41.29K","1.38%"
"08/07/2018","13.72","13.88","14.17","13.61","14.63K","0.81%"
"08/06/2018","13.61","13.64","13.87","13.50","4.63K","-2.58%"
"08/05/2018","13.97","14.10","14.21","13.74","23.33K","-1.34%"
"08/02/2018","14.16","13.88","14.46","13.88","16.31K","0.28%"
"08/01/2018","14.12","13.34","14.32","13.20","61.92K","6.33%"
"07/31/2018","13.28","13.12","13.40","13.12","27.08K","2.55%"
"07/30/2018","12.95","12.79","13.28","12.79","2.98K","-0.69%"
"07/29/2018","13.04","13.44","13.44","13.01","16.16K","-1.58%"
"07/26/2018","13.25","13.42","13.49","12.77","13.84K","-1.19%"
"07/25/2018","13.41","13.65","13.80","13.17","13.09K","-1.61%"
"07/24/2018","13.63","13.54","14.03","13.54","18.57K","-1.16%"
"07/22/2018","13.79","14.02","14.25","13.69","9.40K","0.07%"
"07/19/2018","13.78","13.88","13.88","13.53","1.74K","0.00%"
"07/18/2018","13.78","13.88","14.02","13.66","13.70K","-0.07%"
"07/17/2018","13.79","13.63","14.15","13.63","25.28K","-0.07%"
"07/16/2018","13.80","13.72","14.05","13.72","20.66K","0.07%"
"07/15/2018","13.79","13.77","13.88","13.72","5.63K","-0.36%"
"07/12/2018","13.84","14.12","14.25","13.58","28.54K","-3.62%"
"07/11/2018","14.36","14.29","14.87","14.25","15.35K","0.63%"
"07/10/2018","14.27","14.70","14.73","14.25","21.38K","-1.86%"
"07/09/2018","14.54","13.92","14.73","13.88","9.47K","-1.36%"
"07/08/2018","14.74","15.05","15.21","13.97","36.89K","-3.03%"
"07/05/2018","15.20","15.16","15.43","15.12","14.01K","-1.17%"
"07/04/2018","15.38","15.64","15.64","15.22","26.36K","-1.98%"
"07/03/2018","15.69","15.77","15.94","15.60","18.89K","-1.63%"
"07/02/2018","15.95","15.89","16.11","15.75","45.07K","2.11%"
"06/28/2018","15.62","15.00","16.02","15.00","84.35K","3.24%"
"06/27/2018","15.13","14.25","15.55","14.25","66.06K","2.93%"
"06/26/2018","14.70","14.99","14.99","14.41","19.64K","-2.13%"
"06/25/2018","15.02","15.27","15.41","14.69","44.59K","0.54%"
"06/24/2018","14.94","14.81","15.16","14.62","75.57K","2.47%"
"06/21/2018","14.58","14.72","14.72","14.55","17.25K","-1.22%"
"06/20/2018","14.76","14.31","15.00","14.29","12.00K","2.43%"
"06/19/2018","14.41","14.37","14.81","14.06","24.32K","-0.07%"
"06/14/2018","14.42","14.50","14.67","14.37","17.50K","-0.69%"
"06/13/2018","14.52","14.77","14.94","14.37","14.20K","-1.83%"
"06/12/2018","14.79","13.74","14.95","13.74","58.04K","8.83%"
"06/11/2018","13.59","13.72","14.04","13.38","18.73K","-1.24%"
"06/10/2018","13.76","14.19","14.19","13.41","14.01K","-1.85%"
"06/07/2018","14.02","14.09","14.31","13.76","11.31K","-0.43%"
"06/06/2018","14.08","14.69","14.69","13.72","41.21K","-5.06%"
"06/05/2018","14.83","15.04","15.04","14.58","41.94K","-4.01%"
"06/04/2018","15.45","15.62","15.62","15.04","17.92K","-0.52%"
"06/03/2018","15.53","15.62","15.72","15.44","7.36K","0.91%"
"05/31/2018","15.39","15.62","15.63","15.11","25.79K","-2.41%"
"05/30/2018","15.77","15.92","16.03","15.50","36.40K","0.96%"
"05/29/2018","15.62","15.63","15.81","15.56","21.75K","0.19%"
"05/28/2018","15.59","15.62","15.81","15.46","8.83K","-0.45%"
"05/27/2018","15.66","15.69","16.06","15.56","25.80K","-0.63%"
"05/24/2018","15.76","15.94","16.12","15.66","14.21K","-0.25%"
"05/23/2018","15.80","15.63","15.94","15.57","18.48K","1.35%"
"05/22/2018","15.59","15.57","15.94","15.52","59.19K","0.13%"
"05/21/2018","15.57","15.75","15.75","15.47","11.04K","0.78%"
"05/20/2018","15.45","15.50","15.62","15.26","24.66K","-0.45%"
"05/17/2018","15.52","15.62","15.62","15.37","5.38K","-0.19%"
"05/16/2018","15.55","15.26","15.62","15.26","19.66K","1.44%"
"05/15/2018","15.33","15.41","15.56","15.16","18.10K","-1.10%"
"05/14/2018","15.50","15.87","15.87","15.31","21.84K","-1.02%"
"05/13/2018","15.66","15.69","15.76","15.51","16.96K","-0.82%"
"05/10/2018","15.79","15.80","16.17","15.66","47.49K","-1.44%"
"05/09/2018","16.02","16.26","16.56","15.82","24.84K","-2.26%"
"05/08/2018","16.39","16.07","16.85","16.07","45.90K","1.99%"
"05/07/2018","16.07","16.25","16.25","15.94","24.98K","-1.23%"
"05/06/2018","16.27","16.51","16.69","16.06","41.57K","-1.63%"
"05/03/2018","16.54","16.72","16.75","16.38","26.04K","-2.19%"
"05/02/2018","16.91","17.07","17.09","16.75","35.79K","-1.23%"
"04/30/2018","17.12","17.19","17.44","17.07","30.46K","-2.06%"
"04/29/2018","17.48","17.48","17.51","17.19","34.30K","0.81%"
"04/26/2018","17.34","17.20","17.50","17.19","21.15K","0.64%"
"04/24/2018","17.23","17.74","17.74","17.13","16.35K","-1.88%"
"04/23/2018","17.56","17.25","17.80","17.06","78.34K","2.75%"
"04/22/2018","17.09","17.12","17.19","16.98","63.23K","-0.29%"
"04/19/2018","17.14","17.29","17.44","16.87","49.77K","-1.95%"
"04/18/2018","17.48","17.51","17.69","17.41","33.72K","-0.11%"
"04/17/2018","17.50","17.50","17.69","17.37","18.90K","0.06%"
"04/16/2018","17.49","17.54","17.77","17.19","38.21K","-1.07%"
"04/15/2018","17.68","17.82","18.12","17.51","54.65K","-2.27%"
"04/12/2018","18.09","18.14","18.14","18.02","21.26K","-0.82%"
"04/11/2018","18.24","18.44","18.62","18.12","52.29K","-0.92%"
"04/10/2018","18.41","18.27","18.68","18.27","13.50K","-0.22%"
"04/05/2018","18.45","18.28","18.68","18.28","17.25K","-1.70%"
"04/04/2018","18.77","18.61","19.17","18.19","97.64K","0.86%"
"04/03/2018","18.61","18.19","18.76","18.12","123.48K","1.86%"
"04/02/2018","18.27","18.16","18.41","18.15","27.81K","0.27%"
"04/01/2018","18.22","18.42","18.42","18.16","21.24K","-0.44%"
"03/29/2018","18.30","18.12","18.59","18.12","113.28K","1.10%"
"03/28/2018","18.10","18.12","18.71","17.97","60.15K","0.00%"
"03/27/2018","18.10","18.24","18.42","17.98","61.27K","-0.77%"
"03/26/2018","18.24","18.74","18.74","18.06","80.85K","-1.83%"
"03/25/2018","18.58","18.75","18.75","18.51","8.85K","-1.01%"
"03/22/2018","18.77","18.87","19.06","18.62","78.19K","-0.95%"
"03/21/2018","18.95","19.28","19.28","18.76","115.41K","-0.73%"
"03/20/2018","19.09","18.98","19.31","18.98","22.66K","-0.62%"
"03/19/2018","19.21","18.94","19.54","18.94","52.96K","0.37%"
"03/18/2018","19.14","19.45","19.45","18.92","77.74K","-1.09%"
"03/15/2018","19.35","18.97","19.50","18.97","71.00K","0.78%"
"03/14/2018","19.20","19.65","19.69","18.92","100.47K","-1.64%"
"03/13/2018","19.52","19.50","19.81","19.29","169.37K","-0.91%"
"03/12/2018","19.70","20.00","20.01","19.16","120.71K","-0.81%"
"03/11/2018","19.86","19.12","20.31","19.12","453.57K","4.25%"
"03/08/2018","19.05","19.07","19.22","18.76","192.82K","0.42%"
"03/07/2018","18.97","18.68","19.25","18.57","409.96K","1.50%"
"03/06/2018","18.69","18.94","19.03","18.50","149.86K","-1.84%"
"03/05/2018","19.04","18.89","19.34","18.87","187.76K","0.47%"
"03/04/2018","18.95","18.87","19.18","18.85","73.41K","0.32%"
"03/01/2018","18.89","19.17","19.31","18.75","248.51K","-1.05%"
"02/28/2018","19.09","19.24","19.53","18.76","401.76K","-0.88%"
"02/27/2018","19.26","19.56","19.61","18.89","126.27K","-0.67%"
"02/26/2018","19.39","19.52","20.21","18.67","1.21M","-10.56%"
"02/25/2018","21.68","21.99","21.99","21.24","44.07K","3.09%"
"02/22/2018","21.03","20.62","21.87","20.62","93.55K","2.49%"
"02/21/2018","20.52","20.75","20.75","20.44","5.84K","-0.97%"
"02/20/2018","20.72","20.78","21.25","20.44","31.32K","-1.61%"
"02/19/2018","21.06","20.94","21.53","20.83","5.12K","-2.32%"
"02/18/2018","21.56","21.87","21.87","21.25","10.74K","0.33%"
"02/15/2018","21.49","21.31","22.31","21.12","17.37K","5.71%"
"02/14/2018","20.33","20.12","20.62","20.12","0.74K","0.00%"
"02/13/2018","20.33","20.62","20.62","20.06","6.13K","-2.31%"
"02/12/2018","20.81","21.00","21.25","20.64","9.52K","-0.62%"
"02/11/2018","20.94","21.31","21.31","20.63","17.48K","-1.97%"
"02/08/2018","21.36","21.36","21.50","21.29","14.40K","-1.11%"
"02/07/2018","21.60","21.75","21.82","21.33","17.74K","-0.09%"
"02/06/2018","21.62","21.29","22.04","20.94","21.52K","-0.23%"
"02/05/2018","21.67","21.87","21.87","21.32","9.90K","-1.10%"
"02/04/2018","21.91","22.25","22.34","21.69","9.76K","-2.19%"
"02/01/2018","22.40","23.12","23.12","22.19","15.02K","-1.84%"
"01/31/2018","22.82","22.81","23.44","22.19","40.65K","2.19%"
"01/30/2018","22.33","21.87","23.01","21.09","142.54K","6.74%"
"01/29/2018","20.92","21.41","21.41","20.17","20.19K","-2.61%"
"01/28/2018","21.48","21.26","21.86","21.26","17.20K","1.08%"
"01/24/2018","21.25","21.23","21.27","21.22","20.62K","-1.25%"
"01/23/2018","21.52","21.25","21.87","21.25","17.24K","-0.05%"
"01/22/2018","21.53","22.00","22.03","20.62","29.26K","-2.62%"
"01/21/2018","22.11","22.31","22.31","21.89","9.66K","-1.16%"
"01/18/2018","22.37","22.16","22.78","22.14","8.00K","-1.32%"
"01/17/2018","22.67","22.50","22.78","22.31","2.10K","1.70%"
"01/16/2018","22.29","22.09","22.50","22.09","3.04K","-0.89%"
"01/15/2018","22.49","22.81","22.81","22.03","14.54K","-1.23%"
"01/14/2018","22.77","22.81","23.12","22.67","22.91K","-0.09%"
"01/11/2018","22.79","23.06","23.06","22.69","9.46K","1.15%"
"01/10/2018","22.53","22.41","23.06","22.39","7.69K","-0.62%"
"01/09/2018","22.67","22.87","23.12","22.40","28.14K","-1.31%"
"01/08/2018","22.97","23.12","23.12","22.84","14.29K","-1.08%"
"01/04/2018","23.22","23.76","23.76","22.84","71.59K","-2.48%"
"01/03/2018","23.81","23.91","24.06","23.76","14.81K","-0.79%"
"01/02/2018","24.00","24.19","24.37","23.77","6.57K","-0.58%"
"12/31/2017","24.14","24.06","24.37","23.59","17.48K","0.12%"
"12/28/2017","24.11","23.75","24.37","23.75","16.86K","0.58%"
"12/27/2017","23.97","23.28","24.37","23.28","43.20K","2.26%"
"12/26/2017","23.44","23.73","23.75","23.13","12.20K","-0.42%"
"12/25/2017","23.54","23.94","24.37","23.12","18.84K","-3.41%"
"12/24/2017","24.37","24.08","24.69","24.08","22.23K","-1.89%"
"12/21/2017","24.84","25.25","25.93","24.37","21.03K","-1.86%"
"12/20/2017","25.31","24.38","26.25","24.38","1.92K","-3.14%"
"12/19/2017","26.13","25.62","26.84","25.39","13.64K","1.99%"
"12/18/2017","25.62","25.94","26.00","25.06","8.94K","-1.23%"
"12/17/2017","25.94","25.99","26.09","25.71","2.50K","-2.08%"
"12/14/2017","26.49","26.25","26.87","26.25","9.78K","1.07%"
"12/13/2017","26.21","26.52","26.82","25.94","5.84K","-1.17%"
"12/12/2017","26.52","26.80","27.18","26.25","22.66K","-3.77%"
"12/11/2017","27.56","28.12","29.06","26.56","44.20K","4.16%"
"12/10/2017","26.46","25.00","27.24","25.00","41.16K","6.87%"
"12/07/2017","24.76","24.25","24.99","24.22","9.37K","1.39%"
"12/06/2017","24.42","25.00","25.00","24.23","16.46K","-2.16%"
"12/05/2017","24.96","25.19","25.31","24.44","9.98K","2.21%"
"12/04/2017","24.42","24.10","25.62","24.10","31.98K","0.91%"
"12/03/2017","24.20","24.37","24.69","23.91","15.96K","0.71%"
"11/29/2017","24.03","23.45","24.69","23.19","24.46K","1.56%"
"11/28/2017","23.66","23.62","23.75","23.19","13.04K","1.94%"
"11/27/2017","23.21","22.82","23.59","22.81","2.80K","0.30%"
"11/26/2017","23.14","23.75","23.75","23.01","15.01K","-2.53%"
"11/23/2017","23.74","23.74","24.06","22.82","14.62K","0.89%"
"11/22/2017","23.53","22.82","23.75","22.82","18.47K","2.04%"
"11/21/2017","23.06","23.44","23.44","22.66","40.55K","-2.74%"
"11/20/2017","23.71","23.98","24.00","23.44","2.76K","0.85%"
"11/19/2017","23.51","23.69","23.75","23.19","1.81K","-4.28%"
"11/16/2017","24.56","25.02","25.62","23.75","12.40K","-3.50%"
"11/15/2017","25.45","25.62","26.87","25.01","11.48K","-0.31%"
"11/14/2017","25.53","24.84","27.49","24.84","29.02K","-6.35%"
"11/13/2017","27.26","28.12","28.12","27.17","7.70K","-9.71%"
"11/12/2017","30.19","31.56","31.56","29.71","25.57K","-8.54%"
"11/09/2017","33.01","34.62","34.62","30.29","74.45K","4.89%"
"11/08/2017","31.47","31.24","31.84","31.18","10.11K","8.70%"
"11/07/2017","28.95","28.70","29.76","28.01","38.79K","3.54%"
"11/06/2017","27.96","27.69","29.00","27.59","54.65K","0.14%"
"11/05/2017","27.92","28.38","28.38","27.00","28.14K","-1.48%"
"11/02/2017","28.34","28.15","28.46","28.11","49.83K","-0.42%"
"11/01/2017","28.46","29.03","29.37","28.19","8.10K","-0.32%"
"10/31/2017","28.55","28.56","28.71","28.01","23.65K","-0.28%"
"10/30/2017","28.63","29.41","29.41","28.57","12.90K","-0.31%"
"10/29/2017","28.72","28.72","29.06","28.54","42.56K","-0.52%"
"10/26/2017","28.87","28.61","29.76","28.37","29.86K","-0.86%"
"10/25/2017","29.12","30.11","30.11","28.57","56.29K","-3.99%"
"10/24/2017","30.33","30.47","30.81","30.11","9.44K","-0.69%"
"10/23/2017","30.54","30.84","31.16","30.34","19.74K","0.13%"
"10/22/2017","30.50","30.81","30.81","30.15","10.17K","-2.12%"
"10/19/2017","31.16","31.00","31.27","31.00","5.40K","-1.20%"
"10/18/2017","31.54","31.69","31.86","31.07","20.02K","0.06%"
"10/17/2017","31.52","31.27","32.20","31.16","10.69K","-0.03%"
"10/16/2017","31.53","31.51","31.99","31.12","20.95K","-0.16%"
"10/15/2017","31.58","31.56","31.79","31.52","11.96K","-0.28%"
"10/12/2017","31.67","31.51","31.87","31.12","19.02K","0.57%"
"10/11/2017","31.49","31.51","32.12","31.28","12.96K","-1.07%"
"10/10/2017","31.83","30.77","32.87","30.71","46.00K","3.65%"
"10/09/2017","30.71","30.58","30.81","30.55","10.92K","-0.13%"
"10/08/2017","30.75","31.51","31.51","30.57","14.78K","-0.06%"
"10/04/2017","30.77","30.58","30.94","30.57","12.11K","-0.45%"
"10/03/2017","30.91","30.46","32.21","30.34","12.58K","0.13%"
"10/02/2017","30.87","30.62","31.51","30.47","34.70K","0.68%"
"10/01/2017","30.66","30.61","30.81","30.51","1.50K","0.13%"
"09/28/2017","30.62","30.67","30.67","30.55","12.52K","-0.13%"
"09/27/2017","30.66","30.85","31.16","30.53","15.69K","-1.73%"
"09/26/2017","31.20","31.51","31.51","31.02","18.19K","-0.41%"
"09/25/2017","31.33","31.72","31.72","30.85","14.30K","-2.34%"
"09/24/2017","32.08","32.21","32.28","31.61","10.78K","-0.62%"
"09/20/2017","32.28","32.21","32.89","31.86","7.04K","0.40%"
"09/19/2017","32.15","31.97","32.21","31.97","7.87K","-0.28%"
"09/18/2017","32.24","32.21","32.56","31.86","42.27K","1.96%"
"09/17/2017","31.62","31.51","32.49","31.51","3.72K","-1.22%"
"09/14/2017","32.01","32.21","32.28","31.95","14.23K","-2.59%"
"09/13/2017","32.86","33.68","34.66","31.90","6.97K","0.95%"
"09/12/2017","32.55","30.46","33.61","30.46","19.12K","6.10%"
"09/11/2017","30.68","30.43","31.16","30.43","12.29K","1.39%"
"09/10/2017","30.26","31.51","31.51","29.06","19.84K","-3.35%"
"09/07/2017","31.31","31.60","31.86","30.99","16.24K","-1.63%"
"09/06/2017","31.83","32.21","32.21","31.16","12.06K","-1.46%"
"09/05/2017","32.30","32.56","34.84","32.21","14.08K","-0.95%"
"08/30/2017","32.61","31.59","33.26","31.59","7.43K","2.87%"
"08/29/2017","31.70","31.95","31.95","31.51","16.97K","-4.43%"
"08/28/2017","33.17","35.50","35.50","31.51","12.95K","0.67%"
"08/27/2017","32.95","32.95","32.95","32.95","0.86K","-6.31%"
"08/24/2017","35.17","37.46","37.46","33.79","10.78K","-6.24%"
"08/23/2017","37.51","38.17","38.17","36.90","14.24K","-8.49%"
"08/22/2017","40.99","39.21","41.49","39.21","9.23K","5.35%"
"08/21/2017","38.91","39.21","40.53","37.47","2.20K","5.59%"
"08/20/2017","36.85","36.76","37.03","36.76","5.14K","-1.60%"
"08/17/2017","37.45","37.11","37.81","36.77","3.58K","1.08%"
"08/16/2017","37.05","36.76","39.21","36.76","0.60K","-1.96%"
"08/15/2017","37.79","39.21","40.18","36.08","3.71K","-3.33%"
"08/14/2017","39.09","38.52","43.41","38.52","5.99K","-3.03%"
"08/13/2017","40.31","40.65","42.01","39.57","4.86K","-1.73%"
"08/10/2017","41.02","40.97","41.63","40.82","3.65K","0.34%"
"08/09/2017","40.88","41.32","41.32","40.79","1.60K","-3.88%"
"08/08/2017","42.53","41.32","43.77","41.32","5.48K","1.33%"
"08/07/2017","41.97","40.72","43.48","40.72","3.92K","-0.80%"
"08/06/2017","42.31","41.28","43.48","40.61","19.05K","7.03%"
"08/03/2017","39.53","40.26","41.42","39.21","9.71K","-2.11%"
"08/02/2017","40.38","42.64","42.64","39.91","5.64K","-1.70%"
"08/01/2017","41.08","40.26","41.49","39.94","6.76K","0.34%"
"07/31/2017","40.94","41.31","41.31","39.91","1.30K","-1.18%"
"07/30/2017","41.43","41.45","41.49","41.37","3.13K","-2.66%"
"07/27/2017","42.56","42.19","43.59","41.14","6.06K","-2.32%"
"07/26/2017","43.57","41.66","45.52","41.57","28.96K","-5.59%"
"07/25/2017","46.15","46.13","47.23","45.52","23.12K","2.51%"
"07/24/2017","45.02","41.41","46.16","41.41","7.38K","3.90%"
"07/20/2017","43.33","43.77","46.57","41.41","4.77K","-0.80%"
"07/19/2017","43.68","43.43","44.82","42.03","3.44K","0.53%"
"07/18/2017","43.45","43.50","43.50","43.43","1.15K","-6.09%"
"07/17/2017","46.27","47.27","48.74","44.82","0.95K","-1.17%"
"07/16/2017","46.82","44.29","48.14","44.29","1.01K","-1.66%"
"07/13/2017","47.61","47.27","50.23","46.22","26.57K","4.20%"
"07/12/2017","45.69","47.27","47.27","44.29","0.67K","-0.91%"
"07/11/2017","46.11","45.16","48.67","45.16","13.66K","3.43%"
"07/10/2017","44.58","45.34","45.52","43.42","18.96K","-2.71%"
"07/09/2017","45.82","45.52","48.84","44.81","15.92K","-7.96%"
"07/06/2017","49.78","49.02","50.70","47.97","10.44K","0.08%"
"07/05/2017","49.74","51.08","51.99","49.02","8.92K","-4.88%"
"07/04/2017","52.29","54.27","55.60","49.75","49.91K","3.44%"
"07/03/2017","50.55","48.67","52.51","48.56","33.03K","5.89%"
"07/02/2017","47.74","46.22","48.32","44.22","6.03K","4.72%"
"06/28/2017","45.59","43.38","46.27","43.38","36.81K","8.39%"
"06/22/2017","42.06","42.36","43.77","40.61","7.06K","-0.59%"
"06/21/2017","42.31","39.98","42.47","39.98","30.74K","9.55%"
"06/20/2017","38.62","36.76","38.64","36.76","26.76K","9.97%"
"06/19/2017","35.12","34.32","35.19","34.32","0.40K","3.87%"
"06/18/2017","33.81","33.26","34.68","32.91","37.29K","7.23%"
"06/15/2017","31.53","31.69","31.69","31.51","1.16K","-5.17%"
"06/14/2017","33.25","31.53","33.26","31.53","12.07K","2.81%"
"06/13/2017","32.34","31.54","31.54","31.54","0.03K","0.00%"
"06/12/2017","32.34","31.51","33.26","31.51","19.49K","2.99%"
"06/11/2017","31.40","31.51","31.51","29.77","1.90K","-0.03%"
"06/08/2017","31.41","30.46","31.51","29.77","4.56K","9.37%"
"06/07/2017","28.72","28.71","28.82","28.71","1.33K","-3.30%"
"06/06/2017","29.70","29.76","30.11","29.45","1.01K","0.92%"
"06/05/2017","29.43","29.76","29.76","29.41","0.48K","-0.14%"
"06/04/2017","29.47","29.43","30.46","29.43","0.06K","0.00%"
"06/01/2017","29.47","30.50","30.50","29.41","11.86K","-4.57%"
"05/30/2017","30.88","30.88","30.88","30.88","0.77K","-2.00%"
"05/29/2017","31.51","30.81","30.87","30.81","0.27K","0.00%"
"05/28/2017","31.51","31.51","31.51","31.51","0.58K","-0.03%"
"05/25/2017","31.52","31.51","31.52","31.51","0.71K","0.03%"
"05/24/2017","31.51","31.51","31.51","31.51","2.21K","0.13%"
"05/23/2017","31.47","30.81","31.51","30.81","0.09K","0.00%"
"05/22/2017","31.47","30.46","31.51","30.46","7.56K","0.00%"
"05/21/2017","31.47","31.21","31.53","31.21","1.43K","-0.54%"
"05/18/2017","31.64","31.52","31.86","31.52","0.61K","0.51%"
"05/17/2017","31.48","30.81","31.52","30.81","0.53K","-0.10%"
"05/16/2017","31.51","31.51","31.51","31.51","0.17K","0.00%"
"05/15/2017","31.51","31.51","31.51","31.51","5.71K","0.96%"
"05/14/2017","31.21","31.16","31.51","31.16","0.57K","0.00%"
"05/11/2017","31.21","31.16","31.25","31.16","0.22K","0.00%"
"05/10/2017","31.21","31.21","31.21","31.21","0.01K","0.00%"
"05/09/2017","31.21","31.21","31.21","31.21","0.01K","0.00%"
"05/08/2017","31.21","31.21","31.21","31.21","0.34K","-0.95%"
"05/07/2017","31.51","31.51","31.51","31.51","2.49K","0.19%"
"05/04/2017","31.45","31.44","31.44","31.16","0.15K","0.00%"
"05/03/2017","31.45","31.51","31.51","31.34","4.39K","0.64%"
"05/02/2017","31.25","30.15","30.46","30.15","0.06K","0.00%"
"04/30/2017","31.25","30.81","30.81","30.81","0.19K","0.00%"
"04/27/2017","31.25","32.04","32.04","31.16","0.40K","-2.86%"
"04/26/2017","32.17","30.81","31.16","30.81","0.09K","0.00%"
"04/24/2017","32.17","31.16","31.16","31.16","0.22K","0.00%"
"04/23/2017","32.17","30.82","32.21","30.82","4.25K","2.78%"
"04/20/2017","31.30","31.51","31.51","30.81","1.31K","2.72%"
"04/19/2017","30.47","30.46","30.50","30.46","0.41K","-1.23%"
"04/13/2017","30.85","30.81","31.51","30.81","0.48K","-2.09%"
"04/12/2017","31.51","31.51","31.51","31.51","0.56K","-2.87%"
"04/11/2017","32.44","32.19","32.56","32.19","1.27K","4.51%"
"04/10/2017","31.04","30.11","30.11","30.11","0.04K","0.00%"
"04/09/2017","31.04","30.11","31.51","30.11","1.01K","-1.46%"
"04/06/2017","31.50","30.29","31.51","30.29","2.04K","-0.03%"
"04/05/2017","31.51","31.51","31.51","31.51","0.38K","-2.45%"
"04/04/2017","32.30","31.16","32.53","31.16","1.71K","3.06%"
"04/03/2017","31.34","31.16","31.51","31.16","2.70K","-1.88%"
"04/02/2017","31.94","31.51","32.21","31.51","2.22K","-0.37%"
"03/30/2017","32.06","31.53","32.21","31.53","2.53K","-0.53%"
"03/29/2017","32.23","32.39","32.74","31.51","1.51K","3.73%"
"03/28/2017","31.07","30.29","31.51","30.29","0.41K","-0.73%"
"03/27/2017","31.30","31.18","31.86","30.87","0.85K","-0.41%"
"03/26/2017","31.43","30.11","31.53","30.11","3.68K","-1.78%"
"03/23/2017","32.00","30.23","30.23","30.23","0.29K","0.00%"
"03/22/2017","32.00","32.21","32.21","30.41","0.32K","-1.45%"
"03/21/2017","32.47","31.51","31.51","31.51","0.09K","0.00%"
"03/20/2017","32.47","31.51","31.51","31.51","0.01K","0.00%"
"03/19/2017","32.47","32.20","33.08","32.20","0.34K","4.04%"
"03/16/2017","31.21","31.55","32.21","31.55","0.27K","0.00%"
"03/15/2017","31.21","30.81","31.51","30.81","2.36K","-0.95%"
"03/14/2017","31.51","31.51","31.51","31.51","0.37K","0.00%"
"03/13/2017","31.51","31.51","31.51","31.51","0.36K","-1.78%"
"03/09/2017","32.08","31.51","32.91","31.16","4.17K","2.89%"
"03/08/2017","31.18","31.16","31.20","31.16","1.63K","-6.14%"
"03/07/2017","33.22","31.16","31.16","31.16","0.21K","0.00%"
"03/06/2017","33.22","31.51","33.26","31.51","8.73K","1.40%"
"03/05/2017","32.76","31.51","33.26","31.51","2.86K","5.10%"
"03/02/2017","31.17","31.51","31.51","30.81","8.98K","-0.57%"
"03/01/2017","31.35","31.51","31.51","31.16","4.12K","0.45%"
"02/28/2017","31.21","31.51","31.51","31.18","2.12K","0.16%"
"02/27/2017","31.16","31.16","31.17","31.16","5.11K","-0.64%"
"02/26/2017","31.36","31.16","31.51","31.16","2.61K","0.55%"
"02/23/2017","31.19","31.18","31.51","31.16","0.46K","-2.77%"
"02/22/2017","32.08","31.16","32.56","31.16","2.96K","0.50%"
"02/21/2017","31.92","32.56","32.56","31.16","0.13K","0.00%"
"02/20/2017","31.92","32.56","32.56","30.81","2.47K","-1.51%"
"02/19/2017","32.41","32.56","32.56","32.41","14.45K","-10.00%"
"02/16/2017","36.01","32.91","36.39","31.51","1.56K","3.60%"
"02/15/2017","34.76","32.91","32.91","32.91","0.12K","0.00%"
"02/14/2017","34.76","33.62","35.36","33.62","0.91K","-2.39%"
"02/13/2017","35.61","31.89","36.76","31.89","26.81K","0.48%"
"02/12/2017","35.44","35.72","36.76","33.88","44.94K","-5.87%"
"02/09/2017","37.65","36.41","38.86","35.37","13.58K","6.27%"
"02/08/2017","35.43","33.96","35.75","33.61","51.46K","8.98%"
"02/07/2017","32.51","31.86","33.96","31.86","44.89K","4.53%"
"02/06/2017","31.10","29.41","31.51","29.41","32.51K","5.14%"
"02/05/2017","29.58","29.36","29.36","29.36","0.06K","0.00%"
"02/02/2017","29.58","28.89","28.89","28.89","0.03K","0.00%"
"02/01/2017","29.58","28.97","29.76","28.97","2.31K","-0.17%"
"01/31/2017","29.63","29.76","29.76","28.85","1.79K","-0.44%"
"01/30/2017","29.76","30.11","30.11","28.80","51.44K","-0.57%"
"01/29/2017","29.93","28.71","29.94","28.71","14.42K","3.92%"
"01/24/2017","28.80","28.71","29.06","28.71","1.44K","-2.80%"
"01/23/2017","29.63","28.71","29.76","28.71","12.87K","3.42%"
"01/22/2017","28.65","28.01","28.71","28.01","3.45K","-0.21%"
"01/19/2017","28.71","28.71","28.71","28.71","7.05K","-1.07%"
"01/18/2017","29.02","29.06","29.06","28.73","0.57K","0.35%"
"01/17/2017","28.92","28.92","28.92","28.90","0.79K","-0.03%"
"01/16/2017","28.93","28.94","28.96","28.89","1.83K","-0.34%"
"01/15/2017","29.03","28.96","28.96","28.78","0.35K","0.00%"
"01/12/2017","29.03","28.96","29.41","28.75","1.00K","0.80%"
"01/11/2017","28.80","28.76","28.97","28.76","1.75K","-0.45%"
"01/10/2017","28.93","28.92","28.96","28.92","0.99K","0.14%"
"01/09/2017","28.89","28.78","28.82","28.78","0.29K","0.00%"
"01/08/2017","28.89","28.78","28.92","28.78","1.61K","0.00%"
"01/05/2017","28.89","28.71","28.96","28.71","3.61K","0.14%"
"01/04/2017","28.85","28.75","28.89","28.75","0.94K","0.24%"
"01/03/2017","28.78","28.75","28.89","28.75","1.76K","-0.03%"
"01/02/2017","28.79","28.94","28.94","28.75","0.82K","-0.72%"
"12/29/2016","29.00","28.94","29.06","28.94","0.59K","0.28%"
"12/28/2016","28.92","28.90","28.94","28.90","4.61K","-2.10%"
"12/27/2016","29.54","28.91","30.11","28.90","3.61K","2.39%"
"12/26/2016","28.85","28.90","28.91","28.90","0.27K","0.00%"
"12/25/2016","28.85","28.76","28.85","28.76","2.99K","-0.62%"
"12/22/2016","29.03","28.71","29.06","28.71","3.17K","0.14%"
"12/21/2016","28.99","29.06","29.06","28.71","1.03K","0.24%"
"12/20/2016","28.92","28.71","29.06","28.71","0.83K","-0.28%"
"12/19/2016","29.00","28.36","29.06","28.36","1.13K","0.42%"
"12/15/2016","28.88","28.10","29.06","28.10","12.21K","-2.10%"
"12/14/2016","29.50","28.04","29.76","28.04","0.46K","4.94%"
"12/13/2016","28.11","28.04","28.45","28.04","0.80K","2.67%"
"12/12/2016","27.38","27.32","28.11","27.32","1.54K","-4.67%"
"12/08/2016","28.72","28.71","28.73","28.71","12.73K","-0.14%"
"12/07/2016","28.76","28.71","28.71","28.71","0.11K","0.00%"
"12/06/2016","28.76","28.76","28.76","28.76","0.20K","0.00%"
"12/05/2016","28.76","28.73","28.76","28.73","0.98K","-0.21%"
"12/04/2016","28.82","28.71","28.84","28.71","0.14K","0.00%"
"12/01/2016","28.82","28.75","28.89","28.75","0.12K","0.00%"
"11/30/2016","28.82","28.75","28.84","28.75","0.49K","0.38%"
"11/29/2016","28.71","28.75","28.80","28.75","0.21K","0.00%"
"11/28/2016","28.71","28.71","28.82","28.71","0.83K","-1.10%"
"11/24/2016","29.03","29.06","29.06","28.64","1.14K","-1.16%"
"11/23/2016","29.37","28.73","29.76","28.73","8.78K","2.30%"
"11/22/2016","28.71","28.71","28.71","28.71","0.61K","0.56%"
"11/21/2016","28.55","28.55","28.73","28.57","0.33K","0.00%"
"11/20/2016","28.55","28.47","28.80","28.47","2.05K","-0.73%"
"11/17/2016","28.76","28.71","28.84","28.46","14.98K","-0.31%"
"11/16/2016","28.85","28.71","28.92","28.71","1.49K","0.31%"
"11/15/2016","28.76","28.71","28.80","28.71","0.81K","0.38%"
"11/14/2016","28.65","28.18","28.73","28.18","1.37K","-0.24%"
"11/13/2016","28.72","28.73","28.75","28.71","13.87K","0.03%"
"11/10/2016","28.71","28.10","28.71","28.10","5.52K","0.38%"
"11/09/2016","28.60","28.05","28.73","28.05","8.13K","1.06%"
"11/08/2016","28.30","28.06","28.71","28.06","1.53K","0.89%"
"11/07/2016","28.05","28.01","28.18","28.01","0.10K","0.00%"
"11/06/2016","28.05","27.48","28.36","27.48","2.09K","-0.78%"
"11/03/2016","28.27","27.66","29.38","27.66","1.78K","3.06%"
"11/02/2016","27.43","28.01","28.01","27.33","0.82K","-5.05%"
"11/01/2016","28.89","28.01","29.06","28.01","2.15M","4.60%"
"10/31/2016","27.62","27.32","27.69","27.32","0.42K","0.95%"
"10/30/2016","27.36","27.34","27.37","27.34","0.43K","0.00%"
"10/27/2016","27.36","26.96","27.38","26.96","2.74K","0.40%"
"10/26/2016","27.25","26.96","27.40","26.96","0.63K","0.78%"
"10/25/2016","27.04","26.96","27.13","26.96","0.40K","0.04%"
"10/24/2016","27.03","27.00","27.10","27.00","0.52K","-0.95%"
"10/23/2016","27.29","26.96","27.00","26.96","0.14K","0.00%"
"10/20/2016","27.29","26.99","27.66","26.96","63.68K","-2.67%"
"10/19/2016","28.04","28.12","28.12","26.28","2.77K","-0.28%"
"10/18/2016","28.12","28.11","28.11","28.11","0.01K","0.00%"
"10/17/2016","28.12","28.11","28.13","28.11","0.99K","0.07%"
"10/16/2016","28.10","28.10","28.11","28.10","0.19K","0.00%"
"10/13/2016","28.10","28.10","28.10","28.10","1.27K","0.25%"
"10/12/2016","28.03","28.03","28.05","28.03","3.95K","-0.04%"
"10/11/2016","28.04","28.04","28.04","28.03","5.57K","0.00%"
"10/10/2016","28.04","28.10","28.10","28.04","2.06K","-3.18%"
"10/09/2016","28.96","28.01","28.10","28.01","0.22K","0.00%"
"10/05/2016","28.96","27.40","28.01","27.40","0.14K","0.00%"
"10/04/2016","28.96","27.31","30.09","27.31","5.44K","4.51%"
"10/03/2016","27.71","27.71","27.71","27.71","2.91K","-7.11%"
"09/29/2016","29.83","26.26","30.25","26.26","3.01K","2.61%"
"09/26/2016","29.07","27.68","29.76","27.68","3.36K","5.06%"
"09/25/2016","27.67","27.67","28.10","25.68","13.94K","-3.01%"
"09/22/2016","28.53","27.67","27.67","27.67","0.01K","0.00%"
"09/21/2016","28.53","28.71","28.71","28.18","108.82K","0.85%"
"09/20/2016","28.29","28.36","28.36","28.21","0.64K","0.21%"
"09/18/2016","28.23","28.27","28.27","28.19","0.51K","-5.17%"
"09/08/2016","29.77","28.96","29.06","28.96","0.27K","0.00%"
"09/07/2016","29.77","28.89","28.89","28.89","0.04K","0.00%"
"09/06/2016","29.77","29.73","31.16","28.80","73.88K","3.51%"
"09/05/2016","28.76","28.69","28.76","28.69","1.20K","0.24%"
"09/04/2016","28.69","28.36","28.39","28.36","0.27K","0.00%"
"09/01/2016","28.69","28.36","28.71","28.36","4.62K","-0.07%"
"08/31/2016","28.71","28.71","28.71","28.71","0.11K","0.00%"
"08/30/2016","28.71","28.71","28.71","28.71","0.67K","0.00%"
"08/29/2016","28.71","28.71","28.71","28.71","1.58K","-0.55%"
"08/28/2016","28.87","28.71","28.89","28.71","3.46K","-2.96%"
"08/25/2016","29.75","28.18","29.76","28.18","3.41K","1.47%"
"08/23/2016","29.32","27.34","29.76","27.34","2.19K","-0.41%"
"08/22/2016","29.44","29.78","31.16","26.96","12.64K","-1.54%"
"08/21/2016","29.90","29.77","29.78","29.77","0.10K","0.00%"
"08/18/2016","29.90","29.87","29.90","29.87","1.47K","-1.84%"
"08/17/2016","30.46","30.46","30.46","29.85","261.44K","-3.30%"
"08/16/2016","31.50","30.99","31.51","29.76","1.14M","5.81%"
"08/15/2016","29.77","29.76","29.78","29.76","1.84K","0.03%"
"08/14/2016","29.76","29.76","29.76","29.76","0.47K","0.10%"
"08/11/2016","29.73","29.06","29.76","29.06","0.60K","-0.10%"
"08/10/2016","29.76","29.76","29.76","29.76","0.21K","0.00%"
"08/09/2016","29.76","29.76","29.76","29.76","0.36K","-2.52%"
"08/08/2016","30.53","30.53","30.53","30.53","234.20K","0.00%"
"08/07/2016","30.53","30.46","30.99","29.76","1.46K","2.59%"
"08/04/2016","29.76","29.76","29.76","29.76","0.94K","0.00%"
"08/03/2016","29.76","29.76","29.76","29.76","0.51K","-5.55%"
"08/02/2016","31.51","29.76","29.77","29.76","0.30K","0.00%"
"08/01/2016","31.51","29.76","31.51","29.76","572.40K","5.88%"
"07/31/2016","29.76","29.76","29.76","29.76","0.05K","0.00%"
"07/28/2016","29.76","29.76","29.76","29.76","0.40K","-2.30%"
"07/27/2016","30.46","27.45","27.45","27.45","0.01K","0.00%"
"07/26/2016","30.46","29.80","30.46","29.76","240.57K","2.35%"
"07/25/2016","29.76","29.80","29.80","29.76","0.34K","0.00%"
"07/24/2016","29.76","29.76","29.76","29.76","0.23K","0.00%"
"07/21/2016","29.76","29.76","29.76","29.76","12.80K","0.00%"
"07/20/2016","29.76","29.76","29.76","29.76","0.61K","0.00%"
"07/19/2016","29.76","29.76","29.76","29.76","0.87K","0.00%"
"07/18/2016","29.76","29.76","29.76","29.76","0.60K","-1.16%"
"07/17/2016","30.11","29.76","29.76","29.76","0.03K","0.00%"
"07/14/2016","30.11","29.76","30.11","29.76","50.37K","-2.18%"
"07/13/2016","30.78","29.76","29.76","29.76","0.21K","0.00%"
"07/12/2016","30.78","29.76","30.81","28.01","67.36K","-0.03%"
"07/11/2016","30.79","29.76","30.81","29.76","321.97K","3.46%"
"07/10/2016","29.76","28.71","28.71","27.14","0.17K","0.00%"
"07/04/2016","29.76","29.76","29.76","29.76","66.65K","-4.83%"
"07/03/2016","31.27","29.76","29.76","29.76","0.24K","0.00%"
"06/29/2016","31.27","28.89","31.34","28.89","5.63K","3.85%"
"06/28/2016","30.11","29.76","29.76","29.76","0.29K","0.00%"
"06/22/2016","30.11","29.76","30.11","29.76","50.55K","1.18%"
"06/21/2016","29.76","29.76","29.76","29.76","10.28K","0.00%"
"06/20/2016","29.76","29.76","29.76","29.76","0.50K","0.00%"
"06/19/2016","29.76","29.76","29.76","29.76","0.57K","0.00%"
"06/16/2016","29.76","29.76","29.76","29.76","0.47K","0.00%"
"06/15/2016","29.76","29.76","29.76","29.76","0.14K","0.00%"
"06/14/2016","29.76","29.76","29.76","29.76","0.13K","0.00%"
"06/13/2016","29.76","29.76","29.76","29.76","0.26K","0.00%"
"06/12/2016","29.76","29.76","29.76","29.76","0.11K","0.00%"
"06/09/2016","29.76","29.76","29.76","29.76","0.09K","0.00%"
"06/08/2016","29.76","29.76","29.76","29.76","0.38K","0.00%"
"06/07/2016","29.76","29.76","29.76","29.76","1.41K","0.00%"
"06/06/2016","29.76","29.76","29.76","29.76","0.77K","-3.09%"
"06/05/2016","30.71","29.76","30.71","29.76","0.17K","0.00%"
"06/02/2016","30.71","31.16","31.16","29.80","0.77K","3.05%"
"06/01/2016","29.80","29.80","29.80","29.80","3.32K","-0.90%"
"05/31/2016","30.07","29.76","30.11","29.76","2.27K","0.91%"
"05/30/2016","29.80","29.80","29.80","29.80","1.03K","0.03%"
"05/29/2016","29.79","29.78","29.80","29.78","1.56K","-0.20%"
"05/26/2016","29.85","29.80","30.11","29.80","0.48K","0.20%"
"05/25/2016","29.79","29.76","29.80","29.76","0.24K","0.00%"
"05/24/2016","29.79","29.77","29.89","29.77","0.53K","-0.33%"
"05/23/2016","29.89","29.76","30.11","29.76","0.87K","-4.63%"
"05/22/2016","31.34","31.25","31.34","29.85","1.43M","5.31%"
"05/19/2016","29.76","28.02","29.76","28.02","395.57K","0.03%"
"05/18/2016","29.75","27.34","29.76","27.34","47.05K","0.00%"
"05/17/2016","29.75","26.98","27.34","26.98","0.21K","0.00%"
"05/16/2016","29.75","27.31","27.31","27.31","0.11K","0.00%"
"05/15/2016","29.75","26.97","27.14","26.97","0.14K","0.00%"
"05/12/2016","29.75","29.76","29.76","28.71","269.04K","2.87%"
"05/11/2016","28.92","28.01","29.06","28.01","27.96K","3.58%"
"05/10/2016","27.92","27.31","28.01","27.31","0.37K","4.18%"
"05/09/2016","26.80","26.64","27.05","26.64","0.35K","0.00%"
"05/08/2016","26.80","26.78","27.05","26.78","0.55K","1.94%"
"05/05/2016","26.29","26.96","26.96","26.96","0.09K","0.00%"
"05/04/2016","26.29","26.70","26.70","26.70","0.09K","0.00%"
"05/03/2016","26.29","26.61","26.61","26.61","0.06K","0.00%"
"04/27/2016","26.29","26.61","26.79","26.61","0.29K","0.00%"
"04/26/2016","26.29","25.73","26.78","25.73","0.60K","-5.84%"
"04/24/2016","27.92","26.59","28.01","26.26","27.13K","4.92%"
"04/21/2016","26.61","26.26","26.61","26.26","1.44K","0.34%"
"04/20/2016","26.52","26.61","26.62","26.26","12.60K","-0.34%"
"04/19/2016","26.61","26.61","26.61","26.61","4.28K","-0.41%"
"04/18/2016","26.72","26.01","26.01","26.01","0.18K","0.00%"
"04/14/2016","26.72","24.86","27.13","24.86","2.13K","0.60%"
"04/13/2016","26.56","26.08","26.96","26.08","14.21K","3.19%"
"04/12/2016","25.74","25.56","25.91","25.56","0.66K","4.80%"
"04/11/2016","24.56","24.51","24.51","24.51","0.06K","0.00%"
"04/10/2016","24.56","24.51","24.51","24.51","0.04K","0.00%"
"04/07/2016","24.56","24.56","24.56","24.56","1.29K","-4.70%"
"04/06/2016","25.77","25.63","25.91","25.63","3.61K","2.14%"
"04/05/2016","25.23","24.55","25.73","24.53","4.22K","0.44%"
"04/04/2016","25.12","24.60","24.60","24.58","0.30K","0.00%"
"04/03/2016","25.12","24.54","25.70","24.54","1.71K","0.08%"
"03/31/2016","25.10","25.03","25.70","25.03","0.53K","0.68%"
"03/30/2016","24.93","24.86","25.03","24.86","0.77K","-1.35%"
"03/29/2016","25.27","25.22","25.70","25.22","0.39K","0.00%"
"03/28/2016","25.27","24.68","25.40","24.54","1.62K","0.20%"
"03/27/2016","25.22","25.24","25.28","25.21","2.55K","-0.47%"
"03/24/2016","25.34","25.21","25.56","25.21","1.07K","-0.04%"
"03/23/2016","25.35","25.21","25.56","25.21","2.73K","1.64%"
"03/22/2016","24.94","24.51","25.21","24.51","1.25K","1.46%"
"03/21/2016","24.58","25.21","25.21","24.51","15.55K","-0.08%"
"03/20/2016","24.60","24.60","24.60","24.60","0.68K","0.16%"
"03/17/2016","24.56","24.53","24.60","24.53","0.34K","0.00%"
"03/15/2016","24.56","25.91","26.26","24.51","15.02K","-0.04%"
"03/14/2016","24.57","25.38","25.91","24.51","41.21K","-2.62%"
"03/13/2016","25.23","25.03","25.21","25.03","0.30K","0.00%"
"03/10/2016","25.23","25.07","25.07","25.07","0.10K","0.00%"
"03/09/2016","25.23","25.21","25.30","25.03","3.13K","-0.75%"
"03/08/2016","25.42","25.91","26.26","25.91","0.04K","0.00%"
"03/07/2016","25.42","25.39","25.39","25.21","0.26K","0.00%"
"03/06/2016","25.42","26.26","26.26","25.21","0.06K","0.00%"
"03/03/2016","25.42","25.38","25.38","25.38","0.01K","0.00%"
"03/02/2016","25.42","25.47","25.47","25.38","0.40K","-4.15%"
"03/01/2016","26.52","25.42","25.42","25.42","0.03K","0.00%"
"02/29/2016","26.52","26.61","26.61","26.43","0.57K","-1.04%"
"02/28/2016","26.80","27.66","28.71","26.44","0.73K","0.15%"
"02/25/2016","26.76","26.61","26.61","26.43","0.07K","0.00%"
"02/24/2016","26.76","26.76","26.76","26.61","0.15K","0.00%"
"02/23/2016","26.76","26.78","26.96","26.61","0.71K","-3.50%"
"02/22/2016","27.73","26.96","26.96","26.78","0.33K","0.00%"
"02/21/2016","27.73","26.96","26.96","26.96","0.09K","0.00%"
"02/18/2016","27.73","26.96","26.96","26.96","0.03K","0.00%"
"02/17/2016","27.73","27.13","27.13","26.96","0.11K","0.00%"
"02/16/2016","27.73","27.13","27.13","27.13","0.23K","0.00%"
"02/14/2016","27.73","27.13","27.13","27.13","0.26K","0.00%"
"02/11/2016","27.73","27.13","28.01","27.13","0.64K","1.61%"
"02/10/2016","27.29","27.31","27.31","27.13","0.39K","-0.44%"
"02/09/2016","27.41","27.41","27.45","27.41","5.52K","-0.29%"
"02/08/2016","27.49","27.31","27.31","27.31","0.06K","0.00%"
"02/07/2016","27.49","27.31","27.31","27.31","0.23K","0.00%"
"02/04/2016","27.49","27.49","27.49","27.48","6.37K","-0.61%"
"02/03/2016","27.66","27.66","27.66","27.49","0.31K","0.00%"
"02/02/2016","27.66","27.49","27.66","27.49","0.14K","0.00%"
"02/01/2016","27.66","27.66","27.66","27.66","5.00K","0.51%"
"01/28/2016","27.52","27.52","27.52","27.48","2.86K","-2.96%"
"01/27/2016","28.36","27.48","27.52","27.48","0.15K","0.00%"
"01/26/2016","28.36","28.36","28.36","28.36","466.86K","2.60%"
"01/24/2016","27.64","27.67","28.71","27.66","0.11K","0.00%"
"01/21/2016","27.64","27.48","27.66","27.48","0.49K","-0.68%"
"01/20/2016","27.83","27.83","27.83","27.66","10.97K","-0.57%"
"01/19/2016","27.99","27.83","28.01","27.66","77.15K","0.57%"
"01/18/2016","27.83","27.83","27.83","27.83","0.36K","-1.66%"
"01/17/2016","28.30","27.83","27.83","27.83","0.25K","0.00%"
"01/14/2016","28.30","28.38","28.38","28.01","2.28K","-2.04%"
"01/12/2016","28.89","28.89","28.89","28.89","0.44K","1.08%"
"01/11/2016","28.58","28.71","28.71","28.36","0.61K","-0.45%"
"01/10/2016","28.71","28.77","28.77","28.54","0.71K","-0.45%"
"01/06/2016","28.84","28.84","28.84","28.84","0.63K","0.17%"
"01/05/2016","28.79","29.06","29.06","28.77","0.29K","0.00%"
"01/04/2016","28.79","28.82","28.82","28.77","2.86K","-2.37%"
"01/03/2016","29.49","28.75","28.82","28.75","0.19K","0.00%"
"12/31/2015","29.49","28.71","29.94","28.71","2.32K","2.04%"
"12/29/2015","28.90","28.75","28.75","28.75","0.54K","0.00%"
"12/28/2015","28.90","28.72","29.41","28.72","1.06K","0.63%"
"12/27/2015","28.72","28.72","28.72","28.72","0.01K","0.00%"
"12/24/2015","28.72","28.71","28.73","28.71","0.90K","-3.49%"
"12/22/2015","29.76","28.66","28.66","28.66","0.01K","0.00%"
"12/21/2015","29.76","29.06","29.06","28.71","0.45K","0.00%"
"12/20/2015","29.76","29.06","29.06","29.06","0.23K","0.00%"
"12/17/2015","29.76","28.54","28.54","28.54","0.03K","0.00%"
"12/16/2015","29.76","29.55","29.76","29.55","79.40K","0.00%"
"12/15/2015","29.76","29.76","29.76","29.76","1.71M","4.27%"
"12/14/2015","28.54","28.54","28.54","28.54","1.05K","-4.10%"
"12/13/2015","29.76","28.54","28.54","28.54","0.26K","0.00%"
"12/10/2015","29.76","28.54","28.73","28.54","0.04K","0.00%"
"12/07/2015","29.76","28.54","28.54","28.54","0.01K","0.00%"
"12/06/2015","29.76","29.76","29.76","28.54","46.56K","-0.10%"
"12/03/2015","29.79","29.76","30.11","29.76","9.75K","0.10%"
"12/02/2015","29.76","29.76","29.76","29.76","2.83K","0.00%"
"12/01/2015","29.76","29.76","29.76","29.76","32.35K","0.00%"
"11/30/2015","29.76","28.54","28.54","28.54","0.02K","0.00%"
"11/29/2015","29.76","28.54","28.54","28.54","0.28K","0.00%"
"11/26/2015","29.76","28.54","28.54","28.54","0.03K","0.00%"
"11/25/2015","29.76","29.76","29.76","29.06","49.89K","0.00%"
"11/24/2015","29.76","28.94","28.94","28.94","0.11K","0.00%"
"11/23/2015","29.76","28.94","28.94","28.94","0.26K","0.00%"
"11/22/2015","29.76","28.89","28.92","28.89","0.09K","0.00%"
"11/19/2015","29.76","28.89","29.76","28.89","33.55K","0.00%"
"11/18/2015","29.76","29.76","29.76","29.76","92.00K","0.00%"
"11/17/2015","29.76","29.76","29.76","29.76","502.53K","0.00%"
"11/16/2015","29.76","28.96","28.96","28.96","0.29K","0.00%"
"11/15/2015","29.76","28.96","28.96","28.96","0.29K","0.00%"
"11/12/2015","29.76","28.89","28.89","28.89","0.02K","0.00%"
"11/11/2015","29.76","29.76","29.76","28.89","20.31K","0.00%"
"11/10/2015","29.76","29.76","29.76","29.76","0.75K","-0.57%"
"11/09/2015","29.93","29.76","29.94","28.89","77.82K","0.57%"
"11/08/2015","29.76","29.76","29.76","29.76","29.44K","-1.16%"
"11/05/2015","30.11","29.76","29.76","29.76","0.17K","0.00%"
"11/04/2015","30.11","29.76","29.77","29.76","0.49K","0.00%"
"11/03/2015","30.11","29.76","29.76","29.76","0.06K","0.00%"
"11/02/2015","30.11","29.76","30.11","29.76","141.26K","1.18%"
"11/01/2015","29.76","30.46","30.46","29.76","0.19K","0.00%"
"10/29/2015","29.76","29.76","29.76","29.76","0.30K","0.00%"
"10/28/2015","29.76","29.76","29.76","29.76","4.61K","0.07%"
"10/27/2015","29.74","28.96","29.76","28.96","2.31K","-0.07%"
"10/26/2015","29.76","29.76","29.76","29.76","0.90K","0.00%"
"10/25/2015","29.76","29.76","29.76","29.76","0.57K","0.00%"
"10/22/2015","29.76","29.76","29.76","29.76","0.69K","0.00%"
"10/21/2015","29.76","28.89","29.95","28.89","0.31K","0.00%"
"10/20/2015","29.76","29.76","29.76","29.76","2.81K","0.00%"
"10/19/2015","29.76","29.76","29.78","29.76","0.77K","0.00%"
"10/18/2015","29.76","29.78","29.81","29.78","0.07K","0.00%"
"10/15/2015","29.76","29.76","30.46","29.76","0.39K","0.00%"
"10/13/2015","29.76","29.76","29.76","29.76","0.03K","0.00%"
"10/12/2015","29.76","29.76","29.76","29.76","0.10K","0.00%"
"10/11/2015","29.76","29.76","29.76","29.76","0.67K","-0.60%"
"10/08/2015","29.94","29.76","29.94","29.76","339.25K","0.64%"
"10/07/2015","29.75","30.29","30.29","30.29","0.29K","0.00%"
"10/05/2015","29.75","28.89","29.76","28.89","12.98K","-0.07%"
"10/04/2015","29.77","28.89","28.89","28.89","0.03K","0.00%"
"10/01/2015","29.77","29.76","29.76","29.76","0.18K","0.00%"
"09/30/2015","29.77","29.76","29.78","29.76","5.83K","0.03%"
"09/29/2015","29.76","29.76","29.76","29.76","4.34K","0.00%"
"09/28/2015","29.76","29.76","29.76","29.76","28.60K","0.00%"
"09/22/2015","29.76","29.76","29.76","29.76","18.15K","0.00%"
"09/21/2015","29.76","29.76","29.76","29.76","1.98K","0.00%"
"09/20/2015","29.76","29.76","29.76","29.76","1.12K","0.00%"
"09/17/2015","29.76","29.76","29.76","29.76","1.51K","0.00%"
"09/16/2015","29.76","29.76","29.80","29.76","1.43K","0.00%"
"09/15/2015","29.76","28.72","28.72","28.72","0.09K","0.00%"
"09/14/2015","29.76","29.24","29.24","28.46","0.37K","0.00%"
"09/10/2015","29.76","29.76","29.76","29.76","1.43K","0.00%"
"09/09/2015","29.76","29.76","29.76","29.76","13.85K","0.00%"
"09/08/2015","29.76","29.76","29.76","29.76","8.98K","-0.03%"
"09/07/2015","29.77","29.78","29.80","29.76","2.58K","0.00%"
"09/06/2015","29.77","29.78","29.78","29.78","0.51K","0.00%"
"09/03/2015","29.77","29.76","29.78","29.76","1.81K","0.03%"
"09/02/2015","29.76","29.76","29.76","29.76","1.90K","0.00%"
"08/31/2015","29.76","29.24","29.76","29.24","1.16K","0.00%"
"08/30/2015","29.76","29.76","29.76","29.76","0.30K","0.00%"
"08/27/2015","29.76","29.76","29.76","29.76","8.74K","0.00%"
"08/26/2015","29.76","29.76","29.76","29.76","0.65K","0.00%"
"08/25/2015","29.76","29.76","29.76","29.76","79.76K","0.00%"
"08/24/2015","29.76","29.76","29.76","29.76","4.06K","0.00%"
"08/23/2015","29.76","29.76","29.76","29.76","3.77K","0.00%"
"08/20/2015","29.76","29.76","29.76","29.76","0.27K","0.00%"
"08/19/2015","29.76","29.76","30.11","29.76","0.86K","0.00%"
"08/18/2015","29.76","29.76","29.76","29.76","118.91K","0.00%"
"08/17/2015","29.76","29.76","29.76","29.76","104.88K","0.00%"
"08/16/2015","29.76","29.76","29.76","29.76","15.82K","-0.53%"
"08/13/2015","29.92","29.76","30.11","29.76","135.87K","-0.56%"
"08/12/2015","30.09","29.76","29.76","29.76","0.36K","0.00%"
"08/11/2015","30.09","29.76","30.11","29.76","45.91K","1.14%"
"08/10/2015","29.75","28.78","29.76","28.78","3.52K","-0.03%"
"08/09/2015","29.76","28.75","28.76","28.54","0.59K","0.00%"
"08/04/2015","29.76","28.80","28.85","28.80","0.26K","0.00%"
"08/03/2015","29.76","28.75","29.41","28.75","0.47K","0.00%"
"08/02/2015","29.76","29.76","29.76","29.41","857.33K","0.00%"
"07/30/2015","29.76","28.75","28.86","28.75","1.33K","0.00%"
"07/29/2015","29.76","29.41","29.59","28.80","0.17K","0.00%"
"07/28/2015","29.76","28.71","29.76","28.71","861.80K","1.54%"
"07/27/2015","29.31","28.54","29.94","28.36","5.68K","-1.51%"
"07/26/2015","29.76","28.72","28.72","28.72","0.01K","0.00%"
"07/22/2015","29.76","28.71","28.71","28.71","0.23K","0.00%"
"07/16/2015","29.76","28.41","29.76","28.41","1.22M","0.03%"
"07/15/2015","29.75","29.41","29.76","29.41","23.42K","0.30%"
"07/14/2015","29.66","29.59","29.76","29.41","0.34K","0.00%"
"07/13/2015","29.66","29.41","29.41","29.41","0.11K","0.00%"
"07/12/2015","29.66","29.76","29.76","29.41","1.43K","0.41%"
"07/09/2015","29.54","28.43","29.76","28.36","48.43K","-0.74%"
"07/07/2015","29.76","28.36","28.36","28.36","0.09K","0.00%"
"07/06/2015","29.76","28.37","28.37","28.37","0.03K","0.00%"
"07/02/2015","29.76","28.57","29.76","28.57","3.11M","0.00%"
"06/29/2015","29.76","29.06","29.06","29.06","0.31K","0.00%"
"06/25/2015","29.76","28.71","29.76","28.71","12.98M","0.27%"
"06/24/2015","29.68","29.06","29.10","29.06","0.09K","0.00%"
"06/23/2015","29.68","28.54","28.54","28.54","0.27K","0.00%"
"06/22/2015","29.68","29.06","29.74","29.06","10.54K","-0.27%"
"06/18/2015","29.76","28.59","28.59","28.59","0.11K","0.00%"
"06/17/2015","29.76","28.48","28.48","28.45","0.33K","0.00%"
"06/16/2015","29.76","28.01","29.94","28.01","3.02M","4.90%"
"06/14/2015","28.37","28.01","28.39","28.01","31.16K","0.92%"
"06/11/2015","28.11","28.36","28.38","28.01","0.84K","-0.95%"
"06/10/2015","28.38","28.54","28.54","28.36","0.41K","-0.18%"
"06/09/2015","28.43","28.71","28.71","28.36","0.79K","-0.98%"
"06/08/2015","28.71","28.54","28.54","28.54","0.14K","0.00%"
"06/07/2015","28.71","28.41","28.71","28.41","3.81K","0.10%"
"06/04/2015","28.68","28.76","28.78","28.46","4.46K","-0.17%"
"06/03/2015","28.73","28.39","29.06","28.39","23.22K","-0.07%"
"06/02/2015","28.75","28.75","28.75","28.75","1.63K","0.42%"
"06/01/2015","28.63","28.57","28.57","28.57","0.06K","0.00%"
"05/31/2015","28.63","28.75","28.75","28.39","3.25K","-0.90%"
"05/28/2015","28.89","28.73","28.89","28.73","52.49K","0.56%"
"05/27/2015","28.73","28.71","28.87","28.71","1.01K","-0.48%"
"05/26/2015","28.87","29.06","29.06","28.54","0.60K","-0.35%"
"05/25/2015","28.97","28.36","29.06","28.36","3.47K","0.31%"
"05/24/2015","28.88","28.71","28.71","28.71","0.01K","0.00%"
"05/20/2015","28.88","28.71","28.71","28.71","0.29K","0.00%"
"05/19/2015","28.88","28.71","28.89","28.71","8.33K","1.73%"
"05/17/2015","28.39","28.39","28.39","28.39","2.86K","-2.37%"
"05/14/2015","29.08","29.06","29.76","29.06","41.84K","1.25%"
"05/13/2015","28.72","28.71","28.71","28.36","0.06K","0.00%"
"05/12/2015","28.72","28.72","28.72","28.71","0.31K","0.00%"
"05/11/2015","28.72","28.73","28.73","28.71","0.44K","0.03%"
"05/10/2015","28.71","28.72","28.72","28.54","0.44K","-3.37%"
"05/07/2015","29.71","31.30","31.30","28.46","0.61K","-0.17%"
"05/06/2015","29.76","29.76","29.77","29.76","0.46K","-0.27%"
"05/05/2015","29.84","29.41","30.11","29.41","20.51K","2.68%"
"05/04/2015","29.06","28.57","28.59","28.57","0.30K","0.00%"
"05/03/2015","29.06","28.53","28.54","28.53","0.25K","0.00%"
"04/30/2015","29.06","29.06","29.06","29.06","70.06K","0.00%"
"04/29/2015","29.06","29.03","29.06","29.03","6.05K","1.68%"
"04/28/2015","28.58","28.26","28.64","28.26","0.80K","1.03%"
"04/27/2015","28.29","28.02","28.36","28.02","0.48K","-2.65%"
"04/26/2015","29.06","29.06","29.06","29.06","0.71K","0.07%"
"04/23/2015","29.04","29.06","29.06","28.18","79.80K","-0.17%"
"04/21/2015","29.09","28.18","29.24","28.18","55.13K","1.54%"
"04/20/2015","28.65","28.18","28.18","28.18","0.01K","0.00%"
"04/19/2015","28.65","28.08","28.71","28.08","0.87K","2.10%"
"04/16/2015","28.06","28.08","28.08","28.08","0.03K","0.00%"
"04/15/2015","28.06","28.08","28.08","28.08","0.11K","0.00%"
"04/14/2015","28.06","28.01","28.06","28.01","0.43K","-1.06%"
"04/09/2015","28.36","28.36","28.41","28.36","2.29K","1.07%"
"04/08/2015","28.06","28.01","28.08","28.01","1.08K","0.04%"
"04/06/2015","28.05","28.06","28.06","28.06","0.03K","0.00%"
"04/05/2015","28.05","28.02","28.06","28.02","0.38K","-3.81%"
"04/02/2015","29.16","28.54","29.24","28.54","0.80K","2.17%"
"04/01/2015","28.54","28.54","29.06","28.02","0.06K","0.00%"
"03/31/2015","28.54","28.54","29.24","28.54","0.13K","0.00%"
"03/30/2015","28.54","28.36","28.36","28.36","0.05K","0.00%"
"03/29/2015","28.54","28.36","28.54","28.36","14.39K","-1.79%"
"03/26/2015","29.06","28.36","29.06","28.36","29.15K","1.22%"
"03/25/2015","28.71","28.54","28.71","28.54","3.28K","0.00%"
"03/24/2015","28.71","28.10","28.71","28.10","4.10K","1.16%"
"03/23/2015","28.38","28.71","28.71","28.36","16.14K","-0.42%"
"03/22/2015","28.50","28.71","28.71","28.04","5.37K","-0.25%"
"03/19/2015","28.57","28.02","28.71","28.02","0.91K","1.93%"
"03/18/2015","28.03","28.01","28.05","28.01","0.93K","-0.74%"
"03/17/2015","28.24","28.36","28.36","28.36","0.24K","0.00%"
"03/16/2015","28.24","28.36","28.36","28.36","0.26K","0.00%"
"03/12/2015","28.24","28.01","28.01","28.01","0.06K","0.00%"
"03/11/2015","28.24","28.54","28.54","28.02","0.11K","0.00%"
"03/10/2015","28.24","28.18","28.36","28.18","0.37K","0.21%"
"03/09/2015","28.18","28.01","28.18","28.01","0.79K","-1.26%"
"03/08/2015","28.54","28.01","28.01","28.01","0.07K","0.00%"
"03/05/2015","28.54","28.54","28.54","28.54","0.31K","0.00%"
"03/04/2015","28.54","28.01","28.54","28.01","15.04K","1.28%"
"03/03/2015","28.18","28.18","28.22","28.18","8.71K","0.36%"
"03/02/2015","28.08","28.01","28.36","28.01","0.11K","0.00%"
"03/01/2015","28.08","28.32","28.32","28.01","1.42K","-1.51%"
"02/26/2015","28.51","28.01","28.01","28.01","0.12K","0.00%"
"02/24/2015","28.51","28.36","28.36","28.01","0.11K","0.00%"
"02/23/2015","28.51","28.01","28.71","28.01","0.95K","0.60%"
"02/22/2015","28.34","28.01","28.36","28.01","2.36K","-1.22%"
"02/19/2015","28.69","27.06","28.71","27.06","25.78K","1.16%"
"02/18/2015","28.36","26.99","27.13","26.99","0.15K","0.00%"
"02/17/2015","28.36","28.18","28.18","28.18","0.05K","0.00%"
"02/16/2015","28.36","28.36","28.36","28.36","0.73K","-1.08%"
"02/15/2015","28.67","27.10","28.71","26.96","74.59K","1.16%"
"02/12/2015","28.34","27.31","28.36","27.31","14.54K","4.61%"
"02/11/2015","27.09","27.06","27.10","27.06","0.79K","-4.48%"
"02/10/2015","28.36","27.06","27.06","26.96","0.36K","0.00%"
"02/09/2015","28.36","26.96","26.96","26.96","0.24K","0.00%"
"02/08/2015","28.36","26.78","26.78","26.78","0.03K","0.00%"
"02/05/2015","28.36","28.01","28.01","28.01","0.31K","0.00%"
"02/04/2015","28.36","28.34","28.70","28.01","0.91K","0.11%"
"02/03/2015","28.33","27.06","28.36","27.06","0.09K","0.00%"
"02/02/2015","28.33","27.66","28.36","26.96","15.63K","-0.18%"
"02/01/2015","28.38","26.47","28.01","26.47","0.32K","0.00%"
"01/29/2015","28.38","28.54","28.71","28.32","4.57K","1.32%"
"01/28/2015","28.01","28.01","28.10","28.01","53.74K","1.08%"
"01/27/2015","27.71","26.61","27.97","26.61","0.94K","5.24%"
"01/26/2015","26.33","26.26","26.61","26.26","0.79K","-3.38%"
"01/22/2015","27.25","26.30","27.66","26.30","7.63K","4.53%"
"01/21/2015","26.07","25.65","26.29","25.56","0.40K","-4.47%"
"01/20/2015","27.29","26.78","27.31","26.26","30.36K","5.94%"
"01/19/2015","25.76","25.73","27.31","25.60","0.51K","-5.68%"
"01/18/2015","27.31","25.56","25.60","25.56","0.21K","0.00%"
"01/15/2015","27.31","26.27","26.28","26.27","0.23K","0.00%"
"01/14/2015","27.31","26.26","27.31","26.26","86.53K","4.28%"
"01/13/2015","26.19","25.56","26.26","25.56","19.14K","-0.08%"
"01/12/2015","26.21","25.56","26.26","24.90","30.64K","1.16%"
"01/11/2015","25.91","25.91","25.91","24.86","72.72K","3.19%"
"01/08/2015","25.11","24.86","25.38","24.86","0.73K","1.54%"
"01/06/2015","24.73","24.77","24.77","24.70","1.67K","0.86%"
"01/05/2015","24.52","24.54","24.74","24.51","1.05K","-1.92%"
"01/04/2015","25.00","24.51","24.51","24.51","0.14K","0.00%"
"12/31/2014","25.00","24.95","25.00","24.95","3.67K","0.20%"
"12/30/2014","24.95","25.00","25.03","24.89","2.46K","-1.03%"
"12/29/2014","25.21","24.52","25.00","24.52","0.03K","0.00%"
"12/28/2014","25.21","24.52","24.52","24.52","0.13K","0.00%"
"12/25/2014","25.21","25.21","25.21","25.21","22.88K","0.04%"
"12/24/2014","25.20","25.21","25.21","24.51","0.39K","0.00%"
"12/23/2014","25.20","25.12","25.21","24.51","72.21K","4.78%"
"12/22/2014","24.05","24.16","24.16","24.16","0.13K","0.00%"
"12/21/2014","24.05","23.82","24.16","23.81","1.25K","-3.02%"
"12/18/2014","24.80","23.86","24.86","23.86","0.46K","3.77%"
"12/17/2014","23.90","24.51","24.51","23.81","9.01K","-3.75%"
"12/16/2014","24.83","24.76","25.17","24.51","0.96K","-1.51%"
"12/15/2014","25.21","24.16","25.21","24.16","281.00K","4.56%"
"12/14/2014","24.11","24.28","24.28","23.82","5.48K","-1.63%"
"12/11/2014","24.51","24.51","24.51","24.51","0.61K","1.16%"
"12/10/2014","24.23","23.70","24.51","23.70","1.56K","0.71%"
"12/07/2014","24.06","24.16","24.16","23.81","0.96K","-0.41%"
"12/04/2014","24.16","24.16","24.16","24.16","0.58K","1.34%"
"12/03/2014","23.84","23.81","23.88","23.81","10.18K","0.08%"
"12/02/2014","23.82","24.12","24.33","23.46","52.14K","-2.46%"
"12/01/2014","24.42","24.16","24.16","24.16","0.04K","0.00%"
"11/30/2014","24.42","24.16","24.16","24.16","0.26K","0.00%"
"11/27/2014","24.42","24.50","24.51","23.82","0.81K","1.08%"
"11/26/2014","24.16","23.98","24.16","23.98","0.17K","0.00%"
"11/25/2014","24.16","24.16","24.16","24.16","0.69K","-0.82%"
"11/24/2014","24.36","24.51","24.86","23.81","0.94K","0.16%"
"11/23/2014","24.32","23.98","24.51","23.98","0.21K","0.00%"
"11/20/2014","24.32","24.86","24.86","24.17","31.42K","-2.13%"
"11/19/2014","24.85","24.69","24.86","24.69","13.26K","1.39%"
"11/18/2014","24.51","24.70","24.70","24.51","47.99K","-1.88%"
"11/17/2014","24.98","25.25","25.25","24.54","0.98K","-1.07%"
"11/16/2014","25.25","25.22","25.89","25.22","0.53K","-2.55%"
"11/13/2014","25.91","25.21","25.91","25.21","282.55K","0.00%"
"11/12/2014","25.91","26.17","26.17","25.22","71.00K","0.04%"
"11/11/2014","25.90","25.84","26.26","25.21","14.28K","0.00%"
"11/10/2014","25.90","24.51","25.91","24.51","348.72K","2.94%"
"11/09/2014","25.16","25.21","25.21","24.68","0.65K","2.23%"
"11/06/2014","24.61","24.86","24.86","24.25","22.77K","-0.49%"
"11/05/2014","24.73","24.51","24.86","24.42","4.97K","0.49%"
"11/04/2014","24.61","24.51","24.68","24.51","0.20K","0.00%"
"11/02/2014","24.61","23.81","23.98","23.81","0.30K","0.00%"
"10/30/2014","24.61","24.51","25.21","23.90","1.74K","2.12%"
"10/29/2014","24.10","24.09","24.09","24.09","0.27K","0.00%"
"10/28/2014","24.10","24.51","24.51","24.51","0.06K","0.00%"
"10/27/2014","24.10","24.04","24.04","24.04","0.17K","0.00%"
"10/26/2014","24.10","24.17","24.17","23.94","0.46K","-2.86%"
"10/23/2014","24.81","24.26","25.38","24.17","1.16K","-0.08%"
"10/22/2014","24.83","23.88","24.51","23.88","0.35K","0.00%"
"10/19/2014","24.83","23.84","23.88","23.84","0.41K","0.00%"
"10/16/2014","24.83","23.88","25.91","23.85","1.85K","-0.52%"
"10/15/2014","24.96","23.46","25.87","23.46","2.31K","-2.08%"
"10/14/2014","25.49","24.51","26.78","24.51","4.57K","3.11%"
"10/13/2014","24.72","23.82","25.21","23.82","6.34K","-1.75%"
"10/12/2014","25.16","25.16","25.16","25.16","1.08K","0.00%"
"10/09/2014","25.16","24.51","25.52","24.51","5.55K","0.60%"
"10/02/2014","25.01","24.51","24.51","24.51","0.02K","0.00%"
"10/01/2014","25.01","24.51","24.52","24.51","0.14K","0.00%"
"09/30/2014","25.01","24.55","25.56","24.51","2.76K","1.54%"
"09/29/2014","24.63","24.51","24.55","24.51","0.14K","0.00%"
"09/28/2014","24.63","24.51","24.51","24.51","0.20K","0.00%"
"09/25/2014","24.63","24.51","25.17","24.23","7.21K","3.66%"
"09/24/2014","23.76","24.34","24.34","24.34","0.24K","0.00%"
"09/23/2014","23.76","24.35","24.35","24.35","0.20K","0.00%"
"09/22/2014","23.76","24.37","24.37","24.37","0.07K","0.00%"
"09/21/2014","23.76","24.16","24.51","22.78","1.23K","-5.56%"
"09/18/2014","25.16","24.28","25.19","24.28","0.59K","3.11%"
"09/17/2014","24.40","24.51","24.51","24.51","0.03K","0.00%"
"09/16/2014","24.40","24.21","24.51","24.21","0.48K","0.66%"
"09/15/2014","24.24","24.33","24.33","24.16","0.29K","0.00%"
"09/14/2014","24.24","24.16","24.51","24.16","1.24K","-2.57%"
"09/11/2014","24.88","24.16","25.20","24.16","1.23K","2.81%"
"09/10/2014","24.20","24.16","24.26","24.16","1.67K","0.12%"
"09/09/2014","24.17","24.16","24.19","24.16","1.06K","-0.04%"
"09/08/2014","24.18","24.18","24.19","24.16","3.21K","-0.98%"
"09/07/2014","24.42","24.42","24.42","24.42","0.13K","0.00%"
"09/04/2014","24.42","24.16","24.51","24.16","1.05K","0.21%"
"09/03/2014","24.37","24.51","24.51","24.19","1.21K","-0.57%"
"09/02/2014","24.51","24.51","24.51","24.51","1.67K","1.45%"
"09/01/2014","24.16","24.16","24.16","24.16","1.06K","-1.43%"
"08/31/2014","24.51","24.51","24.51","24.16","101.52K","0.00%"
"08/28/2014","24.51","24.86","24.86","24.51","46.09K","-0.33%"
"08/27/2014","24.59","24.51","24.60","24.51","0.71K","0.33%"
"08/26/2014","24.51","24.51","24.51","24.51","1.85K","0.00%"
"08/25/2014","24.51","24.51","24.51","24.51","0.63K","2.13%"
"08/24/2014","24.00","24.09","24.09","23.85","0.83K","-3.73%"
"08/21/2014","24.93","24.09","25.21","24.09","5.19K","3.88%"
"08/20/2014","24.00","24.05","24.07","24.05","0.07K","0.00%"
"08/19/2014","24.00","23.85","24.02","23.85","0.89K","-2.20%"
"08/18/2014","24.54","25.21","25.21","23.83","95.08K","-1.52%"
"08/17/2014","24.92","24.51","25.21","24.16","2.72K","-0.40%"
"08/14/2014","25.02","24.51","25.21","24.51","2.26K","0.16%"
"08/13/2014","24.98","23.82","25.21","23.82","5.18K","2.04%"
"08/12/2014","24.48","23.83","23.83","23.83","0.01K","0.00%"
"08/11/2014","24.48","24.51","24.51","23.81","0.70K","2.81%"
"08/10/2014","23.81","23.82","23.82","23.81","0.53K","-2.62%"
"08/07/2014","24.45","23.90","24.51","23.90","0.95K","2.56%"
"08/06/2014","23.84","23.81","23.82","23.81","0.14K","0.00%"
"08/05/2014","23.84","23.81","23.81","23.81","0.19K","0.00%"
"08/04/2014","23.84","23.81","23.90","23.81","0.52K","1.36%"
"08/03/2014","23.52","23.46","23.83","23.11","0.48K","-4.58%"
"07/31/2014","24.65","23.46","25.03","23.34","2.51K","4.01%"
"07/27/2014","23.70","22.76","23.81","22.76","0.57K","-0.42%"
"07/24/2014","23.80","22.76","24.86","22.76","4.98K","1.67%"
"07/22/2014","23.41","22.76","23.83","22.76","0.47K","-1.76%"
"07/20/2014","23.83","22.81","22.81","22.81","0.30K","0.00%"
"07/17/2014","23.83","22.41","24.16","22.41","1.73K","5.26%"
"07/16/2014","22.64","22.63","22.63","22.63","0.03K","0.00%"
"07/15/2014","22.64","22.46","22.76","22.41","1.50K","-0.48%"
"07/14/2014","22.75","22.76","22.76","22.63","5.37K","-0.87%"
"07/13/2014","22.95","22.99","22.99","22.48","3.08K","-0.09%"
"07/10/2014","22.97","23.28","23.28","22.76","7.87K","-2.42%"
"07/09/2014","23.54","22.25","22.32","22.25","0.19K","0.00%"
"07/08/2014","23.54","23.63","23.63","23.11","3.49K","-2.45%"
"07/07/2014","24.13","23.28","23.28","23.28","0.13K","0.00%"
"07/03/2014","24.13","24.13","24.13","24.13","1.43K","0.12%"
"06/30/2014","24.10","24.14","24.16","23.46","1.57K","0.37%"
"06/29/2014","24.01","22.31","22.41","22.31","0.04K","0.00%"
"06/26/2014","24.01","24.14","24.15","22.08","0.64K","7.96%"
"06/25/2014","22.24","22.76","22.76","22.06","15.05K","-4.55%"
"06/24/2014","23.30","23.39","23.39","22.93","5.49K","-0.89%"
"06/23/2014","23.51","23.58","23.58","23.46","3.01K","-1.18%"
"06/19/2014","23.79","23.56","23.81","23.56","1.98K","0.81%"
"06/18/2014","23.60","23.56","23.63","23.56","0.59K","0.21%"
"06/17/2014","23.55","23.56","23.56","23.55","0.81K","0.00%"
"06/16/2014","23.55","23.55","23.55","23.55","0.77K","-3.88%"
"06/15/2014","24.50","24.42","24.51","24.42","3.66K","0.04%"
"06/12/2014","24.49","23.46","24.68","23.46","1.61K","5.65%"
"06/11/2014","23.18","23.46","23.55","23.46","0.24K","0.00%"
"06/10/2014","23.18","22.97","22.97","22.97","0.09K","0.00%"
"06/09/2014","23.18","22.93","24.75","22.93","1.04K","-4.25%"
"06/05/2014","24.21","22.67","25.19","22.59","2.09K","4.22%"
"06/03/2014","23.23","22.60","24.40","22.58","0.76K","2.83%"
"06/02/2014","22.59","22.44","22.48","22.44","0.26K","0.00%"
"06/01/2014","22.59","23.98","23.98","22.06","3.27K","-7.83%"
"05/29/2014","24.51","24.51","24.51","24.51","4.20K","0.00%"
"05/28/2014","24.51","24.51","24.51","24.51","1.53K","-0.12%"
"05/26/2014","24.54","24.51","24.58","24.51","8.63K","-0.04%"
"05/25/2014","24.55","24.51","25.55","24.51","0.82K","-1.72%"
"05/22/2014","24.98","24.68","25.21","24.51","4.28K","3.39%"
"05/21/2014","24.16","24.16","24.19","24.16","0.66K","-1.06%"
"05/20/2014","24.42","24.51","24.51","24.16","2.77K","1.03%"
"05/19/2014","24.17","24.21","24.21","24.07","4.81K","-0.86%"
"05/18/2014","24.38","24.60","24.60","24.34","2.08K","-2.87%"
"05/15/2014","25.10","24.34","25.21","24.34","1.22K","1.66%"
"05/14/2014","24.69","24.51","24.86","24.51","4.34K","0.37%"
"05/13/2014","24.60","24.51","24.68","24.51","0.67K","0.00%"
"05/12/2014","24.60","23.98","23.98","23.98","0.09K","0.00%"
"05/11/2014","24.60","23.98","23.98","23.98","0.13K","0.00%"
"05/08/2014","24.60","24.16","24.68","24.16","0.86K","2.07%"
"05/07/2014","24.10","24.05","24.16","23.98","1.07K","-1.75%"
"05/06/2014","24.53","24.05","24.05","24.05","0.14K","0.00%"
"05/05/2014","24.53","23.81","24.02","23.81","0.19K","0.00%"
"04/30/2014","24.53","23.20","24.85","23.20","13.87K","0.08%"
"04/29/2014","24.51","23.11","23.11","23.11","0.14K","0.00%"
"04/28/2014","24.51","24.51","24.51","23.80","9.00K","-0.97%"
"04/27/2014","24.75","24.51","25.03","24.51","0.87K","-3.51%"
"04/23/2014","25.65","25.56","26.08","25.38","2.86K","1.10%"
"04/22/2014","25.37","25.30","25.30","25.30","0.06K","0.00%"
"04/17/2014","25.37","25.56","25.73","25.26","2.57K","0.55%"
"04/15/2014","25.23","25.87","25.87","24.90","0.14K","0.00%"
"04/10/2014","25.23","25.21","25.49","24.86","0.51K","0.16%"
"04/09/2014","25.19","24.86","25.21","24.86","1.23K","1.78%"
"04/08/2014","24.75","24.86","24.86","24.86","0.26K","0.00%"
"04/07/2014","24.75","24.73","25.21","24.72","2.14K","0.28%"
"04/06/2014","24.68","24.57","24.68","24.57","1.46K","-3.22%"
"04/03/2014","25.50","24.86","25.56","24.86","1.47K","-0.23%"
"04/02/2014","25.56","24.53","24.55","24.53","0.17K","0.00%"
"04/01/2014","25.56","24.51","24.51","24.51","0.26K","0.00%"
"03/31/2014","25.56","24.93","24.93","24.86","0.16K","0.00%"
"03/30/2014","25.56","25.21","25.56","25.21","71.95K","0.79%"
"03/27/2014","25.36","24.51","25.77","24.51","1.79K","0.56%"
"03/26/2014","25.22","25.21","25.25","25.21","1.64K","0.00%"
"03/25/2014","25.22","24.86","25.90","24.86","0.83K","-0.20%"
"03/24/2014","25.27","25.49","25.52","25.21","2.84K","-1.21%"
"03/23/2014","25.58","25.73","25.73","25.52","3.11K","0.08%"
"03/20/2014","25.56","24.02","25.72","24.02","47.98K","0.43%"
"03/19/2014","25.45","24.86","25.56","24.86","1.70K","1.15%"
"03/18/2014","25.16","24.51","25.56","24.51","188.07K","4.40%"
"03/17/2014","24.10","24.16","24.51","24.02","2.25K","-2.23%"
"03/16/2014","24.65","24.86","24.86","24.86","0.29K","0.00%"
"03/13/2014","24.65","24.02","24.68","24.02","6.88K","0.41%"
"03/12/2014","24.55","24.02","24.07","24.02","0.26K","0.00%"
"03/11/2014","24.55","24.02","24.16","24.02","0.20K","0.00%"
"03/09/2014","24.55","24.02","24.02","24.02","0.26K","0.00%"
"03/06/2014","24.55","24.51","24.60","24.51","0.57K","2.38%"
"03/05/2014","23.98","23.84","23.98","23.84","8.93K","-0.17%"
"03/04/2014","24.02","24.60","24.60","24.00","14.32K","-1.88%"
"03/03/2014","24.48","23.83","23.98","23.83","0.14K","0.00%"
"03/02/2014","24.48","23.83","23.83","23.83","0.09K","0.00%"
"02/27/2014","24.48","24.00","24.51","24.00","2.52K","0.66%"
"02/26/2014","24.32","24.16","24.51","24.16","2.39K","0.00%"
"02/25/2014","24.32","24.51","24.51","24.16","1.65K","-0.78%"
"02/24/2014","24.51","24.20","24.20","24.20","0.27K","0.00%"
"02/23/2014","24.51","24.51","24.54","24.20","6.17K","0.12%"
"02/20/2014","24.48","23.98","24.68","23.98","2.94K","1.75%"
"02/19/2014","24.06","23.81","24.16","23.81","0.96K","1.05%"
"02/18/2014","23.81","23.81","23.82","23.81","1.10K","0.00%"
"02/17/2014","23.81","23.81","23.81","23.81","89.85K","0.00%"
"02/16/2014","23.81","23.84","23.84","23.81","59.04K","0.00%"
"02/13/2014","23.81","23.81","23.82","23.81","82.87K","-0.04%"
"02/12/2014","23.82","23.85","23.87","23.81","116.62K","-0.96%"
"02/11/2014","24.05","23.84","23.84","23.84","0.13K","0.00%"
"02/10/2014","24.05","24.96","25.03","23.83","2.78K","0.42%"
"02/09/2014","23.95","23.81","23.81","23.57","0.31K","0.00%"
"02/06/2014","23.95","24.34","24.37","23.81","29.98K","-3.62%"
"02/05/2014","24.85","24.51","24.51","24.33","0.36K","0.00%"
"02/04/2014","24.85","24.20","24.20","24.20","0.11K","0.00%"
"02/03/2014","24.85","24.00","24.86","24.00","12.20K","-0.04%"
"02/02/2014","24.86","24.86","24.86","24.86","0.57K","0.81%"
"01/30/2014","24.66","24.82","24.82","24.51","1.14K","2.75%"
"01/29/2014","24.00","23.63","24.82","23.46","0.43K","1.22%"
"01/28/2014","23.71","23.46","23.81","23.46","0.79K","-3.50%"
"01/27/2014","24.57","24.65","24.68","23.81","4.61K","0.12%"
"01/26/2014","24.54","23.46","23.46","23.46","0.09K","0.00%"
"01/23/2014","24.54","24.51","24.86","24.16","7.25K","0.25%"
"01/22/2014","24.48","23.98","24.51","23.98","1.17K","2.04%"
"01/21/2014","23.99","23.21","24.16","23.21","0.50K","2.26%"
"01/20/2014","23.46","23.11","23.47","23.11","0.74K","-2.86%"
"01/16/2014","24.15","23.46","24.16","23.46","2.25K","1.98%"
"01/15/2014","23.68","22.75","23.81","22.75","4.74K","0.85%"
"01/12/2014","23.48","23.37","24.16","22.50","2.03K","0.34%"
"01/09/2014","23.40","23.39","23.41","23.39","0.66K","1.34%"
"01/08/2014","23.09","22.41","22.41","22.41","0.07K","0.00%"
"01/06/2014","23.09","22.52","22.52","22.41","0.30K","0.00%"
"01/05/2014","23.09","22.52","22.52","22.52","0.20K","0.00%"
"01/02/2014","23.09","22.52","22.58","22.52","0.10K","0.00%"
"12/31/2013","23.09","23.09","23.11","23.09","1.12K","1.67%"
"12/30/2013","22.71","22.76","22.76","22.46","1.94K","0.58%"
"12/29/2013","22.58","22.58","22.58","22.58","3.81K","-2.55%"
"12/26/2013","23.17","22.98","23.28","22.41","4.21K","0.43%"
"12/25/2013","23.07","22.11","22.41","22.11","0.17K","0.00%"
"12/24/2013","23.07","22.41","22.41","22.41","0.14K","0.00%"
"12/23/2013","23.07","22.11","23.49","22.11","0.37K","0.00%"
"12/22/2013","23.07","22.99","22.99","22.99","0.03K","0.00%"
"12/19/2013","23.07","22.65","23.64","22.65","7.40K","3.08%"
"12/18/2013","22.38","22.41","22.45","22.23","1.86K","0.81%"
"12/17/2013","22.20","22.09","22.41","22.09","0.64K","-0.89%"
"12/16/2013","22.40","22.41","22.41","22.08","7.85K","0.45%"
"12/15/2013","22.30","22.46","22.46","22.11","0.59K","-1.72%"
"12/12/2013","22.69","22.71","22.73","22.41","1.13K","0.71%"
"12/11/2013","22.53","22.75","22.75","22.06","0.83K","-1.10%"
"12/10/2013","22.78","22.29","23.24","22.29","1.46K","0.40%"
"12/09/2013","22.69","22.24","22.80","22.24","0.51K","-0.83%"
"12/08/2013","22.88","23.80","24.33","22.76","25.50K","-1.08%"
"12/05/2013","23.13","23.46","23.46","23.11","19.48K","-1.41%"
"12/04/2013","23.46","23.46","23.49","23.46","8.16K","-0.13%"
"12/03/2013","23.49","24.16","24.16","23.42","25.35K","-2.17%"
"12/02/2013","24.01","24.16","25.73","23.81","1.76K","-0.58%"
"12/01/2013","24.15","24.16","24.16","24.16","0.17K","0.00%"
"11/28/2013","24.15","24.16","24.16","23.81","16.66K","-0.86%"
"11/27/2013","24.36","24.30","24.38","24.30","1.25K","-2.99%"
"11/26/2013","25.11","25.21","25.21","24.86","3.21K","2.16%"
"11/25/2013","24.58","24.53","24.72","24.53","0.41K","-2.50%"
"11/24/2013","25.21","24.88","25.21","24.88","69.98K","-0.12%"
"11/21/2013","25.24","25.55","25.55","24.86","48.83K","0.12%"
"11/20/2013","25.21","25.21","25.21","25.21","1.00K","-0.67%"
"11/19/2013","25.38","25.21","25.56","25.21","1.57K","-2.20%"
"11/18/2013","25.95","25.91","26.08","25.33","2.07K","2.29%"
"11/17/2013","25.37","25.26","25.39","25.26","1.47K","0.32%"
"11/14/2013","25.29","24.95","25.56","24.95","8.90K","2.93%"
"11/12/2013","24.57","24.42","24.51","24.42","0.13K","0.00%"
"11/11/2013","24.57","24.16","24.16","24.16","0.21K","0.00%"
"11/10/2013","24.57","24.05","24.51","24.05","0.35K","0.00%"
"11/07/2013","24.57","24.02","25.47","24.02","3.09K","0.16%"
"11/04/2013","24.53","23.84","24.51","23.84","0.21K","0.00%"
"10/31/2013","24.53","24.33","24.86","24.33","4.64K","0.25%"
"10/29/2013","24.47","23.81","24.51","23.81","0.59K","2.60%"
"10/28/2013","23.85","23.88","23.88","23.81","0.54K","-2.69%"
"10/27/2013","24.51","24.51","24.51","24.51","0.43K","-0.12%"
"10/24/2013","24.54","24.47","24.67","24.47","1.09K","2.94%"
"10/23/2013","23.84","24.14","24.14","23.80","12.11K","-2.38%"
"10/22/2013","24.42","24.12","24.12","24.12","0.03K","0.00%"
"10/21/2013","24.42","23.92","24.51","23.91","2.24K","1.50%"
"10/20/2013","24.06","24.05","24.51","23.81","0.72K","-2.39%"
"10/13/2013","24.65","23.81","24.82","23.81","0.65K","2.67%"
"10/10/2013","24.01","23.47","24.16","23.46","1.45K","0.84%"
"10/09/2013","23.81","23.81","23.81","23.81","3.36K","-0.13%"
"10/08/2013","23.84","24.02","24.02","23.51","7.07K","-2.73%"
"10/07/2013","24.51","24.16","24.51","24.16","0.26K","0.00%"
"10/03/2013","24.51","23.98","23.98","23.98","0.13K","0.00%"
"10/02/2013","24.51","24.51","24.51","24.51","0.54K","1.45%"
"10/01/2013","24.16","24.16","24.16","24.16","0.62K","-1.63%"
"09/30/2013","24.56","24.51","25.17","24.51","3.97K","-3.65%"
"09/29/2013","25.49","25.49","25.49","25.49","6.17K","-0.04%"
"09/26/2013","25.50","25.38","25.56","24.51","1.49K","1.63%"
"09/25/2013","25.09","24.00","25.56","24.00","2.93K","3.76%"
"09/24/2013","24.18","24.18","24.19","24.16","2.66K","-1.35%"
"09/23/2013","24.51","24.51","24.53","24.51","0.64K","-3.31%"
"09/22/2013","25.35","24.51","24.51","24.51","0.29K","0.00%"
"09/19/2013","25.35","24.33","25.56","24.33","0.46K","3.77%"
"09/18/2013","24.43","24.51","24.51","24.33","1.26K","-1.69%"
"09/17/2013","24.85","24.16","24.16","24.16","0.30K","0.00%"
"09/16/2013","24.85","24.23","24.23","24.23","0.29K","0.00%"
"09/15/2013","24.85","24.51","24.86","24.23","10.97K","-1.43%"
"09/12/2013","25.21","25.04","25.21","25.04","1.47K","0.68%"
"09/11/2013","25.04","24.18","24.18","24.18","0.01K","0.00%"
"09/10/2013","25.04","24.68","24.68","24.68","0.11K","0.00%"
"09/09/2013","25.04","23.81","25.21","23.81","3.60K","3.64%"
"09/08/2013","24.16","23.63","23.81","23.63","0.04K","0.00%"
"09/05/2013","24.16","24.72","24.72","23.84","5.88K","-2.23%"
"09/04/2013","24.71","23.81","24.86","23.81","0.69K","3.22%"
"08/29/2013","23.94","23.84","24.33","23.81","6.80K","-1.28%"
"08/28/2013","24.25","24.51","24.51","23.63","1.50K","-3.88%"
"08/26/2013","25.23","23.46","25.56","23.46","0.51K","2.94%"
"08/25/2013","24.51","24.51","24.51","24.51","1.09K","-0.73%"
"08/22/2013","24.69","24.16","25.56","24.16","5.61K","1.60%"
"08/21/2013","24.30","23.81","23.81","23.81","0.10K","0.00%"
"08/20/2013","24.30","23.46","23.47","23.46","0.09K","0.00%"
"08/19/2013","24.30","24.51","24.51","24.51","0.29K","0.00%"
"08/18/2013","24.30","24.30","24.30","24.30","0.23K","0.00%"
"08/13/2013","24.30","23.41","23.51","23.41","0.04K","0.00%"
"08/12/2013","24.30","25.47","25.56","25.47","0.27K","0.00%"
"08/07/2013","24.30","24.16","24.51","24.16","1.08K","-0.78%"
"08/06/2013","24.49","23.28","23.28","23.28","0.01K","0.00%"
"08/05/2013","24.49","22.87","24.51","22.87","1.44K","0.04%"
"08/04/2013","24.48","22.79","22.79","22.79","0.01K","0.00%"
"08/01/2013","24.48","24.51","24.51","24.46","1.14K","0.16%"
"07/31/2013","24.44","23.81","24.51","23.81","0.57K","2.52%"
"07/30/2013","23.84","23.46","23.46","23.28","0.17K","0.00%"
"07/29/2013","23.84","22.85","22.85","22.76","0.21K","0.00%"
"07/25/2013","23.84","23.46","23.46","23.46","0.03K","0.00%"
"07/22/2013","23.84","22.93","22.93","22.76","0.15K","0.00%"
"07/21/2013","23.84","23.63","23.63","23.63","0.06K","0.00%"
"07/18/2013","23.84","23.90","23.90","23.81","8.59K","0.17%"
"07/17/2013","23.80","23.63","23.81","23.63","1.16K","-0.04%"
"07/16/2013","23.81","23.81","23.81","23.81","1.75K","-3.64%"
"07/11/2013","24.71","23.81","23.81","23.81","0.04K","0.00%"
"07/10/2013","24.71","24.51","25.87","24.51","0.71K","2.57%"
"07/09/2013","24.09","23.46","23.46","23.46","0.14K","0.00%"
"07/08/2013","24.09","23.98","23.98","23.98","0.13K","0.00%"
"07/07/2013","24.09","25.38","25.38","22.87","1.26K","-5.16%"
"07/04/2013","25.40","24.82","25.42","24.82","14.80K","9.91%"
"07/02/2013","23.11","23.11","23.11","23.11","0.71K","4.76%"
"06/27/2013","22.06","21.36","22.93","21.05","2.78K","-4.54%"
"06/26/2013","23.11","23.11","23.11","23.11","0.51K","1.40%"
"06/25/2013","22.79","21.53","21.53","21.53","0.06K","0.00%"
"06/24/2013","22.79","22.74","22.81","22.74","2.28K","9.94%"
"06/23/2013","20.73","20.09","21.01","20.04","1.20K","-2.81%"
"06/20/2013","21.33","20.35","21.70","20.35","0.54K","6.01%"
"06/19/2013","20.12","19.98","20.34","19.98","0.37K","0.00%"
"06/18/2013","20.12","19.89","20.31","19.89","0.57K","-8.55%"
"06/13/2013","22.00","21.60","22.41","21.60","1.24K","0.27%"
"06/12/2013","21.94","21.64","21.64","21.64","0.07K","0.00%"
"06/11/2013","21.94","21.71","22.40","21.71","0.86K","1.25%"
"06/10/2013","21.67","20.66","20.66","20.66","0.43K","0.00%"
"06/09/2013","21.67","21.85","21.85","21.53","1.02K","-1.23%"
"06/06/2013","21.94","21.95","22.41","20.32","2.89K","-2.79%"
"06/05/2013","22.57","23.23","23.23","22.24","0.86K","-5.41%"
"06/04/2013","23.86","23.23","23.55","23.23","0.06K","0.00%"
"06/03/2013","23.86","23.25","23.25","23.25","0.06K","0.00%"
"06/02/2013","23.86","23.29","23.98","23.29","0.36K","0.00%"
"05/30/2013","23.86","23.86","23.86","23.86","1.21K","0.42%"
"05/29/2013","23.76","23.22","23.22","23.22","0.06K","0.00%"
"05/28/2013","23.76","23.22","23.22","23.22","0.16K","0.00%"
"05/27/2013","23.76","23.63","23.79","23.63","3.27K","-0.13%"
"05/23/2013","23.79","23.63","23.81","23.63","0.49K","1.15%"
"05/22/2013","23.52","23.28","23.28","23.28","0.06K","0.00%"
"05/21/2013","23.52","23.46","23.54","23.46","0.68K","0.09%"
"05/20/2013","23.50","23.21","23.63","23.21","0.51K","-2.25%"
"05/19/2013","24.04","23.51","23.51","23.51","0.06K","0.00%"
"05/16/2013","24.04","23.23","24.49","23.23","0.72K","2.08%"
"05/15/2013","23.55","23.20","23.20","23.20","0.13K","0.00%"
"05/14/2013","23.55","23.77","23.81","23.11","3.79K","-3.09%"
"05/13/2013","24.30","23.81","24.15","23.81","0.06K","0.00%"
"05/09/2013","24.30","24.16","24.47","24.16","2.16K","0.29%"
"05/08/2013","24.23","23.98","23.98","23.98","0.06K","0.00%"
"05/07/2013","24.23","23.81","23.81","23.81","0.03K","0.00%"
"05/02/2013","24.23","24.11","24.42","23.64","1.41K","3.77%"
"04/30/2013","23.35","23.11","23.37","23.11","1.96K","0.95%"
"04/29/2013","23.13","23.11","23.14","23.11","0.89K","-0.43%"
"04/28/2013","23.23","23.29","23.29","23.16","0.89K","-5.80%"
"04/24/2013","24.66","24.24","24.82","24.24","3.88K","1.69%"
"04/23/2013","24.25","25.03","25.03","24.18","0.56K","0.66%"
"04/22/2013","24.09","23.82","24.51","23.81","0.77K","-2.71%"
"04/21/2013","24.76","24.16","24.16","24.16","0.04K","0.00%"
"04/18/2013","24.76","24.68","25.03","23.55","5.92K","0.00%"
"04/17/2013","24.76","24.16","24.86","24.16","0.86K","0.69%"
"04/16/2013","24.59","23.63","23.63","23.56","0.03K","0.00%"
"04/15/2013","24.59","23.86","23.86","23.67","0.23K","0.00%"
"04/11/2013","24.59","23.12","25.07","23.11","0.95K","2.89%"
"04/10/2013","23.90","23.67","23.81","23.67","0.39K","0.00%"
"04/09/2013","23.90","24.16","24.16","24.16","0.03K","0.00%"
"04/08/2013","23.90","23.81","24.51","23.46","3.38K","-3.08%"
"04/07/2013","24.66","23.82","24.86","23.82","0.89K","-0.84%"
"04/04/2013","24.87","24.51","25.14","24.51","1.00K","1.47%"
"04/03/2013","24.51","24.16","24.16","24.16","0.04K","0.00%"
"04/02/2013","24.51","24.51","24.51","24.51","2.23K","3.29%"
"04/01/2013","23.73","23.91","23.91","23.46","0.64K","-5.87%"
"03/31/2013","25.21","25.21","25.21","25.21","0.97K","-0.32%"
"03/28/2013","25.29","25.22","25.31","25.22","1.95K","0.00%"
"03/27/2013","25.29","25.26","25.89","25.21","0.84K","-0.67%"
"03/26/2013","25.46","25.26","25.54","25.26","0.41K","-1.55%"
"03/25/2013","25.86","25.33","25.42","25.33","0.09K","0.00%"
"03/24/2013","25.86","25.38","25.56","25.30","0.12K","0.00%"
"03/21/2013","25.86","25.40","25.47","25.40","0.14K","0.00%"
"03/20/2013","25.86","25.24","25.38","25.24","0.31K","0.00%"
"03/19/2013","25.86","25.56","25.56","25.56","0.26K","0.00%"
"03/18/2013","25.86","25.24","26.07","25.21","1.39K","2.58%"
"03/17/2013","25.21","25.21","25.21","25.21","2.88K","-0.28%"
"03/14/2013","25.28","25.38","25.73","25.21","3.40K","-0.47%"
"03/13/2013","25.40","25.24","25.41","25.24","0.40K","-3.02%"
"03/12/2013","26.19","25.42","25.42","25.42","0.03K","0.00%"
"03/11/2013","26.19","26.19","26.19","26.19","0.07K","0.00%"
"03/10/2013","26.19","25.89","26.26","25.21","2.04K","3.89%"
"03/07/2013","25.21","25.21","25.21","25.21","0.64K","1.04%"
"03/05/2013","24.95","24.91","24.96","24.91","0.89K","0.16%"
"03/04/2013","24.91","25.03","25.03","24.88","0.46K","-0.48%"
"03/03/2013","25.03","24.86","25.22","24.86","0.54K","-3.66%"
"02/28/2013","25.98","25.65","26.22","25.65","1.74K","0.81%"
"02/27/2013","25.77","25.68","25.68","25.56","0.14K","0.00%"
"02/26/2013","25.77","25.70","25.91","25.70","0.83K","0.27%"
"02/25/2013","25.70","25.68","25.70","25.68","0.59K","-1.27%"
"02/24/2013","26.03","26.21","26.21","25.68","0.49K","0.04%"
"02/21/2013","26.02","25.66","26.08","25.66","0.60K","1.40%"
"02/20/2013","25.66","25.65","25.65","25.65","0.21K","0.00%"
"02/19/2013","25.66","25.66","25.66","25.65","2.97K","-2.28%"
"02/18/2013","26.26","25.57","25.66","25.57","0.14K","0.00%"
"02/17/2013","26.26","25.44","25.44","25.44","0.06K","0.00%"
"02/14/2013","26.26","25.84","26.57","25.84","0.33K","0.00%"
"02/13/2013","26.26","26.26","26.26","26.26","0.54K","1.66%"
"02/12/2013","25.83","25.66","25.66","25.66","0.11K","0.00%"
"02/11/2013","25.83","25.78","25.91","25.78","0.49K","-1.30%"
"02/10/2013","26.17","25.56","25.56","25.56","0.03K","0.00%"
"02/07/2013","26.17","26.22","26.26","25.73","1.34K","2.11%"
"02/05/2013","25.63","25.24","26.26","25.24","1.01K","-2.14%"
"02/04/2013","26.19","26.15","26.26","26.15","1.14K","1.08%"
"02/03/2013","25.91","25.03","25.04","25.03","0.08K","0.00%"
"01/31/2013","25.91","25.91","25.91","25.91","1.29K","0.66%"
"01/30/2013","25.74","26.26","26.26","25.21","0.86K","-1.23%"
"01/29/2013","26.06","24.68","25.00","24.68","0.38K","0.00%"
"01/23/2013","26.06","25.24","26.17","25.24","0.60K","2.92%"
"01/22/2013","25.32","25.03","25.40","25.03","0.76K","-5.66%"
"01/20/2013","26.84","25.91","25.91","24.87","0.13K","0.00%"
"01/17/2013","26.84","26.84","26.84","26.84","0.43K","1.02%"
"01/16/2013","26.57","26.29","26.61","26.26","14.55K","-0.90%"
"01/15/2013","26.81","26.96","27.29","26.62","0.58K","-0.26%"
"01/14/2013","26.88","27.48","27.48","26.96","0.33K","0.00%"
"01/10/2013","26.88","26.62","26.96","26.62","1.32K","0.34%"
"01/09/2013","26.79","26.61","27.31","26.31","0.36K","0.00%"
"01/08/2013","26.79","26.61","27.65","26.61","0.49K","0.68%"
"01/06/2013","26.61","26.61","26.61","26.61","0.39K","-3.69%"
"01/03/2013","27.63","26.64","26.65","26.64","0.07K","0.00%"
"01/02/2013","27.63","27.85","28.01","26.28","1.62K","2.11%"
"12/31/2012","27.06","26.43","27.48","26.43","6.12K","-1.53%"
"12/30/2012","27.48","27.48","27.48","27.31","3.74K","3.19%"
"12/27/2012","26.63","26.40","26.84","26.40","0.54K","-1.26%"
"12/26/2012","26.97","26.47","26.47","26.38","0.29K","0.00%"
"12/25/2012","26.97","26.35","26.47","26.35","0.30K","0.00%"
"12/24/2012","26.97","27.90","27.91","27.90","0.14K","0.00%"
"12/23/2012","26.97","26.08","27.96","26.00","2.16K","1.51%"
"12/20/2012","26.57","26.74","26.78","26.00","6.24K","-0.49%"
"12/19/2012","26.70","26.71","26.71","26.71","0.14K","0.00%"
"12/18/2012","26.70","25.91","27.48","25.91","0.60K","-1.40%"
"12/17/2012","27.08","25.22","27.31","25.22","0.06K","0.00%"
"12/16/2012","27.08","25.75","25.75","25.75","0.00K","0.00%"
"12/13/2012","27.08","27.66","27.66","26.78","5.70K","-3.32%"
"12/10/2012","28.01","27.94","28.01","27.94","6.81K","0.00%"
"12/09/2012","28.01","28.01","28.01","28.01","0.66K","0.00%"
"12/06/2012","28.01","27.48","28.01","27.48","0.13K","0.00%"
"12/05/2012","28.01","28.01","28.01","28.01","0.57K","0.14%"
"12/04/2012","27.97","28.01","28.01","27.48","0.65K","-0.14%"
"12/02/2012","28.01","28.01","28.01","28.00","1.94K","0.00%"
"11/29/2012","28.01","28.01","28.01","28.01","0.57K","0.21%"
"11/28/2012","27.95","28.00","28.01","27.66","0.45K","-0.18%"
"11/27/2012","28.00","27.31","28.01","27.31","0.57K","0.04%"
"11/26/2012","27.99","27.66","28.01","27.66","0.65K","4.48%"
"11/25/2012","26.79","26.63","28.01","26.61","0.65K","-4.36%"
"11/22/2012","28.01","28.01","28.01","28.01","1.71K","-3.05%"
"11/20/2012","28.89","28.88","28.89","28.88","2.26K","-0.41%"
"11/19/2012","29.01","29.06","29.06","26.72","12.88K","-1.36%"
"11/18/2012","29.41","28.01","28.01","28.01","0.07K","0.00%"
"11/14/2012","29.41","29.41","29.41","29.41","0.55K","3.85%"
"11/13/2012","28.32","26.96","28.36","26.61","5.43K","-3.64%"
"11/12/2012","29.39","29.06","29.59","29.06","1.13K","-0.07%"
"11/11/2012","29.41","29.06","29.59","29.06","0.98K","0.10%"
"11/08/2012","29.38","28.71","29.41","28.71","0.73K","1.14%"
"11/07/2012","29.05","28.54","29.24","28.54","1.07K","1.15%"
"11/06/2012","28.72","28.71","29.06","28.54","16.27K","-0.62%"
"11/05/2012","28.90","28.89","28.89","28.89","0.13K","0.00%"
"10/31/2012","28.90","28.90","28.90","28.90","0.29K","0.00%"
"10/29/2012","28.90","28.71","28.92","28.71","3.74K","-1.16%"
"10/24/2012","29.24","29.14","29.41","29.14","1.67K","0.34%"
"10/23/2012","29.14","28.90","28.90","28.90","0.06K","0.00%"
"10/22/2012","29.14","29.06","29.24","28.89","11.57K","0.28%"
"10/21/2012","29.06","28.73","29.41","28.73","3.01K","-0.68%"
"10/18/2012","29.26","29.06","29.41","28.71","8.43K","0.10%"
"10/17/2012","29.23","28.89","29.24","28.89","2.91K","-1.18%"
"10/16/2012","29.58","29.35","29.62","29.35","0.98K","1.16%"
"10/15/2012","29.24","29.37","29.37","29.24","6.29K","0.76%"
"10/14/2012","29.02","28.71","29.41","28.71","3.81K","-0.31%"
"10/11/2012","29.11","29.24","29.24","28.82","8.79K","-0.14%"
"10/10/2012","29.15","29.03","29.24","28.89","2.81K","0.83%"
"10/09/2012","28.91","28.37","28.71","28.37","0.24K","0.00%"
"10/08/2012","28.91","28.90","28.91","28.89","1.74K","-0.79%"
"10/04/2012","29.14","28.89","29.66","28.89","0.40K","0.76%"
"10/03/2012","28.92","28.73","29.04","28.73","1.43K","0.03%"
"10/02/2012","28.91","29.06","29.07","28.71","1.99K","-0.79%"
"10/01/2012","29.14","29.15","29.24","29.06","1.83K","0.31%"
"09/30/2012","29.05","28.99","29.13","28.99","0.66K","-0.65%"
"09/27/2012","29.24","29.24","29.71","29.24","3.33K","0.21%"
"09/26/2012","29.18","30.81","30.81","28.93","1.40K","0.34%"
"09/25/2012","29.08","29.76","29.76","29.06","9.24K","-0.75%"
"09/24/2012","29.30","29.24","29.76","28.89","0.86K","-0.37%"
"09/20/2012","29.41","29.24","29.76","29.24","5.54K","2.80%"
"09/19/2012","28.61","28.18","29.39","28.05","0.39K","-0.38%"
"09/18/2012","28.72","29.06","29.06","28.54","2.53K","-0.10%"
"09/17/2012","28.75","28.71","28.97","28.71","1.87K","0.31%"
"09/16/2012","28.66","28.36","29.06","28.36","0.23K","0.00%"
"09/13/2012","28.66","28.36","28.71","28.36","2.71K","-0.42%"
"09/12/2012","28.78","28.59","29.06","28.59","0.63K","0.03%"
"09/11/2012","28.77","29.24","29.24","28.01","6.35K","-1.61%"
"09/10/2012","29.24","29.24","29.24","29.24","0.29K","1.21%"
"09/09/2012","28.89","29.41","29.41","28.80","0.37K","-0.55%"
"09/06/2012","29.05","29.03","29.06","29.03","0.60K","1.93%"
"09/05/2012","28.50","28.19","28.71","28.19","1.70K","0.25%"
"09/04/2012","28.43","28.16","28.71","28.16","0.51K","-0.98%"
"09/03/2012","28.71","29.06","29.06","28.04","1.84K","-1.31%"
"09/02/2012","29.09","28.71","28.71","28.71","0.03K","0.00%"
"08/30/2012","29.09","28.71","29.41","28.71","8.13K","0.73%"
"08/29/2012","28.88","28.55","28.89","28.55","2.57K","1.09%"
"08/28/2012","28.57","28.57","28.57","28.55","0.67K","0.28%"
"08/27/2012","28.49","28.39","28.89","28.39","3.44K","-0.90%"
"08/26/2012","28.75","28.54","29.03","28.36","0.50K","0.88%"
"08/23/2012","28.50","28.68","28.71","28.36","1.41K","-0.87%"
"08/22/2012","28.75","28.97","28.97","28.97","0.16K","0.00%"
"08/16/2012","28.75","28.99","28.99","28.57","0.71K","0.24%"
"08/15/2012","28.68","28.36","28.89","28.36","0.29K","4.79%"
"08/14/2012","27.37","27.75","28.01","27.75","0.10K","0.00%"
"08/13/2012","27.37","28.36","28.36","27.13","1.57K","-5.72%"
"08/12/2012","29.03","31.51","31.51","31.51","0.08K","0.00%"
"08/09/2012","29.03","28.54","28.54","28.54","0.09K","0.00%"
"08/08/2012","29.03","29.06","29.06","28.96","0.41K","1.11%"
"08/07/2012","28.71","28.71","28.71","28.71","0.51K","-1.07%"
"08/06/2012","29.02","29.06","29.06","28.54","3.71K","-0.07%"
"08/05/2012","29.04","28.54","28.54","28.54","0.11K","0.00%"
"08/02/2012","29.04","28.89","29.06","28.89","3.39K","0.14%"
"08/01/2012","29.00","28.71","29.06","28.71","2.86K","0.80%"
"07/31/2012","28.77","28.10","28.10","28.10","0.23K","0.00%"
"07/29/2012","28.77","28.03","28.03","28.03","0.02K","0.00%"
"07/26/2012","28.77","28.36","29.06","28.36","1.74K","-0.79%"
"07/25/2012","29.00","28.01","28.01","28.01","0.03K","0.00%"
"07/24/2012","29.00","27.13","28.03","27.13","0.13K","0.00%"
"07/19/2012","29.00","28.01","29.06","28.01","0.30K","4.02%"
"07/17/2012","27.88","27.83","27.83","27.83","0.01K","0.00%"
"07/16/2012","27.88","27.87","27.90","27.87","0.69K","-3.76%"
"07/15/2012","28.97","27.87","27.87","27.87","0.03K","0.00%"
"07/12/2012","28.97","28.01","29.06","28.01","0.31K","3.24%"
"07/11/2012","28.06","28.01","29.94","27.66","0.33K","0.18%"
"07/10/2012","28.01","28.01","28.01","28.01","0.29K","0.00%"
"07/09/2012","28.01","28.01","28.01","28.01","0.20K","0.00%"
"07/08/2012","28.01","28.01","28.01","28.01","0.71K","-6.97%"
"07/05/2012","30.11","28.03","28.03","28.03","0.11K","0.00%"
"07/03/2012","30.11","30.11","30.46","30.11","0.37K","3.58%"
"06/28/2012","29.07","28.36","30.11","28.36","1.03K","2.50%"
"06/27/2012","28.36","28.36","28.36","28.36","0.54K","-1.53%"
"06/26/2012","28.80","29.06","29.06","27.73","0.35K","0.66%"
"06/25/2012","28.61","28.71","29.06","28.01","1.86K","4.04%"
"06/24/2012","27.50","28.01","28.01","27.31","3.63K","-1.26%"
"06/21/2012","27.85","28.01","28.01","27.66","0.50K","-0.50%"
"06/20/2012","27.99","28.01","28.01","27.66","1.61K","-1.37%"
"06/14/2012","28.38","28.01","28.61","27.66","3.46K","-0.39%"
"06/13/2012","28.49","28.60","28.61","28.01","0.91K","-0.63%"
"06/11/2012","28.67","28.67","28.67","28.67","0.06K","0.00%"
"06/07/2012","28.67","29.06","29.06","28.36","2.80K","-0.14%"
"06/06/2012","28.71","28.01","28.04","28.01","0.04K","0.00%"
"06/05/2012","28.71","28.71","28.71","28.71","0.04K","0.00%"
"06/04/2012","28.71","28.71","28.71","28.71","1.94K","0.74%"
"06/03/2012","28.50","28.45","28.71","28.01","1.89K","0.92%"
"05/31/2012","28.24","28.02","29.34","28.01","1.71K","-0.18%"
"05/30/2012","28.29","28.71","29.41","28.71","0.17K","0.00%"
"05/29/2012","28.29","28.02","28.02","28.02","0.01K","0.00%"
"05/28/2012","28.29","27.32","28.41","27.32","3.58K","-2.78%"
"05/27/2012","29.10","28.71","29.76","28.71","0.16K","0.00%"
"05/24/2012","29.10","29.41","29.41","28.36","1.67K","-1.72%"
"05/23/2012","29.61","29.41","29.76","29.41","0.30K","0.24%"
"05/22/2012","29.54","29.59","29.76","29.42","4.68K","0.03%"
"05/21/2012","29.53","29.41","29.53","29.41","0.11K","0.00%"
"05/20/2012","29.53","29.62","29.62","29.41","1.39K","-0.24%"
"05/17/2012","29.60","29.59","29.62","29.59","1.76K","0.61%"
"05/16/2012","29.42","29.45","29.45","29.41","0.66K","-2.32%"
"05/15/2012","30.12","29.41","30.46","29.41","1.08K","1.28%"
"05/14/2012","29.74","29.41","29.94","29.41","0.19K","0.00%"
"05/13/2012","29.74","29.24","29.24","29.24","0.09K","0.00%"
"05/10/2012","29.74","29.76","29.76","28.71","6.81K","-1.88%"
"05/09/2012","30.31","29.76","30.46","29.76","0.53K","1.81%"
"05/08/2012","29.77","29.78","29.78","29.76","0.71K","-1.91%"
"05/07/2012","30.35","30.11","30.46","30.11","0.35K","0.23%"
"05/06/2012","30.28","30.11","30.46","29.96","0.45K","1.07%"
"05/03/2012","29.96","29.41","30.46","29.41","0.91K","0.37%"
"05/02/2012","29.85","31.16","31.16","29.76","0.46K","-3.74%"
"04/30/2012","31.01","30.39","32.12","30.11","5.73K","1.81%"
"04/29/2012","30.46","29.41","29.41","29.41","0.07K","0.00%"
"04/26/2012","30.46","30.46","30.46","30.46","0.29K","2.52%"
"04/24/2012","29.71","29.41","29.76","29.41","0.26K","0.00%"
"04/23/2012","29.71","29.76","29.76","29.41","3.35K","1.05%"
"04/19/2012","29.40","28.75","30.11","28.01","2.59K","-2.68%"
"04/17/2012","30.21","29.45","30.28","29.45","0.31K","-1.24%"
"04/11/2012","30.59","30.29","30.78","30.29","0.34K","5.26%"
"04/10/2012","29.06","27.64","30.11","27.64","0.49K","0.90%"
"04/09/2012","28.80","29.41","30.11","26.96","3.02K","-2.04%"
"04/08/2012","29.40","29.53","29.53","28.71","0.31K","-2.10%"
"04/05/2012","30.03","29.99","30.29","29.97","4.84K","-0.40%"
"04/04/2012","30.15","30.34","30.34","29.94","0.92K","-1.60%"
"04/03/2012","30.64","30.34","30.81","30.34","117.98K","1.09%"
"04/02/2012","30.31","30.22","30.32","30.22","1.76K","-1.04%"
"04/01/2012","30.63","30.37","30.81","30.20","0.77K","0.36%"
"03/29/2012","30.52","30.99","30.99","29.94","3.40K","-0.59%"
"03/28/2012","30.70","29.85","30.81","29.85","0.29K","-6.72%"
"03/27/2012","32.91","32.91","33.08","32.74","74.86K","0.61%"
"03/26/2012","32.71","32.48","32.74","32.48","33.55K","0.71%"
"03/25/2012","32.48","32.56","32.56","32.21","15.92K","-0.25%"
"03/22/2012","32.56","32.56","32.56","32.56","0.40K","0.00%"
"03/21/2012","32.56","32.56","32.56","32.56","2.30K","-0.06%"
"03/20/2012","32.58","32.56","32.84","32.56","4.30K","0.28%"
"03/19/2012","32.49","32.89","32.89","32.44","3.22K","0.22%"
"03/18/2012","32.42","32.56","32.56","32.21","11.00K","-0.15%"
"03/15/2012","32.47","32.47","33.08","32.39","1.99K","0.03%"
"03/14/2012","32.46","32.56","32.75","32.39","6.11K","-0.61%"
"03/13/2012","32.66","32.65","33.26","32.58","12.31K","-0.43%"
"03/12/2012","32.80","32.74","32.91","32.74","14.00K","-0.88%"
"03/11/2012","33.09","33.09","33.09","33.09","0.37K","-0.63%"
"03/08/2012","33.30","33.26","33.61","33.26","3.14K","0.12%"
"03/07/2012","33.26","33.17","34.14","33.09","0.72K","-2.61%"
"03/06/2012","34.15","34.31","34.31","33.44","2.14K","0.41%"
"03/05/2012","34.01","33.61","34.49","33.61","0.88K","2.69%"
"03/04/2012","33.12","33.10","33.26","33.10","3.11K","-1.02%"
"03/01/2012","33.46","33.96","33.96","32.91","8.78K","1.27%"
"02/28/2012","33.04","33.68","33.68","32.21","0.34K","-1.73%"
"02/27/2012","33.62","33.63","33.64","33.61","2.47K","-0.94%"
"02/23/2012","33.94","33.95","33.95","33.93","0.33K","2.66%"
"02/22/2012","33.06","33.26","33.26","32.91","1.01K","-1.43%"
"02/21/2012","33.54","33.63","33.63","33.28","0.43K","-0.27%"
"02/20/2012","33.63","33.62","33.70","33.61","2.84M","-0.59%"
"02/19/2012","33.83","33.61","33.96","33.61","7.33K","0.33%"
"02/16/2012","33.72","33.09","33.78","33.09","4.60K","1.29%"
"02/15/2012","33.29","32.91","34.12","32.91","0.76K","-0.30%"
"02/14/2012","33.39","33.57","33.61","33.26","1.46K","-0.33%"
"02/13/2012","33.50","33.64","33.64","32.25","7.60K","0.21%"
"02/09/2012","33.43","33.26","34.29","33.00","0.51K","3.31%"
"02/08/2012","32.36","33.26","33.26","32.39","0.27K","0.00%"
"02/07/2012","32.36","32.21","34.29","31.90","0.31K","-2.47%"
"02/06/2012","33.18","31.86","31.86","31.86","0.06K","0.00%"
"02/02/2012","33.18","31.37","33.96","31.37","0.84K","-1.13%"
"02/01/2012","33.56","33.26","33.26","31.97","0.14K","0.00%"
"01/31/2012","33.56","33.96","33.96","31.87","9.71K","0.54%"
"01/30/2012","33.38","34.12","34.12","32.95","0.68K","-2.57%"
"01/29/2012","34.26","34.24","34.31","32.96","14.57K","3.76%"
"01/26/2012","33.02","31.72","33.61","31.72","76.14K","5.03%"
"01/24/2012","31.44","30.04","31.69","30.04","0.33K","-0.13%"
"01/19/2012","31.48","31.51","31.51","31.48","0.16K","0.00%"
"01/18/2012","31.48","30.64","31.51","30.64","1.04K","0.35%"
"01/17/2012","31.37","30.82","30.82","30.82","0.07K","0.00%"
"01/16/2012","31.37","30.81","30.83","30.81","0.06K","0.00%"
"01/15/2012","31.37","31.69","31.69","30.81","0.33K","-1.29%"
"01/12/2012","31.78","31.86","31.86","31.67","0.61K","0.16%"
"01/10/2012","31.73","31.86","31.86","31.25","1.69K","-0.63%"
"01/09/2012","31.93","31.16","31.16","30.99","0.07K","0.00%"
"01/05/2012","31.93","31.51","32.21","31.16","1.46K","2.27%"
"01/04/2012","31.22","31.16","31.51","31.16","0.24K","0.00%"
"01/02/2012","31.22","30.99","31.51","30.99","1.18K","-0.29%"
"12/29/2011","31.31","31.16","31.51","30.99","5.08K","1.26%"
"12/28/2011","30.92","30.81","31.16","30.81","0.90K","-0.58%"
"12/27/2011","31.10","31.16","31.16","31.07","1.24K","-1.30%"
"12/26/2011","31.51","31.51","31.51","31.51","0.54K","1.84%"
"12/25/2011","30.94","30.72","30.94","30.72","0.13K","0.00%"
"12/22/2011","30.94","30.64","31.14","30.64","1.09K","0.29%"
"12/21/2011","30.85","30.81","31.14","30.64","0.67K","0.19%"
"12/19/2011","30.79","30.52","31.16","30.11","0.86K","-1.19%"
"12/18/2011","31.16","31.16","31.16","31.16","2.26K","-0.06%"
"12/15/2011","31.18","31.51","31.51","31.16","9.39K","1.23%"
"12/14/2011","30.80","30.66","31.51","30.66","1.43K","-1.16%"
"12/13/2011","31.16","31.20","31.20","31.15","7.57K","-0.95%"
"12/12/2011","31.46","31.20","31.51","31.20","3.94K","-0.16%"
"12/11/2011","31.51","31.54","31.54","31.51","5.79K","-0.72%"
"12/08/2011","31.74","31.51","31.86","30.90","3.99K","0.35%"
"12/07/2011","31.63","30.81","31.83","30.81","0.76K","0.80%"
"12/06/2011","31.38","31.79","31.79","31.27","0.83K","-1.20%"
"12/05/2011","31.76","31.69","31.86","31.69","0.30K","3.18%"
"12/04/2011","30.78","31.53","31.53","30.64","6.73K","-2.32%"
"12/01/2011","31.51","31.44","31.51","31.44","5.60K","-0.06%"
"11/30/2011","31.53","31.55","32.21","31.44","1.47K","-0.13%"
"11/29/2011","31.57","32.90","32.91","31.51","9.35K","0.19%"
"11/24/2011","31.51","31.51","31.51","31.51","3.97K","0.00%"
"11/23/2011","31.51","31.51","31.51","31.51","0.71K","1.09%"
"11/22/2011","31.17","31.13","31.13","31.13","0.11K","0.00%"
"11/21/2011","31.17","31.51","31.51","31.16","0.80K","-1.20%"
"11/20/2011","31.55","31.51","31.95","31.51","1.41K","0.13%"
"11/17/2011","31.51","31.51","31.51","31.51","1.54K","-0.88%"
"11/16/2011","31.79","32.04","32.38","31.51","10.28K","-1.15%"
"11/15/2011","32.16","32.21","32.21","31.76","3.37K","-0.12%"
"11/14/2011","32.20","32.70","32.70","32.04","0.75K","-1.59%"
"11/13/2011","32.72","32.59","32.91","32.59","0.30K","-2.82%"
"11/10/2011","33.67","32.59","32.59","32.59","0.07K","0.00%"
"11/03/2011","33.67","34.31","34.31","32.95","3.10K","-0.27%"
"11/01/2011","33.76","32.56","36.24","32.56","1.39K","2.24%"
"10/31/2011","33.02","32.74","33.26","32.56","3.91K","-0.99%"
"10/30/2011","33.35","32.74","32.74","32.74","0.03K","0.00%"
"10/27/2011","33.35","33.26","33.77","32.91","0.49K","1.21%"
"10/25/2011","32.95","32.60","33.08","32.60","0.30K","0.98%"
"10/24/2011","32.63","32.56","32.91","32.56","0.39K","0.00%"
"10/23/2011","0.00","94.00","95.00","94.00","0.01K","-100.00%"
"10/20/2011","33.08","33.40","33.42","32.60","1.91K","1.04%"
"10/19/2011","32.74","32.91","32.91","32.60","1.10K","-0.24%"
"10/18/2011","32.82","33.41","33.41","32.70","1.65K","-0.09%"
"10/17/2011","32.85","32.74","32.95","32.74","1.09K","0.00%"
"10/16/2011","0.00","93.00","93.01","92.95","0.06K","-100.00%"
"10/13/2011","33.58","33.58","33.61","33.26","0.60K","2.72%"
"10/10/2011","32.69","32.56","33.59","32.56","1.06K","-0.82%"
"10/09/2011","32.96","32.12","33.08","32.04","2.76K","2.11%"
"10/05/2011","32.28","32.22","32.91","32.21","0.93K","-7.51%"
"10/04/2011","34.90","34.66","35.01","34.66","3.54K","-0.06%"
"10/03/2011","34.92","34.84","35.01","34.84","0.35K","0.17%"
"10/02/2011","34.86","35.01","35.01","34.84","0.71K","-1.27%"
"09/29/2011","35.31","35.27","35.36","35.19","12.82K","0.46%"
"09/28/2011","35.15","35.01","35.36","35.01","2.38K","-0.03%"
"09/27/2011","35.16","34.85","35.61","34.85","4.90K","0.43%"
"09/26/2011","35.01","34.85","35.02","34.85","9.20K","-0.03%"
"09/25/2011","35.02","34.85","35.70","34.85","2.18K","-1.63%"
"09/22/2011","35.60","35.71","35.71","35.36","0.66K","1.40%"
"09/21/2011","35.11","35.36","35.36","35.03","0.97K","0.26%"
"09/20/2011","35.02","35.01","35.10","35.01","0.68K","-0.03%"
"09/19/2011","35.03","35.01","35.36","35.01","1.57K","0.03%"
"09/18/2011","35.02","34.72","35.05","34.72","1.23K","0.92%"
"09/15/2011","34.70","35.01","35.01","34.67","4.28K","-0.32%"
"09/14/2011","34.81","34.76","35.02","34.75","0.54K","-0.97%"
"09/13/2011","35.15","35.37","35.37","34.75","0.84K","-0.31%"
"09/12/2011","35.26","35.36","35.36","35.05","0.49K","-1.20%"
"09/11/2011","35.69","35.54","36.06","35.36","6.09K","0.79%"
"09/08/2011","35.41","35.01","35.54","35.01","1.61K","1.14%"
"09/06/2011","35.01","35.01","35.03","35.01","1.49K","-0.03%"
"09/05/2011","35.02","34.70","36.06","34.66","4.21K","0.03%"
"09/04/2011","35.01","35.01","35.01","35.01","2.91K","-0.77%"
"08/29/2011","35.28","35.01","35.36","35.01","1.48K","1.29%"
"08/28/2011","34.83","34.77","35.01","34.75","0.50K","-0.43%"
"08/25/2011","34.98","35.01","35.01","34.89","0.55K","0.52%"
"08/24/2011","34.80","34.80","34.84","34.66","3.43K","0.81%"
"08/23/2011","34.52","35.01","35.01","34.31","3.23K","0.00%"
"08/22/2011","0.00","97.51","97.51","97.51","0.02K","-100.00%"
"08/21/2011","34.03","33.62","35.00","33.62","1.41K","-2.44%"
"08/18/2011","34.88","34.70","35.01","34.66","5.71K","0.35%"
"08/17/2011","34.76","35.98","36.06","34.70","3.30K","-2.58%"
"08/16/2011","35.68","35.01","35.71","35.01","2.97K","0.00%"
"08/15/2011","0.00","99.00","99.00","99.00","0.02K","-100.00%"
"08/14/2011","34.38","34.40","34.40","34.31","1.23K","-2.30%"
"08/11/2011","35.19","35.10","35.36","35.01","1.48K","-0.28%"
"08/10/2011","35.29","35.71","35.71","34.67","1.33K","2.41%"
"08/09/2011","34.46","34.14","34.69","34.14","9.18K","0.00%"
"08/08/2011","0.00","99.95","100.00","97.00","0.06K","0.00%"
"08/07/2011","0.00","98.00","100.00","98.00","0.09K","-100.00%"
"08/04/2011","36.05","35.85","36.06","35.85","0.81K","0.00%"
"08/02/2011","0.00","101.25","101.25","101.25","0.06K","-100.00%"
"08/01/2011","35.03","35.01","35.71","35.01","1.47K","-0.45%"
"07/31/2011","35.19","35.19","35.19","35.19","0.30K","0.00%"
"07/28/2011","35.19","33.87","35.29","33.87","0.64K","0.00%"
"07/27/2011","0.00","98.50","101.98","98.50","0.08K","0.00%"
"07/26/2011","0.00","97.00","97.00","96.70","0.09K","-100.00%"
"07/25/2011","33.26","32.91","33.80","32.91","0.34K","-5.16%"
"07/21/2011","35.07","34.75","36.06","34.67","1.79K","0.92%"
"07/20/2011","34.75","34.67","34.75","34.67","1.23K","0.75%"
"07/19/2011","34.49","34.49","34.49","34.49","0.33K","0.00%"
"07/18/2011","0.00","98.00","98.10","98.00","0.03K","0.00%"
"07/14/2011","0.00","97.25","97.25","97.01","0.02K","-100.00%"
"07/13/2011","34.94","35.01","35.01","33.70","1.55K","4.05%"
"07/12/2011","33.58","33.26","35.34","32.93","0.57K","0.00%"
"07/11/2011","0.00","99.02","99.02","99.02","0.05K","-100.00%"
"07/10/2011","34.20","33.61","35.01","33.45","0.49K","-4.04%"
"07/07/2011","35.64","34.31","36.06","34.31","2.54K","3.97%"
"07/06/2011","34.28","34.31","34.31","33.79","0.46K","0.00%"
"07/05/2011","0.00","98.00","99.00","98.00","0.08K","-100.00%"
"07/04/2011","33.66","33.93","33.93","33.61","0.87K","-2.21%"
"07/03/2011","34.42","31.62","36.59","31.60","1.10K","-1.94%"
"06/30/2011","35.10","35.36","35.36","32.93","6.29K","0.11%"
"06/29/2011","35.06","35.56","35.56","35.01","6.74K","-1.82%"
"06/28/2011","35.71","35.56","35.71","35.56","6.76K","-0.94%"
"06/27/2011","36.05","35.89","36.06","35.01","6.03K","-1.10%"
"06/26/2011","36.45","36.45","36.45","36.10","8.00M","0.00%"
"06/23/2011","36.45","36.40","36.59","36.17","11.74K","0.00%"
"06/22/2011","0.00","103.75","104.45","103.75","0.05K","-100.00%"
"06/21/2011","36.24","36.28","36.28","36.15","1.34K","-0.44%"
"06/20/2011","36.40","36.27","36.76","36.26","6.68K","0.03%"
"06/19/2011","36.39","36.28","36.41","36.28","3.29K","-1.94%"
"06/16/2011","37.11","36.76","37.29","36.76","1.66K","0.84%"
"06/15/2011","36.80","36.54","37.11","36.31","1.96K","1.02%"
"06/14/2011","36.43","36.26","36.62","36.26","0.50K","-0.16%"
"06/13/2011","36.49","36.20","36.76","36.20","2.31K","0.86%"
"06/12/2011","36.18","36.20","36.59","36.14","0.96K","-1.12%"
"06/09/2011","36.59","36.21","36.76","36.14","1.29K","1.16%"
"06/08/2011","36.17","36.17","36.21","36.15","0.84K","-0.66%"
"06/07/2011","36.41","36.41","36.41","36.41","0.52K","-0.05%"
"06/06/2011","36.43","36.41","36.76","36.41","1.07K","-0.16%"
"06/05/2011","36.49","36.27","36.71","36.24","1.53K","0.00%"
"06/01/2011","0.00","103.51","103.51","103.51","0.01K","-100.00%"
"05/31/2011","36.16","36.13","36.17","36.13","1.71K","-1.87%"
"05/30/2011","36.85","36.90","37.46","36.62","1.32K","0.46%"
"05/29/2011","36.68","36.76","37.45","36.41","2.14K","-0.14%"
"05/26/2011","36.73","36.74","38.08","36.17","0.99K","1.16%"
"05/25/2011","36.31","36.14","36.66","36.13","0.44K","-0.49%"
"05/24/2011","36.49","36.07","36.72","36.07","0.47K","0.63%"
"05/23/2011","36.26","36.41","36.76","35.73","3.94K","0.17%"
"05/22/2011","36.20","36.76","36.76","36.07","1.01K","-1.12%"
"05/19/2011","36.61","36.06","36.76","36.06","4.25K","0.83%"
"05/18/2011","36.31","36.12","36.57","36.12","2.06K","0.19%"
"05/17/2011","36.24","36.26","36.26","36.24","1.11K","0.08%"
"05/16/2011","36.21","35.72","36.67","35.72","3.57K","0.95%"
"05/15/2011","35.87","35.71","36.41","35.71","1.20K","-0.25%"
"05/12/2011","35.96","35.66","36.26","35.66","1.46K","0.28%"
"05/11/2011","35.86","35.89","36.06","35.59","2.79K","-0.53%"
"05/10/2011","36.05","36.76","37.00","35.71","2.46K","-0.19%"
"05/09/2011","36.12","36.08","36.59","36.06","4.79K","-1.07%"
"05/08/2011","36.51","36.07","36.76","36.07","1.45K","-1.56%"
"05/05/2011","37.09","36.33","37.18","36.33","4.89K","0.62%"
"05/04/2011","36.86","35.78","37.46","35.78","10.42K","0.88%"
"05/03/2011","36.54","36.06","37.04","36.06","10.45K","1.25%"
"05/02/2011","36.09","37.46","37.46","35.73","5.13K","-0.28%"
"04/28/2011","36.19","36.07","37.46","36.06","3.50K","0.28%"
"04/27/2011","36.09","35.92","36.27","35.92","2.10K","-0.14%"
"04/26/2011","36.14","35.72","37.81","34.42","2.21K","-5.17%"
"04/21/2011","38.11","38.09","38.16","38.09","0.99K","-9.95%"
"04/20/2011","42.32","43.24","43.24","39.41","1.67K","-3.33%"
"04/19/2011","43.78","43.72","43.94","43.42","31.24K","0.46%"
"04/18/2011","43.58","43.41","43.77","43.07","9.01K","-0.59%"
"04/17/2011","43.84","43.70","44.43","43.45","12.42K","0.23%"
"04/14/2011","43.74","43.85","43.94","43.63","12.97K","0.21%"
"04/13/2011","43.65","42.91","44.12","42.89","49.23K","1.82%"
"04/12/2011","42.87","42.72","43.00","42.39","6.82K","-0.30%"
"04/11/2011","43.00","42.37","43.16","42.19","10.24K","0.47%"
"04/10/2011","42.80","42.11","43.21","42.11","4.47K","-0.21%"
"04/07/2011","42.89","42.68","43.35","42.68","28.56K","-0.07%"
"04/06/2011","42.92","43.77","43.77","41.38","4.12K","0.12%"
"04/05/2011","42.87","43.07","43.07","42.29","6.27K","-0.35%"
"04/04/2011","43.02","43.42","43.57","42.19","10.54K","-0.23%"
"04/03/2011","43.12","43.07","43.42","42.89","3.20K","-0.02%"
"03/31/2011","43.13","42.54","43.59","42.41","90.72K","1.03%"
"03/30/2011","42.69","42.94","43.77","42.35","5.17K","-0.58%"
"03/29/2011","42.94","42.36","43.59","42.01","5.19K","-3.18%"
"03/28/2011","44.35","45.13","45.13","42.19","16.90K","8.09%"
"03/27/2011","41.03","39.91","41.03","39.91","22.35K","10.00%"
"03/24/2011","37.30","35.01","37.49","35.01","16.68K","9.42%"
"03/23/2011","34.09","31.99","35.89","31.99","5.84K","-4.11%"
"01/27/2011","35.55","34.75","36.41","34.75","16.98K","-0.97%"
"01/26/2011","35.90","36.77","36.77","35.01","42.73K","-6.34%"
"01/24/2011","38.33","36.96","38.51","36.94","7.68K","1.11%"
"01/23/2011","37.91","36.78","38.34","36.78","1.67K","-1.25%"
"01/20/2011","38.39","36.42","38.51","36.42","3.31K","7.03%"
"01/19/2011","35.87","35.54","37.78","35.47","0.36K","-2.13%"
"01/18/2011","36.65","35.68","36.76","35.68","3.45K","-0.87%"
"01/17/2011","36.97","36.98","38.13","36.85","1.21K","-2.20%"
"01/16/2011","37.80","38.51","38.51","36.94","0.29K","2.05%"
"01/13/2011","37.04","36.59","38.85","35.98","2.68K","0.00%"
"01/12/2011","0.00","103.00","104.50","102.50","0.08K","-100.00%"
"01/11/2011","36.70","35.63","37.38","35.63","1.07K","-0.05%"
"01/10/2011","36.72","35.01","37.11","35.01","4.19K","1.18%"
"01/06/2011","36.29","36.10","36.69","35.20","3.05K","0.44%"
"01/05/2011","36.13","34.57","36.41","34.57","1.64K","0.11%"
"01/04/2011","36.09","36.71","36.71","36.04","0.93K","2.30%"
"01/03/2011","35.28","34.89","35.36","34.89","0.33K","1.38%"
"01/02/2011","34.80","35.37","35.37","34.43","1.03K","-1.11%"
"12/30/2010","35.19","34.66","35.36","34.66","6.11K","1.50%"
"12/29/2010","34.67","34.58","34.97","34.58","6.61K","0.20%"
"12/28/2010","34.60","34.57","35.01","34.57","4.06K","0.23%"
"12/27/2010","34.52","33.96","34.66","33.61","5.91K","0.29%"
"12/26/2010","34.42","34.66","34.66","33.98","16.31K","0.00%"
"12/23/2010","34.42","34.40","34.64","34.40","3.63K","-0.03%"
"12/22/2010","34.43","34.40","34.49","34.40","1.36K","-0.15%"
"12/21/2010","34.48","34.42","34.84","34.42","1.21K","0.00%"
"12/20/2010","34.48","34.40","34.49","34.40","0.37K","-1.06%"
"12/19/2010","34.85","34.31","35.01","34.31","0.70K","0.84%"
"12/16/2010","34.56","34.40","34.94","34.40","4.08K","0.49%"
"12/15/2010","34.39","34.22","34.40","34.22","2.06K","-0.23%"
"12/14/2010","34.47","34.47","34.49","34.37","27.05K","0.00%"
"12/13/2010","34.47","34.66","35.01","34.40","28.75K","-1.26%"
"12/12/2010","34.91","34.42","35.01","34.42","1.11K","1.60%"
"12/09/2010","34.36","34.34","34.41","34.34","1.46K","0.15%"
"12/08/2010","34.31","33.96","34.32","33.96","0.77K","-0.15%"
"12/06/2010","34.36","33.97","34.40","33.97","1.37K","0.00%"
"12/05/2010","0.00","97.00","97.30","97.00","0.03K","-100.00%"
"12/02/2010","34.45","34.31","34.49","34.31","2.66K","-0.09%"
"12/01/2010","34.48","34.28","34.66","34.28","6.24K","0.55%"
"11/30/2010","34.29","33.96","34.35","33.84","0.80K","-0.17%"
"11/29/2010","34.35","34.15","34.40","34.15","0.39K","-1.18%"
"11/28/2010","34.76","35.01","35.18","34.42","0.79K","0.26%"
"11/25/2010","34.67","34.66","34.98","34.66","7.48K","0.00%"
"11/24/2010","0.00","97.50","98.01","97.50","0.09K","-100.00%"
"11/23/2010","34.88","33.75","35.01","33.75","3.25K","-0.71%"
"11/22/2010","35.13","35.10","35.19","34.31","8.25K","2.09%"
"11/21/2010","34.41","33.62","35.10","33.62","2.68K","0.29%"
"11/18/2010","34.31","34.59","34.62","33.96","1.01K","1.09%"
"11/14/2010","33.94","33.79","34.62","33.79","0.43K","-0.73%"
"11/11/2010","34.19","34.31","34.64","33.70","3.22K","1.73%"
"11/10/2010","33.61","33.61","33.62","33.61","0.48K","1.48%"
"11/09/2010","33.12","32.88","33.61","32.88","1.15K","-2.10%"
"11/08/2010","33.83","32.75","34.49","32.75","1.73K","1.20%"
"11/07/2010","33.43","33.12","34.31","33.12","0.37K","-1.15%"
"11/04/2010","33.82","33.61","34.31","33.61","1.71K","3.17%"
"11/03/2010","32.78","32.60","32.91","32.60","0.60K","-0.36%"
"11/02/2010","32.90","31.90","33.61","31.90","0.95K","0.00%"
"11/01/2010","0.00","93.00","94.00","93.00","0.10K","-100.00%"
"10/31/2010","33.69","33.61","33.70","33.61","1.68K","0.00%"
"10/28/2010","33.69","33.36","33.79","33.35","1.04K","0.21%"
"10/27/2010","33.62","33.61","33.76","33.61","3.08K","-0.06%"
"10/26/2010","33.64","33.61","33.72","33.61","0.50K","0.00%"
"10/25/2010","0.00","96.30","96.30","96.30","0.06K","-100.00%"
"10/24/2010","34.33","34.31","34.66","34.31","42.09K","0.06%"
"10/21/2010","34.31","34.31","34.31","34.31","1.20K","0.06%"
"10/20/2010","34.29","33.96","34.31","33.96","3.20K","1.99%"
"10/19/2010","33.62","33.52","33.96","33.52","44.76K","-0.47%"
"10/18/2010","33.78","34.14","34.18","33.37","3.07K","-1.17%"
"10/17/2010","34.18","34.14","34.94","34.14","0.46K","-1.70%"
"10/14/2010","34.77","34.44","35.36","34.05","12.05K","-0.03%"
"10/13/2010","34.78","34.99","35.01","34.42","1.11K","1.05%"
"10/11/2010","34.42","34.54","34.54","34.32","1.49K","-0.64%"
"10/10/2010","34.64","34.33","35.19","34.33","1.64K","-0.66%"
"10/07/2010","34.87","34.31","35.01","34.31","0.34K","0.00%"
"10/05/2010","0.00","98.40","98.55","98.40","0.03K","-100.00%"
"10/04/2010","35.22","35.00","36.41","35.00","2.82K","1.09%"
"10/03/2010","34.84","35.01","35.01","33.96","3.42K","1.22%"
"09/30/2010","34.42","33.35","35.01","33.35","2.25K","2.90%"
"09/29/2010","33.45","32.47","33.79","32.47","2.76K","1.27%"
"09/28/2010","33.03","32.35","33.21","32.35","0.78K","0.76%"
"09/27/2010","32.78","32.23","33.22","32.23","2.28K","1.55%"
"09/26/2010","32.28","32.21","32.39","32.21","0.68K","0.00%"
"09/23/2010","32.28","31.88","32.68","31.88","2.06K","1.10%"
"09/22/2010","31.93","31.86","32.21","31.86","1.11K","0.00%"
"09/21/2010","31.93","31.95","32.04","31.87","5.96K","0.09%"
"09/20/2010","31.90","31.87","32.21","31.86","0.87K","-1.15%"
"09/19/2010","32.27","33.12","33.12","31.95","1.74K","0.25%"
"09/16/2010","32.19","32.21","32.39","31.71","2.04K","-0.03%"
"09/15/2010","32.20","32.33","32.33","31.88","2.67K","-0.62%"
"09/14/2010","32.40","32.33","32.45","32.33","5.29K","-0.70%"
"09/13/2010","32.63","32.32","33.26","32.32","0.93K","0.46%"
"09/08/2010","32.48","32.56","32.56","32.39","1.13K","-0.25%"
"09/07/2010","32.56","32.56","32.56","32.56","0.37K","0.80%"
"09/06/2010","32.30","32.21","32.39","32.21","0.80K","0.12%"
"09/05/2010","32.26","32.30","32.30","32.21","0.93K","-0.89%"
"09/02/2010","32.55","32.21","32.56","32.21","14.77K","1.09%"
"09/01/2010","32.20","32.21","32.21","31.86","3.73K","0.00%"
"08/31/2010","32.20","32.54","32.56","31.51","4.50K","-0.59%"
"08/30/2010","32.39","32.32","32.41","32.32","0.68K","-0.15%"
"08/29/2010","32.44","32.21","32.56","32.21","1.77K","-0.37%"
"08/26/2010","32.56","32.21","32.56","32.21","14.81K","0.00%"
"08/25/2010","0.00","92.76","93.00","92.76","0.08K","-100.00%"
"08/24/2010","32.69","32.00","32.74","32.00","0.73K","0.58%"
"08/23/2010","32.50","32.00","32.56","32.00","1.22K","1.53%"
"08/22/2010","32.01","31.90","32.07","31.90","1.36K","-1.17%"
"08/19/2010","32.39","32.23","32.56","32.23","1.63K","0.22%"
"08/17/2010","32.32","32.32","32.33","32.30","2.29K","0.12%"
"08/16/2010","32.28","31.37","32.39","31.37","3.07K","-0.28%"
"08/15/2010","32.37","32.21","32.39","32.21","3.32K","-0.61%"
"08/12/2010","32.57","32.91","32.91","32.51","14.91K","1.27%"
"08/11/2010","32.16","32.21","32.21","32.04","1.53K","0.72%"
"08/10/2010","31.93","31.87","32.04","31.87","6.32K","-1.93%"
"08/09/2010","32.56","31.86","32.81","31.86","3.89K","0.00%"
"08/08/2010","0.00","90.52","91.50","90.52","0.09K","-100.00%"
"08/05/2010","32.43","31.34","32.74","31.34","1.69K","2.66%"
"08/04/2010","31.59","31.69","32.91","31.51","1.11K","0.25%"
"08/03/2010","31.51","31.51","31.51","31.51","2.57K","0.00%"
"08/02/2010","31.51","31.51","31.51","31.37","5.00K","0.06%"
"08/01/2010","31.49","31.23","31.51","31.23","5.39K","0.00%"
"07/29/2010","31.49","31.00","31.51","30.99","16.41K","0.86%"
"07/28/2010","31.22","30.90","31.83","30.90","0.83K","-1.11%"
"07/27/2010","31.57","31.33","31.85","31.33","2.80K","0.19%"
"07/26/2010","31.51","31.51","31.51","30.99","7.29K","1.12%"
"07/25/2010","31.16","31.16","31.18","30.81","6.43K","-1.11%"
"07/22/2010","31.51","31.51","31.51","31.51","0.31K","1.48%"
"07/21/2010","31.05","30.53","31.16","30.53","4.10K","0.39%"
"07/20/2010","30.93","31.16","31.16","30.81","1.05K","0.49%"
"07/19/2010","30.78","30.65","30.87","30.65","0.39K","-2.25%"
"07/18/2010","31.49","30.33","31.51","30.33","7.50K","3.18%"
"07/15/2010","30.52","29.76","31.31","29.76","1.89K","-2.83%"
"07/14/2010","31.41","31.50","31.51","30.46","15.69K","-0.29%"
"07/13/2010","31.50","30.90","31.51","30.90","7.82K","1.68%"
"07/12/2010","30.98","30.85","31.50","30.83","1.53K","-1.74%"
"07/11/2010","31.53","31.62","31.86","31.20","17.76K","-1.13%"
"07/08/2010","31.89","33.09","33.23","28.47","0.52K","0.00%"
"07/07/2010","0.00","92.05","94.50","92.05","0.08K","-100.00%"
"07/06/2010","33.00","33.26","33.26","32.23","1.19K","2.33%"
"07/05/2010","32.25","32.23","32.33","32.23","0.81K","-1.74%"
"07/04/2010","32.82","32.70","33.26","31.96","0.97K","0.34%"
"06/30/2010","32.71","32.56","32.76","32.56","1.09K","-3.40%"
"06/29/2010","33.86","32.56","33.96","32.56","1.92K","-2.56%"
"06/28/2010","34.75","33.61","35.01","33.61","2.84K","3.05%"
"06/27/2010","33.72","33.72","36.71","33.32","6.43M","-0.18%"
"06/24/2010","33.78","33.27","33.96","33.27","0.81K","-0.06%"
"06/23/2010","33.80","33.38","33.87","32.58","1.16K","0.36%"
"06/22/2010","33.68","33.28","33.86","33.28","3.76K","0.48%"
"06/21/2010","33.52","32.61","33.96","32.61","4.87K","0.42%"
"06/20/2010","33.38","33.35","33.44","33.30","0.54K","-1.85%"
"06/17/2010","34.01","33.96","34.31","33.96","3.34K","0.47%"
"06/16/2010","33.85","33.26","34.31","33.26","2.53K","0.59%"
"06/15/2010","33.65","33.27","33.96","33.26","1.29K","1.20%"
"06/14/2010","33.25","32.91","33.27","32.91","2.03K","-1.39%"
"06/13/2010","33.72","32.92","33.96","32.91","2.81K","0.00%"
"06/10/2010","33.72","33.73","33.75","33.63","0.86K","1.41%"
"06/09/2010","33.25","32.56","33.27","32.56","3.01K","1.03%"
"06/08/2010","32.91","32.91","32.91","32.91","1.59K","-0.72%"
"06/07/2010","33.15","33.09","33.79","31.69","0.29K","-2.30%"
"06/06/2010","33.93","34.15","34.29","33.61","2.18K","2.54%"
"06/03/2010","33.09","33.09","33.09","33.09","1.71K","-0.48%"
"06/01/2010","33.25","33.28","33.45","32.91","3.60K","-0.36%"
"05/31/2010","33.37","33.27","33.61","33.19","2.85K","-1.42%"
"05/30/2010","33.85","34.31","34.31","33.27","1.81K","-0.76%"
"05/27/2010","34.11","32.91","35.71","32.91","1.34K","1.43%"
"05/26/2010","33.63","32.56","34.59","31.86","19.77K","0.00%"
"05/25/2010","0.00","75.05","81.00","75.05","0.02K","-100.00%"
"05/24/2010","32.22","33.79","33.79","26.96","2.93K","-3.88%"
"05/23/2010","33.52","32.56","35.01","32.21","0.99K","-2.44%"
"05/20/2010","34.36","34.31","35.01","34.31","18.44K","0.12%"
"05/19/2010","34.32","34.54","34.54","34.31","4.83K","-0.61%"
"05/18/2010","34.53","34.28","34.59","34.28","0.46K","-0.26%"
"05/17/2010","34.62","35.36","35.36","33.62","1.34K","-2.86%"
"05/16/2010","35.64","35.40","35.66","35.40","0.43K","-2.94%"
"05/13/2010","36.72","36.76","37.70","36.41","7.34K","4.68%"
"05/12/2010","35.08","35.08","35.08","35.05","0.40K","-2.12%"
"05/11/2010","35.84","35.80","36.38","35.40","5.00K","-1.24%"
"05/10/2010","36.29","35.81","36.71","35.81","1.59K","1.31%"
"05/09/2010","35.82","35.40","36.55","35.40","3.46K","-1.76%"
"05/06/2010","36.46","36.24","36.76","36.24","2.72K","-1.73%"
"05/05/2010","37.10","36.27","37.95","36.08","2.52K","-0.43%"
"05/04/2010","37.26","36.50","38.16","36.08","4.07K","-0.64%"
"05/03/2010","37.50","36.59","38.51","36.59","2.15K","-1.06%"
"05/02/2010","37.90","36.07","38.51","36.07","6.89K","4.01%"
"04/29/2010","36.44","35.79","38.51","35.79","1.37K","-2.20%"
"04/28/2010","37.26","35.59","37.81","35.59","14.62K","3.10%"
"04/27/2010","36.14","36.41","36.50","36.07","3.20K","-0.96%"
"04/26/2010","36.49","35.89","36.94","35.89","1.22K","-0.19%"
"04/22/2010","36.56","35.58","37.78","35.58","2.06K","1.13%"
"04/21/2010","36.15","35.58","36.76","35.58","2.95K","-0.69%"
"04/20/2010","36.40","35.58","38.86","35.58","1.77K","-2.99%"
"04/19/2010","37.52","39.39","39.39","36.15","3.98K","-0.37%"
"04/18/2010","37.66","37.82","39.91","37.33","3.87K","-3.95%"
"04/15/2010","39.21","39.21","39.91","38.86","5.89K","-0.86%"
"04/14/2010","39.55","39.60","40.26","39.21","18.32K","-1.76%"
"04/13/2010","40.26","40.35","41.66","39.41","12.53K","-4.23%"
"04/12/2010","42.04","39.56","42.36","39.56","95.51K","1.06%"
"04/11/2010","41.60","40.26","42.36","38.86","143.30K","5.29%"
"04/08/2010","39.51","38.90","40.26","38.51","45.00K","6.12%"
"04/07/2010","37.23","35.45","38.51","35.45","25.38K","-8.88%"
"04/06/2010","40.86","39.91","41.66","37.83","39.46K","3.89%"
"04/01/2010","39.33","38.86","39.56","38.51","81.85K","1.89%"
"03/31/2010","38.60","37.98","39.21","37.98","89.33K","2.33%"
"03/30/2010","37.72","37.65","38.02","37.54","5.72K","-1.15%"
"03/29/2010","38.16","38.47","38.48","37.54","4.32K","-0.52%"
"03/28/2010","38.36","38.51","38.65","37.50","13.48K","2.38%"
"03/25/2010","37.47","37.11","37.64","37.11","31.97K","-0.05%"
"03/24/2010","37.49","36.85","38.13","36.12","3.19K","1.93%"
"03/23/2010","36.78","35.01","40.02","34.66","7.99K","4.94%"
"03/22/2010","35.05","34.31","35.67","34.31","1.73K","5.10%"
"03/21/2010","33.35","32.53","33.96","32.39","1.62K","-3.14%"
"03/18/2010","34.43","33.61","34.66","33.61","11.81K","1.03%"
"03/17/2010","34.08","34.31","34.56","33.90","1.85K","0.18%"
"03/16/2010","34.02","33.00","34.66","33.00","0.52K","1.64%"
"03/15/2010","33.47","32.65","34.31","32.65","1.36K","-3.35%"
"03/14/2010","34.63","34.66","35.19","34.31","5.40K","0.82%"
"03/11/2010","34.35","34.31","34.49","34.18","1.40K","0.03%"
"03/10/2010","34.34","34.14","34.64","34.14","1.65K","0.64%"
"03/08/2010","34.12","33.96","34.49","33.96","1.24K","-0.96%"
"03/07/2010","34.45","34.49","34.49","34.32","1.59K","-1.80%"
"03/04/2010","35.08","33.62","35.71","33.62","0.59K","1.33%"
"03/03/2010","34.62","36.03","36.03","33.96","0.54K","-0.35%"
"03/02/2010","34.74","33.93","35.36","33.93","6.55K","2.15%"
"03/01/2010","34.01","32.81","34.32","32.81","5.64K","2.78%"
"02/28/2010","33.09","32.39","33.43","32.39","0.55K","0.58%"
"02/25/2010","32.90","32.21","33.26","31.86","0.64K","-0.09%"
"02/24/2010","32.93","32.30","32.98","32.30","2.23K","0.03%"
"02/23/2010","32.92","32.91","33.01","32.59","13.75K","-0.21%"
"02/22/2010","32.99","32.92","33.25","32.91","3.94K","0.18%"
"02/21/2010","32.93","32.77","33.26","32.77","1.67K","-1.02%"
"02/18/2010","33.27","32.91","33.76","32.91","9.64K","-0.03%"
"02/17/2010","33.28","33.66","34.24","32.86","11.91K","-1.13%"
"02/16/2010","33.66","33.28","34.05","33.28","2.65K","0.12%"
"02/15/2010","33.62","33.09","34.04","32.59","12.10K","6.80%"
"02/14/2010","31.48","31.51","31.51","30.99","0.40K","-0.69%"
"02/11/2010","31.70","31.44","32.53","30.29","7.70K","1.77%"
"02/10/2010","31.15","29.59","31.51","29.59","1.73K","4.46%"
"02/09/2010","29.82","29.78","30.11","29.47","4.22K","1.19%"
"02/08/2010","29.47","29.41","30.11","29.41","6.86K","0.14%"
"02/07/2010","29.43","29.41","29.50","29.41","1.77K","-1.04%"
"02/04/2010","29.74","29.41","29.76","29.41","0.53K","1.16%"
"02/03/2010","29.40","29.76","30.11","29.08","19.16K","-1.01%"
"02/02/2010","29.70","29.24","29.89","29.20","5.73K","1.54%"
"01/31/2010","29.25","29.24","29.27","29.24","0.70K","-1.25%"
"01/28/2010","29.62","28.90","30.11","28.90","4.25K","1.82%"
"01/27/2010","29.09","28.89","29.93","28.89","1.55K","-0.51%"
"01/26/2010","29.24","29.26","29.43","28.89","1.38K","-1.02%"
"01/24/2010","29.54","29.49","29.59","29.46","2.45K","-2.19%"
"01/21/2010","30.20","29.76","30.78","29.76","0.44K","2.10%"
"01/20/2010","29.58","29.76","29.76","29.50","0.44K","-1.40%"
"01/19/2010","30.00","29.45","30.80","29.45","0.69K","-0.23%"
"01/18/2010","30.07","29.25","30.46","29.25","0.55K","0.07%"
"01/17/2010","30.05","30.46","30.46","29.11","1.61K","1.55%"
"01/14/2010","29.59","29.06","29.76","29.06","2.04K","2.00%"
"01/13/2010","29.01","29.06","29.10","28.93","1.09K","-0.65%"
"01/12/2010","29.20","29.06","29.72","28.92","2.98K","0.00%"
"01/11/2010","29.20","29.41","29.76","29.06","1.46K","-0.54%"
"01/10/2010","29.36","28.94","29.41","28.94","8.07K","1.59%"
"01/06/2010","28.90","28.78","31.16","28.78","47.21K","0.24%"
"01/05/2010","28.83","28.71","29.13","28.71","7.80K","-0.83%"
"01/04/2010","29.07","29.07","29.41","28.99","5.60K","-2.06%"