"Date","Price","Open","High","Low","Vol.","Change %"
"02/01/2026","4,310.05","4,289.65","4,310.05","4,266.73","","0.48%"
"01/28/2026","4,289.65","4,335.84","4,356.06","4,287.70","","-1.07%"
"01/27/2026","4,335.84","4,344.58","4,354.63","4,322.50","","-0.20%"
"01/26/2026","4,344.58","4,340.43","4,384.74","4,331.36","","0.10%"
"01/25/2026","4,340.43","4,297.19","4,370.93","4,270.73","","1.01%"
"01/22/2026","4,297.19","4,301.29","4,370.52","4,291.84","","-0.10%"
"01/21/2026","4,301.29","4,301.08","4,312.19","4,248.19","","0.00%"
"01/20/2026","4,301.08","4,239.89","4,345.45","4,239.89","","1.44%"
"01/19/2026","4,239.89","4,061.65","4,248.85","4,061.65","","4.39%"
"01/18/2026","4,061.65","4,035.36","4,086.70","4,035.36","","0.65%"
"01/17/2026","4,035.36","4,062.25","4,035.36","4,035.36","","0.00%"
"01/15/2026","4,035.36","4,062.25","4,086.92","4,007.91","","-0.66%"
"01/14/2026","4,062.25","4,133.92","4,134.40","4,019.15","","-1.73%"
"01/13/2026","4,133.92","4,168.44","4,187.14","4,117.75","","-0.83%"
"01/12/2026","4,168.44","4,197.33","4,242.32","4,168.44","","-0.69%"
"01/11/2026","4,197.33","4,135.34","4,210.58","4,135.34","","1.50%"
"01/08/2026","4,135.34","4,158.77","4,191.29","4,135.34","","-0.56%"
"01/06/2026","4,158.77","4,117.64","4,172.25","4,117.64","","1.00%"
"01/05/2026","4,117.64","4,159.84","4,180.70","4,089.07","","-1.01%"
"01/04/2026","4,159.84","4,266.89","4,277.59","4,159.48","","-2.51%"
"12/31/2025","4,266.89","4,246.44","4,289.51","4,246.44","","0.48%"
"12/30/2025","4,246.44","4,206.99","4,256.99","4,197.63","","0.94%"
"12/29/2025","4,206.99","4,181.54","4,216.60","4,179.14","","0.61%"
"12/28/2025","4,181.54","4,142.84","4,194.14","4,142.84","","0.93%"
"12/25/2025","4,142.84","4,131.55","4,146.07","4,126.39","","0.27%"
"12/24/2025","4,131.55","4,115.90","4,147.74","4,115.90","","0.38%"
"12/23/2025","4,115.90","4,132.89","4,139.37","4,077.02","","-0.41%"
"12/22/2025","4,132.89","4,110.78","4,136.81","4,110.78","","0.54%"
"12/21/2025","4,110.78","4,101.86","4,122.14","4,100.47","","0.22%"
"12/18/2025","4,101.86","4,139.65","4,164.18","4,101.86","","-0.91%"
"12/17/2025","4,139.65","4,194.62","4,209.00","4,136.11","","-1.31%"
"12/16/2025","4,194.62","4,221.89","4,248.48","4,194.62","","-0.65%"
"12/15/2025","4,221.89","4,170.80","4,240.58","4,170.80","","1.22%"
"12/14/2025","4,170.80","4,210.94","4,230.38","4,166.04","","-0.95%"
"12/13/2025","4,210.94","4,233.85","4,210.94","4,210.94","","0.00%"
"12/11/2025","4,210.94","4,233.85","4,275.47","4,200.23","","-0.54%"
"12/10/2025","4,233.85","4,210.25","4,248.38","4,210.25","","0.56%"
"12/09/2025","4,210.25","4,143.85","4,210.39","4,143.85","","1.60%"
"12/08/2025","4,143.85","4,146.40","4,175.22","4,135.36","","-0.06%"
"12/07/2025","4,146.40","4,081.67","4,154.39","4,081.67","","1.59%"
"12/04/2025","4,081.67","4,116.00","4,137.74","4,081.67","","-0.83%"
"12/03/2025","4,116.00","4,061.84","4,151.46","4,061.19","","1.33%"
"12/02/2025","4,061.84","4,061.03","4,096.85","4,040.00","","0.02%"
"12/01/2025","4,061.03","4,082.64","4,131.00","4,044.64","","-0.53%"
"11/30/2025","4,082.64","3,973.60","4,082.64","3,973.60","","2.74%"
"11/29/2025","3,973.60","3,931.88","3,973.60","3,973.60","","0.00%"
"11/27/2025","3,973.60","3,931.88","3,984.34","3,931.88","","1.06%"
"11/26/2025","3,931.88","3,941.30","4,000.89","3,931.88","","-0.24%"
"11/25/2025","3,941.30","3,940.61","4,013.98","3,936.65","","0.02%"
"11/24/2025","3,940.61","4,016.86","4,062.20","3,940.61","","-1.90%"
"11/23/2025","4,016.86","4,033.65","4,047.45","4,016.86","","-0.42%"
"11/20/2025","4,033.65","4,076.42","4,118.72","4,033.65","","-1.05%"
"11/19/2025","4,076.42","4,037.07","4,093.99","4,013.63","","0.97%"
"11/18/2025","4,037.07","4,119.38","4,142.72","4,036.26","","-2.00%"
"11/17/2025","4,119.38","4,055.19","4,180.36","4,055.19","","1.58%"
"11/16/2025","4,055.19","3,983.21","4,058.97","3,977.80","","1.81%"
"11/13/2025","3,983.21","3,946.73","3,991.24","3,946.73","","0.92%"
"11/12/2025","3,946.73","3,925.33","3,993.86","3,925.33","","0.55%"
"11/11/2025","3,925.33","3,983.04","3,995.35","3,925.33","","-1.45%"
"11/10/2025","3,983.04","3,982.04","4,032.06","3,971.35","","0.03%"
"11/09/2025","3,982.04","3,954.48","4,030.98","3,949.26","","0.70%"
"11/06/2025","3,954.48","3,914.44","4,006.30","3,914.44","","1.02%"
"11/05/2025","3,914.44","3,837.02","3,914.66","3,821.82","","2.02%"
"11/04/2025","3,837.02","3,751.99","3,841.56","3,751.99","","2.27%"
"11/03/2025","3,751.99","3,638.68","3,751.99","3,625.39","","3.11%"
"11/02/2025","3,638.68","3,617.55","3,675.51","3,617.55","","0.58%"
"10/30/2025","3,617.55","3,641.95","3,658.45","3,614.99","","-0.67%"
"10/29/2025","3,641.95","3,621.45","3,644.93","3,621.45","","0.57%"
"10/28/2025","3,621.45","3,629.91","3,651.90","3,594.84","","-0.23%"
"10/27/2025","3,629.91","3,594.87","3,643.40","3,594.87","","0.97%"
"10/26/2025","3,594.87","3,529.05","3,611.42","3,529.05","","1.87%"
"10/23/2025","3,529.05","3,507.06","3,537.23","3,507.06","","0.63%"
"10/22/2025","3,507.06","3,508.82","3,530.27","3,507.06","","-0.05%"
"10/21/2025","3,508.82","3,525.06","3,528.71","3,495.32","","-0.46%"
"10/20/2025","3,525.06","3,539.89","3,554.88","3,512.78","","-0.42%"
"10/19/2025","3,539.89","3,478.25","3,547.34","3,478.25","","1.77%"
"10/16/2025","3,478.25","3,474.87","3,491.11","3,474.87","","0.10%"
"10/15/2025","3,474.87","3,456.25","3,475.78","3,448.76","","0.54%"
"10/14/2025","3,456.25","3,460.70","3,488.96","3,446.72","","-0.13%"
"10/13/2025","3,460.70","3,435.88","3,464.63","3,434.99","","0.72%"
"10/12/2025","3,435.88","3,407.30","3,444.78","3,389.75","","0.84%"
"10/08/2025","3,407.30","3,377.41","3,409.12","3,370.51","","0.89%"
"10/07/2025","3,377.41","3,365.39","3,389.76","3,365.39","","0.36%"
"10/06/2025","3,365.39","3,373.09","3,395.54","3,359.29","","-0.23%"
"10/05/2025","3,373.09","3,356.82","3,386.69","3,356.82","","0.48%"
"10/02/2025","3,356.82","3,360.27","3,384.91","3,356.82","","-0.10%"
"10/01/2025","3,360.27","3,357.38","3,384.21","3,357.38","","0.09%"
"09/30/2025","3,357.38","3,333.36","3,374.62","3,330.60","","0.72%"
"09/29/2025","3,333.36","3,297.81","3,335.32","3,295.99","","1.08%"
"09/28/2025","3,297.81","3,272.48","3,302.85","3,269.96","","0.77%"
"09/25/2025","3,272.48","3,276.01","3,287.42","3,263.78","","-0.11%"
"09/24/2025","3,276.01","3,222.30","3,276.01","3,222.30","","1.67%"
"09/23/2025","3,222.30","3,240.15","3,264.70","3,222.30","","-0.55%"
"09/22/2025","3,240.15","3,230.58","3,249.71","3,221.05","","0.30%"
"09/21/2025","3,230.58","3,224.68","3,266.62","3,224.68","","0.18%"
"09/18/2025","3,224.68","3,212.73","3,232.97","3,212.73","","0.37%"
"09/17/2025","3,212.73","3,218.44","3,221.37","3,190.25","","-0.18%"
"09/16/2025","3,218.44","3,275.52","3,275.52","3,204.39","","-1.74%"
"09/15/2025","3,275.52","3,289.31","3,308.66","3,263.31","","-0.42%"
"09/14/2025","3,289.31","3,239.14","3,289.31","3,238.75","","1.55%"
"09/11/2025","3,239.14","3,237.07","3,259.79","3,232.00","","0.06%"
"09/10/2025","3,237.07","3,230.67","3,248.79","3,226.02","","0.20%"
"09/09/2025","3,230.67","3,260.81","3,282.36","3,227.91","","-0.92%"
"09/08/2025","3,260.81","3,256.67","3,290.69","3,256.67","","0.13%"
"09/07/2025","3,256.67","3,265.17","3,308.80","3,256.03","","-0.26%"
"09/03/2025","3,265.17","3,317.25","3,320.23","3,260.54","","-1.57%"
"09/02/2025","3,317.25","3,326.84","3,342.44","3,303.56","","-0.29%"
"09/01/2025","3,326.84","3,284.64","3,326.84","3,284.64","","1.28%"
"08/31/2025","3,284.64","3,364.27","3,381.21","3,284.64","","-2.37%"
"08/28/2025","3,364.27","3,325.07","3,364.27","3,314.89","","1.18%"
"08/27/2025","3,325.07","3,302.70","3,325.07","3,296.21","","0.68%"
"08/26/2025","3,302.70","3,330.43","3,346.59","3,288.19","","-0.83%"
"08/25/2025","3,330.43","3,335.34","3,353.97","3,330.43","","-0.15%"
"08/24/2025","3,335.34","3,333.73","3,343.87","3,326.12","","0.05%"
"08/21/2025","3,333.73","3,336.91","3,347.52","3,327.05","","-0.10%"
"08/20/2025","3,336.91","3,351.66","3,375.35","3,333.73","","-0.44%"
"08/19/2025","3,351.66","3,346.50","3,354.38","3,338.80","","0.15%"
"08/18/2025","3,346.50","3,370.52","3,392.98","3,343.15","","-0.71%"
"08/17/2025","3,370.52","3,354.12","3,370.52","3,337.45","","0.49%"
"08/14/2025","3,354.12","3,381.58","3,389.34","3,334.18","","-0.81%"
"08/13/2025","3,381.58","3,411.02","3,435.30","3,373.00","","-0.86%"
"08/12/2025","3,411.02","3,404.88","3,431.56","3,404.88","","0.18%"
"08/11/2025","3,404.88","3,431.98","3,443.13","3,404.88","","-0.79%"
"08/10/2025","3,431.98","3,387.71","3,432.35","3,387.71","","1.31%"
"08/07/2025","3,387.71","3,365.98","3,388.44","3,362.25","","0.65%"
"08/06/2025","3,365.98","3,374.35","3,382.47","3,347.79","","-0.25%"
"08/05/2025","3,374.35","3,348.57","3,388.37","3,348.57","","0.77%"
"08/04/2025","3,348.57","3,310.88","3,354.73","3,310.88","","1.14%"
"08/03/2025","3,310.88","3,313.84","3,321.80","3,307.25","","-0.09%"
"07/31/2025","3,313.84","3,267.96","3,313.84","3,267.96","","1.40%"
"07/30/2025","3,267.96","3,298.03","3,322.75","3,251.51","","-0.91%"
"07/29/2025","3,298.03","3,285.24","3,311.31","3,277.16","","0.39%"
"07/28/2025","3,285.24","3,373.68","3,396.68","3,284.12","","-2.62%"
"07/27/2025","3,373.68","3,399.28","3,418.53","3,373.68","","-0.75%"
"07/23/2025","3,399.28","3,359.66","3,399.28","3,344.35","","1.18%"
"07/22/2025","3,359.66","3,405.04","3,410.31","3,357.97","","-1.33%"
"07/21/2025","3,405.04","3,427.75","3,453.17","3,394.41","","-0.66%"
"07/20/2025","3,427.75","3,405.15","3,438.13","3,405.15","","0.66%"
"07/17/2025","3,405.15","3,376.84","3,421.25","3,376.84","","0.84%"
"07/16/2025","3,376.84","3,443.37","3,441.66","3,376.84","","-1.70%"
"07/15/2025","3,435.14","3,426.48","3,445.47","3,426.48","","0.25%"
"07/14/2025","3,426.48","3,400.41","3,434.31","3,396.47","","0.77%"
"07/13/2025","3,400.41","3,447.32","3,470.73","3,400.41","","-1.36%"
"07/10/2025","3,447.32","3,453.27","3,460.19","3,439.69","","-0.17%"
"07/09/2025","3,453.27","3,430.38","3,460.89","3,401.87","","0.67%"
"07/08/2025","3,430.38","3,430.38","3,430.38","3,430.38","","0.00%"
"07/07/2025","3,430.38","3,442.27","3,466.90","3,428.47","","-0.35%"
"07/06/2025","3,442.27","3,407.66","3,446.61","3,407.66","","1.02%"
"07/02/2025","3,407.66","3,363.68","3,415.34","3,363.68","","1.31%"
"07/01/2025","3,363.68","3,399.18","3,414.24","3,358.49","","-1.04%"
"06/30/2025","3,399.18","3,436.69","3,460.20","3,394.41","","-1.09%"
"06/29/2025","3,436.69","3,399.29","3,457.31","3,399.29","","1.10%"
"06/25/2025","3,399.29","3,339.63","3,399.95","3,324.68","","1.79%"
"06/24/2025","3,339.63","3,198.72","3,339.63","3,198.72","","4.41%"
"06/23/2025","3,198.72","3,159.81","3,199.51","3,159.81","","1.23%"
"06/22/2025","3,159.81","3,089.71","3,164.02","3,022.21","","2.27%"
"06/19/2025","3,089.71","3,188.55","3,192.20","3,083.69","","-3.10%"
"06/18/2025","3,188.55","3,165.96","3,188.55","3,115.67","","0.71%"
"06/17/2025","3,165.96","3,218.07","3,225.60","3,151.13","","-1.62%"
"06/16/2025","3,218.07","3,233.39","3,276.13","3,196.10","","-0.47%"
"06/15/2025","3,233.39","3,411.24","3,411.24","3,150.26","","-5.21%"
"06/12/2025","3,411.24","3,501.23","3,501.23","3,387.72","","-2.57%"
"06/11/2025","3,501.23","3,528.90","3,556.16","3,501.23","","-0.78%"
"06/10/2025","3,528.90","3,459.37","3,536.85","3,459.37","","2.01%"
"06/04/2025","3,459.37","3,442.51","3,459.37","3,431.24","","0.49%"
"06/03/2025","3,442.51","3,421.87","3,454.93","3,421.87","","0.60%"
"06/02/2025","3,421.87","3,482.87","3,482.87","3,401.04","","-1.75%"
"06/01/2025","3,482.87","3,445.58","3,506.93","3,445.58","","1.08%"
"05/29/2025","3,445.58","3,434.02","3,464.07","3,419.63","","0.34%"
"05/28/2025","3,434.02","3,399.21","3,458.62","3,399.21","","1.02%"
"05/27/2025","3,399.21","3,311.47","3,401.11","3,303.12","","2.65%"
"05/26/2025","3,311.47","3,297.92","3,346.76","3,297.92","","0.41%"
"05/25/2025","3,297.92","3,267.78","3,299.29","3,267.78","","0.92%"
"05/22/2025","3,267.78","3,245.53","3,271.78","3,245.53","","0.69%"
"05/21/2025","3,245.53","3,248.30","3,263.82","3,237.81","","-0.09%"
"05/20/2025","3,248.30","3,244.78","3,256.82","3,238.96","","0.11%"
"05/19/2025","3,244.78","3,283.24","3,284.59","3,230.36","","-1.17%"
"05/18/2025","3,283.24","3,298.01","3,322.46","3,282.00","","-0.45%"
"05/15/2025","3,298.01","3,297.60","3,310.83","3,295.10","","0.01%"
"05/14/2025","3,297.60","3,306.96","3,322.67","3,291.89","","-0.28%"
"05/13/2025","3,306.96","3,280.23","3,319.93","3,280.23","","0.81%"
"05/12/2025","3,280.23","3,298.00","3,319.71","3,271.47","","-0.54%"
"05/11/2025","3,298.00","3,328.24","3,357.13","3,291.85","","-0.91%"
"05/08/2025","3,328.24","3,335.67","3,340.37","3,284.30","","-0.22%"
"05/07/2025","3,335.67","3,348.97","3,394.91","3,329.62","","-0.40%"
"05/06/2025","3,348.97","3,358.91","3,380.99","3,348.97","","-0.30%"
"05/05/2025","3,358.91","3,359.29","3,397.09","3,352.17","","-0.01%"
"05/04/2025","3,359.29","3,287.90","3,363.50","3,287.90","","2.17%"
"04/30/2025","3,287.90","3,286.04","3,298.98","3,275.45","","0.06%"
"04/29/2025","3,286.04","3,279.48","3,350.99","3,279.48","","0.20%"
"04/28/2025","3,279.48","3,267.67","3,284.68","3,252.51","","0.36%"
"04/27/2025","3,267.67","3,227.41","3,268.24","3,227.41","","1.25%"
"04/23/2025","3,227.41","3,164.98","3,237.57","3,164.98","","1.97%"
"04/22/2025","3,164.98","3,158.47","3,184.78","3,145.13","","0.21%"
"04/17/2025","3,158.47","3,151.51","3,167.04","3,143.32","","0.22%"
"04/16/2025","3,151.51","3,176.76","3,187.61","3,150.18","","-0.79%"
"04/15/2025","3,176.76","3,144.28","3,196.71","3,144.11","","1.03%"
"04/14/2025","3,144.28","3,153.09","3,172.48","3,141.54","","-0.28%"
"04/13/2025","3,153.09","3,108.28","3,153.09","3,108.28","","1.44%"
"04/10/2025","3,108.28","3,045.68","3,159.58","3,045.68","","2.06%"
"04/09/2025","3,045.68","3,163.38","3,165.23","3,045.68","","-3.72%"
"04/08/2025","3,163.38","3,134.97","3,183.96","3,134.97","","0.91%"
"04/07/2025","3,134.97","3,160.91","3,160.91","3,051.64","","-0.82%"
"04/06/2025","3,160.91","3,302.63","3,302.63","3,124.14","","-4.29%"
"04/03/2025","3,302.63","3,289.92","3,308.14","3,241.32","","0.39%"
"03/27/2025","3,289.92","3,283.34","3,308.43","3,276.32","","0.20%"
"03/26/2025","3,283.34","3,284.71","3,306.14","3,266.36","","-0.04%"
"03/25/2025","3,284.71","3,315.91","3,324.34","3,280.87","","-0.94%"
"03/24/2025","3,315.91","3,344.80","3,365.42","3,306.60","","-0.86%"
"03/23/2025","3,344.80","3,335.25","3,360.44","3,334.50","","0.29%"
"03/20/2025","3,335.25","3,324.23","3,351.64","3,323.38","","0.33%"
"03/19/2025","3,324.23","3,350.18","3,372.81","3,318.29","","-0.77%"
"03/18/2025","3,350.18","3,290.74","3,354.26","3,289.93","","1.81%"
"03/17/2025","3,290.74","3,300.20","3,321.46","3,276.20","","-0.29%"
"03/16/2025","3,300.20","3,293.28","3,337.61","3,293.28","","0.21%"
"03/13/2025","3,293.28","3,254.31","3,311.26","3,254.31","","1.20%"
"03/12/2025","3,254.31","3,238.29","3,277.28","3,238.29","","0.49%"
"03/11/2025","3,238.29","3,261.99","3,261.99","3,220.24","","-0.73%"
"03/10/2025","3,261.99","3,238.20","3,274.57","3,229.92","","0.73%"
"03/09/2025","3,238.20","3,187.15","3,242.74","3,187.15","","1.60%"
"03/06/2025","3,187.15","3,173.57","3,187.15","3,165.77","","0.43%"
"03/05/2025","3,173.57","3,176.17","3,196.37","3,161.89","","-0.08%"
"03/04/2025","3,176.17","3,187.54","3,198.82","3,171.83","","-0.36%"
"03/03/2025","3,187.54","3,173.97","3,209.08","3,173.97","","0.43%"
"03/02/2025","3,173.97","3,136.87","3,187.82","3,132.11","","1.18%"
"02/27/2025","3,136.87","3,076.43","3,136.87","3,076.43","","1.96%"
"02/26/2025","3,076.43","3,066.11","3,101.34","3,064.95","","0.34%"
"02/25/2025","3,066.11","3,100.10","3,132.67","3,066.10","","-1.10%"
"02/24/2025","3,100.10","3,095.67","3,132.16","3,095.67","","0.14%"
"02/23/2025","3,095.67","3,101.49","3,118.06","3,085.08","","-0.19%"
"02/20/2025","3,101.49","3,054.36","3,103.02","3,054.36","","1.54%"
"02/19/2025","3,054.36","3,024.82","3,056.74","3,024.82","","0.98%"
"02/18/2025","3,024.82","3,020.70","3,035.90","3,009.14","","0.14%"
"02/17/2025","3,020.70","3,032.74","3,054.45","3,020.70","","-0.40%"
"02/16/2025","3,032.74","2,968.35","3,040.23","2,968.35","","2.17%"
"02/13/2025","2,968.35","2,965.19","2,974.13","2,948.35","","0.11%"
"02/12/2025","2,965.19","2,933.65","2,965.19","2,867.67","","1.08%"
"02/11/2025","2,933.65","3,003.28","3,008.15","2,916.85","","-2.32%"
"02/10/2025","3,003.28","3,010.77","3,034.13","2,999.64","","-0.25%"
"02/09/2025","3,010.77","3,041.98","3,062.31","3,010.77","","-1.03%"
"02/06/2025","3,041.98","3,030.62","3,050.09","3,030.62","","0.37%"
"02/05/2025","3,030.62","3,031.50","3,039.68","3,018.45","","-0.03%"
"02/04/2025","3,031.50","3,037.83","3,061.83","3,028.68","","-0.21%"
"02/03/2025","3,037.83","3,069.94","3,079.82","3,031.04","","-1.05%"
"02/02/2025","3,069.94","3,101.11","3,122.49","3,069.94","","-1.01%"
"01/30/2025","3,101.11","3,103.87","3,155.85","3,100.17","","-0.09%"
"01/29/2025","3,103.87","3,042.14","3,128.50","3,042.14","","2.03%"
"01/28/2025","3,042.14","3,032.78","3,066.24","3,032.78","","0.31%"
"01/27/2025","3,032.78","3,076.61","3,084.53","3,032.78","","-1.42%"
"01/26/2025","3,076.61","3,087.73","3,108.40","3,076.61","","-0.36%"
"01/23/2025","3,087.73","3,108.09","3,126.53","3,083.86","","-0.66%"
"01/22/2025","3,108.09","3,084.31","3,129.04","3,084.31","","0.77%"
"01/21/2025","3,084.31","3,055.88","3,084.31","3,055.88","","0.93%"
"01/20/2025","3,055.88","3,078.71","3,091.06","3,047.35","","-0.74%"
"01/19/2025","3,078.71","3,044.48","3,119.96","3,044.48","","1.12%"
"01/16/2025","3,044.48","3,021.46","3,052.71","3,017.05","","0.76%"
"01/15/2025","3,021.46","2,927.56","3,029.04","2,927.56","","3.21%"
"01/14/2025","2,927.56","2,855.72","2,941.99","2,801.61","","2.52%"
"01/13/2025","2,855.72","2,978.80","3,006.57","2,855.72","","-4.13%"
"01/12/2025","2,978.80","3,028.89","3,028.89","2,957.99","","-1.65%"
"01/09/2025","3,028.89","3,067.96","3,082.39","3,028.89","","-1.27%"
"01/08/2025","3,067.96","3,101.38","3,106.01","3,066.23","","-1.08%"
"01/06/2025","3,101.38","3,122.77","3,130.32","3,088.83","","-0.68%"
"01/05/2025","3,122.77","3,101.15","3,135.25","3,101.15","","0.70%"
"01/02/2025","3,101.15","3,056.41","3,101.88","3,056.41","","1.46%"
"12/31/2024","3,056.41","2,972.43","3,056.41","2,972.43","","2.83%"
"12/30/2024","2,972.43","3,040.72","3,044.98","2,965.80","","-2.25%"
"12/29/2024","3,040.72","3,046.79","3,062.26","3,024.72","","-0.20%"
"12/26/2024","3,046.79","3,065.60","3,072.57","3,045.49","","-0.61%"
"12/25/2024","3,065.60","3,051.24","3,084.61","3,051.24","","0.47%"
"12/24/2024","3,051.24","3,056.03","3,061.87","3,026.17","","-0.16%"
"12/23/2024","3,056.03","3,093.43","3,110.99","3,050.40","","-1.21%"
"12/22/2024","3,093.43","3,097.04","3,135.08","3,093.43","","-0.12%"
"12/19/2024","3,097.04","3,099.95","3,123.35","3,068.06","","-0.09%"
"12/18/2024","3,099.95","3,182.40","3,195.64","3,099.95","","-2.59%"
"12/17/2024","3,182.40","3,184.44","3,233.06","3,175.20","","-0.06%"
"12/16/2024","3,184.44","3,156.65","3,197.65","3,156.65","","0.88%"
"12/15/2024","3,156.65","3,168.31","3,182.42","3,139.86","","-0.37%"
"12/12/2024","3,168.31","3,163.45","3,188.56","3,163.45","","0.15%"
"12/11/2024","3,163.45","3,150.65","3,204.87","3,150.65","","0.41%"
"12/10/2024","3,150.65","3,164.19","3,191.04","3,139.19","","-0.43%"
"12/09/2024","3,164.19","3,190.45","3,217.62","3,156.79","","-0.82%"
"12/08/2024","3,190.45","3,130.45","3,190.45","3,130.45","","1.92%"
"12/05/2024","3,130.45","3,127.09","3,145.51","3,127.09","","0.11%"
"12/04/2024","3,127.09","3,054.47","3,135.94","3,054.47","","2.38%"
"12/03/2024","3,054.47","3,068.85","3,089.04","3,054.47","","-0.47%"
"12/02/2024","3,068.85","3,057.76","3,103.12","3,056.36","","0.36%"
"12/01/2024","3,057.76","3,003.77","3,074.83","3,003.77","","1.80%"
"11/28/2024","3,003.77","2,965.96","3,006.61","2,948.64","","1.27%"
"11/27/2024","2,965.96","3,017.75","3,029.98","2,965.96","","-1.72%"
"11/26/2024","3,017.75","3,023.13","3,043.00","3,013.31","","-0.18%"
"11/25/2024","3,023.13","3,006.19","3,056.20","3,001.92","","0.56%"
"11/24/2024","3,006.19","3,039.51","3,062.03","3,006.19","","-1.10%"
"11/21/2024","3,039.51","3,043.58","3,062.41","3,039.51","","-0.13%"
"11/20/2024","3,043.58","3,025.68","3,045.22","3,007.69","","0.59%"
"11/19/2024","3,025.68","3,046.68","3,053.70","3,024.36","","-0.69%"
"11/18/2024","3,046.68","3,127.14","3,135.28","3,046.68","","-2.57%"
"11/17/2024","3,127.14","3,149.95","3,158.49","3,108.20","","-0.72%"
"11/14/2024","3,149.95","3,153.54","3,164.59","3,144.56","","-0.11%"
"11/13/2024","3,153.54","3,205.26","3,213.33","3,153.12","","-1.61%"
"11/12/2024","3,205.26","3,191.45","3,237.35","3,185.58","","0.43%"
"11/11/2024","3,191.45","3,168.05","3,193.67","3,168.05","","0.74%"
"11/10/2024","3,168.05","3,141.62","3,181.27","3,141.62","","0.84%"
"11/07/2024","3,141.62","3,099.85","3,170.66","3,099.85","","1.35%"
"11/06/2024","3,099.85","3,067.14","3,111.65","3,067.14","","1.07%"
"11/05/2024","3,067.14","3,062.33","3,079.98","3,056.35","","0.16%"
"11/04/2024","3,062.33","3,069.93","3,104.92","3,062.33","","-0.25%"
"11/03/2024","3,069.93","3,049.46","3,088.05","3,049.46","","0.67%"
"10/31/2024","3,049.46","3,017.09","3,071.20","3,017.09","","1.07%"
"10/30/2024","3,017.09","3,035.50","3,045.34","3,012.11","","-0.61%"
"10/29/2024","3,035.50","3,054.45","3,072.44","3,024.34","","-0.62%"
"10/28/2024","3,054.45","3,051.92","3,068.94","3,023.05","","0.08%"
"10/27/2024","3,051.92","3,041.06","3,068.32","3,041.06","","0.36%"
"10/24/2024","3,041.06","3,017.92","3,059.65","3,013.75","","0.77%"
"10/23/2024","3,017.92","3,017.75","3,041.19","3,003.47","","0.01%"
"10/22/2024","3,017.75","2,985.21","3,017.75","2,976.12","","1.09%"
"10/21/2024","2,985.21","2,859.42","2,985.21","2,854.12","","4.40%"
"10/20/2024","2,859.42","2,944.60","2,961.99","2,859.42","","-2.89%"
"10/17/2024","2,944.60","2,986.25","3,000.69","2,934.61","","-1.39%"
"10/16/2024","2,986.25","3,048.04","3,070.01","2,986.25","","-2.03%"
"10/15/2024","3,048.04","2,980.13","3,049.26","2,980.13","","2.28%"
"10/14/2024","2,980.13","2,951.67","2,996.28","2,909.92","","0.96%"
"10/13/2024","2,951.67","3,047.63","3,054.99","2,932.44","","-3.15%"
"10/10/2024","3,047.63","3,091.55","3,128.95","3,047.63","","-1.42%"
"10/09/2024","3,091.55","3,021.63","3,094.31","3,021.63","","2.31%"
"10/08/2024","3,021.63","3,141.20","3,141.20","2,975.35","","-3.81%"
"10/07/2024","3,141.20","3,172.81","3,209.12","3,141.20","","-1.00%"
"10/03/2024","3,172.81","3,133.04","3,182.33","3,132.36","","1.27%"
"10/02/2024","3,133.04","3,192.28","3,203.61","3,133.04","","-1.86%"
"10/01/2024","3,192.28","3,208.70","3,234.52","3,191.43","","-0.51%"
"09/30/2024","3,208.70","3,168.45","3,219.13","3,168.45","","1.27%"
"09/29/2024","3,168.45","3,150.81","3,200.92","3,145.40","","0.56%"
"09/26/2024","3,150.81","3,160.59","3,198.55","3,145.52","","-0.31%"
"09/25/2024","3,160.59","3,079.61","3,169.99","3,079.61","","2.63%"
"09/24/2024","3,079.61","3,090.12","3,098.40","3,070.48","","-0.34%"
"09/23/2024","3,090.12","3,094.14","3,116.69","3,075.24","","-0.13%"
"09/22/2024","3,094.14","3,043.21","3,114.28","3,043.21","","1.67%"
"09/19/2024","3,043.21","2,969.33","3,066.97","2,969.11","","2.49%"
"09/18/2024","2,969.33","2,968.90","2,979.61","2,947.60","","0.01%"
"09/17/2024","2,968.90","2,985.31","3,009.34","2,958.10","","-0.55%"
"09/16/2024","2,985.31","3,034.01","3,051.14","2,982.99","","-1.61%"
"09/12/2024","3,034.01","3,071.35","3,103.24","3,028.15","","-1.22%"
"09/11/2024","3,071.35","3,032.75","3,077.98","2,990.70","","1.27%"
"09/10/2024","3,032.75","3,079.69","3,098.29","3,024.88","","-1.52%"
"09/09/2024","3,079.69","3,066.68","3,111.99","3,053.46","","0.42%"
"09/08/2024","3,066.68","3,135.10","3,140.97","3,048.88","","-2.18%"
"09/05/2024","3,135.10","3,126.49","3,169.51","3,123.81","","0.28%"
"09/04/2024","3,126.49","3,127.79","3,129.65","3,085.98","","-0.04%"
"09/03/2024","3,127.79","3,116.28","3,187.35","3,105.30","","0.37%"
"09/02/2024","3,116.28","3,141.96","3,187.81","3,104.93","","-0.82%"
"09/01/2024","3,141.96","3,065.28","3,168.85","3,064.53","","2.50%"
"08/29/2024","3,065.28","2,996.63","3,065.28","2,996.63","","2.29%"
"08/28/2024","2,996.63","2,978.67","3,006.50","2,967.04","","0.60%"
"08/27/2024","2,978.67","2,918.65","2,982.29","2,918.65","","2.06%"
"08/26/2024","2,918.65","2,910.42","2,940.22","2,896.02","","0.28%"
"08/25/2024","2,910.42","2,873.06","2,964.10","2,873.06","","1.30%"
"08/22/2024","2,873.06","2,812.66","2,873.25","2,812.66","","2.15%"
"08/21/2024","2,812.66","2,810.37","2,832.14","2,794.72","","0.08%"
"08/20/2024","2,810.37","2,759.55","2,813.87","2,759.55","","1.84%"
"08/19/2024","2,759.55","2,747.64","2,783.33","2,743.48","","0.43%"
"08/18/2024","2,747.64","2,740.66","2,787.08","2,740.66","","0.25%"
"08/15/2024","2,740.66","2,723.48","2,759.24","2,723.48","","0.63%"
"08/14/2024","2,723.48","2,733.00","2,761.78","2,712.16","","-0.35%"
"08/13/2024","2,733.00","2,743.06","2,779.96","2,722.23","","-0.37%"
"08/12/2024","2,743.06","2,739.49","2,792.19","2,737.65","","0.13%"
"08/11/2024","2,739.49","2,640.20","2,749.46","2,640.20","","3.76%"
"08/08/2024","2,640.20","2,659.65","2,665.19","2,629.35","","-0.73%"
"08/07/2024","2,659.65","2,598.65","2,660.18","2,581.55","","2.35%"
"08/06/2024","2,598.65","2,525.97","2,598.65","2,525.97","","2.88%"
"08/05/2024","2,525.97","2,623.44","2,623.44","2,442.99","","-3.72%"
"08/04/2024","2,623.44","2,735.96","2,735.96","2,615.41","","-4.11%"
"08/01/2024","2,735.96","2,784.64","2,800.95","2,735.96","","-1.75%"
"07/31/2024","2,784.64","2,784.47","2,801.42","2,783.37","","0.01%"
"07/30/2024","2,784.47","2,758.50","2,793.16","2,758.50","","0.94%"
"07/29/2024","2,758.50","2,785.62","2,808.57","2,758.50","","-0.97%"
"07/28/2024","2,785.62","2,823.57","2,826.42","2,785.62","","-1.34%"
"07/24/2024","2,823.57","2,850.35","2,870.32","2,814.71","","-0.94%"
"07/23/2024","2,850.35","2,832.92","2,869.01","2,826.96","","0.62%"
"07/22/2024","2,832.92","2,834.90","2,861.58","2,825.63","","-0.07%"
"07/21/2024","2,834.90","2,849.48","2,857.92","2,827.00","","-0.51%"
"07/18/2024","2,849.48","2,829.68","2,866.48","2,824.87","","0.70%"
"07/17/2024","2,829.68","2,762.91","2,832.95","2,762.39","","2.42%"
"07/16/2024","2,762.91","2,750.91","2,766.13","2,731.80","","0.44%"
"07/15/2024","2,750.91","2,754.60","2,785.01","2,741.61","","-0.13%"
"07/14/2024","2,754.60","2,795.44","2,807.85","2,747.48","","-1.46%"
"07/10/2024","2,795.44","2,826.66","2,851.74","2,787.05","","-1.10%"
"07/09/2024","2,826.66","2,797.44","2,830.93","2,789.91","","1.04%"
"07/08/2024","2,797.44","2,808.86","2,840.04","2,794.96","","-0.41%"
"07/07/2024","2,808.86","2,779.39","2,841.27","2,779.39","","1.06%"
"07/04/2024","2,779.39","2,776.25","2,810.72","2,775.64","","0.11%"
"07/03/2024","2,776.25","2,744.57","2,798.85","2,744.57","","1.15%"
"07/02/2024","2,744.57","2,710.40","2,768.16","2,710.40","","1.26%"
"07/01/2024","2,710.40","2,691.00","2,729.27","2,691.00","","0.72%"
"06/27/2024","2,691.00","2,708.77","2,736.40","2,686.28","","-0.66%"
"06/26/2024","2,708.77","2,683.11","2,760.60","2,683.11","","0.96%"
"06/25/2024","2,683.11","2,612.30","2,687.53","2,584.68","","2.71%"
"06/24/2024","2,612.30","2,637.13","2,660.13","2,612.30","","-0.94%"
"06/23/2024","2,637.13","2,559.25","2,646.55","2,559.25","","3.04%"
"06/13/2024","2,559.25","2,515.39","2,566.53","2,513.13","","1.74%"
"06/12/2024","2,515.39","2,488.90","2,519.99","2,488.90","","1.06%"
"06/11/2024","2,488.90","2,446.76","2,509.68","2,418.66","","1.72%"
"06/10/2024","2,446.76","2,437.59","2,446.76","2,394.55","","0.38%"
"06/09/2024","2,437.59","2,496.93","2,507.66","2,432.20","","-2.38%"
"06/06/2024","2,496.93","2,543.67","2,553.69","2,496.93","","-1.84%"
"06/05/2024","2,543.67","2,574.52","2,579.26","2,477.84","","-1.20%"
"06/04/2024","2,574.52","2,566.01","2,599.34","2,559.53","","0.33%"
"06/03/2024","2,566.01","2,534.53","2,583.59","2,534.53","","1.24%"
"06/02/2024","2,534.53","2,549.19","2,575.13","2,491.71","","-0.58%"
"05/30/2024","2,549.19","2,607.87","2,629.16","2,520.49","","-2.25%"
"05/29/2024","2,607.87","2,621.26","2,641.66","2,588.53","","-0.51%"
"05/28/2024","2,621.26","2,634.96","2,634.96","2,562.25","","-0.52%"
"05/27/2024","2,634.96","2,692.43","2,696.67","2,629.22","","-2.13%"
"05/26/2024","2,692.43","2,653.59","2,696.21","2,653.59","","1.46%"
"05/23/2024","2,653.59","2,657.93","2,686.66","2,649.18","","-0.16%"
"05/22/2024","2,657.93","2,613.11","2,664.42","2,613.11","","1.72%"
"05/21/2024","2,613.11","2,634.08","2,671.52","2,612.36","","-0.80%"
"05/20/2024","2,634.08","2,613.83","2,681.47","2,612.08","","0.77%"
"05/19/2024","2,613.83","2,538.13","2,615.43","2,538.13","","2.98%"
"05/16/2024","2,538.13","2,461.65","2,540.04","2,461.65","","3.11%"
"05/15/2024","2,461.65","2,464.97","2,491.01","2,441.97","","-0.13%"
"05/14/2024","2,464.97","2,464.77","2,497.07","2,432.95","","0.01%"
"05/13/2024","2,464.77","2,412.25","2,464.77","2,347.86","","2.18%"
"05/12/2024","2,412.25","2,552.07","2,579.71","2,380.66","","-5.48%"
"05/09/2024","2,552.07","2,569.14","2,574.32","2,525.32","","-0.66%"
"05/08/2024","2,569.14","2,520.94","2,660.58","2,520.94","","1.91%"
"05/07/2024","2,520.94","2,516.78","2,537.90","2,461.59","","0.17%"
"05/02/2024","2,516.78","2,422.65","2,516.78","2,401.33","","3.89%"
"05/01/2024","2,422.65","2,297.98","2,435.69","2,294.06","","5.43%"
"04/30/2024","2,297.98","2,535.49","2,561.32","2,297.98","","-9.37%"
"04/29/2024","2,535.49","2,331.36","2,535.49","2,331.36","","8.76%"
"04/28/2024","2,331.36","2,519.78","2,548.87","2,331.36","","-7.48%"
"04/24/2024","2,519.78","2,625.53","2,625.53","2,456.60","","-4.03%"
"04/23/2024","2,625.53","2,792.96","2,797.46","2,625.53","","-5.99%"
"04/22/2024","2,792.96","2,848.06","2,887.41","2,782.72","","-1.93%"
"04/21/2024","2,848.06","2,834.23","2,909.62","2,834.23","","0.49%"
"04/18/2024","2,834.23","3,000.11","3,043.89","2,736.97","","-5.53%"
"04/17/2024","3,000.11","2,903.32","3,006.61","2,903.32","","3.33%"
"04/16/2024","2,903.32","2,920.26","2,953.23","2,897.00","","-0.58%"
"04/15/2024","2,920.26","2,793.92","2,946.32","2,793.63","","4.52%"
"04/08/2024","2,793.92","2,747.52","2,813.04","2,736.93","","1.69%"
"04/07/2024","2,747.52","2,857.02","2,877.01","2,747.52","","-3.83%"
"04/04/2024","2,857.02","2,769.27","2,858.15","2,769.27","","3.17%"
"04/03/2024","2,769.27","2,750.07","2,769.27","2,723.75","","0.70%"
"04/02/2024","2,750.07","2,786.06","2,850.61","2,750.07","","-1.29%"
"04/01/2024","2,786.06","2,615.78","2,795.22","2,610.80","","6.51%"
"03/31/2024","2,615.78","2,613.23","2,623.54","2,497.24","","0.10%"
"03/28/2024","2,613.23","2,643.74","2,667.33","2,559.74","","-1.15%"
"03/27/2024","2,643.74","2,716.57","2,740.47","2,625.59","","-2.68%"
"03/26/2024","2,716.57","2,771.36","2,804.09","2,689.56","","-1.98%"
"03/25/2024","2,771.36","2,674.84","2,771.36","2,636.35","","3.61%"
"03/24/2024","2,674.84","2,724.22","2,751.69","2,610.42","","-1.81%"
"03/21/2024","2,724.22","2,732.81","2,766.40","2,654.27","","-0.31%"
"03/20/2024","2,732.81","2,734.46","2,816.37","2,719.17","","-0.06%"
"03/19/2024","2,734.46","2,771.96","2,788.40","2,632.98","","-1.35%"
"03/18/2024","2,771.96","3,078.41","3,093.52","2,771.96","","-9.95%"
"03/17/2024","3,078.41","3,117.77","3,178.18","3,075.06","","-1.26%"
"03/14/2024","3,117.77","3,113.14","3,159.76","2,991.58","","0.15%"
"03/13/2024","3,113.14","3,192.23","3,249.77","3,023.69","","-2.48%"
"03/12/2024","3,192.23","3,175.66","3,192.37","3,074.78","","0.52%"
"03/11/2024","3,175.66","3,300.38","3,347.62","3,175.66","","-3.78%"
"03/10/2024","3,300.38","3,221.96","3,366.90","3,221.96","","2.43%"
"03/07/2024","3,221.96","3,153.55","3,221.96","3,010.40","","2.17%"
"03/06/2024","3,153.55","3,474.82","3,499.24","3,153.55","","-9.25%"
"03/05/2024","3,474.82","3,591.28","3,763.63","3,410.28","","-3.24%"
"03/04/2024","3,591.28","3,278.12","3,647.28","3,278.12","","9.55%"
"03/03/2024","3,278.12","3,135.05","3,336.81","3,135.05","","4.56%"
"02/29/2024","3,135.05","3,119.97","3,154.20","3,036.20","","0.48%"
"02/28/2024","3,119.97","3,194.11","3,329.82","3,087.69","","-2.32%"
"02/27/2024","3,194.11","3,143.56","3,420.07","3,143.56","","1.61%"
"02/26/2024","3,143.56","3,038.56","3,332.70","2,975.90","","3.46%"
"02/25/2024","3,038.56","2,777.73","3,133.55","2,777.73","","9.39%"
"02/22/2024","2,777.73","2,802.46","2,816.95","2,757.91","","-0.88%"
"02/21/2024","2,802.46","2,782.21","2,849.28","2,766.79","","0.73%"
"02/20/2024","2,782.21","2,743.05","2,844.84","2,743.05","","1.43%"
"02/19/2024","2,743.05","2,622.78","2,758.49","2,622.78","","4.59%"
"02/18/2024","2,622.78","2,597.11","2,656.28","2,597.11","","0.99%"
"02/15/2024","2,597.11","2,525.40","2,605.38","2,525.40","","2.84%"
"02/14/2024","2,525.40","2,525.43","2,552.22","2,517.47","","0.00%"
"02/13/2024","2,525.43","2,510.92","2,597.75","2,510.17","","0.58%"
"02/12/2024","2,510.92","2,442.39","2,549.36","2,400.34","","2.81%"
"02/11/2024","2,442.39","2,445.27","2,549.12","2,439.07","","-0.12%"
"02/08/2024","2,445.27","2,470.82","2,490.40","2,392.95","","-1.03%"
"02/07/2024","2,470.82","2,456.20","2,561.50","2,420.43","","0.60%"
"02/06/2024","2,456.20","2,274.63","2,466.58","2,228.69","","7.98%"
"02/05/2024","2,274.63","2,138.97","2,314.40","2,138.97","","6.34%"
"02/04/2024","2,138.97","2,068.36","2,144.78","2,020.69","","3.41%"
"02/01/2024","2,068.36","1,993.70","2,068.36","1,936.24","","3.74%"
"01/31/2024","1,993.70","2,241.23","2,245.38","1,993.70","","-11.04%"
"01/30/2024","2,241.23","2,079.08","2,241.23","2,079.08","","7.80%"
"01/29/2024","2,079.08","2,100.59","2,140.61","2,070.27","","-1.02%"
"01/28/2024","2,100.59","2,083.19","2,151.78","2,078.57","","0.84%"
"01/24/2024","2,083.19","2,014.10","2,088.47","2,011.54","","3.43%"
"01/23/2024","2,014.10","2,057.69","2,064.91","1,991.39","","-2.12%"
"01/22/2024","2,057.69","2,026.13","2,071.73","2,021.11","","1.56%"
"01/21/2024","2,026.13","1,912.75","2,026.13","1,912.75","","5.93%"
"01/18/2024","1,912.75","1,898.79","1,919.11","1,895.73","","0.74%"
"01/17/2024","1,898.79","1,926.16","1,961.65","1,896.65","","-1.42%"
"01/16/2024","1,926.16","1,842.84","1,960.18","1,842.84","","4.52%"
"01/15/2024","1,842.84","1,836.25","1,876.91","1,836.25","","0.36%"
"01/14/2024","1,836.25","1,768.52","1,844.61","1,768.52","","3.83%"
"01/11/2024","1,768.52","1,777.61","1,787.37","1,768.00","","-0.51%"
"01/10/2024","1,777.61","1,782.00","1,794.81","1,774.41","","-0.25%"
"01/09/2024","1,782.00","1,762.23","1,791.55","1,762.23","","1.12%"
"01/08/2024","1,762.23","1,750.33","1,769.94","1,745.80","","0.68%"
"01/04/2024","1,750.33","1,752.37","1,776.75","1,747.38","","-0.12%"
"01/03/2024","1,752.37","1,751.38","1,758.82","1,744.70","","0.06%"
"01/02/2024","1,751.38","1,699.02","1,751.38","1,699.02","","3.08%"
"12/31/2023","1,699.02","1,698.83","1,727.46","1,698.22","","0.01%"
"12/28/2023","1,698.83","1,698.17","1,711.68","1,692.59","","0.04%"
"12/27/2023","1,698.17","1,690.55","1,725.97","1,690.55","","0.45%"
"12/26/2023","1,690.55","1,719.52","1,728.66","1,684.61","","-1.68%"
"12/25/2023","1,719.52","1,684.32","1,719.52","1,669.16","","2.09%"
"12/24/2023","1,684.32","1,740.14","1,759.89","1,680.51","","-3.21%"
"12/21/2023","1,740.14","1,798.51","1,830.43","1,739.91","","-3.25%"
"12/20/2023","1,798.51","1,803.27","1,845.49","1,792.80","","-0.26%"
"12/19/2023","1,803.27","1,788.83","1,821.00","1,776.02","","0.81%"
"12/18/2023","1,788.83","1,755.59","1,798.47","1,755.59","","1.89%"
"12/17/2023","1,755.59","1,736.26","1,770.23","1,736.26","","1.11%"
"12/14/2023","1,736.26","1,747.64","1,774.32","1,736.26","","-0.65%"
"12/13/2023","1,747.64","1,688.80","1,747.64","1,688.80","","3.48%"
"12/12/2023","1,688.80","1,705.85","1,743.86","1,685.77","","-1.00%"
"12/11/2023","1,705.85","1,735.97","1,738.10","1,698.38","","-1.74%"
"12/10/2023","1,735.97","1,761.49","1,793.82","1,728.94","","-1.45%"
"12/07/2023","1,761.49","1,774.68","1,774.68","1,697.59","","-0.74%"
"12/06/2023","1,774.68","1,798.65","1,818.46","1,774.68","","-1.33%"
"12/05/2023","1,798.65","1,824.70","1,843.84","1,798.65","","-1.43%"
"12/04/2023","1,824.70","1,757.18","1,825.95","1,757.18","","3.84%"
"12/03/2023","1,757.18","1,704.68","1,761.04","1,704.68","","3.08%"
"11/30/2023","1,704.68","1,703.43","1,736.47","1,695.72","","0.07%"
"11/29/2023","1,703.43","1,735.25","1,745.36","1,695.62","","-1.83%"
"11/28/2023","1,735.25","1,754.11","1,780.48","1,735.25","","-1.08%"
"11/27/2023","1,754.11","1,703.95","1,754.11","1,703.94","","2.94%"
"11/26/2023","1,703.95","1,712.41","1,731.85","1,700.64","","-0.49%"
"11/23/2023","1,712.41","1,722.00","1,740.03","1,711.93","","-0.55%"
"11/22/2023","1,721.88","1,660.70","1,723.68","1,660.70","","3.68%"
"11/21/2023","1,660.70","1,648.00","1,660.70","1,627.25","","0.77%"
"11/20/2023","1,648.00","1,685.24","1,694.69","1,648.00","","-2.21%"
"11/19/2023","1,685.24","1,679.40","1,701.36","1,679.40","","0.35%"
"11/16/2023","1,679.40","1,665.53","1,696.09","1,665.53","","0.83%"
"11/15/2023","1,665.53","1,638.36","1,677.54","1,638.36","","1.66%"
"11/14/2023","1,638.36","1,606.18","1,653.03","1,606.18","","2.00%"
"11/13/2023","1,606.18","1,608.80","1,620.98","1,601.08","","-0.16%"
"11/12/2023","1,608.80","1,604.14","1,637.89","1,597.24","","0.29%"
"11/09/2023","1,604.14","1,601.62","1,644.06","1,596.42","","0.16%"
"11/08/2023","1,601.62","1,593.20","1,641.39","1,593.20","","0.53%"
"11/07/2023","1,593.20","1,586.81","1,608.92","1,582.23","","0.40%"
"11/06/2023","1,586.81","1,580.86","1,608.05","1,578.13","","0.38%"
"11/05/2023","1,580.86","1,553.45","1,610.33","1,553.45","","1.76%"
"11/02/2023","1,553.45","1,536.48","1,573.25","1,536.48","","1.10%"
"11/01/2023","1,536.48","1,537.26","1,582.79","1,504.61","","-0.05%"
"10/31/2023","1,537.26","1,641.97","1,658.89","1,537.26","","-6.38%"
"10/30/2023","1,641.97","1,619.54","1,685.96","1,613.99","","1.38%"
"10/29/2023","1,619.54","1,638.95","1,685.15","1,601.90","","-1.18%"
"10/26/2023","1,638.95","1,552.36","1,719.80","1,552.36","","5.58%"
"10/25/2023","1,552.36","1,376.74","1,552.36","1,376.74","","12.76%"
"10/24/2023","1,376.74","1,304.11","1,398.05","1,304.11","","5.57%"
"10/23/2023","1,304.11","1,305.65","1,324.59","1,297.60","","-0.12%"
"10/22/2023","1,305.65","1,237.71","1,306.35","1,237.71","","5.49%"
"10/19/2023","1,237.71","1,227.90","1,269.57","1,227.90","","0.80%"
"10/18/2023","1,227.90","1,241.58","1,251.32","1,221.00","","-1.10%"
"10/17/2023","1,241.58","1,154.53","1,263.51","1,154.53","","7.54%"
"10/16/2023","1,154.53","1,141.79","1,156.18","1,139.35","","1.12%"
"10/15/2023","1,141.79","1,149.60","1,159.99","1,141.79","","-0.68%"
"10/12/2023","1,149.60","1,138.61","1,166.22","1,138.61","","0.97%"
"10/11/2023","1,138.61","1,142.33","1,156.23","1,134.49","","-0.33%"
"10/10/2023","1,142.33","1,114.95","1,152.26","1,114.69","","2.46%"
"10/09/2023","1,114.95","1,118.10","1,119.67","1,102.30","","-0.28%"
"10/08/2023","1,118.10","1,156.45","1,157.74","1,065.12","","-3.32%"
"10/04/2023","1,156.45","1,156.49","1,158.88","1,142.61","","0.00%"
"10/03/2023","1,156.49","1,167.22","1,170.88","1,147.89","","-0.92%"
"10/02/2023","1,167.22","1,180.67","1,193.57","1,143.45","","-1.14%"
"10/01/2023","1,180.67","1,200.12","1,203.16","1,179.36","","-1.62%"
"09/27/2023","1,200.12","1,201.13","1,207.21","1,180.07","","-0.08%"
"09/26/2023","1,201.13","1,225.35","1,231.37","1,199.57","","-1.98%"
"09/25/2023","1,225.35","1,215.04","1,239.81","1,215.04","","0.85%"
"09/24/2023","1,215.04","1,215.09","1,234.56","1,199.82","","0.00%"
"09/21/2023","1,215.09","1,186.87","1,217.49","1,181.75","","2.38%"
"09/20/2023","1,186.87","1,207.91","1,231.25","1,176.84","","-1.74%"
"09/19/2023","1,207.91","1,224.35","1,240.95","1,207.08","","-1.34%"
"09/18/2023","1,224.35","1,228.66","1,236.35","1,219.34","","-0.35%"
"09/17/2023","1,228.66","1,213.64","1,252.13","1,213.64","","1.24%"
"09/14/2023","1,213.64","1,164.28","1,246.29","1,164.28","","4.24%"
"09/13/2023","1,164.28","1,147.50","1,164.28","1,141.34","","1.46%"
"09/12/2023","1,147.50","1,158.99","1,167.71","1,143.38","","-0.99%"
"09/11/2023","1,158.99","1,159.19","1,174.33","1,157.72","","-0.02%"
"09/10/2023","1,159.19","1,143.97","1,161.35","1,143.97","","1.33%"
"09/07/2023","1,143.97","1,141.80","1,151.41","1,136.67","","0.19%"
"09/06/2023","1,141.80","1,147.80","1,153.85","1,138.10","","-0.52%"
"09/05/2023","1,147.80","1,143.04","1,169.09","1,143.04","","0.42%"
"09/04/2023","1,143.04","1,118.75","1,150.32","1,118.75","","2.17%"
"09/03/2023","1,118.75","1,129.28","1,134.52","1,118.75","","-0.93%"
"08/31/2023","1,129.28","1,129.36","1,132.82","1,126.96","","-0.01%"
"08/30/2023","1,129.36","1,123.45","1,135.72","1,123.40","","0.53%"
"08/29/2023","1,123.45","1,121.01","1,133.74","1,120.17","","0.22%"
"08/28/2023","1,121.01","1,124.02","1,131.89","1,115.50","","-0.27%"
"08/27/2023","1,124.02","1,112.05","1,132.92","1,112.05","","1.08%"
"08/24/2023","1,112.05","1,120.07","1,125.12","1,109.61","","-0.72%"
"08/23/2023","1,120.07","1,122.12","1,138.89","1,115.59","","-0.18%"
"08/22/2023","1,122.12","1,101.97","1,128.60","1,101.97","","1.83%"
"08/21/2023","1,101.97","1,092.77","1,106.10","1,090.15","","0.84%"
"08/20/2023","1,092.77","1,080.03","1,097.65","1,080.03","","1.18%"
"08/17/2023","1,080.03","1,092.64","1,098.94","1,077.93","","-1.15%"
"08/16/2023","1,092.64","1,097.70","1,107.88","1,092.26","","-0.46%"
"08/15/2023","1,097.70","1,087.20","1,100.56","1,087.20","","0.97%"
"08/14/2023","1,087.20","1,087.64","1,102.27","1,087.20","","-0.04%"
"08/13/2023","1,087.64","1,082.08","1,090.95","1,082.08","","0.51%"
"08/10/2023","1,082.08","1,092.68","1,096.37","1,081.70","","-0.97%"
"08/09/2023","1,092.68","1,085.30","1,108.05","1,083.80","","0.68%"
"08/08/2023","1,085.30","1,088.91","1,099.90","1,084.61","","-0.33%"
"08/07/2023","1,088.91","1,081.09","1,092.94","1,077.00","","0.72%"
"08/06/2023","1,081.09","1,045.02","1,083.37","1,044.51","","3.45%"
"08/03/2023","1,045.02","1,041.51","1,046.08","1,039.05","","0.34%"
"08/02/2023","1,041.51","1,049.17","1,054.07","1,041.51","","-0.73%"
"08/01/2023","1,049.17","1,068.24","1,070.97","1,043.79","","-1.79%"
"07/31/2023","1,068.24","1,056.36","1,068.24","1,055.62","","1.12%"
"07/30/2023","1,056.36","1,038.73","1,059.00","1,038.73","","1.70%"
"07/27/2023","1,038.73","1,031.16","1,040.58","1,031.16","","0.73%"
"07/26/2023","1,031.16","1,039.43","1,042.31","1,031.15","","-0.80%"
"07/25/2023","1,039.43","1,053.03","1,062.19","1,039.43","","-1.29%"
"07/24/2023","1,053.03","1,069.17","1,071.85","1,052.43","","-1.51%"
"07/19/2023","1,069.17","1,072.66","1,078.06","1,067.62","","-0.33%"
"07/18/2023","1,072.66","1,051.62","1,074.37","1,051.62","","2.00%"
"07/17/2023","1,051.62","1,046.76","1,057.73","1,046.76","","0.46%"
"07/16/2023","1,046.76","1,037.20","1,046.76","1,037.20","","0.92%"
"07/13/2023","1,037.20","1,039.48","1,048.95","1,037.20","","-0.22%"
"07/12/2023","1,039.48","1,029.87","1,052.53","1,029.87","","0.93%"
"07/11/2023","1,029.87","1,012.73","1,029.87","1,008.18","","1.69%"
"07/10/2023","1,012.73","991.21","1,013.00","991.21","","2.17%"
"07/09/2023","991.21","1,042.71","1,043.47","990.56","","-4.94%"
"07/06/2023","1,042.71","1,064.33","1,068.70","1,042.71","","-2.03%"
"07/05/2023","1,064.33","1,066.94","1,075.78","1,062.49","","-0.24%"
"07/04/2023","1,066.94","1,074.58","1,084.79","1,066.90","","-0.71%"
"06/26/2023","1,074.58","1,059.80","1,074.58","1,058.76","","1.39%"
"06/25/2023","1,059.80","1,072.18","1,078.16","1,059.31","","-1.15%"
"06/22/2023","1,072.18","1,063.94","1,072.91","1,059.62","","0.77%"
"06/21/2023","1,063.94","1,082.16","1,082.95","1,059.70","","-1.68%"
"06/20/2023","1,082.16","1,080.87","1,095.54","1,077.80","","0.12%"
"06/19/2023","1,080.87","1,091.33","1,094.83","1,063.93","","-0.96%"
"06/18/2023","1,091.33","1,082.09","1,101.28","1,082.09","","0.85%"
"06/15/2023","1,082.09","1,081.93","1,097.41","1,080.44","","0.01%"
"06/14/2023","1,081.93","1,081.91","1,103.00","1,081.68","","0.00%"
"06/13/2023","1,081.91","1,099.86","1,107.13","1,080.87","","-1.63%"
"06/12/2023","1,099.86","1,101.77","1,113.73","1,099.63","","-0.17%"
"06/11/2023","1,101.77","1,101.77","1,101.77","1,101.77","","1.04%"
"06/08/2023","1,090.45","1,086.96","1,103.23","1,081.43","","0.32%"
"06/07/2023","1,086.96","1,101.49","1,110.41","1,086.96","","-1.32%"
"06/06/2023","1,101.49","1,082.58","1,122.07","1,082.58","","1.75%"
"06/05/2023","1,082.58","1,091.81","1,098.15","1,080.61","","-0.85%"
"06/04/2023","1,091.81","1,085.93","1,105.95","1,085.93","","0.54%"
"06/01/2023","1,085.93","1,066.90","1,091.58","1,066.90","","1.78%"
"05/31/2023","1,066.90","1,072.38","1,099.18","1,065.29","","-0.51%"
"05/30/2023","1,072.38","1,041.50","1,072.38","1,040.87","","2.96%"
"05/29/2023","1,041.50","998.56","1,042.33","992.45","","4.30%"
"05/28/2023","998.56","982.99","999.04","982.99","","1.58%"
"05/25/2023","982.99","984.23","990.48","978.17","","-0.13%"
"05/24/2023","984.23","968.97","988.01","968.97","","1.57%"
"05/23/2023","968.97","966.54","970.39","956.13","","0.25%"
"05/22/2023","966.54","971.53","987.38","965.73","","-0.51%"
"05/21/2023","971.53","969.40","978.10","969.40","","0.22%"
"05/18/2023","969.40","967.69","971.56","950.27","","0.18%"
"05/17/2023","967.69","996.12","1,001.12","967.29","","-2.85%"
"05/16/2023","996.12","1,005.15","1,005.15","987.25","","-0.90%"
"05/15/2023","1,005.15","1,024.91","1,037.14","1,003.18","","-1.93%"
"05/14/2023","1,024.91","1,025.53","1,033.85","1,019.58","","-0.06%"
"05/11/2023","1,025.53","1,037.72","1,040.21","1,023.57","","-1.17%"
"05/10/2023","1,037.72","1,027.14","1,038.30","1,014.90","","1.03%"
"05/09/2023","1,027.14","1,039.48","1,052.73","1,027.14","","-1.19%"
"05/08/2023","1,039.48","1,012.52","1,040.81","1,012.52","","2.66%"
"05/07/2023","1,012.52","1,010.27","1,016.00","993.94","","0.22%"
"05/03/2023","1,010.27","1,016.25","1,024.65","1,002.20","","-0.59%"
"05/02/2023","1,016.25","1,020.58","1,027.97","1,010.73","","-0.42%"
"05/01/2023","1,020.58","1,052.59","1,059.83","1,020.00","","-3.04%"
"04/30/2023","1,052.59","1,050.62","1,081.28","1,050.62","","0.19%"
"04/27/2023","1,050.62","1,025.95","1,050.62","1,025.95","","2.40%"
"04/26/2023","1,025.95","1,017.04","1,031.07","1,017.04","","0.88%"
"04/19/2023","1,017.04","1,010.46","1,024.90","1,010.46","","0.65%"
"04/18/2023","1,010.46","994.56","1,010.46","994.56","","1.60%"
"04/13/2023","994.56","993.78","1,003.80","992.11","","0.08%"
"04/12/2023","993.78","1,003.23","1,004.80","993.78","","-0.94%"
"04/11/2023","1,003.23","983.06","1,003.23","983.06","","2.05%"
"04/10/2023","983.06","970.18","983.06","970.18","","1.33%"
"04/09/2023","970.18","975.54","978.71","967.86","","-0.55%"
"04/06/2023","975.54","991.34","995.63","973.63","","-1.59%"
"04/05/2023","991.34","999.29","1,008.07","990.88","","-0.80%"
"04/04/2023","999.29","970.27","999.29","970.27","","2.99%"
"04/03/2023","970.27","948.80","970.27","948.80","","2.26%"
"04/02/2023","948.80","932.96","948.80","931.64","","1.70%"
"03/30/2023","932.96","944.40","953.79","928.47","","-1.21%"
"03/29/2023","944.40","937.45","947.99","937.45","","0.74%"
"03/28/2023","937.45","943.56","946.73","928.95","","-0.65%"
"03/27/2023","943.56","953.24","959.61","938.85","","-1.02%"
"03/26/2023","953.24","920.14","954.41","920.14","","3.60%"
"03/23/2023","920.14","894.83","920.14","892.19","","2.83%"
"03/22/2023","894.83","916.82","925.28","894.83","","-2.40%"
"03/21/2023","916.82","894.24","918.00","894.24","","2.53%"
"03/20/2023","894.24","876.18","906.89","873.76","","2.06%"
"03/19/2023","876.18","879.54","879.74","863.91","","-0.38%"
"03/16/2023","879.54","864.52","894.19","847.77","","1.74%"
"03/15/2023","864.52","937.37","945.05","863.55","","-7.77%"
"03/14/2023","937.37","917.20","937.37","906.59","","2.20%"
"03/13/2023","917.20","972.00","977.16","908.47","","-5.64%"
"03/12/2023","972.00","1,014.79","1,015.29","964.70","","-4.22%"
"03/09/2023","1,014.79","999.36","1,014.79","997.99","","1.54%"
"03/08/2023","999.36","1,002.63","1,007.97","989.73","","-0.33%"
"03/07/2023","1,002.63","1,034.99","1,041.60","1,002.63","","-3.13%"
"03/06/2023","1,034.99","1,034.41","1,049.73","1,034.41","","0.06%"
"03/05/2023","1,034.41","1,043.08","1,046.73","1,030.95","","-0.83%"
"03/02/2023","1,043.08","1,052.82","1,055.95","1,041.54","","-0.93%"
"03/01/2023","1,052.82","1,044.00","1,052.82","1,043.02","","0.84%"
"02/28/2023","1,044.00","1,036.28","1,044.00","1,033.04","","0.74%"
"02/27/2023","1,036.28","1,037.75","1,047.48","1,036.28","","-0.14%"
"02/26/2023","1,037.75","1,028.63","1,038.56","1,028.63","","0.89%"
"02/23/2023","1,028.63","1,020.47","1,028.63","1,010.63","","0.80%"
"02/22/2023","1,020.47","1,050.64","1,052.65","1,017.76","","-2.87%"
"02/21/2023","1,050.64","1,028.10","1,050.64","1,020.67","","2.19%"
"02/20/2023","1,028.10","1,050.43","1,056.85","1,024.62","","-2.13%"
"02/19/2023","1,050.43","1,069.87","1,074.37","1,050.43","","-1.82%"
"02/16/2023","1,069.87","1,080.19","1,086.75","1,068.19","","-0.96%"
"02/15/2023","1,080.19","1,080.16","1,089.41","1,077.19","","0.00%"
"02/14/2023","1,080.16","1,032.97","1,080.16","1,032.97","","4.57%"
"02/13/2023","1,032.97","1,040.15","1,046.86","1,028.63","","-0.69%"
"02/12/2023","1,040.15","1,040.76","1,058.11","1,037.30","","-0.06%"
"02/09/2023","1,040.76","1,019.37","1,040.76","1,013.47","","2.10%"
"02/08/2023","1,019.37","1,036.11","1,037.88","1,013.63","","-1.62%"
"02/07/2023","1,036.11","1,028.14","1,040.32","1,028.14","","0.78%"
"02/06/2023","1,028.14","1,023.38","1,038.41","1,015.65","","0.47%"
"02/05/2023","1,023.38","1,012.07","1,023.38","976.40","","1.12%"
"02/02/2023","1,012.07","1,031.23","1,050.09","1,011.29","","-1.86%"
"02/01/2023","1,031.23","1,048.93","1,056.81","1,026.28","","-1.69%"
"01/31/2023","1,048.93","1,097.52","1,102.31","1,048.93","","-4.43%"
"01/30/2023","1,097.52","1,141.07","1,147.51","1,097.52","","-3.82%"
"01/29/2023","1,141.07","1,131.14","1,149.20","1,131.14","","0.88%"
"01/25/2023","1,131.14","1,103.90","1,131.14","1,103.90","","2.47%"
"01/24/2023","1,103.90","1,104.39","1,114.59","1,095.62","","-0.04%"
"01/23/2023","1,104.39","1,109.27","1,125.73","1,103.63","","-0.44%"
"01/22/2023","1,109.27","1,094.99","1,119.22","1,094.99","","1.30%"
"01/19/2023","1,094.99","1,072.81","1,094.99","1,072.81","","2.07%"
"01/18/2023","1,072.81","1,081.94","1,096.93","1,070.73","","-0.84%"
"01/17/2023","1,081.94","1,053.32","1,097.81","1,053.32","","2.72%"
"01/16/2023","1,053.32","1,036.40","1,055.22","1,036.40","","1.63%"
"01/15/2023","1,036.40","1,034.44","1,058.46","1,034.44","","0.19%"
"01/12/2023","1,034.44","1,024.56","1,038.03","1,003.65","","0.96%"
"01/11/2023","1,024.56","1,010.14","1,064.74","1,010.14","","1.43%"
"01/10/2023","1,010.14","1,038.34","1,038.45","1,007.14","","-2.72%"
"01/09/2023","1,038.34","1,058.10","1,067.13","1,033.16","","-1.87%"
"01/05/2023","1,058.10","1,060.84","1,070.48","1,055.44","","-0.26%"
"01/04/2023","1,060.84","1,055.14","1,061.32","1,010.25","","0.54%"
"01/03/2023","1,055.14","1,026.11","1,058.73","1,026.11","","2.83%"
"01/02/2023","1,026.11","993.64","1,026.36","993.64","","3.27%"
"12/29/2022","993.64","997.72","1,007.92","993.64","","-0.41%"
"12/28/2022","997.72","979.90","997.72","979.90","","1.82%"
"12/27/2022","979.90","979.35","993.24","977.29","","0.06%"
"12/26/2022","979.35","952.91","979.35","952.91","","2.77%"
"12/25/2022","952.91","989.21","989.21","952.72","","-3.67%"
"12/22/2022","989.21","1,004.78","1,017.58","985.79","","-1.55%"
"12/21/2022","1,004.78","1,010.43","1,015.47","998.69","","-0.56%"
"12/20/2022","1,010.43","1,007.77","1,028.01","1,007.77","","0.26%"
"12/19/2022","1,007.77","1,012.06","1,018.73","993.38","","-0.42%"
"12/18/2022","1,012.06","1,032.20","1,033.74","1,010.07","","-1.95%"
"12/15/2022","1,032.20","1,036.59","1,063.34","1,027.84","","-0.42%"
"12/14/2022","1,036.59","1,027.19","1,049.40","1,022.42","","0.92%"
"12/13/2022","1,027.19","963.54","1,027.19","963.54","","6.61%"
"12/12/2022","963.54","958.28","965.52","941.93","","0.55%"
"12/11/2022","958.28","970.62","987.04","958.28","","-1.27%"
"12/08/2022","970.62","972.91","986.01","967.03","","-0.24%"
"12/07/2022","972.91","948.53","984.41","948.53","","2.57%"
"12/06/2022","948.53","920.99","950.74","911.91","","2.99%"
"12/05/2022","920.99","924.27","936.69","915.49","","-0.35%"
"12/04/2022","924.27","894.54","924.27","894.54","","3.32%"
"12/01/2022","894.54","885.41","897.29","885.41","","1.03%"
"11/30/2022","885.41","882.11","892.04","879.35","","0.37%"
"11/29/2022","882.11","867.37","882.11","867.37","","1.70%"
"11/28/2022","867.37","884.32","888.59","865.58","","-1.92%"
"11/27/2022","884.32","875.62","889.41","875.60","","0.99%"
"11/24/2022","875.62","851.92","875.62","851.92","","2.78%"
"11/23/2022","851.92","853.47","861.48","850.65","","-0.18%"
"11/22/2022","853.47","840.14","853.47","840.14","","1.59%"
"11/21/2022","840.14","842.70","845.66","833.31","","-0.30%"
"11/20/2022","842.70","845.30","850.55","840.99","","-0.31%"
"11/17/2022","845.30","845.75","853.20","842.82","","-0.05%"
"11/16/2022","845.75","834.16","846.75","834.11","","1.39%"
"11/15/2022","834.16","835.83","838.29","830.78","","-0.20%"
"11/14/2022","835.83","833.88","839.16","830.09","","0.23%"
"11/13/2022","833.88","814.92","836.85","814.92","","2.33%"
"11/10/2022","814.92","800.61","818.66","800.61","","1.79%"
"11/09/2022","800.61","803.01","805.03","793.76","","-0.30%"
"11/08/2022","803.01","816.70","819.18","799.56","","-1.68%"
"11/07/2022","816.70","798.51","816.85","798.51","","2.28%"
"11/06/2022","798.51","801.75","803.73","794.74","","-0.40%"
"11/03/2022","801.75","807.95","809.43","797.65","","-0.77%"
"11/02/2022","807.95","828.71","832.66","807.95","","-2.51%"
"11/01/2022","828.71","816.17","828.71","816.17","","1.54%"
"10/31/2022","816.17","805.84","816.17","804.96","","1.28%"
"10/30/2022","805.84","813.07","818.07","800.96","","-0.89%"
"10/27/2022","813.07","802.66","827.96","802.66","","1.30%"
"10/26/2022","802.66","791.61","805.86","791.61","","1.40%"
"10/25/2022","791.61","781.69","791.61","776.63","","1.27%"
"10/24/2022","781.69","783.28","789.94","781.69","","-0.20%"
"10/23/2022","783.28","780.56","785.82","780.56","","0.35%"
"10/20/2022","780.56","775.51","780.72","773.99","","0.65%"
"10/19/2022","775.51","783.38","785.37","772.55","","-1.00%"
"10/18/2022","783.38","783.47","788.43","781.11","","-0.01%"
"10/17/2022","783.47","771.77","786.20","771.77","","1.52%"
"10/16/2022","771.77","755.75","772.25","755.75","","2.12%"
"10/13/2022","755.75","746.12","755.75","745.50","","1.29%"
"10/12/2022","746.12","758.18","758.18","745.91","","-1.59%"
"10/11/2022","758.18","767.87","768.50","755.68","","-1.26%"
"10/10/2022","767.87","768.37","778.34","764.62","","-0.07%"
"10/09/2022","768.37","783.89","783.89","767.47","","-1.98%"
"10/05/2022","783.89","783.83","787.08","781.70","","0.01%"
"10/04/2022","783.83","771.51","784.36","771.51","","1.60%"
"10/03/2022","771.51","769.66","778.98","765.37","","0.24%"
"10/02/2022","769.66","786.60","787.43","769.66","","-2.15%"
"09/29/2022","786.60","782.48","786.71","782.48","","0.53%"
"09/28/2022","782.48","793.52","796.91","778.73","","-1.39%"
"09/27/2022","793.52","782.97","793.52","782.97","","1.35%"
"09/26/2022","782.97","774.64","787.02","774.64","","1.08%"
"09/25/2022","774.64","781.65","785.35","774.15","","-0.90%"
"09/22/2022","781.65","782.39","787.04","768.16","","-0.09%"
"09/21/2022","782.39","795.86","807.25","782.39","","-1.69%"
"09/20/2022","795.86","784.25","795.86","774.52","","1.48%"
"09/19/2022","784.25","769.34","784.25","756.29","","1.94%"
"09/18/2022","769.34","813.78","816.92","759.98","","-5.46%"
"09/15/2022","813.78","814.67","818.55","806.52","","-0.11%"
"09/14/2022","814.67","841.99","841.99","814.26","","-3.24%"
"09/13/2022","841.99","845.18","849.73","841.79","","-0.38%"
"09/12/2022","845.18","848.98","854.07","845.18","","-0.45%"
"09/11/2022","848.98","843.73","853.40","843.73","","0.62%"
"09/08/2022","843.73","840.60","846.62","838.53","","0.37%"
"09/07/2022","840.60","853.26","858.52","839.79","","-1.48%"
"09/06/2022","853.26","834.98","855.58","834.98","","2.19%"
"09/05/2022","834.98","818.08","835.40","818.08","","2.07%"
"09/04/2022","818.08","802.30","819.03","793.48","","1.97%"
"09/01/2022","802.30","817.44","818.64","799.96","","-1.85%"
"08/31/2022","817.44","828.20","831.81","817.44","","-1.30%"
"08/30/2022","828.20","831.71","834.75","826.51","","-0.42%"
"08/29/2022","831.71","844.33","853.26","831.71","","-1.49%"
"08/28/2022","844.33","844.54","851.12","839.45","","-0.02%"
"08/25/2022","844.54","807.78","845.45","807.78","","4.55%"
"08/24/2022","807.78","810.56","822.33","806.88","","-0.34%"
"08/23/2022","810.56","828.24","835.64","810.56","","-2.13%"
"08/22/2022","828.24","802.14","828.24","801.65","","3.25%"
"08/21/2022","802.14","791.56","804.41","791.56","","1.34%"
"08/18/2022","791.56","789.13","802.57","789.13","","0.31%"
"08/17/2022","789.13","770.54","789.76","770.54","","2.41%"
"08/16/2022","770.54","775.16","781.03","770.49","","-0.60%"
"08/15/2022","775.16","776.99","782.12","774.59","","-0.24%"
"08/14/2022","776.99","769.70","781.73","769.70","","0.95%"
"08/11/2022","769.70","763.64","769.70","763.64","","0.79%"
"08/10/2022","763.64","767.01","773.12","763.23","","-0.44%"
"08/09/2022","767.01","774.37","781.49","766.12","","-0.95%"
"08/08/2022","774.37","775.13","784.01","773.28","","-0.10%"
"08/07/2022","775.13","755.11","775.44","755.11","","2.65%"
"08/04/2022","755.11","713.14","755.88","713.14","","5.89%"
"08/03/2022","713.14","704.84","713.14","704.84","","1.18%"
"08/02/2022","704.84","701.05","704.84","699.08","","0.54%"
"08/01/2022","701.05","714.40","717.81","700.96","","-1.87%"
"07/31/2022","714.40","707.57","717.48","707.57","","0.97%"
"07/28/2022","707.57","703.00","708.58","702.27","","0.65%"
"07/27/2022","703.00","710.13","713.04","703.00","","-1.00%"
"07/26/2022","710.13","703.41","714.28","702.88","","0.96%"
"07/25/2022","703.41","707.37","709.55","703.36","","-0.56%"
"07/24/2022","707.37","707.88","712.84","707.34","","-0.07%"
"07/21/2022","707.88","699.14","709.81","699.14","","1.25%"
"07/20/2022","699.14","691.46","701.65","690.44","","1.11%"
"07/19/2022","691.46","681.37","693.13","675.08","","1.48%"
"07/18/2022","681.37","663.18","681.37","663.18","","2.74%"
"07/17/2022","663.18","663.41","664.18","658.49","","-0.03%"
"07/07/2022","663.41","662.67","676.94","661.20","","0.11%"
"07/06/2022","662.67","657.36","662.67","656.17","","0.81%"
"07/05/2022","657.36","644.92","669.76","644.92","","1.93%"
"07/04/2022","644.92","658.86","661.68","636.66","","-2.12%"
"07/03/2022","658.86","669.52","669.76","657.97","","-1.59%"
"06/29/2022","669.52","657.86","671.43","656.08","","1.77%"
"06/28/2022","657.86","665.85","666.35","640.58","","-1.20%"
"06/27/2022","665.85","690.84","692.32","665.85","","-3.62%"
"06/26/2022","690.84","685.64","695.13","685.52","","0.76%"
"06/23/2022","685.64","697.24","697.24","685.52","","-1.66%"
"06/22/2022","697.24","705.36","706.51","697.24","","-1.15%"
"06/21/2022","705.36","702.97","712.37","702.97","","0.34%"
"06/20/2022","702.97","696.25","706.73","694.20","","0.97%"
"06/19/2022","696.25","713.11","714.16","696.25","","-2.36%"
"06/16/2022","713.11","726.30","730.39","713.11","","-1.82%"
"06/15/2022","726.30","710.51","726.51","710.51","","2.22%"
"06/14/2022","710.51","715.57","716.73","710.16","","-0.71%"
"06/13/2022","715.57","731.29","734.88","715.55","","-2.15%"
"06/12/2022","731.29","721.91","731.29","715.81","","1.30%"
"06/09/2022","721.91","720.20","727.52","717.00","","0.24%"
"06/08/2022","720.20","694.22","720.20","694.22","","3.74%"
"06/07/2022","694.22","690.88","694.22","690.84","","0.48%"
"06/06/2022","690.88","687.23","692.52","687.05","","0.53%"
"06/05/2022","687.23","681.99","688.47","681.54","","0.77%"
"06/02/2022","681.99","675.25","681.99","670.58","","1.00%"
"06/01/2022","675.25","681.70","688.08","673.90","","-0.95%"
"05/31/2022","681.70","681.02","690.96","681.02","","0.10%"
"05/30/2022","681.02","667.81","689.45","667.81","","1.98%"
"05/29/2022","667.81","675.30","677.17","665.89","","-1.11%"
"05/26/2022","675.30","691.12","691.12","673.69","","-2.29%"
"05/25/2022","691.12","708.12","713.39","690.70","","-2.40%"
"05/24/2022","708.12","724.21","729.68","708.12","","-2.22%"
"05/23/2022","724.21","721.36","726.99","721.36","","0.40%"
"05/22/2022","721.36","725.44","728.76","721.29","","-0.56%"
"05/19/2022","725.44","725.31","729.80","717.46","","0.02%"
"05/18/2022","725.31","725.12","729.54","725.12","","0.03%"
"05/17/2022","725.12","717.38","734.40","717.38","","1.08%"
"05/16/2022","717.38","731.44","731.83","717.38","","-1.92%"
"05/15/2022","731.44","735.91","739.35","731.44","","-0.61%"
"05/12/2022","735.91","751.43","751.43","724.43","","-2.07%"
"05/11/2022","751.43","757.11","757.80","751.28","","-0.75%"
"05/10/2022","757.11","767.97","767.97","755.64","","-1.41%"
"05/09/2022","767.97","775.72","782.63","766.17","","-1.00%"
"05/08/2022","775.72","779.37","779.37","768.24","","-0.47%"
"04/28/2022","779.37","743.14","782.43","743.14","","4.88%"
"04/27/2022","743.14","743.61","753.69","739.58","","-0.06%"
"04/26/2022","743.61","753.27","755.72","741.85","","-1.28%"
"04/21/2022","753.27","730.68","753.89","730.51","","3.09%"
"04/20/2022","730.68","730.69","734.60","726.59","","0.00%"
"04/19/2022","730.69","712.04","730.69","712.04","","2.62%"
"04/18/2022","712.04","710.97","714.05","705.06","","0.15%"
"04/17/2022","710.97","745.41","747.91","697.76","","-2.18%"
"04/14/2022","726.85","745.41","747.91","723.96","","-2.49%"
"04/13/2022","745.41","743.60","752.23","742.43","","0.24%"
"04/12/2022","743.60","732.54","743.60","732.12","","1.51%"
"04/11/2022","732.54","753.26","753.33","725.84","","-2.75%"
"04/10/2022","753.26","775.98","775.98","751.63","","-2.93%"
"04/07/2022","775.98","788.28","788.91","773.15","","-1.56%"
"04/06/2022","788.28","793.43","797.81","785.60","","-0.65%"
"04/05/2022","793.43","801.15","807.51","793.43","","-0.96%"
"04/04/2022","801.15","781.20","801.50","781.20","","2.55%"
"04/03/2022","781.20","761.41","781.20","761.41","","2.60%"
"03/31/2022","761.41","761.14","763.52","754.51","","0.04%"
"03/30/2022","761.14","764.56","770.92","758.05","","-0.45%"
"03/29/2022","764.56","759.80","771.19","755.44","","0.63%"
"03/28/2022","759.80","790.88","792.27","756.61","","-3.93%"
"03/27/2022","790.88","798.79","799.30","783.51","","-0.99%"
"03/24/2022","798.79","810.36","817.77","798.79","","-1.43%"
"03/23/2022","810.36","808.09","810.36","797.25","","0.28%"
"03/22/2022","808.09","818.70","844.68","806.16","","-1.30%"
"03/21/2022","818.70","757.35","823.67","757.35","","8.10%"
"03/20/2022","757.35","744.25","757.46","744.25","","1.76%"
"03/17/2022","744.25","744.27","752.76","739.64","","0.00%"
"03/16/2022","744.27","706.21","744.27","706.21","","5.39%"
"03/15/2022","706.21","718.72","719.54","704.47","","-1.74%"
"03/14/2022","718.72","729.77","729.77","717.79","","-1.51%"
"03/13/2022","729.77","742.57","746.13","729.72","","-1.72%"
"03/10/2022","742.57","737.14","745.85","737.14","","0.74%"
"03/09/2022","737.14","739.59","747.97","737.14","","-0.33%"
"03/08/2022","739.59","757.80","758.83","737.41","","-2.40%"
"03/07/2022","757.80","778.60","778.94","753.15","","-2.67%"
"03/06/2022","778.60","789.90","790.12","773.61","","-1.43%"
"03/03/2022","789.90","786.64","791.58","786.64","","0.41%"
"03/02/2022","786.64","794.26","794.26","783.79","","-0.96%"
"03/01/2022","794.26","777.05","794.28","777.05","","2.21%"
"02/28/2022","777.05","792.79","792.79","775.26","","-1.99%"
"02/27/2022","792.79","768.86","792.85","768.86","","3.11%"
"02/24/2022","768.86","818.77","818.77","759.71","","-6.10%"
"02/23/2022","818.77","821.45","827.02","818.77","","-0.33%"
"02/22/2022","821.45","831.12","831.12","812.75","","-1.16%"
"02/21/2022","831.12","822.48","832.76","822.48","","1.05%"
"02/20/2022","822.48","847.79","848.99","822.33","","-2.99%"
"02/17/2022","847.79","852.32","852.32","842.97","","-0.53%"
"02/16/2022","852.32","849.27","857.71","849.27","","0.36%"
"02/15/2022","849.27","846.60","852.74","843.32","","0.32%"
"02/14/2022","846.60","865.86","865.86","842.13","","-2.22%"
"02/13/2022","865.86","885.13","887.27","865.00","","-2.18%"
"02/10/2022","885.13","898.00","904.60","885.13","","-1.43%"
"02/09/2022","898.00","880.30","904.80","880.30","","2.01%"
"02/08/2022","880.30","883.59","884.94","879.31","","-0.37%"
"02/07/2022","883.59","894.03","895.68","882.06","","-1.17%"
"02/06/2022","894.03","886.02","894.03","884.56","","0.90%"
"02/03/2022","886.02","892.68","893.82","880.37","","-0.75%"
"02/02/2022","892.68","889.80","897.11","889.80","","0.32%"
"02/01/2022","889.80","880.87","890.16","880.14","","1.01%"
"01/31/2022","880.87","848.91","880.87","848.91","","3.76%"
"01/30/2022","848.91","861.03","864.01","848.91","","-1.41%"
"01/26/2022","861.03","861.06","868.25","859.11","","0.00%"
"01/25/2022","861.06","860.64","865.69","857.41","","0.05%"
"01/24/2022","860.64","868.85","871.37","858.00","","-0.94%"
"01/23/2022","868.85","883.35","884.42","868.85","","-1.64%"
"01/20/2022","883.35","884.66","886.54","881.48","","-0.15%"
"01/19/2022","884.66","884.01","888.16","871.85","","0.07%"
"01/18/2022","884.01","875.63","884.01","873.38","","0.96%"
"01/17/2022","875.63","871.34","876.95","867.76","","0.49%"
"01/16/2022","871.34","891.08","891.08","871.22","","-2.22%"
"01/13/2022","891.08","904.92","904.92","887.85","","-1.53%"
"01/12/2022","904.92","913.28","915.01","899.85","","-0.92%"
"01/11/2022","913.28","920.16","923.50","910.25","","-0.75%"
"01/10/2022","920.16","923.31","925.47","920.16","","-0.34%"
"01/09/2022","923.31","930.80","930.87","923.23","","-0.80%"
"01/05/2022","930.80","924.55","936.18","924.55","","0.68%"
"01/04/2022","924.55","913.80","927.81","913.55","","1.18%"
"01/03/2022","913.80","912.40","916.36","911.69","","0.15%"
"01/02/2022","912.40","911.53","919.05","911.53","","0.10%"
"12/30/2021","911.53","902.72","911.53","900.27","","0.98%"
"12/29/2021","902.72","904.33","906.39","899.46","","-0.18%"
"12/28/2021","904.33","911.01","914.73","894.06","","-0.73%"
"12/27/2021","911.01","916.80","923.03","908.75","","-0.63%"
"12/26/2021","916.80","905.24","919.01","905.24","","1.28%"
"12/23/2021","905.24","893.60","905.68","893.60","","1.30%"
"12/22/2021","893.60","884.41","897.22","884.41","","1.04%"
"12/21/2021","884.41","872.81","889.92","872.81","","1.33%"
"12/20/2021","872.81","879.80","879.80","861.54","","-0.79%"
"12/19/2021","879.80","891.07","895.05","879.04","","-1.26%"
"12/16/2021","891.07","883.01","894.91","883.01","","0.91%"
"12/15/2021","883.01","876.99","891.10","876.87","","0.69%"
"12/14/2021","876.99","878.06","884.93","874.29","","-0.12%"
"12/13/2021","878.06","909.32","916.75","878.06","","-3.44%"
"12/12/2021","909.32","900.59","918.19","900.59","","0.97%"
"12/09/2021","900.59","893.68","900.59","887.32","","0.77%"
"12/08/2021","893.68","911.18","911.90","889.29","","-1.92%"
"12/07/2021","911.18","923.93","939.84","907.46","","-1.38%"
"12/06/2021","923.93","902.53","923.93","898.38","","2.37%"
"12/05/2021","902.53","874.63","903.14","874.35","","3.19%"
"12/02/2021","874.63","877.64","884.18","874.45","","-0.34%"
"12/01/2021","877.64","871.02","882.46","869.50","","0.76%"
"11/30/2021","871.02","860.46","871.32","858.35","","1.23%"
"11/29/2021","860.46","850.71","862.38","850.71","","1.00%"
"11/28/2021","851.93","860.77","860.77","832.73","","-1.03%"
"11/25/2021","860.77","828.23","862.10","827.73","","3.93%"
"11/24/2021","828.23","828.24","830.03","822.19","","0.00%"
"11/23/2021","828.24","797.44","830.01","797.44","","3.86%"
"11/22/2021","797.44","781.65","797.44","776.66","","2.02%"
"11/21/2021","781.65","797.76","798.32","781.60","","-2.02%"
"11/18/2021","797.76","801.33","804.34","795.75","","-0.45%"
"11/17/2021","801.33","800.60","808.48","789.49","","0.09%"
"11/16/2021","800.60","821.23","821.23","798.34","","-2.51%"
"11/15/2021","821.23","855.90","855.90","821.23","","-4.05%"
"11/14/2021","855.90","855.27","860.10","850.50","","0.07%"
"11/11/2021","855.27","834.30","855.39","827.53","","2.51%"
"11/10/2021","834.30","849.75","849.87","823.93","","-1.94%"
"11/09/2021","850.82","865.06","882.07","850.69","","-1.65%"
"11/08/2021","865.06","863.33","869.20","863.33","","0.20%"
"11/07/2021","863.33","866.10","866.10","862.75","","-0.32%"
"11/04/2021","866.10","892.50","892.50","856.69","","-2.96%"
"11/03/2021","892.50","929.03","933.20","889.40","","-3.93%"
"11/02/2021","929.03","928.43","942.23","928.43","","0.06%"
"11/01/2021","928.43","935.91","938.97","928.43","","-0.80%"
"10/31/2021","935.91","920.74","936.64","919.14","","1.65%"
"10/28/2021","920.74","906.63","920.74","906.62","","1.37%"
"10/27/2021","908.32","920.62","920.62","899.66","","-1.34%"
"10/26/2021","920.62","938.27","945.98","918.49","","-1.88%"
"10/25/2021","938.27","944.56","946.64","915.04","","-0.67%"
"10/24/2021","944.56","936.70","958.65","936.70","","0.84%"
"10/20/2021","936.70","940.74","946.32","898.42","","-0.43%"
"10/19/2021","940.74","981.19","986.57","940.34","","-4.12%"
"10/18/2021","981.19","964.35","983.15","964.35","","1.75%"
"10/17/2021","964.35","961.17","968.35","961.17","","0.33%"
"10/14/2021","961.17","960.31","961.40","954.22","","0.09%"
"10/13/2021","960.31","967.89","969.58","959.48","","-0.78%"
"10/12/2021","967.89","972.24","975.05","967.51","","-0.45%"
"10/11/2021","972.24","972.81","976.43","972.01","","-0.06%"
"10/10/2021","972.81","974.49","979.41","971.72","","-0.17%"
"10/06/2021","974.49","973.91","978.92","972.87","","0.06%"
"10/05/2021","973.91","981.31","988.75","973.91","","-0.75%"
"10/04/2021","981.31","978.90","987.94","978.90","","0.25%"
"10/03/2021","978.90","993.40","998.88","978.76","","-1.46%"
"09/30/2021","993.40","981.12","993.40","981.09","","1.25%"
"09/29/2021","981.12","981.40","988.42","979.77","","-0.03%"
"09/28/2021","981.40","994.11","997.12","980.66","","-1.28%"
"09/27/2021","994.11","1,007.69","1,014.08","993.94","","-1.35%"
"09/26/2021","1,007.69","991.64","1,010.93","991.64","","1.62%"
"09/23/2021","991.64","973.34","992.64","973.34","","1.88%"
"09/22/2021","973.34","948.17","973.34","948.17","","2.65%"
"09/21/2021","948.17","979.18","979.62","946.72","","-3.17%"
"09/20/2021","979.18","999.28","1,000.17","978.26","","-2.01%"
"09/19/2021","999.28","1,014.40","1,028.00","995.56","","-1.49%"
"09/16/2021","1,014.40","1,021.25","1,032.28","1,014.40","","-0.67%"
"09/15/2021","1,021.25","1,024.41","1,032.98","1,007.32","","-0.31%"
"09/14/2021","1,024.41","1,015.58","1,036.56","1,015.58","","0.87%"
"09/13/2021","1,015.58","1,002.56","1,015.58","1,002.56","","1.30%"
"09/12/2021","1,002.56","985.34","1,005.79","984.45","","1.75%"
"09/09/2021","985.34","1,000.55","1,011.14","982.49","","-1.52%"
"09/08/2021","1,000.55","1,004.84","1,012.81","998.30","","-0.43%"
"09/07/2021","1,004.84","996.92","1,009.61","989.58","","0.79%"
"09/06/2021","996.92","1,008.94","1,016.65","987.08","","-1.19%"
"09/05/2021","1,008.94","1,052.40","1,054.62","1,006.89","","-4.13%"
"09/02/2021","1,052.40","1,041.21","1,053.34","1,041.21","","1.07%"
"09/01/2021","1,041.21","1,035.13","1,043.88","1,030.17","","0.59%"
"08/31/2021","1,035.13","1,056.35","1,056.35","1,027.08","","-2.01%"
"08/30/2021","1,056.35","1,050.97","1,067.72","1,050.97","","0.51%"
"08/29/2021","1,050.97","1,031.40","1,050.97","1,028.80","","1.90%"
"08/26/2021","1,031.40","1,029.94","1,043.89","1,029.94","","0.14%"
"08/25/2021","1,029.94","1,015.30","1,032.86","1,015.30","","1.44%"
"08/24/2021","1,015.30","1,007.92","1,021.48","1,007.92","","0.73%"
"08/23/2021","1,007.92","988.93","1,009.83","988.93","","1.92%"
"08/22/2021","988.93","988.19","993.08","986.98","","0.07%"
"08/19/2021","988.19","982.59","991.57","982.59","","0.57%"
"08/18/2021","982.59","977.41","986.74","977.41","","0.53%"
"08/17/2021","977.41","961.34","979.14","961.34","","1.67%"
"08/16/2021","961.34","955.73","963.49","955.08","","0.59%"
"08/15/2021","955.73","963.00","966.88","955.45","","-0.75%"
"08/11/2021","963.00","954.20","969.39","954.20","","0.92%"
"08/10/2021","954.20","947.23","954.20","945.82","","0.74%"
"08/09/2021","947.23","946.43","951.60","945.64","","0.08%"
"08/08/2021","946.43","935.83","948.21","935.83","","1.13%"
"08/05/2021","935.83","928.14","938.77","928.14","","0.83%"
"08/04/2021","928.14","928.28","929.49","921.78","","-0.02%"
"08/03/2021","928.28","954.67","954.67","928.28","","-2.76%"
"08/02/2021","954.67","954.32","965.18","954.32","","0.04%"
"08/01/2021","954.32","952.67","957.49","952.67","","0.17%"
"07/29/2021","952.67","947.32","956.89","947.32","","0.56%"
"07/28/2021","947.32","934.89","947.91","934.89","","1.33%"
"07/27/2021","934.89","925.72","935.22","925.72","","0.99%"
"07/26/2021","925.72","925.38","929.11","924.56","","0.04%"
"07/25/2021","925.38","920.79","927.24","918.48","","0.50%"
"07/18/2021","920.79","915.55","923.20","915.55","","0.57%"
"07/15/2021","915.55","913.91","917.39","913.28","","0.18%"
"07/14/2021","913.91","896.72","914.74","896.72","","1.92%"
"07/13/2021","896.72","878.91","897.11","878.91","","2.03%"
"07/12/2021","878.91","869.09","878.91","869.09","","1.13%"
"07/11/2021","869.09","868.14","869.18","864.94","","0.11%"
"07/08/2021","868.14","875.91","880.23","868.14","","-0.89%"
"07/07/2021","875.91","860.40","876.29","860.34","","1.80%"
"07/06/2021","860.40","879.83","879.83","851.02","","-2.21%"
"07/05/2021","879.83","882.94","887.52","879.83","","-0.35%"
"07/04/2021","882.94","867.71","885.42","867.71","","1.76%"
"06/30/2021","867.71","853.34","868.88","853.34","","1.68%"
"06/29/2021","853.34","868.67","868.67","849.13","","-1.76%"
"06/28/2021","868.67","871.31","874.66","868.67","","-0.30%"
"06/27/2021","871.31","864.01","871.31","861.75","","0.84%"
"06/24/2021","864.01","871.93","872.88","864.01","","-0.91%"
"06/23/2021","871.93","867.39","875.69","866.91","","0.52%"
"06/22/2021","867.39","834.45","868.00","834.45","","3.95%"
"06/21/2021","834.45","808.44","834.45","808.44","","3.22%"
"06/20/2021","808.44","801.19","808.50","801.19","","0.90%"
"06/17/2021","801.19","796.81","802.31","796.81","","0.55%"
"06/16/2021","796.81","804.02","804.61","796.03","","-0.90%"
"06/15/2021","804.02","812.41","816.66","804.02","","-1.03%"
"06/14/2021","812.41","814.97","814.97","804.45","","-0.31%"
"06/13/2021","814.97","822.39","829.04","814.97","","-0.90%"
"06/10/2021","822.39","826.99","829.65","822.37","","-0.56%"
"06/09/2021","826.99","823.01","828.80","823.00","","0.48%"
"06/08/2021","823.01","818.56","826.10","817.17","","0.54%"
"06/07/2021","818.56","800.92","819.21","800.92","","2.20%"
"06/06/2021","800.92","795.40","801.24","792.22","","0.69%"
"06/03/2021","795.40","798.71","799.17","790.60","","-0.41%"
"06/02/2021","798.71","804.67","810.19","798.71","","-0.74%"
"06/01/2021","804.67","810.55","810.55","799.26","","-0.73%"
"05/31/2021","810.55","811.35","820.53","810.55","","-0.10%"
"05/30/2021","811.35","803.32","811.88","803.17","","1.00%"
"05/27/2021","803.32","803.78","807.21","802.66","","-0.06%"
"05/26/2021","803.78","800.30","807.11","800.30","","0.43%"
"05/25/2021","800.30","822.99","822.99","798.57","","-2.76%"
"05/24/2021","822.99","831.55","835.81","822.99","","-1.03%"
"05/23/2021","831.55","817.40","832.03","817.40","","1.73%"
"05/20/2021","817.40","820.88","821.56","814.65","","-0.42%"
"05/19/2021","820.88","822.03","829.70","820.88","","-0.14%"
"05/18/2021","822.03","800.45","822.03","800.45","","2.70%"
"05/17/2021","800.45","789.85","800.49","789.47","","1.34%"
"05/11/2021","789.85","782.52","789.85","782.52","","0.94%"
"05/10/2021","782.52","785.27","785.41","779.64","","-0.35%"
"05/09/2021","785.27","781.97","789.68","781.97","","0.42%"
"05/06/2021","781.97","781.05","784.50","781.05","","0.12%"
"05/05/2021","781.05","778.08","781.33","778.08","","0.38%"
"05/04/2021","778.08","787.14","787.14","773.91","","-1.15%"
"04/28/2021","787.14","793.32","794.60","786.93","","-0.78%"
"04/27/2021","793.32","789.92","793.96","789.92","","0.43%"
"04/26/2021","789.92","792.92","797.11","789.27","","-0.38%"
"04/25/2021","792.92","779.43","792.92","779.43","","1.73%"
"04/22/2021","779.43","771.01","779.43","769.51","","1.09%"
"04/21/2021","771.01","771.40","776.57","769.81","","-0.05%"
"04/20/2021","771.40","756.31","771.40","756.31","","2.00%"
"04/19/2021","756.31","746.09","756.31","745.96","","1.37%"
"04/18/2021","746.09","739.14","747.03","739.14","","0.94%"
"04/15/2021","739.14","748.61","748.89","739.00","","-1.27%"
"04/14/2021","748.61","777.64","777.64","748.61","","-3.73%"
"04/13/2021","777.64","791.67","791.92","777.64","","-1.77%"
"04/12/2021","791.67","784.18","794.74","784.18","","0.96%"
"04/11/2021","784.18","772.25","784.19","772.25","","1.54%"
"04/08/2021","772.25","761.38","774.39","761.10","","1.43%"
"04/07/2021","761.38","769.33","769.33","759.44","","-1.03%"
"04/06/2021","769.33","772.46","773.92","763.85","","-0.41%"
"04/05/2021","772.46","795.36","795.36","771.19","","-2.88%"
"04/04/2021","795.36","808.29","810.40","795.36","","-1.60%"
"04/01/2021","808.29","798.12","811.69","797.97","","1.27%"
"03/31/2021","798.12","807.57","809.05","796.60","","-1.17%"
"03/30/2021","807.57","797.08","807.59","797.08","","1.32%"
"03/29/2021","797.08","794.24","797.08","792.80","","0.36%"
"03/28/2021","794.24","787.76","797.48","787.76","","0.82%"
"03/25/2021","787.76","786.81","787.76","777.14","","0.12%"
"03/24/2021","786.81","777.54","797.70","776.61","","1.19%"
"03/23/2021","777.54","790.00","790.00","761.15","","-1.58%"
"03/22/2021","790.00","814.89","814.89","790.00","","-3.05%"
"03/21/2021","814.89","829.91","832.33","814.81","","-1.81%"
"03/18/2021","829.91","832.97","832.97","825.45","","-0.37%"
"03/17/2021","832.97","831.36","838.29","831.36","","0.19%"
"03/16/2021","831.36","838.03","838.44","825.11","","-0.80%"
"03/15/2021","838.03","853.31","855.06","838.03","","-1.79%"
"03/14/2021","853.31","840.25","856.01","840.25","","1.55%"
"03/11/2021","840.25","834.47","840.74","833.93","","0.69%"
"03/10/2021","834.47","844.97","845.84","833.85","","-1.24%"
"03/09/2021","844.97","845.63","850.96","844.97","","-0.08%"
"03/08/2021","845.63","857.06","860.57","845.59","","-1.33%"
"03/07/2021","857.06","847.73","859.40","847.73","","1.10%"
"03/04/2021","847.73","842.53","850.01","842.32","","0.62%"
"03/03/2021","842.53","862.55","862.55","841.49","","-2.32%"
"03/02/2021","862.55","865.21","873.23","862.55","","-0.31%"
"03/01/2021","865.21","865.93","869.24","863.07","","-0.08%"
"02/28/2021","865.93","871.78","876.87","865.93","","-0.67%"
"02/25/2021","871.78","858.74","874.22","858.74","","1.52%"
"02/24/2021","858.74","865.18","865.18","851.23","","-0.74%"
"02/23/2021","865.18","873.02","875.56","865.18","","-0.90%"
"02/22/2021","873.02","872.54","875.73","871.10","","0.06%"
"02/21/2021","872.54","862.07","876.76","862.07","","1.21%"
"02/18/2021","862.07","867.88","867.88","860.44","","-0.67%"
"02/17/2021","867.88","874.70","876.52","867.88","","-0.78%"
"02/16/2021","874.70","867.69","877.20","867.54","","0.81%"
"02/15/2021","867.69","871.93","872.98","867.07","","-0.49%"
"02/14/2021","871.93","881.37","887.19","871.93","","-1.07%"
"02/11/2021","881.37","878.85","883.76","878.85","","0.29%"
"02/10/2021","878.85","871.48","880.84","871.48","","0.85%"
"02/09/2021","871.48","877.11","877.11","870.70","","-0.64%"
"02/08/2021","877.11","888.30","893.57","877.11","","-1.26%"
"02/07/2021","888.30","884.58","891.12","884.58","","0.42%"
"02/04/2021","884.58","895.06","895.29","884.31","","-1.17%"
"02/03/2021","895.06","896.82","900.56","895.06","","-0.20%"
"02/02/2021","896.82","883.65","900.10","883.65","","1.49%"
"02/01/2021","883.65","873.95","883.95","873.95","","1.11%"
"01/31/2021","873.95","883.68","883.68","873.95","","-1.10%"
"01/27/2021","883.68","885.85","889.18","883.57","","-0.24%"
"01/26/2021","885.85","886.64","890.26","885.77","","-0.09%"
"01/25/2021","886.64","877.56","886.64","875.88","","1.03%"
"01/24/2021","877.56","878.86","885.56","877.50","","-0.15%"
"01/21/2021","878.86","859.70","880.53","859.70","","2.23%"
"01/20/2021","859.70","849.17","863.61","849.17","","1.24%"
"01/19/2021","849.17","844.19","849.17","838.93","","0.59%"
"01/18/2021","844.19","847.63","855.50","844.19","","-0.41%"
"01/17/2021","847.63","841.35","848.87","841.35","","0.75%"
"01/14/2021","841.35","842.77","846.52","841.33","","-0.17%"
"01/13/2021","842.77","829.09","844.34","829.09","","1.65%"
"01/12/2021","829.09","831.84","831.84","827.28","","-0.33%"
"01/11/2021","831.84","834.53","839.24","831.84","","-0.32%"
"01/10/2021","834.53","822.24","836.76","822.24","","1.49%"
"01/06/2021","822.24","807.85","823.66","807.85","","1.78%"
"01/05/2021","807.85","804.17","808.51","800.49","","0.46%"
"01/04/2021","804.17","807.05","811.52","804.02","","-0.36%"
"01/03/2021","807.05","803.81","807.73","803.76","","0.40%"
"12/31/2020","803.81","801.12","806.11","801.08","","0.34%"
"12/30/2020","801.12","783.79","801.87","783.79","","2.21%"
"12/29/2020","783.79","775.39","784.41","775.39","","1.08%"
"12/28/2020","775.39","767.83","777.01","767.83","","0.98%"
"12/27/2020","767.83","778.71","779.21","767.83","","-1.40%"
"12/24/2020","778.71","774.60","782.75","774.60","","0.53%"
"12/23/2020","774.60","766.76","776.09","766.76","","1.02%"
"12/22/2020","766.76","756.03","767.47","747.58","","1.42%"
"12/21/2020","756.03","804.08","804.08","756.03","","-5.98%"
"12/20/2020","804.08","793.94","806.61","793.17","","1.28%"
"12/17/2020","793.94","799.46","799.46","788.05","","-0.69%"
"12/16/2020","799.46","819.39","819.39","799.46","","-2.43%"
"12/15/2020","819.39","824.98","831.55","819.39","","-0.68%"
"12/14/2020","824.98","816.11","826.14","816.11","","1.09%"
"12/13/2020","816.11","811.37","816.34","809.88","","0.58%"
"12/10/2020","811.37","824.66","824.66","811.22","","-1.61%"
"12/09/2020","824.66","825.89","832.67","824.53","","-0.15%"
"12/08/2020","825.89","825.34","827.51","824.54","","0.07%"
"12/07/2020","825.34","827.28","830.53","825.34","","-0.23%"
"12/06/2020","827.28","826.51","831.15","826.51","","0.09%"
"12/03/2020","826.51","831.88","831.88","824.64","","-0.65%"
"12/02/2020","831.88","827.97","841.24","827.97","","0.47%"
"12/01/2020","827.97","821.30","827.97","819.39","","0.81%"
"11/30/2020","821.30","820.96","822.38","816.62","","0.04%"
"11/29/2020","820.96","819.23","823.08","817.33","","0.21%"
"11/26/2020","819.23","831.62","831.62","816.11","","-1.49%"
"11/25/2020","831.62","843.27","846.90","830.93","","-1.38%"
"11/24/2020","843.27","825.34","843.94","825.34","","2.17%"
"11/23/2020","825.34","806.19","825.45","806.19","","2.38%"
"11/22/2020","806.19","804.38","807.01","803.13","","0.23%"
"11/19/2020","804.38","802.15","805.94","793.55","","0.28%"
"11/18/2020","802.15","806.18","809.08","802.15","","-0.50%"
"11/17/2020","806.18","780.29","806.64","780.29","","3.32%"
"11/16/2020","780.29","765.94","780.29","765.46","","1.87%"
"11/15/2020","765.94","767.69","771.93","765.94","","-0.23%"
"11/12/2020","767.69","767.64","772.05","767.64","","0.01%"
"11/11/2020","767.64","765.93","768.13","765.27","","0.22%"
"11/10/2020","765.93","742.13","769.19","742.13","","3.21%"
"11/09/2020","742.13","719.89","742.13","719.89","","3.09%"
"11/08/2020","719.89","720.42","721.08","715.74","","-0.07%"
"11/05/2020","720.42","716.21","725.01","716.21","","0.59%"
"11/04/2020","716.21","706.75","718.80","706.75","","1.34%"
"11/03/2020","706.75","698.00","706.75","696.11","","1.25%"
"11/02/2020","698.00","712.86","715.83","697.76","","-2.08%"
"11/01/2020","712.86","725.03","725.05","712.83","","-1.68%"
"10/28/2020","725.03","737.82","737.82","723.39","","-1.73%"
"10/27/2020","737.82","727.09","738.21","727.09","","1.48%"
"10/26/2020","727.09","722.03","730.60","722.03","","0.70%"
"10/25/2020","722.03","731.27","731.27","711.93","","-1.26%"
"10/22/2020","731.27","758.34","758.34","731.27","","-3.57%"
"10/21/2020","758.34","767.22","774.10","758.34","","-1.16%"
"10/20/2020","767.22","773.87","775.65","767.01","","-0.86%"
"10/19/2020","773.87","769.39","778.53","769.39","","0.58%"
"10/18/2020","769.39","784.25","785.25","769.34","","-1.89%"
"10/15/2020","784.25","790.75","794.01","784.21","","-0.82%"
"10/14/2020","790.75","789.76","793.28","789.76","","0.13%"
"10/13/2020","789.76","805.20","805.20","789.47","","-1.92%"
"10/12/2020","805.20","802.57","815.36","802.57","","2.36%"
"10/07/2020","786.65","760.69","793.69","760.69","","2.58%"
"10/06/2020","766.87","743.13","766.91","743.13","","3.19%"
"10/05/2020","743.13","751.47","752.32","738.35","","-1.11%"
"10/04/2020","751.47","749.32","757.09","749.32","","0.29%"
"10/01/2020","749.32","738.83","752.18","738.83","","1.42%"
"09/30/2020","738.83","737.55","740.01","735.54","","0.17%"
"09/29/2020","737.55","732.65","742.62","732.65","","0.67%"
"09/28/2020","732.65","722.97","737.57","722.97","","1.34%"
"09/27/2020","722.97","712.37","728.05","712.37","","1.49%"
"09/24/2020","712.37","722.13","723.14","712.23","","-1.35%"
"09/23/2020","722.13","718.54","728.63","718.54","","0.50%"
"09/22/2020","718.54","717.51","719.05","706.39","","0.14%"
"09/21/2020","717.51","724.52","732.28","717.51","","-0.97%"
"09/20/2020","724.52","725.31","726.15","723.33","","-0.11%"
"09/17/2020","725.31","720.38","726.36","720.38","","0.68%"
"09/16/2020","720.38","710.03","721.00","710.03","","1.46%"
"09/15/2020","710.03","717.54","718.54","710.03","","-1.05%"
"09/14/2020","717.54","723.79","726.29","717.54","","-0.86%"
"09/13/2020","723.79","719.11","728.77","719.11","","0.65%"
"09/10/2020","719.11","699.03","719.83","699.03","","2.87%"
"09/09/2020","699.03","704.35","704.51","689.58","","-0.76%"
"09/08/2020","704.35","727.93","727.93","704.35","","-3.24%"
"09/07/2020","727.93","729.56","736.17","727.93","","-0.22%"
"09/06/2020","729.56","739.85","739.85","726.48","","-1.39%"
"09/03/2020","739.85","741.85","746.25","739.84","","-0.27%"
"09/02/2020","741.85","743.74","747.23","741.85","","-0.25%"
"09/01/2020","743.74","755.24","755.24","743.74","","-1.52%"
"08/31/2020","755.24","752.81","769.82","752.81","","0.32%"
"08/30/2020","752.81","751.45","754.29","751.45","","0.18%"
"08/27/2020","751.45","750.40","753.74","747.84","","0.14%"
"08/26/2020","750.40","751.98","756.93","750.40","","-0.21%"
"08/25/2020","751.98","758.41","760.24","751.66","","-0.85%"
"08/24/2020","758.41","762.18","769.65","758.40","","-0.49%"
"08/23/2020","762.18","739.01","762.18","739.01","","3.14%"
"08/19/2020","739.01","730.19","739.02","730.19","","1.21%"
"08/18/2020","730.19","739.51","739.51","729.18","","-1.26%"
"08/17/2020","739.51","745.93","750.72","739.51","","-0.86%"
"08/16/2020","745.93","728.35","746.81","728.35","","2.41%"
"08/13/2020","728.35","728.74","730.57","726.57","","-0.05%"
"08/12/2020","728.74","726.71","738.08","726.71","","0.28%"
"08/11/2020","726.71","728.81","734.30","723.31","","-0.29%"
"08/10/2020","728.81","723.38","736.99","723.38","","0.75%"
"08/09/2020","723.38","704.77","723.56","704.77","","2.64%"
"08/06/2020","704.77","694.54","706.73","694.54","","1.47%"
"08/05/2020","694.54","678.41","694.54","678.41","","2.38%"
"08/04/2020","678.41","665.75","679.28","665.75","","1.90%"
"07/29/2020","665.75","657.86","666.48","657.44","","1.20%"
"07/28/2020","657.86","653.83","659.68","653.36","","0.62%"
"07/27/2020","653.83","653.91","656.17","653.36","","-0.01%"
"07/26/2020","653.91","647.28","654.60","647.28","","1.02%"
"07/22/2020","647.28","647.71","649.37","647.28","","-0.07%"
"07/21/2020","647.71","635.03","650.51","635.03","","2.00%"
"07/20/2020","635.03","626.02","635.03","625.94","","1.44%"
"07/19/2020","626.02","634.73","645.70","625.99","","-1.37%"
"07/16/2020","634.73","641.19","641.19","622.10","","-1.01%"
"07/15/2020","641.19","668.68","676.16","641.19","","-4.11%"
"07/14/2020","668.68","685.91","685.91","668.44","","-2.51%"
"07/13/2020","685.91","687.26","699.21","685.91","","-0.20%"
"07/12/2020","687.26","662.49","687.41","662.49","","3.74%"
"07/09/2020","662.49","677.46","677.46","658.65","","-2.21%"
"07/08/2020","677.46","660.89","681.02","660.78","","2.51%"
"07/07/2020","660.89","661.54","665.86","657.31","","-0.10%"
"07/06/2020","661.54","643.89","662.61","643.89","","2.74%"
"07/05/2020","643.89","621.57","643.89","621.57","","3.59%"
"06/30/2020","621.57","608.74","622.13","608.74","","2.11%"
"06/29/2020","608.74","611.30","612.58","607.58","","-0.42%"
"06/28/2020","611.30","613.50","614.24","609.73","","-0.36%"
"06/25/2020","613.50","620.63","624.89","613.47","","-1.15%"
"06/24/2020","620.63","595.67","621.71","595.67","","4.19%"
"06/23/2020","595.67","586.60","595.67","582.18","","1.55%"
"06/22/2020","586.60","589.46","595.81","586.59","","-0.49%"
"06/21/2020","589.46","591.59","591.59","580.95","","-0.36%"
"06/18/2020","591.59","601.21","602.48","591.59","","-1.60%"
"06/17/2020","601.21","600.95","604.09","599.14","","0.04%"
"06/16/2020","600.95","587.30","601.89","587.30","","2.32%"
"06/15/2020","587.30","581.10","587.30","571.28","","1.07%"
"06/14/2020","581.10","585.54","585.54","576.91","","-0.76%"
"06/11/2020","585.54","591.48","591.48","584.78","","-1.00%"
"06/10/2020","591.48","594.52","596.30","589.71","","-0.51%"
"06/09/2020","594.52","600.23","603.11","594.52","","-0.95%"
"06/08/2020","600.23","594.54","609.83","594.54","","0.96%"
"06/07/2020","594.54","565.48","594.54","565.48","","5.14%"
"06/04/2020","565.48","557.72","565.56","557.72","","1.39%"
"06/03/2020","557.72","558.25","560.78","557.72","","-0.09%"
"06/02/2020","558.25","552.45","561.62","552.33","","1.05%"
"06/01/2020","552.45","549.35","555.27","549.35","","0.56%"
"05/31/2020","549.35","539.27","549.35","539.27","","1.87%"
"05/21/2020","539.27","537.91","539.47","535.34","","0.25%"
"05/20/2020","537.91","548.34","548.46","537.56","","-1.90%"
"05/19/2020","548.34","544.58","553.79","544.58","","0.69%"
"05/18/2020","544.58","549.54","550.97","544.58","","-0.90%"
"05/17/2020","549.54","547.99","551.04","547.31","","0.28%"
"05/14/2020","547.99","563.35","563.35","547.99","","-2.73%"
"05/13/2020","563.35","571.93","574.49","562.93","","-1.50%"
"05/12/2020","571.93","547.16","572.47","547.16","","4.53%"
"05/11/2020","547.16","547.90","547.90","537.62","","-0.14%"
"05/10/2020","547.90","553.30","555.01","546.80","","-0.98%"
"05/07/2020","553.30","573.05","573.26","553.29","","-3.45%"
"05/06/2020","573.05","567.57","573.84","567.57","","0.97%"
"05/05/2020","567.57","559.61","570.84","559.61","","1.42%"
"05/04/2020","559.61","574.73","574.73","558.61","","-2.63%"
"05/03/2020","574.73","610.70","610.70","574.73","","-5.89%"
"04/30/2020","610.70","612.33","612.61","608.12","","-0.27%"
"04/29/2020","612.33","615.29","618.62","612.33","","-0.48%"
"04/28/2020","615.29","601.42","615.72","601.42","","2.31%"
"04/27/2020","601.42","595.29","603.90","592.93","","1.03%"
"04/26/2020","595.29","574.75","595.39","574.75","","3.57%"
"04/23/2020","574.75","556.46","574.75","556.46","","3.29%"
"04/22/2020","556.46","556.87","560.31","553.69","","-0.07%"
"04/21/2020","556.87","560.85","560.85","552.33","","-0.71%"
"04/16/2020","560.85","565.38","565.38","556.96","","-0.80%"
"04/15/2020","565.38","570.21","578.09","565.38","","-0.85%"
"04/14/2020","570.21","554.23","570.34","554.23","","2.88%"
"04/13/2020","554.23","540.89","554.30","540.89","","2.47%"
"04/12/2020","540.89","547.15","547.19","536.14","","-1.14%"
"04/09/2020","547.15","548.81","554.92","547.15","","-0.30%"
"04/08/2020","548.81","544.54","556.85","544.54","","0.78%"
"04/07/2020","544.54","525.20","544.54","522.81","","3.68%"
"04/06/2020","525.20","512.26","525.20","512.25","","2.53%"
"04/05/2020","512.26","523.70","524.30","510.12","","-2.18%"
"04/02/2020","523.70","518.72","525.95","518.62","","0.96%"
"04/01/2020","518.72","527.25","527.25","518.15","","-1.62%"
"03/31/2020","527.25","520.39","529.51","518.66","","1.32%"
"03/30/2020","520.39","533.15","533.79","517.27","","-2.39%"
"03/29/2020","533.15","534.73","535.43","529.17","","-0.30%"
"03/26/2020","534.73","526.39","534.76","526.39","","1.58%"
"03/25/2020","526.39","516.55","526.67","516.55","","1.90%"
"03/24/2020","516.55","528.22","528.22","515.44","","-2.21%"
"03/23/2020","528.22","498.23","540.87","498.23","","6.02%"
"03/22/2020","498.23","468.96","504.73","468.96","","6.24%"
"03/19/2020","468.96","445.04","468.98","411.02","","5.37%"
"03/18/2020","445.04","484.42","492.80","445.02","","-8.13%"
"03/17/2020","484.42","524.70","524.70","484.07","","-7.68%"
"03/16/2020","524.70","573.21","573.21","522.56","","-8.46%"
"03/15/2020","573.21","623.36","623.36","573.21","","-8.05%"
"03/11/2020","623.36","620.28","634.37","620.28","","0.50%"
"03/10/2020","620.28","614.13","626.78","614.13","","1.00%"
"03/09/2020","614.13","663.05","663.05","614.07","","-7.38%"
"03/08/2020","663.05","690.09","690.09","660.97","","-3.92%"
"03/05/2020","690.09","675.07","692.33","675.07","","2.22%"
"03/04/2020","675.07","678.89","680.13","672.66","","-0.56%"
"03/03/2020","678.89","669.25","678.89","669.25","","1.44%"
"03/02/2020","669.25","669.67","687.61","669.25","","-0.06%"
"03/01/2020","669.67","729.77","729.77","665.48","","-8.24%"
"02/27/2020","729.77","741.62","746.80","729.76","","-1.60%"
"02/26/2020","741.62","745.40","750.09","739.80","","-0.51%"
"02/25/2020","745.40","740.15","745.40","737.78","","0.71%"
"02/24/2020","740.15","772.01","772.01","737.36","","-4.13%"
"02/23/2020","772.01","765.91","777.26","765.91","","0.80%"
"02/20/2020","765.91","763.50","766.34","759.54","","0.32%"
"02/19/2020","763.50","763.22","768.53","762.62","","0.04%"
"02/18/2020","763.22","787.15","787.84","763.02","","-3.04%"
"02/17/2020","787.15","782.33","789.41","782.33","","0.62%"
"02/16/2020","782.33","796.52","797.71","781.51","","-1.78%"
"02/13/2020","796.52","790.82","799.13","790.82","","0.72%"
"02/12/2020","790.82","801.30","803.01","790.57","","-1.31%"
"02/11/2020","801.30","797.65","806.51","797.65","","0.46%"
"02/10/2020","797.65","807.10","807.17","796.48","","-1.17%"
"02/09/2020","807.10","798.41","807.86","798.41","","1.09%"
"02/06/2020","798.41","791.44","799.15","791.44","","0.88%"
"02/05/2020","791.44","790.29","792.63","789.09","","0.15%"
"02/04/2020","790.29","791.73","796.07","790.12","","-0.18%"
"02/03/2020","791.73","797.20","797.20","791.61","","-0.69%"
"02/02/2020","797.20","798.75","799.77","791.17","","-0.19%"
"01/30/2020","798.75","785.78","798.76","785.78","","1.65%"
"01/29/2020","785.78","771.97","787.04","771.97","","1.79%"
"01/28/2020","771.97","781.78","781.78","768.52","","-1.25%"
"01/27/2020","781.78","793.36","793.53","781.78","","-1.46%"
"01/26/2020","793.36","793.50","797.74","791.37","","-0.02%"
"01/23/2020","793.50","789.19","793.50","789.19","","0.55%"
"01/22/2020","789.19","782.83","794.45","782.83","","0.81%"
"01/21/2020","782.83","791.50","792.03","781.17","","-1.10%"
"01/20/2020","791.50","807.22","807.22","791.50","","-1.95%"
"01/19/2020","807.22","819.70","819.98","806.48","","-1.52%"
"01/16/2020","819.70","817.03","820.79","817.03","","0.33%"
"01/15/2020","817.03","816.66","818.99","812.68","","0.05%"
"01/14/2020","816.66","817.12","820.30","816.41","","-0.06%"
"01/13/2020","817.12","816.09","826.98","816.09","","0.13%"
"01/12/2020","816.09","802.49","816.09","801.62","","1.69%"
"01/09/2020","802.49","781.12","806.81","781.12","","2.74%"
"01/08/2020","781.12","752.01","781.12","739.65","","3.87%"
"01/06/2020","752.01","766.20","769.59","735.71","","-1.85%"
"01/05/2020","766.20","827.19","827.19","766.20","","-7.37%"
"01/02/2020","827.19","828.00","828.26","826.18","","-45.16%"
"12/31/2019","1,508.36","1,516.97","1,527.01","1,508.33","","-0.57%"
"12/30/2019","1,516.97","1,514.94","1,527.15","1,514.69","","0.13%"
"12/29/2019","1,514.93","1,522.41","1,522.66","1,513.32","","-0.49%"
"12/26/2019","1,522.41","1,508.77","1,525.53","1,508.77","","0.90%"
"12/25/2019","1,508.77","1,508.96","1,514.66","1,507.42","","-0.01%"
"12/24/2019","1,508.96","1,526.12","1,526.24","1,508.95","","-1.12%"
"12/23/2019","1,526.12","1,534.73","1,535.34","1,526.12","","-0.56%"
"12/22/2019","1,534.73","1,527.54","1,537.82","1,526.55","","0.47%"
"12/19/2019","1,527.54","1,532.21","1,532.77","1,522.08","","-0.30%"
"12/18/2019","1,532.21","1,512.53","1,538.54","1,512.53","","1.30%"
"12/17/2019","1,512.53","1,471.96","1,512.78","1,471.96","","2.76%"
"12/16/2019","1,471.96","1,483.99","1,486.55","1,470.42","","-0.81%"
"12/15/2019","1,483.99","1,486.02","1,498.94","1,483.91","","-0.14%"
"12/12/2019","1,486.02","1,498.96","1,499.44","1,485.35","","-0.86%"
"12/11/2019","1,498.96","1,516.13","1,517.65","1,498.16","","-1.13%"
"12/10/2019","1,516.13","1,499.68","1,516.22","1,499.18","","1.10%"
"12/09/2019","1,499.68","1,507.70","1,510.72","1,499.45","","-0.53%"
"12/08/2019","1,507.70","1,523.45","1,523.53","1,507.25","","-1.03%"
"12/05/2019","1,523.45","1,524.61","1,541.22","1,523.45","","-0.08%"
"12/04/2019","1,524.61","1,497.11","1,530.29","1,497.11","","1.84%"
"12/03/2019","1,497.11","1,499.36","1,503.32","1,474.71","","-0.15%"
"12/02/2019","1,499.36","1,548.13","1,548.13","1,499.36","","-3.15%"
"12/01/2019","1,548.13","1,563.54","1,572.64","1,548.13","","-0.99%"
"11/28/2019","1,563.54","1,556.72","1,573.92","1,556.25","","0.44%"
"11/27/2019","1,556.72","1,564.26","1,571.78","1,556.72","","-0.48%"
"11/26/2019","1,564.26","1,589.76","1,590.20","1,564.26","","-1.60%"
"11/25/2019","1,589.76","1,603.16","1,603.79","1,588.70","","-0.84%"
"11/24/2019","1,603.16","1,608.73","1,608.85","1,603.16","","-0.35%"
"11/21/2019","1,608.73","1,607.66","1,615.17","1,605.95","","0.07%"
"11/20/2019","1,607.66","1,615.51","1,618.27","1,607.11","","-0.49%"
"11/19/2019","1,615.51","1,621.94","1,628.52","1,615.51","","-0.40%"
"11/18/2019","1,621.94","1,657.37","1,657.65","1,621.94","","-2.14%"
"11/17/2019","1,657.37","1,663.70","1,671.70","1,657.37","","-0.38%"
"11/14/2019","1,663.70","1,669.82","1,671.97","1,658.00","","-0.37%"
"11/13/2019","1,669.82","1,683.39","1,687.25","1,669.82","","-0.81%"
"11/12/2019","1,683.39","1,678.68","1,691.28","1,678.68","","0.28%"
"11/11/2019","1,678.68","1,676.83","1,685.57","1,675.73","","0.11%"
"11/07/2019","1,676.83","1,669.46","1,681.04","1,669.46","","0.44%"
"11/06/2019","1,669.46","1,692.99","1,693.41","1,669.41","","-1.39%"
"11/05/2019","1,692.99","1,691.29","1,699.54","1,691.29","","0.10%"
"11/04/2019","1,691.29","1,713.34","1,717.56","1,691.29","","-1.29%"
"11/03/2019","1,713.34","1,708.70","1,723.63","1,708.70","","0.27%"
"10/31/2019","1,708.70","1,712.68","1,712.77","1,706.90","","-0.23%"
"10/30/2019","1,712.68","1,721.22","1,732.09","1,712.68","","-0.50%"
"10/29/2019","1,721.22","1,709.71","1,721.26","1,709.71","","0.67%"
"10/28/2019","1,709.71","1,690.14","1,711.77","1,690.14","","1.16%"
"10/27/2019","1,690.14","1,683.09","1,691.51","1,683.09","","0.42%"
"10/24/2019","1,683.09","1,666.45","1,684.67","1,666.42","","1.00%"
"10/23/2019","1,666.45","1,691.22","1,691.22","1,664.26","","-1.46%"
"10/22/2019","1,691.22","1,684.95","1,694.55","1,684.95","","0.37%"
"10/21/2019","1,684.95","1,680.23","1,695.42","1,680.23","","0.28%"
"10/20/2019","1,680.23","1,697.90","1,698.41","1,680.23","","-1.04%"
"10/17/2019","1,697.90","1,660.69","1,703.21","1,660.69","","2.24%"
"10/16/2019","1,660.69","1,617.79","1,660.69","1,617.79","","2.65%"
"10/15/2019","1,617.79","1,634.13","1,634.13","1,615.03","","-1.00%"
"10/14/2019","1,634.13","1,643.59","1,654.51","1,634.13","","-0.58%"
"10/13/2019","1,643.59","1,657.33","1,658.61","1,642.25","","-0.83%"
"10/10/2019","1,657.33","1,639.18","1,667.76","1,639.18","","1.11%"
"10/09/2019","1,639.18","1,653.97","1,653.97","1,625.43","","-0.89%"
"10/08/2019","1,653.97","1,676.75","1,688.83","1,653.97","","-1.36%"
"10/07/2019","1,676.75","1,637.33","1,682.09","1,637.33","","2.41%"
"10/03/2019","1,637.33","1,669.80","1,669.80","1,620.43","","-1.94%"
"10/02/2019","1,669.80","1,685.56","1,691.75","1,669.80","","-0.94%"
"10/01/2019","1,685.56","1,669.06","1,688.10","1,668.93","","0.99%"
"09/30/2019","1,669.06","1,661.98","1,676.94","1,661.98","","0.43%"
"09/29/2019","1,661.98","1,584.46","1,666.81","1,584.46","","4.89%"
"09/26/2019","1,584.46","1,563.99","1,603.23","1,563.99","","1.31%"
"09/25/2019","1,563.99","1,520.51","1,570.24","1,520.51","","2.86%"
"09/24/2019","1,520.51","1,579.04","1,579.13","1,519.27","","-3.71%"
"09/23/2019","1,579.04","1,612.85","1,623.93","1,579.04","","-2.10%"
"09/22/2019","1,612.85","1,744.57","1,744.57","1,612.85","","-7.55%"
"09/19/2019","1,744.57","1,711.49","1,744.71","1,711.49","","1.93%"
"09/18/2019","1,711.49","1,722.80","1,722.80","1,705.26","","-0.66%"
"09/17/2019","1,722.80","1,767.26","1,771.00","1,721.64","","-2.52%"
"09/16/2019","1,767.26","1,792.60","1,792.60","1,760.63","","-1.41%"
"09/15/2019","1,792.60","1,813.96","1,815.86","1,792.60","","-1.18%"
"09/12/2019","1,813.96","1,812.39","1,819.93","1,812.39","","0.09%"
"09/11/2019","1,812.39","1,806.29","1,818.38","1,806.00","","0.34%"
"09/10/2019","1,806.29","1,779.07","1,808.03","1,778.99","","1.53%"
"09/09/2019","1,779.07","1,789.81","1,799.32","1,778.98","","-0.60%"
"09/08/2019","1,789.81","1,788.38","1,790.99","1,784.06","","0.08%"
"09/05/2019","1,788.38","1,792.28","1,800.07","1,788.22","","-0.22%"
"09/04/2019","1,792.30","1,824.66","1,825.46","1,792.30","","-1.77%"
"09/03/2019","1,824.66","1,839.24","1,844.00","1,824.66","","-0.79%"
"09/02/2019","1,839.24","1,841.61","1,849.97","1,824.97","","-0.13%"
"09/01/2019","1,841.61","1,827.30","1,841.73","1,825.66","","0.78%"
"08/29/2019","1,827.30","1,804.44","1,835.56","1,804.44","","1.27%"
"08/28/2019","1,804.44","1,780.19","1,804.44","1,779.87","","1.36%"
"08/27/2019","1,780.19","1,776.84","1,790.32","1,776.37","","0.19%"
"08/26/2019","1,776.84","1,772.34","1,776.84","1,751.90","","0.25%"
"08/25/2019","1,772.34","1,785.81","1,821.80","1,772.28","","-0.75%"
"08/22/2019","1,785.81","1,779.07","1,788.63","1,773.68","","0.38%"
"08/21/2019","1,779.07","1,798.85","1,805.10","1,779.07","","-1.10%"
"08/20/2019","1,798.85","1,768.67","1,801.72","1,768.67","","1.71%"
"08/19/2019","1,768.67","1,774.65","1,786.18","1,762.44","","-0.34%"
"08/18/2019","1,774.65","1,766.83","1,781.10","1,766.83","","0.44%"
"08/15/2019","1,766.83","1,795.33","1,795.33","1,758.63","","-1.59%"
"08/14/2019","1,795.33","1,714.69","1,795.33","1,714.69","","4.70%"
"08/08/2019","1,714.69","1,675.37","1,714.69","1,675.23","","2.35%"
"08/07/2019","1,675.37","1,646.29","1,675.37","1,646.29","","1.77%"
"08/06/2019","1,646.29","1,633.26","1,648.26","1,630.73","","0.80%"
"08/05/2019","1,633.26","1,619.94","1,635.43","1,612.94","","0.82%"
"08/04/2019","1,619.94","1,607.24","1,624.76","1,607.24","","0.79%"
"08/01/2019","1,607.24","1,561.95","1,607.24","1,561.95","","2.90%"
"07/31/2019","1,561.95","1,559.24","1,561.95","1,541.36","","0.17%"
"07/30/2019","1,559.24","1,570.01","1,576.98","1,558.91","","-0.69%"
"07/29/2019","1,570.01","1,581.11","1,581.11","1,567.25","","-0.70%"
"07/28/2019","1,581.11","1,565.65","1,589.57","1,565.65","","0.99%"
"07/25/2019","1,565.65","1,584.25","1,588.12","1,565.58","","-1.17%"
"07/24/2019","1,584.25","1,609.39","1,611.27","1,584.24","","-1.56%"
"07/22/2019","1,609.39","1,593.99","1,618.49","1,593.99","","0.97%"
"07/21/2019","1,593.99","1,612.28","1,612.28","1,593.12","","-1.13%"
"07/18/2019","1,612.28","1,597.71","1,619.20","1,597.71","","0.91%"
"07/17/2019","1,597.71","1,613.89","1,613.89","1,589.07","","-1.00%"
"07/16/2019","1,613.89","1,608.57","1,622.48","1,608.57","","0.33%"
"07/15/2019","1,608.57","1,591.64","1,608.57","1,583.25","","1.06%"
"07/14/2019","1,591.64","1,620.32","1,621.03","1,588.66","","-1.77%"
"07/11/2019","1,620.32","1,639.33","1,641.10","1,620.18","","-1.16%"
"07/10/2019","1,639.33","1,652.51","1,652.51","1,629.89","","-0.80%"
"07/09/2019","1,652.51","1,651.00","1,660.23","1,651.00","","0.09%"
"07/08/2019","1,651.00","1,628.98","1,651.00","1,628.98","","1.35%"
"07/07/2019","1,628.98","1,644.30","1,645.22","1,626.36","","-0.93%"
"07/04/2019","1,644.30","1,669.42","1,669.42","1,644.30","","-1.50%"
"07/03/2019","1,669.42","1,673.26","1,678.63","1,669.42","","-0.23%"
"07/02/2019","1,673.26","1,670.62","1,674.68","1,660.69","","0.16%"
"06/27/2019","1,670.62","1,648.79","1,687.86","1,648.79","","1.32%"
"06/26/2019","1,648.79","1,607.50","1,648.79","1,607.50","","2.57%"
"06/25/2019","1,607.50","1,618.21","1,618.21","1,604.85","","-0.66%"
"06/24/2019","1,618.21","1,655.60","1,657.40","1,618.21","","-2.26%"
"06/23/2019","1,655.60","1,670.36","1,674.51","1,655.57","","-0.88%"
"06/20/2019","1,670.36","1,677.68","1,689.57","1,670.15","","-0.44%"
"06/19/2019","1,677.68","1,680.84","1,687.98","1,677.68","","-0.19%"
"06/18/2019","1,680.84","1,698.69","1,698.69","1,680.43","","-1.05%"
"06/17/2019","1,698.69","1,697.48","1,708.84","1,697.48","","0.07%"
"06/16/2019","1,697.48","1,702.18","1,706.05","1,694.37","","-0.28%"
"06/13/2019","1,702.18","1,681.93","1,705.95","1,681.93","","1.20%"
"06/12/2019","1,681.93","1,685.20","1,685.69","1,673.27","","-0.19%"
"06/11/2019","1,685.20","1,687.64","1,704.94","1,681.76","","-0.14%"
"06/10/2019","1,687.64","1,635.05","1,687.68","1,635.05","","3.22%"
"06/09/2019","1,635.05","1,604.49","1,641.45","1,604.49","","1.90%"
"06/03/2019","1,604.49","1,591.52","1,604.49","1,591.49","","0.81%"
"06/02/2019","1,591.52","1,621.08","1,621.08","1,591.46","","-1.82%"
"05/30/2019","1,621.08","1,672.74","1,684.04","1,621.08","","-3.09%"
"05/29/2019","1,672.74","1,684.50","1,708.17","1,672.74","","-0.70%"
"05/28/2019","1,684.50","1,654.36","1,684.50","1,654.36","","1.82%"
"05/27/2019","1,654.36","1,653.43","1,663.77","1,653.43","","0.06%"
"05/26/2019","1,653.43","1,637.02","1,654.29","1,637.02","","1.00%"
"05/23/2019","1,637.02","1,624.22","1,642.01","1,624.22","","0.79%"
"05/22/2019","1,624.22","1,612.79","1,628.00","1,612.79","","0.71%"
"05/21/2019","1,612.79","1,583.17","1,612.90","1,583.17","","1.87%"
"05/20/2019","1,583.17","1,599.62","1,599.73","1,572.12","","-1.03%"
"05/19/2019","1,599.62","1,642.07","1,642.96","1,599.59","","-2.59%"
"05/16/2019","1,642.07","1,661.51","1,672.51","1,640.86","","-1.17%"
"05/15/2019","1,661.51","1,689.04","1,693.73","1,657.76","","-1.63%"
"05/14/2019","1,689.04","1,683.82","1,697.54","1,683.78","","0.31%"
"05/13/2019","1,683.82","1,708.62","1,709.76","1,673.42","","-1.45%"
"05/12/2019","1,708.62","1,700.39","1,721.46","1,700.39","","0.48%"
"05/09/2019","1,700.39","1,649.90","1,700.39","1,643.48","","3.06%"
"05/08/2019","1,649.90","1,725.80","1,725.80","1,649.90","","-4.40%"
"05/07/2019","1,725.80","1,728.82","1,734.64","1,725.15","","-0.17%"
"05/06/2019","1,728.82","1,777.18","1,777.18","1,728.75","","-2.72%"
"05/05/2019","1,777.18","1,807.75","1,807.75","1,776.85","","-1.69%"
"05/02/2019","1,807.75","1,801.03","1,816.45","1,801.03","","0.37%"
"04/30/2019","1,801.03","1,804.59","1,807.51","1,794.84","","-0.20%"
"04/24/2019","1,804.59","1,792.65","1,804.67","1,790.63","","0.67%"
"04/23/2019","1,792.65","1,829.94","1,830.33","1,788.97","","-2.04%"
"04/22/2019","1,829.94","1,830.92","1,840.42","1,829.94","","-0.05%"
"04/21/2019","1,830.92","1,838.30","1,839.93","1,827.78","","-0.40%"
"04/18/2019","1,838.30","1,838.11","1,856.20","1,838.11","","0.01%"
"04/17/2019","1,838.11","1,857.98","1,858.04","1,834.04","","-1.07%"
"04/16/2019","1,857.98","1,870.87","1,883.05","1,857.98","","-0.69%"
"04/15/2019","1,870.87","1,865.67","1,875.73","1,864.35","","0.28%"
"04/14/2019","1,865.67","1,856.84","1,867.25","1,856.32","","0.48%"
"04/11/2019","1,856.84","1,848.48","1,861.24","1,842.06","","0.45%"
"04/10/2019","1,848.48","1,850.90","1,852.14","1,845.71","","-0.13%"
"04/09/2019","1,850.90","1,873.62","1,873.62","1,850.90","","-1.21%"
"04/08/2019","1,873.62","1,877.04","1,887.75","1,868.64","","-0.18%"
"04/07/2019","1,877.04","1,885.76","1,891.14","1,877.03","","-0.46%"
"04/04/2019","1,885.76","1,870.52","1,888.68","1,861.62","","0.81%"
"04/03/2019","1,870.52","1,852.14","1,871.93","1,852.14","","0.99%"
"04/02/2019","1,852.14","1,834.89","1,853.77","1,834.89","","0.94%"
"04/01/2019","1,834.89","1,832.22","1,841.48","1,831.82","","0.15%"
"03/31/2019","1,832.22","1,818.56","1,846.90","1,818.56","","0.75%"
"03/28/2019","1,818.56","1,796.29","1,818.56","1,788.64","","1.24%"
"03/27/2019","1,796.29","1,807.89","1,828.54","1,796.29","","-0.64%"
"03/26/2019","1,807.89","1,821.77","1,824.89","1,806.14","","-0.76%"
"03/25/2019","1,821.77","1,857.58","1,857.58","1,821.77","","-1.93%"
"03/24/2019","1,857.58","1,846.16","1,873.29","1,846.16","","0.62%"
"03/21/2019","1,846.16","1,818.20","1,846.27","1,816.81","","1.54%"
"03/20/2019","1,818.20","1,818.78","1,827.15","1,807.89","","-0.03%"
"03/19/2019","1,818.78","1,862.24","1,862.24","1,818.78","","-2.33%"
"03/18/2019","1,862.24","1,866.82","1,881.28","1,862.24","","-0.25%"
"03/17/2019","1,866.82","1,870.32","1,871.55","1,858.98","","-0.19%"
"03/14/2019","1,870.32","1,888.58","1,899.62","1,870.32","","-0.97%"
"03/13/2019","1,888.58","1,859.86","1,899.02","1,859.86","","1.54%"
"03/12/2019","1,859.86","1,847.67","1,859.90","1,841.79","","0.66%"
"03/11/2019","1,847.67","1,831.36","1,854.32","1,831.14","","0.89%"
"03/10/2019","1,831.36","1,833.80","1,844.21","1,831.36","","-0.13%"
"03/07/2019","1,833.80","1,809.01","1,833.88","1,809.01","","1.37%"
"03/06/2019","1,809.01","1,807.70","1,818.84","1,806.54","","0.07%"
"03/05/2019","1,807.70","1,803.07","1,809.75","1,803.07","","0.26%"
"03/04/2019","1,803.07","1,784.98","1,807.72","1,777.40","","1.01%"
"03/03/2019","1,784.98","1,797.83","1,814.15","1,783.70","","-0.71%"
"02/28/2019","1,797.83","1,817.43","1,820.86","1,797.83","","-1.08%"
"02/27/2019","1,817.43","1,837.23","1,837.23","1,817.43","","-1.08%"
"02/26/2019","1,837.23","1,837.58","1,857.83","1,837.23","","-0.02%"
"02/25/2019","1,837.58","1,820.19","1,837.58","1,812.68","","0.96%"
"02/24/2019","1,820.19","1,835.49","1,838.36","1,820.19","","-0.83%"
"02/21/2019","1,835.49","1,847.85","1,850.30","1,835.49","","-0.67%"
"02/20/2019","1,847.85","1,836.94","1,858.19","1,836.94","","0.59%"
"02/19/2019","1,836.94","1,848.66","1,848.66","1,829.70","","-0.63%"
"02/18/2019","1,848.66","1,834.45","1,861.56","1,834.45","","0.77%"
"02/17/2019","1,834.45","1,785.44","1,834.68","1,785.44","","2.74%"
"02/14/2019","1,785.44","1,783.56","1,803.05","1,783.56","","0.11%"
"02/13/2019","1,783.56","1,802.70","1,811.72","1,783.56","","-1.06%"
"02/12/2019","1,802.70","1,791.70","1,807.93","1,785.94","","0.61%"
"02/11/2019","1,791.70","1,801.42","1,810.22","1,791.70","","-0.54%"
"02/10/2019","1,801.42","1,796.47","1,804.81","1,796.47","","0.28%"
"02/07/2019","1,796.47","1,798.49","1,812.67","1,792.89","","-0.11%"
"02/06/2019","1,798.49","1,790.90","1,805.80","1,788.37","","0.42%"
"02/05/2019","1,790.90","1,724.26","1,790.90","1,724.26","","3.86%"
"02/04/2019","1,724.26","1,720.07","1,736.79","1,720.07","","0.24%"
"02/03/2019","1,720.07","1,718.74","1,727.90","1,716.82","","0.08%"
"01/31/2019","1,718.74","1,693.51","1,725.29","1,693.51","","1.49%"
"01/30/2019","1,693.51","1,662.66","1,694.11","1,662.66","","1.86%"
"01/29/2019","1,662.66","1,645.70","1,662.66","1,645.70","","1.03%"
"01/28/2019","1,645.70","1,630.58","1,646.02","1,630.58","","0.93%"
"01/27/2019","1,630.58","1,577.57","1,631.18","1,577.57","","3.36%"
"01/23/2019","1,577.57","1,592.41","1,592.41","1,574.84","","-0.93%"
"01/22/2019","1,592.41","1,601.91","1,616.59","1,592.41","","-0.59%"
"01/21/2019","1,601.91","1,610.42","1,612.39","1,601.91","","-0.53%"
"01/20/2019","1,610.42","1,622.24","1,629.41","1,610.42","","-0.73%"
"01/17/2019","1,622.24","1,643.81","1,645.03","1,621.80","","-1.31%"
"01/16/2019","1,643.81","1,648.24","1,658.86","1,643.81","","-0.27%"
"01/15/2019","1,648.24","1,639.56","1,654.34","1,639.40","","0.53%"
"01/14/2019","1,639.56","1,666.77","1,668.06","1,639.18","","-1.63%"
"01/13/2019","1,666.77","1,647.63","1,674.07","1,647.63","","1.16%"
"01/10/2019","1,647.63","1,652.45","1,652.45","1,636.73","","-0.29%"
"01/09/2019","1,652.45","1,631.71","1,658.27","1,631.71","","1.27%"
"01/08/2019","1,631.71","1,619.88","1,639.62","1,619.88","","0.73%"
"01/06/2019","1,619.88","1,611.66","1,621.33","1,611.66","","0.51%"
"01/03/2019","1,611.66","1,598.61","1,615.03","1,598.61","","0.82%"
"01/02/2019","1,598.61","1,573.46","1,599.98","1,573.46","","1.60%"
"12/31/2018","1,573.46","1,570.81","1,573.75","1,566.69","","0.17%"
"12/30/2018","1,570.81","1,580.49","1,581.50","1,570.81","","-0.61%"
"12/27/2018","1,580.49","1,567.52","1,598.39","1,567.52","","0.83%"
"12/26/2018","1,567.52","1,546.44","1,571.50","1,541.86","","1.36%"
"12/25/2018","1,546.44","1,550.44","1,550.44","1,536.05","","-0.26%"
"12/24/2018","1,550.44","1,571.33","1,571.33","1,547.82","","-1.33%"
"12/23/2018","1,571.33","1,596.64","1,598.05","1,571.33","","-1.59%"
"12/20/2018","1,596.64","1,607.12","1,607.12","1,576.62","","-0.65%"
"12/19/2018","1,607.12","1,615.60","1,619.06","1,603.88","","-0.52%"
"12/18/2018","1,615.60","1,642.02","1,642.88","1,615.60","","-1.61%"
"12/17/2018","1,642.02","1,618.43","1,642.85","1,615.27","","1.46%"
"12/16/2018","1,618.43","1,587.18","1,621.24","1,583.08","","1.97%"
"12/13/2018","1,587.18","1,541.39","1,587.30","1,541.39","","2.97%"
"12/12/2018","1,541.39","1,521.85","1,541.39","1,521.85","","1.28%"
"12/11/2018","1,521.85","1,498.65","1,523.32","1,492.60","","1.55%"
"12/10/2018","1,498.65","1,448.49","1,498.66","1,448.49","","3.46%"
"12/09/2018","1,448.49","1,495.81","1,495.81","1,437.22","","-3.16%"
"12/06/2018","1,495.81","1,522.74","1,546.31","1,495.81","","-1.77%"
"12/05/2018","1,522.74","1,540.42","1,541.13","1,506.82","","-1.15%"
"12/04/2018","1,540.42","1,578.58","1,578.58","1,539.72","","-2.42%"
"12/03/2018","1,578.58","1,611.91","1,616.50","1,578.58","","-2.07%"
"12/02/2018","1,611.91","1,628.54","1,628.54","1,611.91","","-1.02%"
"11/29/2018","1,628.54","1,657.46","1,657.46","1,628.47","","-1.74%"
"11/28/2018","1,657.46","1,661.68","1,679.58","1,657.46","","-0.25%"
"11/27/2018","1,661.68","1,636.73","1,661.68","1,636.73","","1.52%"
"11/26/2018","1,636.73","1,628.50","1,636.73","1,626.60","","0.51%"
"11/25/2018","1,628.50","1,671.55","1,672.70","1,628.50","","-2.58%"
"11/22/2018","1,671.55","1,675.76","1,688.94","1,671.55","","-0.25%"
"11/21/2018","1,675.76","1,696.26","1,696.26","1,675.75","","-1.21%"
"11/19/2018","1,696.26","1,700.13","1,705.21","1,690.73","","-0.23%"
"11/18/2018","1,700.13","1,643.23","1,700.13","1,643.23","","3.46%"
"11/15/2018","1,643.23","1,616.97","1,645.15","1,616.97","","1.62%"
"11/14/2018","1,616.97","1,628.42","1,628.42","1,606.44","","-0.70%"
"11/13/2018","1,628.42","1,668.78","1,676.15","1,628.42","","-2.42%"
"11/12/2018","1,668.78","1,667.04","1,668.78","1,651.74","","0.10%"
"11/11/2018","1,667.04","1,698.16","1,700.20","1,667.04","","-1.83%"
"11/08/2018","1,698.16","1,682.97","1,711.20","1,682.97","","0.90%"
"11/07/2018","1,682.97","1,628.44","1,683.45","1,628.44","","3.35%"
"11/06/2018","1,628.44","1,577.89","1,628.52","1,577.89","","3.20%"
"11/05/2018","1,577.89","1,567.04","1,587.91","1,567.04","","0.69%"
"11/04/2018","1,567.04","1,559.44","1,570.00","1,558.50","","0.49%"
"11/01/2018","1,559.44","1,564.57","1,568.32","1,547.73","","-0.33%"
"10/31/2018","1,564.57","1,581.71","1,606.07","1,564.57","","-1.08%"
"10/30/2018","1,581.71","1,585.57","1,597.64","1,581.70","","-0.24%"
"10/29/2018","1,585.57","1,561.65","1,590.17","1,561.65","","1.53%"
"10/28/2018","1,561.65","1,547.58","1,574.15","1,547.58","","0.91%"
"10/25/2018","1,547.58","1,581.28","1,581.28","1,543.56","","-2.13%"
"10/24/2018","1,581.28","1,646.06","1,646.93","1,581.28","","-3.94%"
"10/23/2018","1,646.06","1,651.63","1,656.21","1,641.14","","-0.34%"
"10/22/2018","1,651.63","1,641.24","1,664.62","1,641.24","","0.63%"
"10/21/2018","1,641.24","1,670.73","1,670.73","1,616.97","","-1.77%"
"10/18/2018","1,670.73","1,708.10","1,712.15","1,670.73","","-2.19%"
"10/17/2018","1,708.10","1,712.21","1,728.38","1,708.02","","-0.24%"
"10/16/2018","1,712.21","1,711.50","1,714.93","1,684.57","","0.04%"
"10/15/2018","1,711.50","1,716.24","1,755.28","1,702.46","","-0.28%"
"10/14/2018","1,716.24","1,637.30","1,727.18","1,637.30","","4.82%"
"10/11/2018","1,637.30","1,686.25","1,686.25","1,610.92","","-2.90%"
"10/10/2018","1,686.25","1,695.00","1,695.61","1,679.98","","-0.52%"
"10/09/2018","1,695.00","1,689.62","1,717.56","1,689.62","","0.32%"
"10/08/2018","1,689.62","1,776.87","1,780.19","1,689.62","","-4.91%"
"10/04/2018","1,776.87","1,822.83","1,822.83","1,773.32","","-2.52%"
"10/03/2018","1,822.83","1,838.47","1,857.28","1,822.83","","-0.85%"
"10/02/2018","1,838.47","1,821.95","1,838.47","1,821.95","","0.91%"
"10/01/2018","1,821.95","1,852.13","1,852.13","1,820.78","","-1.63%"
"09/30/2018","1,852.13","1,842.89","1,882.74","1,842.83","","0.50%"
"09/27/2018","1,842.89","1,877.77","1,877.77","1,836.75","","-1.86%"
"09/26/2018","1,877.77","1,839.07","1,881.70","1,839.07","","2.10%"
"09/25/2018","1,839.07","1,797.87","1,839.73","1,797.87","","2.29%"
"09/24/2018","1,797.87","1,790.07","1,799.40","1,782.47","","0.44%"
"09/23/2018","1,790.07","1,758.79","1,809.40","1,758.79","","1.78%"
"09/20/2018","1,758.79","1,723.05","1,795.27","1,720.69","","2.07%"
"09/19/2018","1,723.05","1,826.16","1,826.16","1,708.93","","-5.65%"
"09/18/2018","1,826.16","1,839.45","1,873.21","1,826.16","","-0.72%"
"09/17/2018","1,839.45","1,865.73","1,865.73","1,829.39","","-1.41%"
"09/16/2018","1,865.73","1,968.38","1,968.38","1,865.73","","-5.21%"
"09/13/2018","1,968.38","1,991.75","1,993.95","1,968.38","","-1.17%"
"09/12/2018","1,991.75","2,028.37","2,028.59","1,991.73","","-1.81%"
"09/10/2018","2,028.37","2,069.83","2,069.83","2,028.37","","-2.00%"
"09/09/2018","2,069.83","2,107.64","2,108.71","2,069.83","","-1.79%"
"09/06/2018","2,107.64","2,112.48","2,114.13","2,107.64","","-0.23%"
"09/05/2018","2,112.48","2,168.12","2,168.12","2,112.24","","-2.57%"
"09/04/2018","2,168.12","2,107.82","2,174.99","2,107.82","","2.86%"
"09/03/2018","2,107.82","2,116.70","2,117.06","2,093.95","","-0.42%"
"09/02/2018","2,116.70","2,106.99","2,124.23","2,106.99","","0.46%"
"08/30/2018","2,106.99","2,069.65","2,106.99","2,069.84","","1.80%"
"08/29/2018","2,069.65","2,045.21","2,069.65","2,045.13","","1.19%"
"08/28/2018","2,045.21","1,981.27","2,045.80","1,981.27","","3.23%"
"08/27/2018","1,981.27","1,961.52","1,981.27","1,936.75","","1.01%"
"08/26/2018","1,961.52","1,942.99","1,969.69","1,942.99","","0.95%"
"08/19/2018","1,942.99","1,932.14","1,942.99","1,932.14","","0.56%"
"08/16/2018","1,932.14","1,909.59","1,936.58","1,909.59","","1.18%"
"08/15/2018","1,909.59","1,908.11","1,921.23","1,890.86","","0.08%"
"08/14/2018","1,908.11","1,959.56","1,965.81","1,908.11","","-2.63%"
"08/13/2018","1,959.56","2,068.23","2,068.23","1,959.31","","-5.25%"
"08/12/2018","2,068.23","2,120.41","2,120.41","2,068.23","","-2.46%"
"08/09/2018","2,120.41","2,096.39","2,131.73","2,096.39","","1.15%"
"08/08/2018","2,096.39","2,103.32","2,110.30","2,096.33","","-0.33%"
"08/07/2018","2,103.32","2,084.19","2,109.70","2,084.19","","0.92%"
"08/06/2018","2,084.19","2,113.26","2,114.36","2,075.31","","-1.38%"
"08/05/2018","2,113.26","2,131.17","2,131.17","2,113.26","","-0.84%"
"08/02/2018","2,131.17","2,134.81","2,151.98","2,130.45","","-0.17%"
"08/01/2018","2,134.81","2,096.93","2,155.75","2,096.93","","1.81%"
"07/31/2018","2,096.93","2,020.11","2,096.93","2,015.63","","3.80%"
"07/30/2018","2,020.11","2,046.81","2,046.81","2,020.11","","-1.30%"
"07/29/2018","2,046.81","2,028.49","2,060.76","2,028.49","","0.90%"
"07/26/2018","2,028.49","2,003.16","2,029.16","1,981.70","","1.26%"
"07/25/2018","2,003.16","2,077.95","2,081.81","2,003.16","","-3.60%"
"07/24/2018","2,077.95","2,060.97","2,096.24","2,060.97","","0.82%"
"07/22/2018","2,060.97","2,080.15","2,081.12","2,044.33","","-0.92%"
"07/19/2018","2,080.15","2,104.52","2,109.94","2,080.15","","-1.16%"
"07/18/2018","2,104.52","2,050.66","2,107.11","2,050.66","","2.63%"
"07/17/2018","2,050.66","2,039.97","2,075.15","2,039.76","","0.52%"
"07/16/2018","2,039.97","2,045.25","2,045.52","2,037.80","","-0.26%"
"07/15/2018","2,045.25","2,069.55","2,077.31","2,045.25","","-1.17%"
"07/12/2018","2,069.55","2,085.30","2,092.68","2,069.55","","-0.76%"
"07/11/2018","2,085.30","2,111.35","2,111.62","2,084.54","","-1.23%"
"07/10/2018","2,111.35","2,091.47","2,119.86","2,091.47","","0.95%"
"07/09/2018","2,091.47","2,056.14","2,091.47","2,011.35","","1.72%"
"07/08/2018","2,056.14","2,125.18","2,128.15","2,056.13","","-3.25%"
"07/05/2018","2,125.18","2,178.15","2,178.15","2,124.14","","-2.43%"
"07/04/2018","2,178.15","2,198.57","2,217.50","2,178.15","","-0.93%"
"07/03/2018","2,198.57","2,195.99","2,202.77","2,186.19","","0.12%"
"07/02/2018","2,195.99","2,201.67","2,214.08","2,195.99","","-0.26%"
"06/28/2018","2,201.67","2,185.91","2,216.63","2,185.91","","0.72%"
"06/27/2018","2,185.91","2,216.34","2,224.21","2,184.64","","-1.37%"
"06/26/2018","2,216.34","2,270.62","2,270.90","2,216.34","","-2.39%"
"06/25/2018","2,270.62","2,308.33","2,322.42","2,270.62","","-1.63%"
"06/24/2018","2,308.33","2,287.30","2,315.54","2,286.18","","0.92%"
"06/21/2018","2,287.30","2,271.80","2,315.09","2,271.80","","0.68%"
"06/20/2018","2,271.80","2,214.98","2,271.80","2,214.98","","2.57%"
"06/19/2018","2,214.98","2,239.93","2,239.93","2,208.96","","-1.11%"
"06/14/2018","2,239.93","2,254.43","2,275.27","2,239.93","","-0.64%"
"06/13/2018","2,254.43","2,194.50","2,254.43","2,194.50","","2.73%"
"06/12/2018","2,194.50","2,181.65","2,204.48","2,179.68","","0.59%"
"06/11/2018","2,181.65","2,201.34","2,226.38","2,181.26","","-0.89%"
"06/10/2018","2,201.34","2,121.60","2,201.59","2,121.60","","3.76%"
"06/07/2018","2,121.60","2,114.97","2,128.20","2,086.40","","0.31%"
"06/06/2018","2,114.97","2,168.96","2,191.33","2,114.69","","-2.49%"
"06/05/2018","2,168.96","2,206.65","2,206.65","2,130.43","","-1.71%"
"06/04/2018","2,206.65","2,303.20","2,303.98","2,206.65","","-4.19%"
"06/03/2018","2,303.20","2,271.73","2,318.84","2,271.73","","1.39%"
"05/31/2018","2,271.73","2,332.37","2,332.37","2,257.78","","-2.60%"
"05/30/2018","2,332.37","2,408.26","2,408.26","2,332.37","","-3.15%"
"05/29/2018","2,408.26","2,379.89","2,422.11","2,379.89","","1.19%"
"05/28/2018","2,379.89","2,318.74","2,379.89","2,318.74","","2.64%"
"05/27/2018","2,318.74","2,300.18","2,320.97","2,300.18","","0.81%"
"05/24/2018","2,300.18","2,306.78","2,317.87","2,299.13","","-0.29%"
"05/23/2018","2,306.78","2,282.85","2,310.21","2,282.85","","1.05%"
"05/22/2018","2,282.85","2,318.78","2,324.34","2,282.85","","-1.55%"
"05/21/2018","2,318.78","2,302.24","2,330.12","2,300.81","","0.72%"
"05/20/2018","2,302.24","2,323.95","2,334.68","2,302.17","","-0.93%"
"05/17/2018","2,323.95","2,321.32","2,333.98","2,321.63","","0.11%"
"05/16/2018","2,321.32","2,303.92","2,321.33","2,287.72","","0.76%"
"05/15/2018","2,303.92","2,290.76","2,317.47","2,290.76","","0.57%"
"05/14/2018","2,290.76","2,373.90","2,374.43","2,290.41","","-3.50%"
"05/13/2018","2,373.90","2,388.15","2,405.03","2,373.90","","-0.60%"
"05/10/2018","2,388.15","2,418.16","2,418.16","2,388.15","","-1.24%"
"05/09/2018","2,418.16","2,491.19","2,495.07","2,418.16","","-2.93%"
"05/08/2018","2,491.19","2,447.24","2,497.55","2,447.24","","1.80%"
"05/07/2018","2,447.24","2,425.81","2,450.35","2,402.63","","0.88%"
"05/06/2018","2,425.81","2,451.54","2,470.74","2,423.57","","-1.05%"
"05/03/2018","2,451.54","2,507.99","2,508.41","2,450.87","","-2.25%"
"05/02/2018","2,507.99","2,569.07","2,569.25","2,507.99","","-2.38%"
"04/30/2018","2,569.07","2,580.23","2,583.47","2,566.18","","-0.43%"
"04/29/2018","2,580.23","2,559.42","2,607.72","2,559.42","","0.81%"
"04/26/2018","2,559.42","2,564.21","2,568.70","2,559.42","","-0.19%"
"04/24/2018","2,564.21","2,603.26","2,616.66","2,564.21","","-1.50%"
"04/23/2018","2,603.26","2,559.04","2,611.00","2,557.54","","1.73%"
"04/22/2018","2,559.04","2,575.67","2,583.44","2,559.04","","-0.65%"
"04/19/2018","2,575.67","2,590.45","2,599.00","2,575.38","","-0.57%"
"04/18/2018","2,590.45","2,652.03","2,652.03","2,590.45","","-2.32%"
"04/17/2018","2,652.03","2,642.67","2,667.05","2,636.76","","0.35%"
"04/16/2018","2,642.67","2,636.82","2,659.53","2,636.82","","0.22%"
"04/15/2018","2,636.82","2,635.83","2,650.49","2,629.92","","0.04%"
"04/12/2018","2,635.83","2,706.14","2,706.14","2,625.55","","-2.60%"
"04/11/2018","2,706.14","2,545.94","2,721.21","2,545.94","","6.29%"
"04/10/2018","2,545.94","2,526.50","2,546.71","2,499.33","","0.77%"
"04/05/2018","2,526.50","2,573.98","2,606.78","2,524.91","","-1.84%"
"04/04/2018","2,573.98","2,506.75","2,604.56","2,506.75","","2.68%"
"04/03/2018","2,506.75","2,504.52","2,514.23","2,488.64","","0.09%"
"04/02/2018","2,504.52","2,471.67","2,504.52","2,470.24","","1.33%"
"04/01/2018","2,471.67","2,426.87","2,493.07","2,426.87","","1.85%"
"03/29/2018","2,426.87","2,392.50","2,433.80","2,387.31","","1.44%"
"03/28/2018","2,392.50","2,326.38","2,403.72","2,326.38","","2.84%"
"03/27/2018","2,326.38","2,288.53","2,326.38","2,288.53","","1.65%"
"03/26/2018","2,288.53","2,260.74","2,306.70","2,260.74","","1.23%"
"03/25/2018","2,260.74","2,285.22","2,285.22","2,241.90","","-1.07%"
"03/22/2018","2,285.22","2,291.27","2,310.61","2,285.22","","-0.26%"
"03/21/2018","2,291.27","2,236.37","2,293.74","2,232.75","","2.45%"
"03/20/2018","2,236.37","2,273.13","2,277.30","2,236.37","","-1.62%"
"03/19/2018","2,273.13","2,290.68","2,299.41","2,273.13","","-0.77%"
"03/18/2018","2,290.68","2,243.20","2,296.65","2,243.20","","2.12%"
"03/15/2018","2,243.20","2,230.04","2,243.32","2,206.64","","0.59%"
"03/14/2018","2,230.04","2,294.14","2,294.14","2,230.04","","-2.79%"
"03/13/2018","2,294.14","2,305.28","2,316.47","2,294.14","","-0.48%"
"03/12/2018","2,305.28","2,261.77","2,307.99","2,261.77","","1.92%"
"03/11/2018","2,261.77","2,207.93","2,261.77","2,207.82","","2.44%"
"03/08/2018","2,207.93","2,240.52","2,241.06","2,207.93","","-1.45%"
"03/07/2018","2,240.52","2,232.42","2,260.21","2,232.42","","0.36%"
"03/06/2018","2,232.42","2,183.57","2,232.42","2,183.57","","2.24%"
"03/05/2018","2,183.57","2,127.49","2,185.59","2,127.49","","2.64%"
"03/04/2018","2,127.49","2,088.19","2,127.62","2,088.19","","1.88%"
"03/01/2018","2,088.19","2,074.28","2,088.19","2,065.20","","0.67%"
"02/28/2018","2,074.28","2,088.71","2,091.26","2,074.28","","-0.69%"
"02/27/2018","2,088.71","2,084.28","2,105.17","2,083.23","","0.21%"
"02/26/2018","2,084.28","2,072.51","2,097.21","2,072.51","","0.57%"
"02/25/2018","2,072.51","2,068.38","2,077.73","2,068.38","","0.20%"
"02/22/2018","2,068.38","2,079.41","2,079.41","2,067.52","","-0.53%"
"02/21/2018","2,079.41","2,089.23","2,108.60","2,079.41","","-0.47%"
"02/20/2018","2,089.23","2,120.87","2,121.04","2,088.55","","-1.49%"
"02/19/2018","2,120.87","2,111.27","2,123.35","2,110.69","","0.45%"
"02/18/2018","2,111.27","2,051.63","2,111.31","2,051.63","","2.91%"
"02/15/2018","2,051.63","1,982.08","2,051.63","1,982.08","","3.51%"
"02/14/2018","1,982.08","1,959.84","1,983.51","1,958.09","","1.13%"
"02/13/2018","1,959.84","1,999.23","1,999.48","1,959.84","","-1.97%"
"02/12/2018","1,999.23","1,971.71","2,007.35","1,967.73","","1.40%"
"02/11/2018","1,971.71","1,986.39","1,986.39","1,961.75","","-0.74%"
"02/08/2018","1,986.39","2,006.40","2,008.61","1,986.39","","-1.00%"
"02/07/2018","2,006.40","1,938.76","2,008.00","1,938.76","","3.49%"
"02/06/2018","1,938.76","1,965.12","1,965.12","1,893.89","","-1.34%"
"02/05/2018","1,965.12","1,961.66","1,971.95","1,961.66","","0.18%"
"02/04/2018","1,961.66","2,007.69","2,007.69","1,961.66","","-2.29%"
"02/01/2018","2,007.69","2,005.33","2,011.04","2,001.70","","0.12%"
"01/31/2018","2,005.33","2,055.91","2,055.91","2,005.33","","-2.46%"
"01/30/2018","2,055.91","2,087.04","2,087.04","2,055.91","","-1.49%"
"01/29/2018","2,087.04","2,072.44","2,098.63","2,072.44","","0.70%"
"01/28/2018","2,072.44","2,068.40","2,081.13","2,068.40","","0.20%"
"01/24/2018","2,068.40","2,080.88","2,082.49","2,066.50","","-0.60%"
"01/23/2018","2,080.88","2,087.76","2,093.00","2,080.88","","-0.33%"
"01/22/2018","2,087.76","2,095.40","2,102.15","2,087.46","","-0.36%"
"01/21/2018","2,095.40","2,112.29","2,125.02","2,095.40","","-0.80%"
"01/18/2018","2,112.29","2,084.92","2,113.99","2,084.92","","1.31%"
"01/17/2018","2,084.92","2,050.87","2,086.79","2,050.87","","1.66%"
"01/16/2018","2,050.87","2,050.02","2,063.26","2,048.66","","0.04%"
"01/15/2018","2,050.02","2,076.50","2,082.18","2,050.02","","-1.28%"
"01/14/2018","2,076.50","2,048.39","2,079.28","2,048.39","","1.37%"
"01/11/2018","2,048.39","2,033.93","2,049.97","2,033.86","","0.71%"
"01/10/2018","2,033.93","2,038.51","2,042.38","2,033.93","","-0.22%"
"01/09/2018","2,038.51","2,034.64","2,063.76","2,034.64","","0.19%"
"01/08/2018","2,034.64","2,008.43","2,034.64","2,001.01","","1.30%"
"01/04/2018","2,008.43","2,007.27","2,030.45","2,006.77","","0.06%"
"01/03/2018","2,007.27","2,022.91","2,024.84","2,007.27","","-0.77%"
"01/02/2018","2,022.91","2,001.80","2,025.40","2,000.41","","1.05%"
"12/31/2017","2,001.80","2,015.95","2,016.04","2,001.79","","-0.70%"
"12/28/2017","2,015.95","2,013.33","2,028.23","2,013.26","","0.13%"
"12/27/2017","2,013.33","1,998.74","2,017.74","1,996.23","","0.73%"
"12/26/2017","1,998.74","2,017.77","2,018.18","1,998.74","","-0.94%"
"12/25/2017","2,017.77","2,005.89","2,026.50","2,003.73","","0.59%"
"12/24/2017","2,005.89","1,991.87","2,006.59","1,990.94","","0.70%"
"12/21/2017","1,991.87","2,008.29","2,021.57","1,991.87","","-0.82%"
"12/20/2017","2,008.29","2,019.06","2,019.06","1,987.13","","-0.53%"
"12/19/2017","2,019.06","2,037.57","2,043.87","2,019.06","","-0.91%"
"12/18/2017","2,037.57","2,060.74","2,061.16","2,037.57","","-1.12%"
"12/17/2017","2,060.74","2,039.53","2,067.64","2,039.53","","1.04%"
"12/14/2017","2,039.53","2,052.35","2,056.36","2,039.53","","-0.62%"
"12/13/2017","2,052.35","2,046.58","2,067.17","2,046.58","","0.28%"
"12/12/2017","2,046.58","2,008.56","2,049.98","2,008.56","","1.89%"
"12/11/2017","2,008.56","2,003.81","2,008.56","1,999.87","","0.24%"
"12/10/2017","2,003.81","1,976.81","2,012.36","1,976.81","","1.37%"
"12/07/2017","1,976.81","1,979.46","1,979.86","1,969.82","","-0.13%"
"12/06/2017","1,979.46","1,988.79","1,996.06","1,979.46","","-0.47%"
"12/05/2017","1,988.79","1,991.94","1,992.05","1,975.90","","-0.16%"
"12/04/2017","1,991.94","2,014.90","2,023.18","1,991.94","","-1.14%"
"12/03/2017","2,014.90","1,998.27","2,015.21","1,992.34","","0.83%"
"11/29/2017","1,998.27","2,000.61","2,012.33","1,998.18","","-0.12%"
"11/28/2017","2,000.61","1,958.75","2,005.86","1,958.75","","2.14%"
"11/27/2017","1,958.75","1,956.48","1,958.75","1,940.03","","0.12%"
"11/26/2017","1,956.48","1,933.23","1,958.30","1,926.55","","1.20%"
"11/23/2017","1,933.23","1,898.26","1,933.74","1,898.26","","1.84%"
"11/22/2017","1,898.26","1,872.02","1,898.26","1,872.02","","1.40%"
"11/21/2017","1,872.02","1,839.96","1,875.74","1,839.96","","1.74%"
"11/20/2017","1,839.96","1,859.24","1,859.85","1,838.77","","-1.04%"
"11/19/2017","1,859.24","1,893.79","1,901.24","1,859.24","","-1.82%"
"11/16/2017","1,893.79","1,910.75","1,911.15","1,893.79","","-0.89%"
"11/15/2017","1,910.75","1,921.98","1,933.80","1,910.75","","-0.58%"
"11/14/2017","1,921.98","1,909.28","1,922.33","1,906.09","","0.67%"
"11/13/2017","1,909.28","1,935.97","1,935.97","1,907.72","","-1.38%"
"11/12/2017","1,935.97","1,944.45","1,963.98","1,935.97","","-0.44%"
"11/09/2017","1,944.45","1,952.78","1,966.23","1,944.45","","-0.43%"
"11/08/2017","1,952.78","1,921.71","1,959.06","1,921.71","","1.62%"
"11/07/2017","1,921.71","1,944.70","1,944.70","1,905.90","","-1.18%"
"11/06/2017","1,944.70","1,985.16","1,985.16","1,944.70","","-2.04%"
"11/05/2017","1,985.16","2,014.43","2,014.43","1,979.96","","-1.45%"
"11/02/2017","2,014.43","1,986.55","2,014.43","1,983.18","","1.40%"
"11/01/2017","1,986.55","1,988.25","2,002.28","1,980.62","","-0.09%"
"10/31/2017","1,988.25","1,978.21","2,000.28","1,978.21","","0.51%"
"10/30/2017","1,978.21","1,956.74","1,978.92","1,956.74","","1.10%"
"10/29/2017","1,956.74","1,937.93","1,956.74","1,936.85","","0.97%"
"10/26/2017","1,937.93","1,924.03","1,945.90","1,924.03","","0.72%"
"10/25/2017","1,924.03","1,926.97","1,928.89","1,903.09","","-0.15%"
"10/24/2017","1,926.97","1,926.41","1,964.99","1,926.41","","0.03%"
"10/23/2017","1,926.41","1,879.36","1,927.92","1,879.10","","2.50%"
"10/22/2017","1,879.36","1,895.22","1,897.49","1,866.94","","-0.84%"
"10/19/2017","1,895.22","1,868.56","1,907.64","1,868.56","","1.43%"
"10/18/2017","1,868.56","1,807.02","1,868.95","1,807.02","","3.41%"
"10/17/2017","1,807.02","1,771.44","1,807.02","1,761.32","","2.01%"
"10/16/2017","1,771.44","1,823.79","1,823.79","1,771.44","","-2.87%"
"10/15/2017","1,823.79","1,819.76","1,833.01","1,816.47","","0.22%"
"10/12/2017","1,819.76","1,833.99","1,834.80","1,819.23","","-0.78%"
"10/11/2017","1,833.99","1,835.47","1,848.24","1,828.15","","-0.08%"
"10/10/2017","1,835.47","1,826.33","1,842.94","1,826.33","","0.50%"
"10/09/2017","1,826.33","1,803.38","1,841.91","1,803.38","","1.27%"
"10/08/2017","1,803.38","1,766.47","1,803.56","1,766.47","","2.09%"
"10/04/2017","1,766.47","1,765.64","1,783.20","1,761.32","","0.05%"
"10/03/2017","1,765.64","1,777.95","1,778.06","1,749.95","","-0.69%"
"10/02/2017","1,777.95","1,797.46","1,801.26","1,777.95","","-1.09%"
"10/01/2017","1,797.46","1,780.78","1,803.20","1,780.78","","0.94%"
"09/28/2017","1,780.78","1,737.11","1,781.84","1,737.11","","2.51%"
"09/27/2017","1,737.11","1,727.83","1,737.11","1,721.11","","0.54%"
"09/26/2017","1,727.83","1,739.50","1,750.57","1,727.83","","-0.67%"
"09/25/2017","1,739.50","1,720.55","1,741.40","1,718.09","","1.10%"
"09/24/2017","1,720.55","1,737.41","1,740.63","1,720.55","","-0.97%"
"09/20/2017","1,737.41","1,758.78","1,760.68","1,737.41","","-1.22%"
"09/19/2017","1,758.78","1,713.52","1,760.49","1,713.52","","2.64%"
"09/18/2017","1,713.52","1,720.84","1,723.32","1,704.51","","-0.43%"
"09/17/2017","1,720.84","1,720.38","1,727.37","1,718.88","","0.03%"
"09/14/2017","1,720.38","1,682.11","1,722.21","1,682.11","","2.28%"
"09/13/2017","1,682.11","1,690.36","1,691.83","1,679.29","","-0.49%"
"09/12/2017","1,690.36","1,686.80","1,692.02","1,676.68","","0.21%"
"09/11/2017","1,686.80","1,662.99","1,686.87","1,662.99","","1.43%"
"09/10/2017","1,662.99","1,641.93","1,662.99","1,639.06","","1.28%"
"09/07/2017","1,641.93","1,607.59","1,642.25","1,607.59","","2.14%"
"09/06/2017","1,607.59","1,611.47","1,618.75","1,607.05","","-0.24%"
"09/05/2017","1,611.47","1,586.94","1,611.76","1,586.94","","1.55%"
"08/30/2017","1,586.94","1,574.06","1,586.94","1,572.90","","0.82%"
"08/29/2017","1,574.06","1,546.08","1,574.93","1,546.08","","1.81%"
"08/28/2017","1,546.08","1,539.69","1,547.12","1,539.69","","0.42%"
"08/27/2017","1,539.69","1,537.21","1,552.23","1,535.71","","0.16%"
"08/24/2017","1,537.21","1,554.95","1,554.95","1,536.52","","-1.14%"
"08/23/2017","1,554.95","1,583.82","1,583.82","1,554.95","","-1.82%"
"08/22/2017","1,583.82","1,585.86","1,594.37","1,583.82","","-0.13%"
"08/21/2017","1,585.86","1,579.32","1,587.91","1,578.98","","0.41%"
"08/20/2017","1,579.32","1,591.91","1,592.04","1,579.32","","-0.79%"
"08/17/2017","1,591.91","1,601.24","1,610.04","1,591.91","","-0.58%"
"08/16/2017","1,601.24","1,600.14","1,611.63","1,600.14","","0.07%"
"08/15/2017","1,600.14","1,618.70","1,630.03","1,600.14","","-1.15%"
"08/14/2017","1,618.70","1,640.47","1,644.42","1,617.72","","-1.33%"
"08/13/2017","1,640.47","1,667.32","1,667.32","1,640.47","","-1.61%"
"08/10/2017","1,667.32","1,680.84","1,686.08","1,667.32","","-0.80%"
"08/09/2017","1,680.84","1,681.00","1,690.88","1,680.84","","-0.01%"
"08/08/2017","1,681.00","1,679.92","1,683.20","1,671.70","","0.06%"
"08/07/2017","1,679.92","1,678.62","1,697.93","1,678.62","","0.08%"
"08/06/2017","1,678.62","1,645.32","1,678.79","1,645.32","","2.02%"
"08/03/2017","1,645.32","1,629.25","1,646.01","1,626.84","","0.99%"
"08/02/2017","1,629.25","1,621.06","1,641.75","1,621.06","","0.51%"
"08/01/2017","1,621.06","1,630.81","1,632.45","1,621.06","","-0.60%"
"07/31/2017","1,630.81","1,638.03","1,648.81","1,630.81","","-0.44%"
"07/30/2017","1,638.03","1,660.14","1,661.78","1,638.03","","-1.33%"
"07/27/2017","1,660.14","1,666.88","1,686.14","1,660.08","","-0.40%"
"07/26/2017","1,666.88","1,641.27","1,666.88","1,639.74","","1.56%"
"07/25/2017","1,641.27","1,639.00","1,647.84","1,639.00","","0.14%"
"07/24/2017","1,639.00","1,635.70","1,647.00","1,634.17","","0.20%"
"07/20/2017","1,635.70","1,639.30","1,643.76","1,635.45","","-0.22%"
"07/19/2017","1,639.30","1,636.13","1,640.72","1,630.50","","0.19%"
"07/18/2017","1,636.13","1,665.77","1,672.81","1,636.13","","-1.78%"
"07/17/2017","1,665.77","1,666.78","1,678.37","1,665.77","","-0.06%"
"07/16/2017","1,666.78","1,671.49","1,677.31","1,666.78","","-0.28%"
"07/13/2017","1,671.49","1,655.35","1,679.59","1,655.35","","0.98%"
"07/12/2017","1,655.35","1,656.25","1,663.32","1,655.35","","-0.05%"
"07/11/2017","1,656.25","1,639.47","1,664.51","1,639.47","","1.02%"
"07/10/2017","1,639.47","1,639.37","1,649.52","1,636.87","","0.01%"
"07/09/2017","1,639.37","1,676.29","1,676.29","1,639.37","","-2.20%"
"07/06/2017","1,676.29","1,672.86","1,685.40","1,673.55","","0.21%"
"07/05/2017","1,672.86","1,680.51","1,680.51","1,672.86","","-0.46%"
"07/04/2017","1,680.51","1,697.84","1,699.03","1,680.51","","-1.02%"
"07/03/2017","1,697.84","1,726.19","1,727.06","1,697.82","","-1.64%"
"07/02/2017","1,726.19","1,721.51","1,732.57","1,720.16","","0.27%"
"06/28/2017","1,721.51","1,676.58","1,722.10","1,676.58","","2.68%"
"06/22/2017","1,676.58","1,668.00","1,689.33","1,667.51","","0.51%"
"06/21/2017","1,668.00","1,667.93","1,669.11","1,656.27","","0.00%"
"06/20/2017","1,667.93","1,674.13","1,680.31","1,667.93","","-0.37%"
"06/19/2017","1,674.13","1,684.05","1,684.16","1,674.13","","-0.59%"
"06/18/2017","1,684.05","1,692.65","1,696.02","1,684.05","","-0.51%"
"06/15/2017","1,692.65","1,689.85","1,700.36","1,689.85","","0.17%"
"06/14/2017","1,689.85","1,699.29","1,706.21","1,689.82","","-0.56%"
"06/13/2017","1,699.29","1,685.66","1,705.17","1,683.01","","0.81%"
"06/12/2017","1,685.66","1,710.63","1,712.02","1,685.66","","-1.46%"
"06/11/2017","1,710.63","1,717.26","1,718.31","1,710.63","","-0.39%"
"06/08/2017","1,717.26","1,711.36","1,726.93","1,711.36","","0.34%"
"06/07/2017","1,711.36","1,694.23","1,712.11","1,694.23","","1.01%"
"06/06/2017","1,694.23","1,690.18","1,698.07","1,690.18","","0.24%"
"06/05/2017","1,690.18","1,698.13","1,701.79","1,690.18","","-0.47%"
"06/04/2017","1,698.13","1,695.68","1,702.91","1,695.68","","0.14%"
"06/01/2017","1,695.68","1,660.80","1,696.87","1,660.76","","2.10%"
"05/31/2017","1,660.80","1,669.79","1,669.79","1,641.54","","-0.54%"
"05/30/2017","1,669.79","1,659.53","1,672.27","1,652.59","","0.62%"
"05/29/2017","1,659.53","1,643.31","1,668.04","1,643.31","","0.99%"
"05/28/2017","1,643.31","1,631.54","1,643.31","1,625.12","","0.72%"
"05/25/2017","1,631.54","1,629.33","1,646.06","1,628.27","","0.14%"
"05/24/2017","1,629.33","1,606.66","1,631.55","1,606.66","","1.41%"
"05/23/2017","1,606.66","1,585.99","1,606.66","1,585.06","","1.30%"
"05/22/2017","1,585.99","1,661.16","1,661.16","1,585.99","","-4.53%"
"05/21/2017","1,661.16","1,658.71","1,661.16","1,649.88","","0.15%"
"05/18/2017","1,658.71","1,669.50","1,676.61","1,658.11","","-0.65%"
"05/17/2017","1,669.50","1,642.22","1,669.95","1,642.22","","1.66%"
"05/16/2017","1,642.22","1,675.20","1,675.20","1,623.57","","-1.97%"
"05/15/2017","1,675.20","1,678.03","1,682.33","1,675.20","","-0.17%"
"05/14/2017","1,678.03","1,675.74","1,685.92","1,675.74","","0.14%"
"05/11/2017","1,675.74","1,688.68","1,690.46","1,674.14","","-0.77%"
"05/10/2017","1,688.68","1,686.88","1,707.16","1,686.88","","0.11%"
"05/09/2017","1,686.88","1,667.94","1,686.88","1,665.03","","1.14%"
"05/08/2017","1,667.94","1,653.62","1,677.19","1,653.62","","0.87%"
"05/07/2017","1,653.62","1,653.50","1,656.70","1,649.05","","0.01%"
"05/04/2017","1,653.50","1,633.77","1,656.07","1,633.77","","1.21%"
"05/03/2017","1,633.77","1,624.54","1,633.87","1,618.91","","0.57%"
"05/02/2017","1,624.54","1,602.29","1,627.96","1,602.29","","1.39%"
"04/30/2017","1,602.29","1,614.75","1,615.49","1,584.93","","-0.77%"
"04/27/2017","1,614.75","1,630.38","1,639.80","1,614.75","","-0.96%"
"04/26/2017","1,630.38","1,602.60","1,630.38","1,602.60","","1.73%"
"04/24/2017","1,602.60","1,608.62","1,621.78","1,602.29","","-0.37%"
"04/23/2017","1,608.62","1,677.40","1,677.46","1,607.84","","-4.10%"
"04/20/2017","1,677.40","1,687.69","1,694.29","1,677.40","","-0.61%"
"04/19/2017","1,687.69","1,732.31","1,732.31","1,687.69","","-2.58%"
"04/18/2017","1,732.31","1,739.40","1,757.44","1,732.31","","-0.41%"
"04/13/2017","1,739.40","1,745.46","1,746.67","1,734.41","","-0.35%"
"04/12/2017","1,745.46","1,742.60","1,757.59","1,739.64","","0.16%"
"04/11/2017","1,742.60","1,728.88","1,749.39","1,728.88","","0.79%"
"04/10/2017","1,728.88","1,735.17","1,736.30","1,727.82","","-0.36%"
"04/09/2017","1,735.17","1,756.34","1,756.34","1,729.95","","-1.21%"
"04/06/2017","1,756.34","1,776.34","1,776.34","1,756.34","","-1.13%"
"04/05/2017","1,776.34","1,784.60","1,792.77","1,776.34","","-0.46%"
"04/04/2017","1,784.60","1,757.57","1,787.04","1,757.57","","1.54%"
"04/03/2017","1,757.57","1,749.48","1,759.15","1,749.48","","0.46%"
"04/02/2017","1,749.48","1,764.25","1,772.07","1,749.48","","-0.84%"
"03/30/2017","1,764.25","1,744.19","1,772.09","1,744.19","","1.15%"
"03/29/2017","1,744.19","1,745.52","1,746.63","1,738.92","","-0.08%"
"03/28/2017","1,745.52","1,749.49","1,752.46","1,745.52","","-0.23%"
"03/27/2017","1,749.49","1,768.34","1,773.39","1,749.49","","-1.07%"
"03/26/2017","1,768.34","1,743.82","1,769.60","1,743.82","","1.41%"
"03/23/2017","1,743.82","1,729.21","1,750.28","1,729.21","","0.84%"
"03/22/2017","1,729.21","1,740.34","1,740.59","1,720.39","","-0.64%"
"03/21/2017","1,740.34","1,759.77","1,759.77","1,740.04","","-1.10%"
"03/20/2017","1,759.77","1,759.76","1,774.33","1,759.76","","0.00%"
"03/19/2017","1,759.76","1,722.06","1,766.97","1,722.06","","2.19%"
"03/16/2017","1,722.06","1,682.69","1,722.06","1,682.69","","2.34%"
"03/15/2017","1,682.69","1,683.60","1,689.81","1,682.69","","-0.05%"
"03/14/2017","1,683.60","1,686.50","1,705.51","1,683.60","","-0.17%"
"03/13/2017","1,686.50","1,689.87","1,697.05","1,686.50","","-0.20%"
"03/12/2017","1,689.87","1,683.84","1,696.09","1,683.58","","0.36%"
"03/09/2017","1,683.84","1,691.48","1,707.71","1,683.84","","-0.45%"
"03/08/2017","1,691.48","1,695.68","1,695.68","1,680.62","","-0.25%"
"03/07/2017","1,695.68","1,697.15","1,728.42","1,695.68","","-0.09%"
"03/06/2017","1,697.15","1,651.34","1,697.15","1,646.72","","2.77%"
"03/05/2017","1,651.34","1,618.41","1,652.69","1,618.41","","2.03%"
"03/02/2017","1,618.41","1,576.54","1,618.41","1,576.54","","2.66%"
"03/01/2017","1,576.54","1,572.04","1,593.61","1,572.04","","0.29%"
"02/28/2017","1,572.04","1,596.68","1,596.68","1,546.16","","-1.54%"
"02/27/2017","1,596.68","1,637.33","1,646.25","1,596.68","","-2.48%"
"02/26/2017","1,637.33","1,618.78","1,659.54","1,618.78","","1.15%"
"02/23/2017","1,618.78","1,600.60","1,637.97","1,595.81","","1.14%"
"02/22/2017","1,600.60","1,635.28","1,642.66","1,600.60","","-2.12%"
"02/21/2017","1,635.28","1,595.27","1,645.71","1,595.27","","2.51%"
"02/20/2017","1,595.27","1,563.88","1,595.27","1,546.44","","2.01%"
"02/19/2017","1,563.88","1,576.11","1,587.18","1,563.88","","-0.78%"
"02/16/2017","1,576.11","1,535.82","1,576.43","1,535.82","","2.62%"
"02/15/2017","1,535.82","1,529.65","1,535.82","1,501.37","","0.40%"
"02/14/2017","1,529.65","1,555.54","1,570.34","1,529.65","","-1.66%"
"02/13/2017","1,555.54","1,591.12","1,591.12","1,554.07","","-2.24%"
"02/12/2017","1,591.12","1,582.30","1,597.82","1,582.25","","0.56%"
"02/09/2017","1,582.30","1,601.18","1,601.18","1,582.30","","-1.18%"
"02/08/2017","1,601.18","1,596.30","1,633.53","1,596.30","","0.31%"
"02/07/2017","1,596.30","1,549.30","1,596.30","1,549.30","","3.03%"
"02/06/2017","1,549.30","1,573.43","1,577.35","1,548.88","","-1.53%"
"02/05/2017","1,573.43","1,606.76","1,618.24","1,573.28","","-2.07%"
"02/02/2017","1,606.76","1,589.53","1,611.43","1,589.53","","1.08%"
"02/01/2017","1,589.53","1,618.21","1,624.13","1,589.53","","-1.77%"
"01/31/2017","1,618.21","1,677.70","1,677.70","1,618.21","","-3.55%"
"01/30/2017","1,677.70","1,746.99","1,746.99","1,677.70","","-3.97%"
"01/29/2017","1,746.99","1,747.34","1,758.17","1,742.84","","-0.02%"
"01/26/2017","1,747.34","1,718.35","1,751.85","1,718.35","","1.69%"
"01/24/2017","1,718.35","1,746.25","1,746.25","1,699.64","","-1.60%"
"01/23/2017","1,746.25","1,731.67","1,758.93","1,731.67","","0.84%"
"01/22/2017","1,731.67","1,759.74","1,759.74","1,723.95","","-1.60%"
"01/19/2017","1,759.74","1,847.82","1,847.82","1,759.74","","-4.77%"
"01/18/2017","1,847.82","1,850.99","1,881.20","1,847.82","","-0.17%"
"01/17/2017","1,850.99","1,816.37","1,851.00","1,816.37","","1.91%"
"01/16/2017","1,816.37","1,854.08","1,854.08","1,814.81","","-2.03%"
"01/15/2017","1,854.08","1,840.33","1,866.13","1,840.33","","0.75%"
"01/12/2017","1,840.33","1,799.45","1,840.90","1,799.45","","2.27%"
"01/11/2017","1,799.45","1,810.90","1,811.67","1,799.45","","-0.63%"
"01/10/2017","1,810.90","1,783.61","1,817.21","1,783.61","","1.53%"
"01/09/2017","1,783.61","1,802.39","1,802.39","1,778.68","","-1.04%"
"01/08/2017","1,802.39","1,805.90","1,828.47","1,802.39","","-0.19%"
"01/05/2017","1,805.90","1,764.94","1,806.67","1,764.94","","2.32%"
"01/04/2017","1,764.94","1,726.90","1,766.40","1,726.90","","2.20%"
"01/03/2017","1,726.90","1,709.00","1,727.57","1,705.92","","1.05%"
"01/02/2017","1,709.00","1,717.70","1,727.48","1,708.98","","-0.51%"
"12/29/2016","1,717.70","1,737.51","1,737.92","1,717.70","","-1.14%"
"12/28/2016","1,737.51","1,742.45","1,749.18","1,737.51","","-0.28%"
"12/27/2016","1,742.45","1,755.33","1,758.91","1,742.36","","-0.73%"
"12/26/2016","1,755.33","1,776.40","1,776.40","1,755.33","","-1.19%"
"12/25/2016","1,776.40","1,785.09","1,786.07","1,771.83","","-0.49%"
"12/22/2016","1,785.09","1,769.98","1,805.50","1,769.98","","0.85%"
"12/21/2016","1,769.98","1,739.00","1,770.05","1,732.80","","1.78%"
"12/20/2016","1,739.00","1,699.20","1,755.75","1,699.20","","2.34%"
"12/19/2016","1,699.20","1,660.86","1,699.20","1,657.52","","2.31%"
"12/18/2016","1,660.86","1,654.08","1,672.94","1,654.08","","0.41%"
"12/15/2016","1,654.08","1,654.23","1,663.26","1,646.57","","-0.01%"
"12/14/2016","1,654.23","1,691.03","1,691.03","1,654.23","","-2.18%"
"12/13/2016","1,691.03","1,686.56","1,709.61","1,686.56","","0.27%"
"12/12/2016","1,686.56","1,631.11","1,686.95","1,631.11","","3.40%"
"12/08/2016","1,631.11","1,633.44","1,633.44","1,603.99","","-0.14%"
"12/07/2016","1,633.44","1,626.82","1,662.55","1,626.82","","0.41%"
"12/06/2016","1,626.82","1,625.32","1,632.09","1,623.82","","0.09%"
"12/05/2016","1,625.32","1,656.44","1,663.28","1,625.32","","-1.88%"
"12/04/2016","1,656.44","1,657.73","1,660.57","1,652.95","","-0.08%"
"12/01/2016","1,657.73","1,660.73","1,665.22","1,652.58","","-0.18%"
"11/30/2016","1,660.73","1,629.24","1,671.49","1,629.26","","1.93%"
"11/29/2016","1,629.24","1,642.19","1,642.19","1,618.52","","-0.79%"
"11/28/2016","1,642.19","1,632.09","1,655.51","1,629.86","","0.62%"
"11/27/2016","1,632.09","1,679.20","1,679.20","1,632.09","","-2.81%"
"11/24/2016","1,679.20","1,703.22","1,737.15","1,679.20","","-1.41%"
"11/23/2016","1,703.22","1,685.56","1,704.73","1,685.56","","1.05%"
"11/22/2016","1,685.56","1,666.91","1,720.29","1,666.91","","1.12%"
"11/21/2016","1,666.91","1,603.31","1,666.91","1,603.31","","3.97%"
"11/20/2016","1,603.31","1,586.18","1,603.33","1,554.19","","1.08%"
"11/17/2016","1,586.18","1,556.39","1,612.39","1,556.39","","1.91%"
"11/16/2016","1,556.39","1,480.42","1,556.39","1,480.42","","5.13%"
"11/15/2016","1,480.42","1,465.40","1,480.42","1,458.42","","1.02%"
"11/14/2016","1,465.40","1,470.91","1,479.79","1,460.09","","-0.37%"
"11/13/2016","1,470.91","1,435.93","1,497.72","1,435.93","","2.44%"
"11/10/2016","1,435.93","1,361.77","1,435.93","1,361.77","","5.45%"
"11/09/2016","1,361.77","1,346.13","1,361.77","1,296.41","","1.16%"
"11/08/2016","1,346.13","1,341.52","1,365.64","1,341.52","","0.34%"
"11/07/2016","1,341.52","1,300.37","1,344.87","1,300.37","","3.16%"
"11/06/2016","1,300.37","1,252.79","1,300.37","1,237.82","","3.80%"
"11/03/2016","1,252.79","1,231.15","1,319.37","1,231.15","","1.76%"
"11/02/2016","1,231.15","1,211.35","1,245.44","1,211.35","","1.63%"
"11/01/2016","1,211.35","1,194.20","1,212.88","1,194.20","","1.44%"
"10/31/2016","1,194.20","1,188.75","1,194.20","1,182.64","","0.46%"
"10/30/2016","1,188.75","1,191.32","1,202.96","1,188.75","","-0.22%"
"10/27/2016","1,191.32","1,169.82","1,191.32","1,167.77","","1.84%"
"10/26/2016","1,169.82","1,159.89","1,175.50","1,159.89","","0.86%"
"10/25/2016","1,159.89","1,151.38","1,159.96","1,150.20","","0.74%"
"10/24/2016","1,151.38","1,161.89","1,163.56","1,150.36","","-0.90%"
"10/23/2016","1,161.89","1,159.43","1,165.81","1,158.26","","0.21%"
"10/20/2016","1,159.43","1,130.68","1,160.76","1,130.68","","2.54%"
"10/19/2016","1,130.68","1,145.64","1,148.66","1,126.49","","-1.31%"
"10/18/2016","1,145.64","1,161.84","1,162.95","1,145.64","","-1.39%"
"10/17/2016","1,161.84","1,205.80","1,205.80","1,161.84","","-3.65%"
"10/16/2016","1,205.80","1,214.21","1,227.29","1,205.80","","-0.69%"
"10/13/2016","1,214.21","1,169.83","1,214.36","1,169.83","","3.79%"
"10/12/2016","1,169.83","1,173.46","1,182.17","1,169.83","","-0.31%"
"10/11/2016","1,173.46","1,194.96","1,194.96","1,169.28","","-1.80%"
"10/10/2016","1,194.96","1,228.35","1,229.06","1,194.96","","-2.72%"
"10/09/2016","1,228.35","1,228.98","1,232.47","1,221.23","","-0.05%"
"10/05/2016","1,228.98","1,213.60","1,229.49","1,210.93","","1.27%"
"10/04/2016","1,213.60","1,218.28","1,231.96","1,213.58","","-0.38%"
"10/03/2016","1,218.28","1,168.53","1,218.28","1,168.53","","4.26%"
"09/29/2016","1,168.53","1,171.67","1,172.43","1,167.35","","-0.27%"
"09/28/2016","1,171.67","1,173.33","1,176.64","1,171.67","","-0.14%"
"09/27/2016","1,173.33","1,178.76","1,182.96","1,173.22","","-0.46%"
"09/26/2016","1,178.76","1,170.33","1,180.24","1,170.33","","0.72%"
"09/25/2016","1,170.33","1,169.44","1,177.55","1,169.44","","0.08%"
"09/22/2016","1,169.44","1,173.29","1,173.29","1,167.74","","-0.33%"
"09/21/2016","1,173.29","1,188.18","1,193.57","1,173.29","","-1.25%"
"09/20/2016","1,188.18","1,174.07","1,192.32","1,174.07","","1.20%"
"09/19/2016","1,174.07","1,166.76","1,174.07","1,166.35","","0.63%"
"09/18/2016","1,166.76","1,188.53","1,188.55","1,166.76","","-1.83%"
"09/15/2016","1,188.53","1,212.66","1,212.66","1,188.53","","-1.99%"
"09/14/2016","1,212.66","1,221.28","1,221.28","1,212.64","","-0.71%"
"09/08/2016","1,221.28","1,222.24","1,226.03","1,221.28","","-0.08%"
"09/07/2016","1,222.24","1,236.48","1,236.48","1,221.29","","-1.15%"
"09/06/2016","1,236.48","1,255.17","1,255.17","1,236.48","","-1.49%"
"09/05/2016","1,255.17","1,241.40","1,256.78","1,241.40","","1.11%"
"09/04/2016","1,241.40","1,235.60","1,241.61","1,231.00","","0.47%"
"09/01/2016","1,235.60","1,236.81","1,237.66","1,233.96","","-0.10%"
"08/31/2016","1,236.81","1,237.73","1,245.06","1,236.81","","-0.07%"
"08/30/2016","1,237.73","1,228.80","1,238.23","1,225.68","","0.73%"
"08/29/2016","1,228.80","1,229.07","1,241.57","1,228.79","","-0.02%"
"08/28/2016","1,229.07","1,253.14","1,253.14","1,229.07","","-1.92%"
"08/25/2016","1,253.14","1,273.31","1,273.31","1,253.14","","-1.58%"
"08/24/2016","1,273.31","1,271.16","1,278.58","1,270.27","","0.17%"
"08/23/2016","1,271.16","1,274.48","1,275.03","1,268.84","","-0.26%"
"08/22/2016","1,274.48","1,298.43","1,300.52","1,274.48","","-1.84%"
"08/21/2016","1,298.43","1,291.63","1,301.56","1,291.63","","0.53%"
"08/18/2016","1,291.63","1,286.70","1,300.76","1,286.70","","0.38%"
"08/17/2016","1,286.70","1,275.24","1,287.06","1,265.23","","0.90%"
"08/16/2016","1,275.24","1,295.19","1,295.19","1,275.19","","-1.54%"
"08/15/2016","1,295.19","1,294.55","1,310.27","1,294.55","","0.05%"
"08/14/2016","1,294.55","1,287.13","1,294.55","1,280.49","","0.58%"
"08/11/2016","1,287.13","1,279.74","1,291.43","1,277.64","","0.58%"
"08/10/2016","1,279.74","1,256.09","1,279.90","1,255.77","","1.88%"
"08/09/2016","1,256.09","1,275.53","1,275.53","1,254.70","","-1.52%"
"08/08/2016","1,275.53","1,264.04","1,282.48","1,264.04","","0.91%"
"08/07/2016","1,264.04","1,270.42","1,270.42","1,255.55","","-0.50%"
"08/04/2016","1,270.42","1,253.53","1,273.41","1,253.52","","1.35%"
"08/03/2016","1,253.53","1,230.64","1,253.70","1,230.64","","1.86%"
"08/02/2016","1,230.64","1,215.61","1,233.53","1,215.61","","1.24%"
"08/01/2016","1,215.61","1,225.81","1,228.92","1,211.29","","-0.83%"
"07/31/2016","1,225.81","1,245.80","1,245.80","1,225.78","","-1.60%"
"07/28/2016","1,245.80","1,254.33","1,254.33","1,243.98","","-0.68%"
"07/27/2016","1,254.33","1,193.01","1,258.03","1,193.01","","5.14%"
"07/26/2016","1,193.01","1,189.53","1,207.94","1,189.53","","0.29%"
"07/25/2016","1,189.53","1,182.19","1,189.53","1,176.75","","0.62%"
"07/24/2016","1,182.19","1,177.62","1,188.97","1,177.62","","0.39%"
"07/21/2016","1,177.62","1,188.04","1,188.04","1,174.40","","-0.88%"
"07/20/2016","1,188.04","1,212.64","1,214.21","1,188.04","","-2.03%"
"07/19/2016","1,212.64","1,216.01","1,216.01","1,201.93","","-0.28%"
"07/18/2016","1,216.01","1,212.57","1,236.52","1,212.57","","0.28%"
"07/17/2016","1,212.57","1,209.88","1,212.57","1,201.04","","0.22%"
"07/14/2016","1,209.88","1,202.13","1,211.67","1,196.31","","0.64%"
"07/13/2016","1,202.13","1,169.85","1,205.05","1,169.85","","2.76%"
"07/12/2016","1,169.85","1,172.30","1,172.30","1,143.80","","-0.21%"
"07/11/2016","1,172.30","1,191.65","1,219.75","1,172.30","","-1.62%"
"07/10/2016","1,191.65","1,122.55","1,191.65","1,122.55","","6.16%"
"07/04/2016","1,122.55","1,068.46","1,122.55","1,068.46","","5.06%"
"07/03/2016","1,068.46","1,052.70","1,068.46","1,052.70","","1.50%"
"06/29/2016","1,052.70","1,052.44","1,061.51","1,052.44","","0.02%"
"06/28/2016","1,052.44","1,046.18","1,054.89","1,044.44","","0.60%"
"06/27/2016","1,046.18","1,041.26","1,056.80","1,041.26","","0.47%"
"06/26/2016","1,041.26","1,119.05","1,119.05","1,033.93","","-6.95%"
"06/23/2016","1,119.05","1,100.27","1,119.05","1,099.93","","1.71%"
"06/22/2016","1,100.27","1,121.65","1,121.65","1,100.18","","-1.91%"
"06/21/2016","1,121.65","1,127.04","1,148.96","1,121.65","","-0.48%"
"06/20/2016","1,127.04","1,157.69","1,157.69","1,119.65","","-2.65%"
"06/19/2016","1,157.69","1,185.13","1,191.66","1,157.69","","-2.32%"
"06/16/2016","1,185.13","1,179.37","1,189.29","1,177.86","","0.49%"
"06/15/2016","1,179.37","1,200.34","1,200.34","1,178.36","","-1.75%"
"06/14/2016","1,200.34","1,224.58","1,224.61","1,200.34","","-1.98%"
"06/13/2016","1,224.58","1,232.75","1,241.38","1,224.58","","-0.66%"
"06/12/2016","1,232.75","1,246.46","1,246.46","1,228.96","","-1.10%"
"06/09/2016","1,246.46","1,256.17","1,256.19","1,245.14","","-0.77%"
"06/08/2016","1,256.17","1,235.10","1,263.87","1,235.10","","1.71%"
"06/07/2016","1,235.10","1,218.17","1,235.10","1,217.17","","1.39%"
"06/06/2016","1,218.17","1,214.31","1,223.66","1,214.31","","0.32%"
"06/05/2016","1,214.31","1,220.03","1,223.77","1,214.31","","-0.47%"
"06/02/2016","1,220.03","1,204.95","1,223.20","1,204.28","","1.25%"
"06/01/2016","1,204.95","1,192.25","1,204.95","1,191.54","","1.07%"
"05/31/2016","1,192.25","1,201.52","1,209.77","1,192.25","","-0.77%"
"05/30/2016","1,201.52","1,211.23","1,211.23","1,201.52","","-0.80%"
"05/29/2016","1,211.23","1,224.31","1,224.31","1,211.23","","-1.07%"
"05/26/2016","1,224.31","1,229.54","1,232.06","1,222.66","","-0.43%"
"05/25/2016","1,229.54","1,221.10","1,232.96","1,221.10","","0.69%"
"05/24/2016","1,221.10","1,205.05","1,222.23","1,205.05","","1.33%"
"05/23/2016","1,205.05","1,212.91","1,213.04","1,201.64","","-0.65%"
"05/22/2016","1,212.91","1,211.32","1,226.89","1,211.32","","0.13%"
"05/19/2016","1,211.32","1,231.35","1,231.35","1,205.50","","-1.63%"
"05/18/2016","1,231.35","1,210.97","1,245.06","1,210.97","","1.68%"
"05/17/2016","1,210.97","1,177.64","1,210.97","1,177.51","","2.83%"
"05/16/2016","1,177.64","1,177.63","1,178.72","1,169.64","","0.00%"
"05/15/2016","1,177.63","1,211.13","1,211.17","1,177.63","","-2.77%"
"05/12/2016","1,211.13","1,210.54","1,223.93","1,210.54","","0.05%"
"05/11/2016","1,210.54","1,230.01","1,230.01","1,209.83","","-1.58%"
"05/10/2016","1,230.01","1,250.46","1,251.73","1,230.01","","-1.64%"
"05/09/2016","1,250.46","1,236.91","1,257.74","1,236.91","","1.10%"
"05/08/2016","1,236.91","1,234.29","1,237.23","1,225.00","","0.21%"
"05/05/2016","1,234.29","1,215.91","1,237.42","1,215.91","","1.51%"
"05/04/2016","1,215.91","1,229.09","1,229.09","1,207.06","","-1.07%"
"05/03/2016","1,229.09","1,282.91","1,284.42","1,229.07","","-4.20%"
"04/28/2016","1,282.91","1,308.48","1,308.48","1,281.26","","-1.95%"
"04/27/2016","1,308.48","1,317.39","1,328.91","1,308.48","","-0.68%"
"04/26/2016","1,317.39","1,302.44","1,324.16","1,302.44","","1.15%"
"04/24/2016","1,302.44","1,313.05","1,314.78","1,298.97","","-0.81%"
"04/21/2016","1,313.05","1,334.32","1,335.39","1,313.05","","-1.59%"
"04/20/2016","1,334.32","1,352.68","1,364.98","1,334.32","","-1.36%"
"04/19/2016","1,352.68","1,326.62","1,353.44","1,326.62","","1.96%"
"04/18/2016","1,326.62","1,304.65","1,326.62","1,304.65","","1.68%"
"04/17/2016","1,304.65","1,284.32","1,304.65","1,284.32","","1.58%"
"04/14/2016","1,284.32","1,266.63","1,284.62","1,260.54","","1.40%"
"04/13/2016","1,266.63","1,252.91","1,276.80","1,252.91","","1.10%"
"04/12/2016","1,252.91","1,249.98","1,252.91","1,230.73","","0.23%"
"04/11/2016","1,249.98","1,276.25","1,276.25","1,249.75","","-2.06%"
"04/10/2016","1,276.25","1,293.28","1,310.04","1,276.25","","-1.32%"
"04/07/2016","1,293.28","1,300.16","1,300.16","1,284.88","","-0.53%"
"04/06/2016","1,300.16","1,353.46","1,353.46","1,300.16","","-3.94%"
"04/05/2016","1,353.46","1,341.58","1,356.55","1,340.87","","0.89%"
"04/04/2016","1,341.58","1,330.99","1,341.58","1,327.60","","0.80%"
"04/03/2016","1,330.99","1,333.18","1,343.08","1,330.99","","-0.16%"
"03/31/2016","1,333.18","1,318.20","1,335.27","1,312.95","","1.14%"
"03/30/2016","1,318.20","1,329.67","1,332.44","1,318.20","","-0.86%"
"03/29/2016","1,329.67","1,316.36","1,339.01","1,307.58","","1.01%"
"03/28/2016","1,316.36","1,313.10","1,316.36","1,303.03","","0.25%"
"03/27/2016","1,313.10","1,317.51","1,343.36","1,313.10","","-0.33%"
"03/24/2016","1,317.51","1,299.40","1,317.63","1,299.40","","1.39%"
"03/23/2016","1,299.40","1,285.60","1,299.75","1,275.75","","1.07%"
"03/22/2016","1,285.60","1,304.64","1,318.25","1,285.60","","-1.46%"
"03/21/2016","1,304.64","1,297.13","1,305.43","1,280.24","","0.58%"
"03/20/2016","1,297.13","1,293.11","1,330.67","1,293.11","","0.31%"
"03/17/2016","1,293.11","1,226.96","1,293.11","1,226.96","","5.39%"
"03/16/2016","1,226.96","1,189.71","1,228.04","1,189.71","","3.13%"
"03/15/2016","1,189.71","1,151.59","1,194.10","1,151.59","","3.31%"
"03/14/2016","1,151.59","1,073.61","1,151.60","1,073.61","","7.26%"
"03/13/2016","1,073.61","1,084.68","1,085.68","1,073.53","","-1.02%"
"03/10/2016","1,084.68","1,066.90","1,086.63","1,066.90","","1.67%"
"03/09/2016","1,066.90","1,070.70","1,070.70","1,058.18","","-0.35%"
"03/08/2016","1,070.70","1,050.63","1,076.18","1,050.63","","1.91%"
"03/07/2016","1,050.63","1,037.48","1,050.63","1,036.99","","1.27%"
"03/06/2016","1,037.48","1,018.07","1,041.51","1,018.07","","1.91%"
"03/03/2016","1,018.07","1,023.64","1,024.78","1,012.95","","-0.54%"
"03/02/2016","1,023.64","1,033.49","1,040.86","1,023.64","","-0.95%"
"03/01/2016","1,033.49","1,033.52","1,036.25","1,032.69","","0.00%"
"02/29/2016","1,033.52","1,043.25","1,048.29","1,032.97","","-0.93%"
"02/28/2016","1,043.25","1,030.49","1,043.50","1,030.49","","1.24%"
"02/25/2016","1,030.49","1,020.43","1,032.96","1,020.43","","0.99%"
"02/24/2016","1,020.43","1,031.98","1,031.98","1,020.43","","-1.12%"
"02/23/2016","1,031.98","1,025.81","1,035.45","1,023.86","","0.60%"
"02/22/2016","1,025.81","1,012.96","1,025.81","1,012.96","","1.27%"
"02/21/2016","1,012.96","1,006.27","1,013.45","1,005.80","","0.66%"
"02/18/2016","1,006.27","1,002.33","1,014.87","1,002.33","","0.39%"
"02/17/2016","1,002.33","1,006.02","1,006.02","995.66","","-0.37%"
"02/16/2016","1,006.02","986.09","1,009.13","986.09","","2.02%"
"02/15/2016","986.09","973.85","986.18","973.85","","1.26%"
"02/14/2016","973.85","980.26","986.29","973.45","","-0.65%"
"02/11/2016","980.26","1,023.41","1,023.89","979.89","","-4.22%"
"02/10/2016","1,023.41","1,018.36","1,025.71","1,012.79","","0.50%"
"02/09/2016","1,018.36","1,039.58","1,039.58","1,018.36","","-2.04%"
"02/08/2016","1,039.58","1,036.85","1,058.61","1,036.85","","0.26%"
"02/07/2016","1,036.85","1,057.41","1,059.09","1,036.47","","-1.94%"
"02/04/2016","1,057.41","1,042.77","1,065.90","1,042.81","","1.40%"
"02/03/2016","1,042.77","1,033.43","1,042.77","1,028.71","","0.90%"
"02/02/2016","1,033.43","1,003.50","1,033.56","1,003.50","","2.98%"
"02/01/2016","1,003.50","1,022.33","1,022.44","1,001.72","","-1.84%"
"01/31/2016","1,022.33","1,034.09","1,048.35","1,022.33","","-1.14%"
"01/28/2016","1,034.09","1,031.67","1,042.75","1,031.55","","0.23%"
"01/27/2016","1,031.67","1,025.88","1,045.30","1,025.88","","0.56%"
"01/26/2016","1,025.88","1,029.95","1,029.95","1,008.31","","-0.40%"
"01/24/2016","1,029.95","997.83","1,039.51","997.83","","3.22%"
"01/21/2016","997.83","1,011.17","1,011.17","982.95","","-1.32%"
"01/20/2016","1,011.17","1,070.31","1,070.31","1,011.10","","-5.53%"
"01/19/2016","1,070.31","1,035.51","1,075.15","1,035.51","","3.36%"
"01/18/2016","1,035.51","987.85","1,036.67","987.85","","4.82%"
"01/17/2016","987.85","1,001.58","1,001.58","942.05","","-1.37%"
"01/14/2016","1,001.58","1,051.56","1,051.56","1,000.45","","-4.75%"
"01/13/2016","1,051.56","1,116.11","1,123.62","1,050.91","","-5.78%"
"01/12/2016","1,116.11","1,138.21","1,138.21","1,115.11","","-1.94%"
"01/11/2016","1,138.21","1,169.83","1,172.07","1,138.21","","-2.70%"
"01/10/2016","1,169.83","1,192.97","1,192.97","1,168.09","","-1.94%"
"01/06/2016","1,192.97","1,207.42","1,207.73","1,190.04","","-1.20%"
"01/05/2016","1,207.42","1,201.04","1,213.55","1,199.71","","0.53%"
"01/04/2016","1,201.04","1,224.08","1,224.08","1,200.88","","-1.88%"
"01/03/2016","1,224.08","1,215.14","1,224.72","1,207.96","","0.74%"
"12/31/2015","1,215.14","1,218.02","1,224.25","1,215.14","","-0.24%"
"12/30/2015","1,218.02","1,184.29","1,218.46","1,184.29","","2.85%"
"12/29/2015","1,184.29","1,167.74","1,184.29","1,154.40","","1.42%"
"12/28/2015","1,167.74","1,173.41","1,179.16","1,167.74","","-0.48%"
"12/27/2015","1,173.41","1,189.57","1,189.57","1,173.41","","-1.36%"
"12/24/2015","1,189.57","1,175.56","1,196.84","1,175.56","","1.19%"
"12/22/2015","1,175.56","1,162.30","1,176.00","1,162.30","","1.14%"
"12/21/2015","1,162.30","1,155.89","1,162.32","1,145.52","","0.55%"
"12/20/2015","1,155.89","1,156.38","1,164.93","1,143.37","","-0.04%"
"12/17/2015","1,156.38","1,126.97","1,159.61","1,126.97","","2.61%"
"12/16/2015","1,126.97","1,100.50","1,126.97","1,100.50","","2.41%"
"12/15/2015","1,100.50","1,083.06","1,100.60","1,075.45","","1.61%"
"12/14/2015","1,083.06","1,079.91","1,096.35","1,079.91","","0.29%"
"12/13/2015","1,079.91","1,121.50","1,121.50","1,075.42","","-3.71%"
"12/10/2015","1,121.50","1,135.81","1,139.01","1,121.31","","-1.26%"
"12/09/2015","1,135.81","1,120.65","1,136.28","1,119.13","","1.35%"
"12/08/2015","1,120.65","1,150.93","1,150.93","1,119.60","","-2.63%"
"12/07/2015","1,150.93","1,158.32","1,168.14","1,150.93","","-0.64%"
"12/06/2015","1,158.32","1,136.30","1,158.32","1,122.62","","1.94%"
"12/03/2015","1,136.30","1,102.25","1,144.01","1,102.25","","3.09%"
"12/02/2015","1,102.25","1,056.57","1,102.25","1,056.57","","4.32%"
"12/01/2015","1,056.57","1,045.50","1,056.57","1,039.82","","1.06%"
"11/30/2015","1,045.50","1,065.15","1,065.15","1,045.50","","-1.84%"
"11/29/2015","1,065.15","1,070.94","1,070.96","1,064.53","","-0.54%"
"11/26/2015","1,070.94","1,073.01","1,078.76","1,070.14","","-0.19%"
"11/25/2015","1,073.01","1,061.45","1,073.79","1,061.45","","1.09%"
"11/24/2015","1,061.45","1,072.28","1,076.14","1,057.51","","-1.01%"
"11/23/2015","1,072.28","1,088.65","1,095.58","1,072.03","","-1.50%"
"11/22/2015","1,088.65","1,082.53","1,090.46","1,081.83","","0.57%"
"11/19/2015","1,082.53","1,055.21","1,084.90","1,055.21","","2.59%"
"11/18/2015","1,055.21","1,030.36","1,055.21","1,027.21","","2.41%"
"11/17/2015","1,030.36","1,027.46","1,053.61","1,027.46","","0.28%"
"11/16/2015","1,027.46","1,013.59","1,027.46","1,010.13","","1.37%"
"11/15/2015","1,013.59","1,080.16","1,080.16","1,013.45","","-6.16%"
"11/12/2015","1,080.16","1,074.15","1,089.80","1,074.15","","0.56%"
"11/11/2015","1,074.15","1,070.56","1,080.75","1,066.35","","0.34%"
"11/10/2015","1,070.56","1,116.31","1,116.31","1,069.84","","-4.10%"
"11/09/2015","1,116.31","1,141.29","1,141.29","1,116.31","","-2.19%"
"11/08/2015","1,141.29","1,174.75","1,174.75","1,141.29","","-2.85%"
"11/05/2015","1,174.75","1,142.87","1,174.75","1,142.87","","2.79%"
"11/04/2015","1,142.87","1,145.69","1,146.38","1,140.31","","-0.25%"
"11/03/2015","1,145.69","1,146.01","1,164.32","1,145.50","","-0.03%"
"11/02/2015","1,146.01","1,140.38","1,146.01","1,133.37","","0.49%"
"11/01/2015","1,140.38","1,176.29","1,176.29","1,140.38","","-3.05%"
"10/29/2015","1,176.29","1,170.28","1,186.43","1,170.28","","0.51%"
"10/28/2015","1,170.28","1,193.31","1,193.31","1,169.64","","-1.93%"
"10/27/2015","1,193.31","1,195.54","1,198.63","1,186.31","","-0.19%"
"10/26/2015","1,195.54","1,208.60","1,213.41","1,195.54","","-1.08%"
"10/25/2015","1,208.60","1,187.80","1,209.00","1,187.80","","1.75%"
"10/22/2015","1,187.80","1,198.06","1,206.44","1,187.39","","-0.86%"
"10/21/2015","1,198.06","1,189.92","1,199.14","1,179.25","","0.68%"
"10/20/2015","1,189.92","1,182.18","1,210.64","1,182.18","","0.65%"
"10/19/2015","1,182.18","1,151.86","1,182.18","1,150.00","","2.63%"
"10/18/2015","1,151.86","1,160.85","1,160.85","1,151.65","","-0.77%"
"10/15/2015","1,160.85","1,169.40","1,170.65","1,160.85","","-0.73%"
"10/13/2015","1,169.40","1,174.89","1,174.89","1,164.62","","-0.47%"
"10/12/2015","1,174.89","1,142.55","1,175.75","1,142.55","","2.83%"
"10/11/2015","1,142.55","1,137.64","1,142.55","1,130.99","","0.43%"
"10/08/2015","1,137.64","1,118.06","1,138.12","1,118.06","","1.75%"
"10/07/2015","1,118.06","1,099.32","1,118.06","1,099.32","","1.70%"
"10/05/2015","1,099.32","1,106.60","1,109.71","1,099.16","","-0.66%"
"10/04/2015","1,106.60","1,122.90","1,124.17","1,106.60","","-1.45%"
"10/01/2015","1,122.90","1,120.91","1,131.37","1,120.62","","0.18%"
"09/30/2015","1,120.91","1,121.25","1,128.65","1,120.89","","-0.03%"
"09/29/2015","1,121.25","1,137.22","1,137.22","1,121.25","","-1.40%"
"09/28/2015","1,137.22","1,137.49","1,140.22","1,131.90","","-0.02%"
"09/22/2015","1,137.49","1,129.39","1,146.31","1,129.34","","0.72%"
"09/21/2015","1,129.39","1,119.49","1,136.18","1,119.49","","0.88%"
"09/20/2015","1,119.49","1,122.38","1,123.11","1,112.42","","-0.26%"
"09/17/2015","1,122.38","1,126.68","1,126.68","1,122.37","","-0.38%"
"09/16/2015","1,126.68","1,110.01","1,130.34","1,110.01","","1.50%"
"09/15/2015","1,110.01","1,111.05","1,116.65","1,107.71","","-0.09%"
"09/14/2015","1,111.05","1,093.65","1,111.71","1,093.65","","1.59%"
"09/13/2015","1,093.65","1,087.28","1,102.58","1,087.28","","0.59%"
"09/10/2015","1,087.28","1,099.70","1,099.79","1,082.66","","-1.13%"
"09/09/2015","1,099.70","1,077.40","1,106.87","1,077.40","","2.07%"
"09/08/2015","1,077.40","1,143.41","1,143.41","1,076.22","","-5.77%"
"09/07/2015","1,143.41","1,163.82","1,177.41","1,142.24","","-1.75%"
"09/06/2015","1,163.82","1,169.61","1,173.54","1,163.82","","-0.50%"
"09/03/2015","1,169.61","1,150.27","1,171.71","1,150.27","","1.68%"
"09/02/2015","1,150.27","1,169.90","1,169.90","1,142.98","","-1.68%"
"09/01/2015","1,169.90","1,170.85","1,185.26","1,169.90","","-0.08%"
"08/31/2015","1,170.85","1,137.25","1,170.85","1,128.78","","2.95%"
"08/30/2015","1,137.25","1,130.03","1,152.56","1,130.03","","0.64%"
"08/27/2015","1,130.03","1,088.47","1,131.57","1,088.47","","3.82%"
"08/26/2015","1,088.47","1,085.65","1,089.38","1,076.33","","0.26%"
"08/25/2015","1,085.65","1,053.98","1,085.65","1,050.99","","3.00%"
"08/24/2015","1,053.98","1,091.29","1,091.29","1,053.43","","-3.42%"
"08/23/2015","1,091.29","1,165.04","1,165.04","1,091.27","","-6.33%"
"08/20/2015","1,165.04","1,170.24","1,170.24","1,157.04","","-0.44%"
"08/19/2015","1,170.24","1,180.15","1,180.15","1,158.26","","-0.84%"
"08/18/2015","1,180.15","1,216.80","1,216.80","1,180.15","","-3.01%"
"08/17/2015","1,216.80","1,209.17","1,216.80","1,191.53","","0.63%"
"08/16/2015","1,209.17","1,263.17","1,263.17","1,209.17","","-4.27%"
"08/13/2015","1,263.17","1,273.84","1,286.32","1,263.17","","-0.84%"
"08/12/2015","1,273.84","1,311.18","1,311.18","1,273.84","","-2.85%"
"08/11/2015","1,311.18","1,298.38","1,318.92","1,298.38","","0.99%"
"08/10/2015","1,298.38","1,293.37","1,298.38","1,286.67","","0.39%"
"08/09/2015","1,293.37","1,333.18","1,334.62","1,293.37","","-2.99%"
"08/05/2015","1,333.18","1,347.39","1,353.67","1,333.18","","-1.05%"
"08/04/2015","1,347.39","1,326.33","1,350.14","1,326.33","","1.59%"
"08/03/2015","1,326.33","1,343.32","1,343.32","1,326.19","","-1.26%"
"08/02/2015","1,343.32","1,334.36","1,358.89","1,334.36","","0.67%"
"07/30/2015","1,334.36","1,319.83","1,336.76","1,319.76","","1.10%"
"07/29/2015","1,319.83","1,294.64","1,321.00","1,294.64","","1.95%"
"07/28/2015","1,294.64","1,275.31","1,294.64","1,275.31","","1.52%"
"07/27/2015","1,275.31","1,322.64","1,322.64","1,275.31","","-3.58%"
"07/26/2015","1,322.64","1,332.68","1,356.83","1,322.64","","-0.75%"
"07/22/2015","1,332.68","1,332.49","1,333.56","1,322.71","","0.01%"
"07/21/2015","1,332.49","1,319.72","1,335.19","1,319.72","","0.97%"
"07/16/2015","1,319.72","1,282.67","1,321.64","1,282.67","","2.89%"
"07/15/2015","1,282.67","1,250.27","1,282.67","1,250.27","","2.59%"
"07/14/2015","1,250.27","1,227.35","1,250.90","1,227.35","","1.87%"
"07/13/2015","1,227.35","1,262.05","1,262.15","1,227.01","","-2.75%"
"07/12/2015","1,262.05","1,278.85","1,292.55","1,262.05","","-1.31%"
"07/09/2015","1,278.85","1,269.32","1,288.93","1,269.12","","0.75%"
"07/08/2015","1,269.32","1,291.42","1,293.07","1,262.32","","-1.71%"
"07/07/2015","1,291.42","1,327.90","1,333.57","1,291.41","","-2.75%"
"07/06/2015","1,327.90","1,399.17","1,399.30","1,327.90","","-5.09%"
"07/05/2015","1,399.17","1,415.96","1,433.27","1,399.17","","-1.19%"
"07/02/2015","1,415.96","1,440.48","1,440.48","1,415.45","","-1.70%"
"06/29/2015","1,440.48","1,472.52","1,472.52","1,440.47","","-2.18%"
"06/28/2015","1,472.52","1,444.38","1,475.93","1,444.38","","1.95%"
"06/25/2015","1,444.38","1,436.20","1,444.38","1,417.04","","0.57%"
"06/24/2015","1,436.20","1,424.78","1,449.95","1,424.78","","0.80%"
"06/23/2015","1,424.78","1,447.75","1,447.75","1,424.39","","-1.59%"
"06/22/2015","1,447.75","1,463.16","1,467.53","1,447.75","","-1.05%"
"06/21/2015","1,463.16","1,478.55","1,488.37","1,463.16","","-1.04%"
"06/18/2015","1,478.55","1,465.85","1,478.55","1,461.88","","0.87%"
"06/17/2015","1,465.85","1,456.80","1,468.01","1,456.77","","0.62%"
"06/16/2015","1,456.80","1,432.40","1,456.80","1,432.40","","1.70%"
"06/15/2015","1,432.40","1,443.74","1,446.73","1,429.62","","-0.79%"
"06/14/2015","1,443.74","1,471.99","1,475.32","1,443.74","","-1.92%"
"06/11/2015","1,471.99","1,493.77","1,493.77","1,469.37","","-1.46%"
"06/10/2015","1,493.77","1,509.27","1,529.26","1,493.77","","-1.03%"
"06/09/2015","1,509.27","1,518.21","1,518.21","1,489.52","","-0.59%"
"06/08/2015","1,518.21","1,544.71","1,548.13","1,518.16","","-1.72%"
"06/07/2015","1,544.71","1,571.25","1,571.64","1,544.71","","-1.69%"
"06/04/2015","1,571.25","1,596.95","1,598.23","1,571.20","","-1.61%"
"06/03/2015","1,596.95","1,577.58","1,599.53","1,577.58","","1.23%"
"06/02/2015","1,577.58","1,556.07","1,577.63","1,551.46","","1.38%"
"06/01/2015","1,556.07","1,569.21","1,590.33","1,556.07","","-0.84%"
"05/31/2015","1,569.21","1,605.69","1,605.87","1,568.25","","-2.27%"
"05/28/2015","1,605.69","1,623.93","1,632.71","1,605.69","","-1.12%"
"05/27/2015","1,623.93","1,629.26","1,630.53","1,616.17","","-0.33%"
"05/26/2015","1,629.26","1,617.62","1,639.74","1,617.62","","0.72%"
"05/25/2015","1,617.62","1,634.75","1,641.10","1,617.62","","-1.05%"
"05/24/2015","1,634.75","1,602.30","1,635.11","1,600.84","","2.03%"
"05/21/2015","1,602.30","1,549.22","1,605.93","1,549.22","","3.43%"
"05/20/2015","1,549.22","1,562.90","1,563.11","1,540.34","","-0.88%"
"05/19/2015","1,562.90","1,522.26","1,588.57","1,522.26","","2.67%"
"05/18/2015","1,522.26","1,398.69","1,522.30","1,398.69","","8.83%"
"05/17/2015","1,398.69","1,412.26","1,429.68","1,398.69","","-0.96%"
"05/14/2015","1,412.26","1,476.29","1,477.54","1,411.86","","-4.34%"
"05/13/2015","1,476.29","1,516.03","1,520.28","1,475.97","","-2.62%"
"05/12/2015","1,516.03","1,533.53","1,533.53","1,515.75","","-1.14%"
"05/11/2015","1,533.53","1,540.90","1,555.64","1,533.53","","-0.48%"
"05/10/2015","1,540.90","1,549.78","1,555.88","1,540.32","","-0.57%"
"05/07/2015","1,549.78","1,557.97","1,564.43","1,547.83","","-0.53%"
"05/06/2015","1,557.97","1,560.58","1,576.05","1,557.97","","-0.17%"
"05/05/2015","1,560.58","1,508.52","1,560.62","1,508.52","","3.45%"
"05/04/2015","1,508.52","1,483.01","1,508.52","1,482.25","","1.72%"
"05/03/2015","1,483.01","1,505.41","1,505.41","1,483.01","","-1.49%"
"04/30/2015","1,505.41","1,469.65","1,507.71","1,469.65","","2.43%"
"04/29/2015","1,469.65","1,428.63","1,469.65","1,428.63","","2.87%"
"04/28/2015","1,428.63","1,470.40","1,470.40","1,419.77","","-2.84%"
"04/27/2015","1,470.40","1,505.92","1,515.84","1,470.40","","-2.36%"
"04/26/2015","1,505.92","1,536.13","1,536.14","1,505.92","","-1.97%"
"04/23/2015","1,536.13","1,515.95","1,542.17","1,515.95","","1.33%"
"04/22/2015","1,515.95","1,511.80","1,516.77","1,499.74","","0.27%"
"04/21/2015","1,511.80","1,501.23","1,521.64","1,497.78","","0.70%"
"04/20/2015","1,501.23","1,525.47","1,525.47","1,498.20","","-1.59%"
"04/19/2015","1,525.47","1,534.84","1,549.78","1,525.47","","-0.61%"
"04/16/2015","1,534.84","1,530.81","1,534.84","1,522.39","","0.26%"
"04/15/2015","1,530.81","1,549.82","1,554.82","1,530.81","","-1.23%"
"04/14/2015","1,549.82","1,552.78","1,561.77","1,549.82","","-0.19%"
"04/09/2015","1,552.78","1,537.25","1,552.98","1,536.93","","1.01%"
"04/08/2015","1,537.25","1,530.64","1,537.92","1,473.47","","0.43%"
"04/07/2015","1,530.64","1,490.57","1,535.73","1,490.57","","2.69%"
"04/06/2015","1,490.57","1,511.91","1,521.75","1,473.34","","-1.41%"
"04/05/2015","1,511.91","1,574.63","1,574.63","1,511.88","","-3.98%"
"04/02/2015","1,574.63","1,618.28","1,619.73","1,574.63","","-2.70%"
"04/01/2015","1,618.28","1,639.67","1,644.00","1,618.28","","-1.30%"
"03/31/2015","1,639.67","1,616.36","1,644.67","1,616.36","","1.44%"
"03/30/2015","1,616.36","1,590.11","1,616.36","1,573.66","","1.65%"
"03/29/2015","1,590.11","1,587.01","1,610.68","1,587.01","","0.20%"
"03/26/2015","1,587.01","1,627.34","1,627.34","1,564.00","","-2.48%"
"03/25/2015","1,627.34","1,667.81","1,667.81","1,627.34","","-2.43%"
"03/24/2015","1,667.81","1,661.77","1,683.33","1,661.77","","0.36%"
"03/23/2015","1,661.77","1,642.81","1,661.77","1,635.03","","1.15%"
"03/22/2015","1,642.81","1,689.88","1,689.88","1,642.81","","-2.79%"
"03/19/2015","1,689.88","1,678.75","1,697.75","1,678.75","","0.66%"
"03/18/2015","1,678.75","1,705.87","1,705.87","1,675.48","","-1.59%"
"03/17/2015","1,705.87","1,703.80","1,715.44","1,697.80","","0.12%"
"03/16/2015","1,703.80","1,748.07","1,748.07","1,703.80","","-2.53%"
"03/15/2015","1,748.07","1,731.09","1,772.30","1,731.09","","0.98%"
"03/12/2015","1,731.09","1,732.09","1,745.87","1,731.09","","-0.06%"
"03/11/2015","1,732.09","1,773.02","1,773.02","1,732.09","","-2.31%"
"03/10/2015","1,773.02","1,768.34","1,794.88","1,768.34","","0.26%"
"03/09/2015","1,768.34","1,752.38","1,768.58","1,747.52","","0.91%"
"03/08/2015","1,752.38","1,731.85","1,756.20","1,731.85","","1.19%"
"03/05/2015","1,731.85","1,704.01","1,734.22","1,704.01","","1.63%"
"03/04/2015","1,704.01","1,700.34","1,704.01","1,693.47","","0.22%"
"03/03/2015","1,700.34","1,685.64","1,706.13","1,685.01","","0.87%"
"03/02/2015","1,685.64","1,646.31","1,685.65","1,646.31","","2.39%"
"03/01/2015","1,646.31","1,638.38","1,657.29","1,636.43","","0.48%"
"02/26/2015","1,638.38","1,657.16","1,663.15","1,638.22","","-1.13%"
"02/25/2015","1,657.16","1,682.54","1,683.11","1,657.03","","-1.51%"
"02/24/2015","1,682.54","1,688.90","1,690.57","1,680.32","","-0.38%"
"02/23/2015","1,688.90","1,680.67","1,709.28","1,680.67","","0.49%"
"02/22/2015","1,680.67","1,675.44","1,685.72","1,675.09","","0.31%"
"02/19/2015","1,675.44","1,699.61","1,707.57","1,675.44","","-1.42%"
"02/18/2015","1,699.61","1,660.95","1,700.07","1,660.95","","2.33%"
"02/17/2015","1,660.95","1,696.53","1,704.89","1,655.57","","-2.10%"
"02/16/2015","1,696.53","1,744.37","1,744.37","1,696.53","","-2.74%"
"02/15/2015","1,744.37","1,730.32","1,749.70","1,723.00","","0.81%"
"02/12/2015","1,730.32","1,735.75","1,736.40","1,709.03","","-0.31%"
"02/11/2015","1,735.75","1,777.13","1,777.33","1,735.75","","-2.33%"
"02/10/2015","1,777.13","1,775.92","1,794.23","1,775.92","","0.07%"
"02/09/2015","1,775.92","1,803.19","1,803.19","1,775.35","","-1.51%"
"02/08/2015","1,803.19","1,809.88","1,831.26","1,803.19","","-0.37%"
"02/05/2015","1,809.88","1,836.32","1,837.00","1,804.85","","-1.44%"
"02/04/2015","1,836.32","1,826.58","1,844.19","1,826.58","","0.53%"
"02/03/2015","1,826.58","1,781.19","1,828.87","1,781.19","","2.55%"
"02/02/2015","1,781.19","1,770.57","1,789.50","1,770.57","","0.60%"
"02/01/2015","1,770.57","1,779.24","1,780.38","1,766.15","","-0.49%"
"01/29/2015","1,779.24","1,791.18","1,791.18","1,778.62","","-0.67%"
"01/28/2015","1,791.18","1,793.20","1,797.81","1,781.29","","-0.11%"
"01/27/2015","1,793.20","1,770.00","1,804.91","1,770.00","","1.31%"
"01/26/2015","1,770.00","1,777.59","1,781.85","1,765.38","","-0.43%"
"01/22/2015","1,777.59","1,782.86","1,801.70","1,777.55","","-0.30%"
"01/21/2015","1,782.86","1,796.14","1,798.52","1,778.24","","-0.74%"
"01/20/2015","1,796.14","1,742.10","1,806.04","1,742.10","","3.10%"
"01/19/2015","1,742.10","1,707.16","1,742.10","1,701.35","","2.05%"
"01/18/2015","1,707.16","1,690.66","1,711.62","1,690.44","","0.98%"
"01/15/2015","1,690.66","1,659.01","1,693.05","1,647.25","","1.91%"
"01/14/2015","1,659.01","1,643.01","1,666.29","1,643.01","","0.97%"
"01/13/2015","1,643.01","1,604.22","1,643.01","1,604.22","","2.42%"
"01/12/2015","1,604.22","1,561.93","1,604.22","1,555.27","","2.71%"
"01/11/2015","1,561.93","1,574.16","1,580.37","1,561.93","","-0.78%"
"01/08/2015","1,574.16","1,541.61","1,576.88","1,541.61","","2.11%"
"01/06/2015","1,541.61","1,590.47","1,590.47","1,539.54","","-3.07%"
"01/05/2015","1,590.47","1,583.95","1,594.16","1,583.83","","0.41%"
"01/04/2015","1,583.95","1,582.63","1,585.10","1,576.86","","0.08%"
"12/31/2014","1,582.63","1,601.75","1,612.42","1,582.62","","-1.19%"
"12/30/2014","1,601.75","1,586.91","1,607.34","1,586.91","","0.94%"
"12/29/2014","1,586.91","1,544.78","1,586.91","1,544.78","","2.73%"
"12/28/2014","1,544.78","1,528.14","1,547.40","1,527.65","","1.09%"
"12/25/2014","1,528.14","1,548.42","1,548.66","1,528.10","","-1.31%"
"12/24/2014","1,548.42","1,551.49","1,568.58","1,548.40","","-0.20%"
"12/23/2014","1,551.49","1,558.78","1,576.16","1,551.49","","-0.47%"
"12/22/2014","1,558.78","1,545.73","1,559.23","1,535.85","","0.84%"
"12/21/2014","1,545.73","1,474.63","1,548.55","1,474.63","","4.82%"
"12/18/2014","1,474.63","1,408.31","1,475.46","1,408.31","","4.71%"
"12/17/2014","1,408.31","1,501.59","1,541.26","1,408.31","","-6.21%"
"12/16/2014","1,501.59","1,580.75","1,580.75","1,492.36","","-5.01%"
"12/15/2014","1,580.75","1,564.90","1,581.56","1,563.88","","1.01%"
"12/14/2014","1,564.90","1,658.29","1,658.29","1,564.90","","-5.63%"
"12/11/2014","1,658.29","1,694.84","1,694.84","1,657.71","","-2.16%"
"12/10/2014","1,694.84","1,719.64","1,719.64","1,693.25","","-1.44%"
"12/09/2014","1,719.64","1,736.12","1,739.73","1,719.64","","-0.95%"
"12/08/2014","1,736.12","1,727.28","1,738.92","1,718.86","","0.51%"
"12/07/2014","1,727.28","1,705.10","1,730.08","1,705.10","","1.30%"
"12/04/2014","1,705.10","1,659.05","1,705.39","1,659.05","","2.78%"
"12/03/2014","1,659.05","1,628.08","1,659.05","1,618.17","","1.90%"
"12/02/2014","1,628.08","1,648.42","1,649.02","1,628.08","","-1.23%"
"12/01/2014","1,648.42","1,660.24","1,667.56","1,648.42","","-0.71%"
"11/30/2014","1,660.24","1,668.09","1,668.09","1,653.57","","-0.47%"
"11/27/2014","1,668.09","1,645.40","1,671.56","1,643.69","","1.38%"
"11/26/2014","1,645.40","1,614.19","1,645.40","1,613.91","","1.93%"
"11/25/2014","1,614.19","1,621.22","1,621.28","1,598.65","","-0.43%"
"11/24/2014","1,621.22","1,661.68","1,662.89","1,621.22","","-2.43%"
"11/23/2014","1,661.68","1,657.56","1,665.56","1,644.14","","0.25%"
"11/20/2014","1,657.56","1,646.89","1,670.45","1,646.89","","0.65%"
"11/19/2014","1,646.89","1,643.94","1,647.80","1,637.98","","0.18%"
"11/18/2014","1,643.94","1,639.22","1,649.84","1,639.20","","0.29%"
"11/17/2014","1,639.22","1,664.02","1,664.09","1,639.19","","-1.49%"
"11/16/2014","1,664.02","1,659.32","1,683.68","1,659.32","","0.28%"
"11/13/2014","1,659.32","1,679.42","1,679.42","1,653.09","","-1.20%"
"11/12/2014","1,679.42","1,706.83","1,706.83","1,679.42","","-1.61%"
"11/11/2014","1,706.83","1,692.35","1,713.82","1,692.35","","0.86%"
"11/10/2014","1,692.35","1,672.22","1,692.44","1,671.89","","1.20%"
"11/09/2014","1,672.22","1,680.95","1,683.40","1,672.22","","-0.52%"
"11/06/2014","1,680.95","1,692.34","1,716.47","1,680.95","","-0.67%"
"11/05/2014","1,692.34","1,711.12","1,711.12","1,675.98","","-1.10%"
"11/04/2014","1,711.12","1,707.42","1,730.27","1,707.42","","0.22%"
"11/03/2014","1,707.42","1,690.51","1,707.69","1,690.51","","1.00%"
"11/02/2014","1,690.51","1,655.28","1,695.86","1,655.28","","2.13%"
"10/30/2014","1,655.28","1,628.10","1,655.43","1,628.10","","1.67%"
"10/29/2014","1,628.10","1,557.56","1,628.38","1,557.56","","4.53%"
"10/28/2014","1,557.56","1,505.88","1,557.56","1,505.76","","3.43%"
"10/27/2014","1,505.88","1,555.46","1,555.46","1,505.69","","-3.19%"
"10/26/2014","1,555.46","1,572.14","1,573.34","1,555.46","","-1.06%"
"10/23/2014","1,572.14","1,574.15","1,579.77","1,565.82","","-0.13%"
"10/22/2014","1,574.15","1,538.24","1,574.15","1,538.24","","2.33%"
"10/21/2014","1,538.24","1,509.84","1,538.24","1,507.80","","1.88%"
"10/20/2014","1,509.84","1,496.48","1,516.52","1,492.71","","0.89%"
"10/19/2014","1,496.48","1,504.98","1,562.05","1,496.48","","-0.56%"
"10/16/2014","1,504.98","1,591.03","1,591.03","1,504.98","","-5.41%"
"10/15/2014","1,591.03","1,595.69","1,618.98","1,591.01","","-0.29%"
"10/14/2014","1,595.69","1,664.00","1,664.00","1,594.17","","-4.11%"
"10/13/2014","1,664.00","1,689.05","1,689.05","1,649.17","","-1.48%"
"10/12/2014","1,689.05","1,773.63","1,773.63","1,689.05","","-4.77%"
"10/09/2014","1,773.63","1,771.36","1,775.37","1,768.45","","0.13%"
"10/08/2014","1,771.36","1,798.02","1,803.84","1,771.36","","-1.48%"
"10/02/2014","1,798.02","1,787.55","1,798.02","1,783.78","","0.59%"
"10/01/2014","1,787.55","1,817.31","1,817.31","1,787.27","","-1.64%"
"09/30/2014","1,817.31","1,805.86","1,823.48","1,805.86","","0.63%"
"09/29/2014","1,805.86","1,760.43","1,809.86","1,760.43","","2.58%"
"09/28/2014","1,760.43","1,778.35","1,778.50","1,752.07","","-1.01%"
"09/25/2014","1,778.35","1,782.53","1,793.68","1,774.26","","-0.23%"
"09/24/2014","1,782.53","1,777.45","1,795.69","1,777.45","","0.29%"
"09/23/2014","1,777.45","1,770.67","1,777.55","1,769.44","","0.38%"
"09/22/2014","1,770.67","1,772.77","1,778.55","1,756.97","","-0.12%"
"09/21/2014","1,772.77","1,764.10","1,795.62","1,764.10","","0.49%"
"09/18/2014","1,764.10","1,723.89","1,764.10","1,723.89","","2.33%"
"09/17/2014","1,723.89","1,723.62","1,723.89","1,712.21","","0.02%"
"09/16/2014","1,723.62","1,704.37","1,738.15","1,704.37","","1.13%"
"09/15/2014","1,704.37","1,710.54","1,710.54","1,688.45","","-0.36%"
"09/14/2014","1,710.54","1,713.59","1,741.64","1,710.54","","-0.18%"
"09/11/2014","1,713.59","1,750.84","1,750.84","1,703.20","","-2.13%"
"09/10/2014","1,750.84","1,751.87","1,774.77","1,750.84","","-0.06%"
"09/09/2014","1,751.87","1,779.77","1,779.77","1,745.90","","-1.57%"
"09/08/2014","1,779.77","1,776.71","1,790.68","1,776.71","","0.17%"
"09/07/2014","1,776.71","1,760.37","1,781.30","1,760.31","","0.93%"
"09/04/2014","1,760.37","1,749.42","1,760.57","1,746.77","","0.63%"
"09/03/2014","1,749.42","1,759.30","1,760.49","1,749.42","","-0.56%"
"09/02/2014","1,759.30","1,715.50","1,762.83","1,715.50","","2.55%"
"09/01/2014","1,715.50","1,709.05","1,715.50","1,698.19","","0.38%"
"08/31/2014","1,709.05","1,711.57","1,729.52","1,709.05","","-0.15%"
"08/28/2014","1,711.57","1,709.12","1,711.57","1,699.75","","0.14%"
"08/27/2014","1,709.12","1,717.98","1,721.23","1,709.12","","-0.52%"
"08/26/2014","1,717.98","1,739.95","1,746.26","1,717.98","","-1.26%"
"08/25/2014","1,739.95","1,768.91","1,780.97","1,739.95","","-1.64%"
"08/24/2014","1,768.91","1,723.35","1,772.14","1,723.35","","2.64%"
"08/21/2014","1,723.35","1,759.00","1,759.00","1,718.74","","-2.03%"
"08/20/2014","1,759.00","1,712.17","1,771.01","1,712.17","","2.74%"
"08/19/2014","1,712.17","1,660.25","1,712.17","1,654.18","","3.13%"
"08/18/2014","1,660.25","1,681.04","1,681.04","1,655.91","","-1.24%"
"08/17/2014","1,681.04","1,661.90","1,686.21","1,661.90","","1.15%"
"08/14/2014","1,661.90","1,656.08","1,663.04","1,654.04","","0.35%"
"08/13/2014","1,656.08","1,648.16","1,664.58","1,648.16","","0.48%"
"08/12/2014","1,648.16","1,625.02","1,648.21","1,625.02","","1.42%"
"08/11/2014","1,625.02","1,599.80","1,625.02","1,599.80","","1.58%"
"08/10/2014","1,599.80","1,610.25","1,610.92","1,588.76","","-0.65%"
"08/07/2014","1,610.25","1,592.51","1,619.83","1,592.51","","1.11%"
"08/06/2014","1,592.51","1,579.80","1,592.51","1,573.27","","0.80%"
"08/05/2014","1,579.80","1,560.51","1,582.66","1,560.51","","1.24%"
"08/04/2014","1,560.51","1,545.38","1,565.75","1,545.38","","0.98%"
"08/03/2014","1,545.38","1,541.73","1,553.89","1,541.73","","0.24%"
"07/31/2014","1,541.73","1,522.20","1,542.45","1,522.20","","1.28%"
"07/27/2014","1,522.20","1,531.02","1,534.25","1,522.20","","-0.58%"
"07/24/2014","1,531.02","1,503.53","1,531.58","1,503.53","","1.83%"
"07/22/2014","1,503.53","1,501.36","1,513.70","1,501.36","","0.14%"
"07/21/2014","1,501.36","1,521.02","1,521.02","1,501.32","","-1.29%"
"07/20/2014","1,521.02","1,551.87","1,551.94","1,521.02","","-1.99%"
"07/17/2014","1,551.87","1,549.26","1,552.89","1,540.90","","0.17%"
"07/16/2014","1,549.26","1,546.12","1,561.64","1,546.12","","0.20%"
"07/15/2014","1,546.12","1,502.94","1,546.12","1,502.94","","2.87%"
"07/14/2014","1,502.94","1,483.96","1,502.94","1,483.96","","1.28%"
"07/13/2014","1,483.96","1,498.35","1,498.35","1,479.15","","-0.96%"
"07/10/2014","1,498.35","1,511.92","1,511.92","1,498.09","","-0.90%"
"07/09/2014","1,511.92","1,492.32","1,523.27","1,492.32","","1.31%"
"07/08/2014","1,492.32","1,456.27","1,492.32","1,455.29","","2.48%"
"07/07/2014","1,456.27","1,446.45","1,459.19","1,444.05","","0.68%"
"07/06/2014","1,446.45","1,428.99","1,446.53","1,416.59","","1.22%"
"07/03/2014","1,428.99","1,408.09","1,438.11","1,408.09","","1.48%"
"07/02/2014","1,408.09","1,406.08","1,408.09","1,377.80","","0.14%"
"06/30/2014","1,406.08","1,373.89","1,406.63","1,373.85","","2.34%"
"06/29/2014","1,373.89","1,377.75","1,377.75","1,356.61","","-0.28%"
"06/26/2014","1,377.75","1,369.36","1,395.14","1,369.36","","0.61%"
"06/25/2014","1,369.36","1,384.41","1,384.41","1,344.82","","-1.09%"
"06/24/2014","1,384.41","1,423.98","1,423.98","1,384.39","","-2.78%"
"06/23/2014","1,423.98","1,419.89","1,435.15","1,419.89","","0.29%"
"06/22/2014","1,419.89","1,430.01","1,446.19","1,417.16","","-0.71%"
"06/19/2014","1,430.01","1,456.70","1,457.49","1,425.60","","-1.83%"
"06/18/2014","1,456.70","1,454.35","1,460.66","1,438.17","","0.16%"
"06/17/2014","1,454.35","1,472.53","1,478.89","1,454.35","","-1.23%"
"06/16/2014","1,472.53","1,502.14","1,503.75","1,472.53","","-1.97%"
"06/15/2014","1,502.14","1,524.02","1,524.04","1,495.96","","-1.44%"
"06/12/2014","1,524.02","1,505.91","1,541.65","1,505.91","","1.20%"
"06/11/2014","1,505.91","1,467.09","1,505.91","1,467.09","","2.65%"
"06/10/2014","1,467.09","1,464.85","1,470.94","1,451.02","","0.15%"
"06/09/2014","1,464.85","1,466.23","1,480.01","1,464.85","","-0.09%"
"06/05/2014","1,466.23","1,380.65","1,466.27","1,380.65","","6.20%"
"06/04/2014","1,380.65","1,344.70","1,380.65","1,341.68","","2.67%"
"06/03/2014","1,344.70","1,368.48","1,392.92","1,344.70","","-1.74%"
"06/02/2014","1,368.48","1,348.36","1,400.30","1,348.36","","1.49%"
"06/01/2014","1,348.36","1,423.11","1,423.11","1,308.17","","-5.25%"
"05/29/2014","1,423.11","1,479.89","1,506.25","1,423.11","","-3.84%"
"05/28/2014","1,479.89","1,525.03","1,525.03","1,478.00","","-2.96%"
"05/26/2014","1,525.03","1,531.33","1,540.32","1,525.03","","-0.41%"
"05/25/2014","1,531.33","1,522.95","1,532.31","1,514.22","","0.55%"
"05/22/2014","1,522.95","1,502.33","1,527.57","1,502.33","","1.37%"
"05/21/2014","1,502.33","1,505.03","1,505.62","1,492.59","","-0.18%"
"05/20/2014","1,505.03","1,482.99","1,511.92","1,482.99","","1.49%"
"05/19/2014","1,482.99","1,463.25","1,482.99","1,457.32","","1.35%"
"05/18/2014","1,463.25","1,464.18","1,474.53","1,463.23","","-0.06%"
"05/15/2014","1,464.18","1,438.05","1,464.18","1,438.05","","1.82%"
"05/14/2014","1,438.05","1,392.15","1,438.31","1,392.15","","3.30%"
"05/13/2014","1,392.15","1,381.62","1,393.11","1,381.59","","0.76%"
"05/12/2014","1,381.62","1,370.89","1,383.07","1,365.91","","0.78%"
"05/11/2014","1,370.89","1,359.57","1,372.78","1,359.57","","0.83%"
"05/08/2014","1,359.57","1,374.27","1,379.69","1,356.92","","-1.07%"
"05/07/2014","1,374.27","1,382.21","1,388.14","1,374.24","","-0.57%"
"05/06/2014","1,382.21","1,356.55","1,382.21","1,356.55","","1.89%"
"05/05/2014","1,356.55","1,363.89","1,367.62","1,353.48","","-0.54%"
"05/04/2014","1,363.89","1,357.51","1,377.47","1,357.51","","0.47%"
"04/30/2014","1,357.51","1,333.01","1,357.57","1,332.99","","1.84%"
"04/29/2014","1,333.01","1,337.17","1,337.24","1,328.72","","-0.31%"
"04/28/2014","1,337.17","1,367.96","1,367.96","1,337.17","","-2.25%"
"04/27/2014","1,367.96","1,375.20","1,379.77","1,366.73","","-0.53%"
"04/23/2014","1,375.20","1,360.88","1,375.65","1,351.06","","1.05%"
"04/22/2014","1,360.88","1,336.63","1,370.89","1,336.63","","1.81%"
"04/17/2014","1,336.63","1,307.55","1,336.63","1,298.15","","2.22%"
"04/16/2014","1,307.55","1,287.79","1,315.01","1,287.79","","1.53%"
"04/15/2014","1,287.79","1,223.29","1,287.79","1,223.28","","5.27%"
"04/14/2014","1,223.29","1,219.88","1,224.13","1,215.29","","0.28%"
"04/13/2014","1,219.88","1,230.80","1,236.35","1,219.85","","-0.89%"
"04/10/2014","1,230.80","1,212.85","1,231.35","1,209.13","","1.48%"
"04/09/2014","1,212.85","1,181.50","1,213.38","1,173.36","","2.65%"
"04/08/2014","1,181.50","1,146.60","1,181.51","1,146.60","","3.04%"
"04/07/2014","1,146.60","1,149.00","1,149.00","1,116.84","","-0.21%"
"04/06/2014","1,149.00","1,194.88","1,216.81","1,149.00","","-3.84%"
"04/03/2014","1,194.88","1,237.51","1,237.78","1,182.52","","-3.44%"
"04/02/2014","1,237.51","1,241.51","1,258.76","1,237.51","","-0.32%"
"04/01/2014","1,241.51","1,208.33","1,241.51","1,208.33","","2.75%"
"03/31/2014","1,208.33","1,267.29","1,277.38","1,204.22","","-4.65%"
"03/30/2014","1,267.29","1,308.66","1,308.66","1,253.49","","-3.16%"
"03/27/2014","1,308.66","1,366.91","1,386.29","1,308.66","","-4.26%"
"03/26/2014","1,366.91","1,374.33","1,381.98","1,366.81","","-0.54%"
"03/25/2014","1,374.33","1,345.32","1,378.37","1,345.32","","2.16%"
"03/24/2014","1,345.32","1,332.48","1,345.36","1,329.86","","0.96%"
"03/23/2014","1,332.48","1,319.06","1,341.54","1,319.06","","1.02%"
"03/20/2014","1,319.06","1,293.92","1,319.06","1,293.92","","1.94%"
"03/19/2014","1,293.92","1,276.99","1,294.47","1,276.99","","1.33%"
"03/18/2014","1,276.99","1,258.87","1,276.99","1,258.87","","1.44%"
"03/17/2014","1,258.87","1,243.32","1,258.91","1,243.32","","1.25%"
"03/16/2014","1,243.32","1,242.70","1,249.50","1,242.70","","0.05%"
"03/13/2014","1,242.70","1,226.49","1,242.74","1,219.12","","1.32%"
"03/12/2014","1,226.49","1,216.73","1,231.87","1,216.73","","0.80%"
"03/11/2014","1,216.73","1,186.88","1,216.74","1,186.88","","2.51%"
"03/10/2014","1,186.88","1,184.29","1,187.60","1,173.89","","0.22%"
"03/09/2014","1,184.29","1,188.90","1,191.89","1,182.88","","-0.39%"
"03/06/2014","1,188.90","1,200.65","1,200.77","1,188.85","","-0.98%"
"03/05/2014","1,200.65","1,178.60","1,203.56","1,178.60","","1.87%"
"03/04/2014","1,178.60","1,153.29","1,178.71","1,153.29","","2.19%"
"03/03/2014","1,153.29","1,192.12","1,192.12","1,153.29","","-3.26%"
"03/02/2014","1,192.12","1,209.54","1,217.26","1,192.12","","-1.44%"
"02/27/2014","1,209.54","1,187.78","1,212.82","1,187.78","","1.83%"
"02/26/2014","1,187.78","1,188.24","1,188.24","1,174.32","","-0.04%"
"02/25/2014","1,188.24","1,195.81","1,203.10","1,188.24","","-0.63%"
"02/24/2014","1,195.81","1,186.45","1,195.88","1,176.35","","0.79%"
"02/23/2014","1,186.45","1,166.75","1,191.41","1,166.75","","1.69%"
"02/20/2014","1,166.75","1,141.03","1,166.78","1,141.03","","2.25%"
"02/19/2014","1,141.03","1,136.56","1,141.14","1,132.45","","0.39%"
"02/18/2014","1,136.56","1,117.34","1,142.77","1,117.34","","1.72%"
"02/17/2014","1,117.34","1,118.32","1,118.32","1,108.16","","-0.09%"
"02/16/2014","1,118.32","1,127.18","1,134.96","1,118.17","","-0.79%"
"02/13/2014","1,127.18","1,128.88","1,128.88","1,125.26","","-0.15%"
"02/12/2014","1,128.88","1,118.28","1,134.29","1,118.28","","0.95%"
"02/11/2014","1,118.28","1,119.87","1,119.87","1,108.01","","-0.14%"
"02/10/2014","1,119.87","1,116.79","1,124.69","1,116.29","","0.28%"
"02/09/2014","1,116.79","1,105.47","1,117.02","1,105.47","","1.02%"
"02/06/2014","1,105.47","1,090.63","1,109.13","1,090.63","","1.36%"
"02/05/2014","1,090.63","1,078.11","1,090.94","1,078.11","","1.16%"
"02/04/2014","1,078.11","1,090.43","1,092.29","1,078.10","","-1.13%"
"02/03/2014","1,090.43","1,095.09","1,096.42","1,086.96","","-0.43%"
"02/02/2014","1,095.09","1,088.22","1,100.75","1,088.22","","0.63%"
"01/30/2014","1,088.22","1,077.06","1,088.77","1,077.06","","1.04%"
"01/29/2014","1,077.06","1,069.10","1,081.68","1,068.86","","0.74%"
"01/28/2014","1,069.10","1,053.99","1,069.53","1,053.99","","1.43%"
"01/27/2014","1,053.99","1,049.83","1,054.01","1,047.02","","0.40%"
"01/26/2014","1,049.83","1,059.58","1,065.07","1,047.44","","-0.92%"
"01/23/2014","1,059.58","1,044.74","1,059.58","1,044.41","","1.42%"
"01/22/2014","1,044.74","1,032.29","1,045.31","1,032.29","","1.21%"
"01/21/2014","1,032.29","1,026.01","1,033.04","1,025.17","","0.61%"
"01/20/2014","1,026.01","1,020.32","1,028.47","1,019.05","","0.56%"
"01/19/2014","1,020.32","1,041.63","1,044.63","1,020.32","","-2.05%"
"01/16/2014","1,041.63","1,056.65","1,056.82","1,041.63","","-1.42%"
"01/15/2014","1,056.65","1,066.94","1,071.96","1,056.65","","-0.96%"
"01/14/2014","1,066.94","1,039.52","1,068.31","1,039.52","","2.64%"
"01/12/2014","1,039.52","1,016.04","1,039.71","1,016.04","","2.31%"
"01/09/2014","1,016.04","999.08","1,016.64","999.08","","1.70%"
"01/08/2014","999.08","986.47","999.08","986.33","","1.28%"
"01/06/2014","986.47","996.77","997.79","986.10","","-1.03%"
"01/05/2014","996.77","991.73","1,000.48","991.73","","0.51%"
"01/02/2014","991.73","983.04","997.14","983.04","","0.88%"
"12/31/2013","983.04","989.71","994.67","982.76","","-0.67%"
"12/30/2013","989.71","980.18","991.50","980.18","","0.97%"
"12/29/2013","980.18","990.52","993.47","980.18","","-1.04%"
"12/26/2013","990.52","999.54","999.62","990.48","","-0.90%"
"12/25/2013","999.54","983.72","1,000.83","983.72","","1.61%"
"12/24/2013","983.72","980.00","983.72","968.26","","0.38%"
"12/23/2013","980.00","986.85","986.85","979.94","","-0.69%"
"12/22/2013","986.85","992.11","1,000.74","986.85","","-0.53%"
"12/19/2013","992.11","984.84","994.73","984.84","","0.74%"
"12/18/2013","984.84","985.72","986.53","981.30","","-0.09%"
"12/17/2013","985.72","974.32","987.31","974.25","","1.17%"
"12/16/2013","974.32","981.29","981.45","973.51","","-0.71%"
"12/15/2013","981.29","966.91","983.50","966.91","","1.49%"
"12/12/2013","966.91","947.98","966.91","947.98","","2.00%"
"12/11/2013","947.98","940.10","948.48","940.10","","0.84%"
"12/10/2013","940.10","934.76","940.22","930.74","","0.57%"
"12/09/2013","934.76","941.71","944.45","934.18","","-0.74%"
"12/08/2013","941.71","926.58","944.72","926.58","","1.63%"
"12/05/2013","926.58","917.82","926.86","917.82","","0.95%"
"12/04/2013","917.82","913.44","918.53","913.44","","0.48%"
"12/03/2013","913.44","920.28","920.43","913.30","","-0.74%"
"12/02/2013","920.28","922.62","934.96","920.28","","-0.25%"
"12/01/2013","922.62","907.91","922.62","907.91","","1.62%"
"11/28/2013","907.91","910.01","910.01","900.76","","-0.23%"
"11/27/2013","910.01","918.42","924.31","910.01","","-0.92%"
"11/26/2013","918.42","927.21","927.21","915.55","","-0.95%"
"11/25/2013","927.21","953.27","953.27","927.21","","-2.73%"
"11/24/2013","953.27","958.70","960.38","953.27","","-0.57%"
"11/21/2013","958.70","965.91","965.91","956.18","","-0.75%"
"11/20/2013","965.91","944.56","968.64","944.56","","2.26%"
"11/19/2013","944.56","926.63","944.56","926.63","","1.93%"
"11/18/2013","926.63","916.56","927.52","915.92","","1.10%"
"11/17/2013","916.56","906.91","916.67","906.89","","1.06%"
"11/14/2013","906.91","908.70","923.06","906.91","","-0.20%"
"11/13/2013","908.70","920.62","920.62","903.33","","-1.29%"
"11/12/2013","920.62","916.55","934.58","916.55","","0.44%"
"11/11/2013","916.55","922.64","922.84","910.26","","-0.66%"
"11/10/2013","922.64","939.98","941.26","922.64","","-1.84%"
"11/07/2013","939.98","937.24","948.24","937.24","","0.29%"
"11/06/2013","937.24","924.12","937.30","924.12","","1.42%"
"11/04/2013","924.12","914.56","924.15","914.05","","1.05%"
"11/03/2013","914.56","910.07","915.86","908.73","","0.49%"
"10/31/2013","910.07","908.74","911.29","907.95","","0.15%"
"10/30/2013","908.74","897.21","910.48","897.21","","1.29%"
"10/29/2013","897.21","891.49","897.21","888.20","","0.64%"
"10/28/2013","891.49","918.91","918.91","891.49","","-2.98%"
"10/27/2013","918.91","912.85","925.14","912.85","","0.66%"
"10/24/2013","912.85","913.49","914.58","909.37","","-0.07%"
"10/23/2013","913.49","918.28","918.28","909.96","","-0.52%"
"10/22/2013","918.28","897.92","919.91","897.92","","2.27%"
"10/21/2013","897.92","898.34","898.34","891.77","","-0.05%"
"10/20/2013","898.34","896.27","908.73","896.27","","0.23%"
"10/13/2013","896.27","888.54","896.29","888.52","","0.87%"
"10/10/2013","888.54","866.41","888.68","866.41","","2.55%"
"10/09/2013","866.41","851.78","866.41","851.76","","1.72%"
"10/08/2013","851.78","850.04","851.78","847.84","","0.20%"
"10/07/2013","850.04","840.53","852.44","840.53","","1.13%"
"10/03/2013","840.53","827.84","840.56","825.86","","1.53%"
"10/02/2013","827.84","829.39","830.21","827.84","","-0.19%"
"10/01/2013","829.39","822.27","830.77","822.27","","0.87%"
"09/30/2013","822.27","832.47","832.47","819.02","","-1.23%"
"09/29/2013","832.47","842.92","847.40","832.47","","-1.24%"
"09/26/2013","842.92","839.64","843.04","839.64","","0.39%"
"09/25/2013","839.64","845.36","845.36","839.60","","-0.68%"
"09/24/2013","845.36","835.61","847.12","835.61","","1.17%"
"09/23/2013","835.61","825.17","835.61","825.17","","1.27%"
"09/22/2013","825.17","815.02","825.58","815.02","","1.25%"
"09/19/2013","815.02","812.95","817.56","811.91","","0.25%"
"09/18/2013","812.95","817.77","820.10","812.95","","-0.59%"
"09/17/2013","817.77","822.65","822.65","816.65","","-0.59%"
"09/16/2013","822.65","820.75","826.61","820.75","","0.23%"
"09/15/2013","820.75","815.93","820.99","814.95","","0.59%"
"09/12/2013","815.93","805.89","817.73","805.68","","1.25%"
"09/11/2013","805.89","807.14","808.47","805.10","","-0.15%"
"09/10/2013","807.14","777.67","807.20","777.67","","3.79%"
"09/09/2013","777.67","773.58","777.67","768.67","","0.53%"
"09/08/2013","773.58","768.22","775.45","767.54","","0.70%"
"09/05/2013","768.22","769.65","776.25","767.88","","-0.19%"
"09/04/2013","769.65","780.64","780.64","767.85","","-1.41%"
"09/03/2013","780.64","791.30","794.11","780.64","","-1.35%"
"09/02/2013","791.30","807.67","807.67","791.30","","-2.03%"
"09/01/2013","807.67","803.11","817.51","803.11","","0.57%"
"08/29/2013","803.11","791.16","803.19","791.16","","1.51%"
"08/28/2013","791.16","803.70","803.70","784.22","","-1.56%"
"08/27/2013","803.70","829.70","829.70","803.70","","-3.13%"
"08/26/2013","829.70","834.12","836.27","829.12","","-0.53%"
"08/25/2013","834.12","823.76","834.19","823.76","","1.26%"
"08/22/2013","823.76","813.12","823.79","813.12","","1.31%"
"08/21/2013","813.12","815.59","816.22","811.36","","-0.30%"
"08/20/2013","815.59","798.70","815.60","798.70","","2.11%"
"08/19/2013","798.70","794.55","801.60","793.81","","0.52%"
"08/18/2013","794.55","821.45","821.45","794.55","","-3.27%"
"08/14/2013","821.45","843.28","843.28","820.52","","-2.59%"
"08/13/2013","843.28","829.02","844.72","829.02","","1.72%"
"08/12/2013","829.02","817.08","829.21","816.91","","1.46%"
"08/07/2013","817.08","819.54","819.54","815.72","","-0.30%"
"08/06/2013","819.54","811.14","819.54","806.03","","1.04%"
"08/05/2013","811.14","799.85","813.26","799.85","","1.41%"
"08/04/2013","799.85","777.60","799.93","776.65","","2.86%"
"08/01/2013","777.60","772.20","777.60","771.05","","0.70%"
"07/31/2013","772.20","773.03","773.12","768.69","","-0.11%"
"07/30/2013","773.03","773.49","777.30","773.03","","-0.06%"
"07/29/2013","773.49","776.61","778.34","771.63","","-0.40%"
"07/28/2013","776.61","772.05","779.69","772.05","","0.59%"
"07/25/2013","772.05","770.50","772.05","757.17","","0.20%"
"07/24/2013","770.50","797.15","797.15","770.50","","-3.34%"
"07/22/2013","797.15","797.14","800.64","797.14","","0.00%"
"07/21/2013","797.14","780.03","797.45","780.03","","2.19%"
"07/18/2013","780.03","783.95","784.70","776.63","","-0.50%"
"07/17/2013","783.95","787.04","796.41","783.95","","-0.39%"
"07/16/2013","787.04","769.28","787.04","769.28","","2.31%"
"07/15/2013","769.28","774.00","774.00","765.64","","-0.61%"
"07/14/2013","774.00","776.15","776.72","764.89","","-0.28%"
"07/11/2013","776.15","782.61","786.10","775.23","","-0.83%"
"07/10/2013","782.61","757.63","782.98","757.63","","3.30%"
"07/09/2013","757.63","719.40","762.59","719.40","","5.31%"
"07/08/2013","719.40","758.85","758.85","719.33","","-5.20%"
"07/07/2013","758.85","760.91","806.44","758.83","","-0.27%"
"07/04/2013","760.91","692.47","760.91","692.47","","9.88%"
"07/03/2013","692.47","693.67","693.96","669.59","","-0.17%"
"07/02/2013","693.67","653.33","696.25","653.33","","6.17%"
"06/30/2013","653.33","647.70","653.42","641.81","","0.87%"
"06/27/2013","647.70","641.57","648.36","640.16","","0.96%"
"06/26/2013","641.57","642.74","645.87","640.86","","-0.18%"
"06/25/2013","642.74","627.11","642.74","627.00","","2.49%"
"06/24/2013","627.11","626.01","629.85","624.35","","0.18%"
"06/23/2013","626.01","628.66","628.66","617.40","","-0.42%"
"06/20/2013","628.66","620.92","628.66","618.79","","1.25%"
"06/19/2013","620.92","629.10","629.10","618.20","","-1.30%"
"06/18/2013","629.10","619.39","631.48","619.21","","1.57%"
"06/17/2013","619.39","610.45","619.39","605.32","","1.46%"
"06/16/2013","610.45","618.40","619.17","607.70","","-1.29%"
"06/13/2013","618.40","604.26","619.19","592.92","","2.34%"
"06/12/2013","604.26","652.77","652.77","604.18","","-7.43%"
"06/11/2013","652.77","651.72","659.15","646.51","","0.16%"
"06/10/2013","651.72","676.44","676.44","649.51","","-3.65%"
"06/09/2013","676.44","694.37","697.98","676.44","","-2.58%"
"06/06/2013","694.37","693.23","695.30","686.85","","0.16%"
"06/05/2013","693.23","714.56","714.56","692.36","","-2.99%"
"06/04/2013","714.56","733.07","733.07","713.80","","-2.52%"
"06/03/2013","733.07","741.37","743.25","733.07","","-1.12%"
"06/02/2013","741.37","741.43","744.84","737.03","","-0.01%"
"05/30/2013","741.43","724.52","741.44","724.18","","2.33%"
"05/29/2013","724.52","736.87","737.75","724.52","","-1.68%"
"05/28/2013","736.87","728.32","738.44","728.32","","1.17%"
"05/27/2013","728.32","732.28","732.28","719.30","","-0.54%"
"05/26/2013","732.28","744.54","744.69","732.28","","-1.65%"
"05/23/2013","744.54","752.35","752.35","742.81","","-1.04%"
"05/22/2013","752.35","750.31","755.38","750.31","","0.27%"
"05/21/2013","750.31","751.69","753.01","749.28","","-0.18%"
"05/20/2013","751.69","754.41","757.33","751.69","","-0.36%"
"05/19/2013","754.41","747.84","754.41","747.84","","0.88%"
"05/16/2013","747.84","749.73","749.89","743.38","","-0.25%"
"05/15/2013","749.73","734.58","749.99","734.58","","2.06%"
"05/14/2013","734.58","727.53","734.59","723.77","","0.97%"
"05/13/2013","727.53","741.53","741.53","727.53","","-1.89%"
"05/12/2013","741.53","740.25","742.89","736.35","","0.17%"
"05/09/2013","740.25","739.98","741.25","738.63","","0.04%"
"05/08/2013","739.98","736.02","741.05","736.02","","0.54%"
"05/07/2013","736.02","717.79","736.02","717.79","","2.54%"
"05/02/2013","717.79","710.91","719.51","710.52","","0.97%"
"04/30/2013","710.91","712.26","714.87","710.69","","-0.19%"
"04/29/2013","712.26","716.40","716.40","711.93","","-0.58%"
"04/28/2013","716.40","712.07","722.72","712.07","","0.61%"
"04/24/2013","712.07","717.80","717.80","706.72","","-0.80%"
"04/23/2013","717.80","720.29","725.27","717.80","","-0.35%"
"04/22/2013","720.29","727.11","727.11","719.04","","-0.94%"
"04/21/2013","727.11","722.40","734.74","722.40","","0.65%"
"04/18/2013","722.40","715.70","722.40","715.62","","0.94%"
"04/17/2013","715.70","727.36","727.36","715.70","","-1.60%"
"04/16/2013","727.36","724.96","729.62","724.25","","0.33%"
"04/15/2013","724.96","733.33","733.87","722.88","","-1.14%"
"04/14/2013","733.33","721.57","733.33","721.57","","1.63%"
"04/11/2013","721.57","692.34","721.58","692.34","","4.22%"
"04/10/2013","692.34","676.09","692.34","674.24","","2.40%"
"04/09/2013","676.09","666.54","677.69","666.54","","1.43%"
"04/08/2013","666.54","658.77","666.54","656.74","","1.18%"
"04/07/2013","658.77","657.00","659.43","656.26","","0.27%"
"04/04/2013","657.00","649.57","657.05","646.66","","1.14%"
"04/03/2013","649.57","661.98","661.98","648.83","","-1.87%"
"04/02/2013","661.98","658.09","663.21","658.09","","0.59%"
"04/01/2013","658.09","662.74","664.84","657.61","","-0.70%"
"03/31/2013","662.74","676.67","676.75","662.74","","-2.06%"
"03/28/2013","676.67","674.97","680.81","674.52","","0.25%"
"03/27/2013","674.97","674.96","675.17","671.16","","0.00%"
"03/26/2013","674.96","687.76","687.76","674.92","","-1.86%"
"03/25/2013","687.76","695.39","696.72","687.75","","-1.10%"
"03/24/2013","695.39","694.05","696.12","689.45","","0.19%"
"03/21/2013","694.05","682.32","694.16","682.32","","1.72%"
"03/20/2013","682.32","696.11","696.11","682.11","","-1.98%"
"03/19/2013","696.11","695.94","704.35","695.94","","0.02%"
"03/18/2013","695.94","708.17","708.17","694.15","","-1.73%"
"03/17/2013","708.17","702.32","710.61","702.32","","0.83%"
"03/14/2013","702.32","710.41","710.53","701.55","","-1.14%"
"03/13/2013","710.41","726.61","726.61","710.41","","-2.23%"
"03/12/2013","726.61","725.62","732.19","725.62","","0.14%"
"03/11/2013","725.62","715.25","725.78","715.25","","1.45%"
"03/10/2013","715.25","705.06","716.01","705.06","","1.45%"
"03/07/2013","705.06","692.51","707.62","692.51","","1.81%"
"03/06/2013","692.51","693.49","701.43","690.91","","-0.14%"
"03/05/2013","693.49","698.69","698.69","688.41","","-0.74%"
"03/04/2013","698.69","727.58","727.58","698.69","","-3.97%"
"03/03/2013","727.58","733.67","738.02","727.58","","-0.83%"
"02/28/2013","733.67","734.50","736.37","731.59","","-0.11%"
"02/27/2013","734.50","742.52","745.84","734.50","","-1.08%"
"02/26/2013","742.52","740.00","745.23","740.00","","0.34%"
"02/25/2013","740.00","744.79","745.74","738.17","","-0.64%"
"02/24/2013","744.79","756.90","756.91","744.79","","-1.60%"
"02/21/2013","756.90","757.81","759.09","756.51","","-0.12%"
"02/20/2013","757.81","768.14","768.44","757.81","","-1.34%"
"02/19/2013","768.14","781.41","781.45","768.14","","-1.70%"
"02/18/2013","781.41","785.67","791.33","781.41","","-0.54%"
"02/17/2013","785.67","779.55","787.92","779.55","","0.79%"
"02/14/2013","779.55","778.27","780.65","774.74","","0.16%"
"02/13/2013","778.27","785.30","787.70","778.27","","-0.90%"
"02/12/2013","785.30","769.53","785.36","769.53","","2.05%"
"02/11/2013","769.53","777.34","777.34","767.70","","-1.00%"
"02/10/2013","777.34","773.31","783.47","773.31","","0.52%"
"02/07/2013","773.31","772.09","774.36","766.61","","0.16%"
"02/06/2013","772.09","786.94","786.94","772.09","","-1.89%"
"02/05/2013","786.94","784.33","789.86","784.33","","0.33%"
"02/04/2013","784.33","776.76","787.55","776.76","","0.97%"
"02/03/2013","776.76","752.16","776.76","752.16","","3.27%"
"01/31/2013","752.16","741.37","752.16","738.99","","1.46%"
"01/30/2013","741.37","722.77","745.82","722.77","","2.57%"
"01/29/2013","722.77","738.61","738.61","718.51","","-2.14%"
"01/28/2013","738.61","753.84","756.89","738.41","","-2.02%"
"01/27/2013","753.84","761.19","761.19","726.49","","-0.97%"
"01/23/2013","761.19","749.80","761.19","745.35","","1.52%"
"01/22/2013","749.80","728.33","749.80","728.33","","2.95%"
"01/21/2013","728.33","746.04","746.04","725.84","","-2.37%"
"01/20/2013","746.04","766.85","773.38","746.04","","-2.71%"
"01/17/2013","766.85","786.05","786.96","766.85","","-2.44%"
"01/16/2013","786.05","774.75","786.89","774.45","","1.46%"
"01/15/2013","774.75","805.24","805.24","774.75","","-3.79%"
"01/14/2013","805.24","807.35","810.38","805.24","","-0.26%"
"01/13/2013","807.35","817.69","817.69","807.35","","-1.26%"
"01/10/2013","817.69","839.87","839.87","817.69","","-2.64%"
"01/09/2013","839.87","835.50","848.33","835.50","","0.52%"
"01/08/2013","835.50","828.97","835.50","819.82","","0.79%"
"01/06/2013","828.97","832.49","834.69","826.46","","-0.42%"
"01/03/2013","832.49","817.63","832.49","817.63","","1.82%"
"01/02/2013","817.63","783.01","817.63","783.01","","4.42%"
"12/31/2012","783.01","784.02","784.25","776.78","","-0.13%"
"12/30/2012","784.02","782.93","789.92","782.93","","0.14%"
"12/27/2012","782.93","755.73","782.95","755.73","","3.60%"
"12/26/2012","755.73","763.62","763.62","748.58","","-1.03%"
"12/25/2012","763.62","775.53","775.53","762.43","","-1.54%"
"12/24/2012","775.53","778.93","778.93","763.60","","-0.44%"
"12/23/2012","778.93","794.92","809.19","778.93","","-2.01%"
"12/20/2012","794.92","788.50","794.92","780.60","","0.81%"
"12/19/2012","788.50","764.33","788.63","764.33","","3.16%"
"12/18/2012","764.33","752.80","764.33","745.06","","1.53%"
"12/17/2012","752.80","756.02","759.25","752.80","","-0.43%"
"12/16/2012","756.02","732.96","756.02","732.96","","3.15%"
"12/13/2012","732.96","714.17","732.96","714.17","","2.63%"
"12/12/2012","714.17","683.30","714.17","683.30","","4.52%"
"12/11/2012","683.30","679.78","685.86","679.37","","0.52%"
"12/10/2012","679.78","685.35","685.35","676.70","","-0.81%"
"12/09/2012","685.35","666.06","701.84","666.06","","2.90%"
"12/06/2012","666.06","700.14","700.14","657.47","","-4.87%"
"12/05/2012","700.14","690.70","701.35","686.59","","1.37%"
"12/04/2012","690.70","664.69","690.70","664.69","","3.91%"
"12/03/2012","664.69","671.11","671.11","655.24","","-0.96%"
"12/02/2012","671.11","660.26","684.37","660.26","","1.64%"
"11/29/2012","660.26","653.42","660.69","631.53","","1.05%"
"11/28/2012","653.42","702.27","702.27","653.42","","-6.96%"
"11/27/2012","702.27","697.45","704.76","691.77","","0.69%"
"11/26/2012","697.45","695.17","698.74","657.86","","0.33%"
"11/25/2012","695.17","770.38","770.38","695.17","","-9.76%"
"11/22/2012","770.38","771.75","772.81","763.06","","-0.18%"
"11/21/2012","771.75","764.20","784.20","764.20","","0.99%"
"11/20/2012","764.20","773.16","773.16","745.52","","-1.16%"
"11/19/2012","773.16","788.73","795.57","773.16","","-1.97%"
"11/18/2012","788.73","828.40","828.40","788.73","","-4.79%"
"11/14/2012","828.40","835.39","836.72","828.40","","-0.84%"
"11/13/2012","835.39","821.26","835.62","821.26","","1.72%"
"11/12/2012","821.26","816.64","821.27","813.39","","0.57%"
"11/11/2012","816.64","825.53","828.28","816.64","","-1.08%"
"11/08/2012","825.53","822.72","826.16","820.59","","0.34%"
"11/07/2012","822.72","810.24","822.73","801.07","","1.54%"
"11/06/2012","810.24","801.30","819.77","801.30","","1.12%"
"11/05/2012","801.30","801.13","809.50","792.47","","0.02%"
"11/04/2012","801.13","839.35","839.64","800.65","","-4.55%"
"11/01/2012","839.35","868.73","868.73","838.97","","-3.38%"
"10/31/2012","868.73","887.96","887.96","868.73","","-2.17%"
"10/30/2012","887.96","898.98","908.28","887.96","","-1.23%"
"10/29/2012","898.98","873.37","898.99","873.37","","2.93%"
"10/24/2012","873.37","850.75","874.17","850.75","","2.66%"
"10/23/2012","850.75","846.10","850.75","837.57","","0.55%"
"10/22/2012","846.10","845.16","853.22","844.35","","0.11%"
"10/21/2012","845.16","861.18","861.18","845.16","","-1.86%"
"10/18/2012","861.18","859.32","875.58","859.32","","0.22%"
"10/17/2012","859.32","844.85","861.11","844.85","","1.71%"
"10/16/2012","844.85","841.84","844.85","836.27","","0.36%"
"10/15/2012","841.84","847.01","852.24","839.48","","-0.61%"
"10/14/2012","847.01","837.35","854.99","835.98","","1.15%"
"10/11/2012","837.35","837.61","837.61","820.20","","-0.03%"
"10/10/2012","837.61","799.59","844.86","799.59","","4.75%"
"10/09/2012","799.59","796.70","799.59","777.22","","0.36%"
"10/08/2012","796.70","853.09","853.09","796.70","","-6.61%"
"10/04/2012","853.09","853.22","867.50","852.29","","-0.02%"
"10/03/2012","853.22","856.79","858.67","849.55","","-0.42%"
"10/02/2012","856.79","867.65","867.92","846.91","","-1.25%"
"10/01/2012","867.65","917.64","929.05","867.65","","-5.45%"
"09/30/2012","917.64","933.37","933.37","917.64","","-1.69%"
"09/27/2012","933.37","959.85","959.85","933.37","","-2.76%"
"09/26/2012","959.85","959.95","964.36","957.57","","-0.01%"
"09/25/2012","959.95","931.45","961.58","931.45","","3.06%"
"09/24/2012","931.45","921.81","931.48","881.07","","1.05%"
"09/23/2012","921.81","921.20","926.79","916.45","","0.07%"
"09/20/2012","921.20","942.23","942.23","911.02","","-2.23%"
"09/19/2012","942.23","923.26","973.41","923.26","","2.05%"
"09/18/2012","923.26","916.94","923.26","889.13","","0.69%"
"09/17/2012","916.94","892.60","926.69","892.60","","2.73%"
"09/16/2012","892.60","847.12","892.61","847.12","","5.37%"
"09/13/2012","847.12","842.22","847.15","826.06","","0.58%"
"09/12/2012","842.22","838.37","855.52","838.37","","0.46%"
"09/11/2012","838.37","806.60","838.37","806.60","","3.94%"
"09/10/2012","806.60","786.98","806.61","778.03","","2.49%"
"09/09/2012","786.98","797.27","804.00","786.98","","-1.29%"
"09/06/2012","797.27","789.70","804.24","789.70","","0.96%"
"09/05/2012","789.70","799.26","799.26","784.72","","-1.20%"
"09/04/2012","799.26","788.76","808.16","788.76","","1.33%"
"09/03/2012","788.76","774.14","788.76","768.19","","1.89%"
"09/02/2012","774.14","755.60","774.48","755.60","","2.45%"
"08/30/2012","755.60","744.44","755.68","744.44","","1.50%"
"08/29/2012","744.44","751.17","751.17","743.97","","-0.90%"
"08/28/2012","751.17","751.51","762.44","751.16","","-0.05%"
"08/27/2012","751.51","739.88","751.51","735.66","","1.57%"
"08/26/2012","739.88","725.98","745.07","725.98","","1.91%"
"08/23/2012","725.98","704.70","726.11","696.13","","3.02%"
"08/22/2012","704.70","698.69","706.38","688.04","","0.86%"
"08/21/2012","698.69","692.70","702.54","692.70","","0.86%"
"08/16/2012","692.70","685.04","693.08","685.04","","1.12%"
"08/15/2012","685.04","680.95","685.38","677.21","","0.60%"
"08/14/2012","680.95","668.07","683.28","668.07","","1.93%"
"08/13/2012","668.07","659.07","668.08","657.69","","1.37%"
"08/12/2012","659.07","655.61","666.92","655.61","","0.53%"
"08/09/2012","655.61","661.30","661.30","643.17","","-0.86%"
"08/08/2012","661.30","675.29","675.29","661.30","","-2.07%"
"08/07/2012","675.29","671.77","680.91","671.77","","0.52%"
"08/06/2012","671.77","665.12","671.77","650.81","","1.00%"
"08/05/2012","665.12","647.85","665.12","647.85","","2.67%"
"08/02/2012","647.85","647.79","648.20","641.08","","0.01%"
"08/01/2012","647.79","642.31","652.34","642.31","","0.85%"
"07/31/2012","642.31","630.13","642.31","628.97","","1.93%"
"07/30/2012","630.13","625.84","630.52","622.19","","0.69%"
"07/29/2012","625.84","627.97","632.30","625.84","","-0.34%"
"07/26/2012","627.97","626.59","630.20","623.43","","0.22%"
"07/25/2012","626.59","631.27","633.24","626.02","","-0.74%"
"07/24/2012","631.27","640.65","640.95","631.13","","-1.46%"
"07/22/2012","640.65","642.98","646.91","639.49","","-0.36%"
"07/19/2012","642.98","632.92","643.47","632.92","","1.59%"
"07/18/2012","632.92","631.17","634.46","629.44","","0.28%"
"07/17/2012","631.17","616.56","631.97","616.39","","2.37%"
"07/16/2012","616.56","614.31","619.07","611.95","","0.37%"
"07/15/2012","614.31","634.09","634.09","614.27","","-3.12%"
"07/12/2012","634.09","636.32","646.34","634.09","","-0.35%"
"07/11/2012","636.32","632.84","636.86","630.85","","0.55%"
"07/10/2012","632.84","630.68","635.69","627.70","","0.34%"
"07/09/2012","630.68","677.86","677.86","621.02","","-6.96%"
"07/08/2012","677.86","712.26","712.26","677.86","","-4.83%"
"07/05/2012","712.26","698.63","712.26","692.80","","1.95%"
"07/04/2012","698.63","720.59","720.59","698.15","","-3.05%"
"07/03/2012","720.59","715.47","720.97","709.96","","0.72%"
"07/02/2012","715.47","669.26","715.62","669.26","","6.90%"
"06/28/2012","669.26","651.82","669.26","649.18","","2.68%"
"06/27/2012","651.82","650.47","657.43","649.20","","0.21%"
"06/26/2012","650.47","627.10","650.50","627.10","","3.73%"
"06/25/2012","627.10","573.79","627.10","573.79","","9.29%"
"06/24/2012","573.79","540.24","573.79","539.57","","6.21%"
"06/21/2012","540.24","546.66","546.66","538.27","","-1.17%"
"06/20/2012","546.66","545.85","556.58","544.83","","0.15%"
"06/19/2012","545.85","578.82","578.82","542.13","","-5.70%"
"06/18/2012","578.82","595.19","604.35","578.80","","-2.75%"
"06/14/2012","595.19","591.75","595.19","587.57","","0.58%"
"06/13/2012","591.75","595.78","599.74","591.22","","-0.68%"
"06/12/2012","595.78","578.64","595.90","578.64","","2.96%"
"06/11/2012","578.64","596.80","596.80","578.63","","-3.04%"
"06/10/2012","596.80","595.24","599.57","595.24","","0.26%"
"06/07/2012","595.24","595.18","598.93","595.18","","0.01%"
"06/06/2012","595.18","594.32","601.47","593.68","","0.14%"
"06/05/2012","594.32","613.13","613.13","593.87","","-3.07%"
"06/04/2012","613.13","613.60","619.27","613.13","","-0.08%"
"06/03/2012","613.60","622.94","622.94","603.78","","-1.50%"
"05/31/2012","622.94","623.76","623.76","612.94","","-0.13%"
"05/30/2012","623.76","626.27","632.22","623.76","","-0.40%"
"05/29/2012","626.27","634.23","634.23","620.10","","-1.26%"
"05/28/2012","634.23","633.42","638.93","628.94","","0.13%"
"05/27/2012","633.42","675.72","675.72","633.42","","-6.26%"
"05/24/2012","675.72","669.25","678.48","669.25","","0.97%"
"05/23/2012","669.25","653.18","669.41","651.53","","2.46%"
"05/22/2012","653.18","650.17","659.63","650.17","","0.46%"
"05/21/2012","650.17","631.40","650.17","631.40","","2.97%"
"05/20/2012","631.40","640.15","640.15","623.84","","-1.37%"
"05/17/2012","640.15","656.29","656.29","640.12","","-2.46%"
"05/16/2012","656.29","667.78","667.78","655.76","","-1.72%"
"05/15/2012","667.78","679.63","679.63","666.09","","-1.74%"
"05/14/2012","679.63","691.96","691.96","679.53","","-1.78%"
"05/13/2012","691.96","681.91","692.35","681.91","","1.47%"
"05/10/2012","681.91","678.12","682.25","676.83","","0.56%"
"05/09/2012","678.12","673.25","678.86","672.73","","0.72%"
"05/08/2012","673.25","663.38","673.25","661.43","","1.49%"
"05/07/2012","663.38","660.78","666.54","658.08","","0.39%"
"05/06/2012","660.78","631.59","661.16","631.59","","4.62%"
"05/03/2012","631.59","633.61","633.61","621.23","","-0.32%"
"05/02/2012","633.61","660.05","660.05","632.98","","-4.01%"
"04/30/2012","660.05","663.18","669.75","659.82","","-0.47%"
"04/29/2012","663.18","661.28","663.18","651.19","","0.29%"
"04/26/2012","661.28","652.54","661.32","647.96","","1.34%"
"04/24/2012","652.54","653.84","658.33","647.48","","-0.20%"
"04/23/2012","653.84","640.52","662.32","640.52","","2.08%"
"04/22/2012","640.52","603.48","640.52","603.48","","6.14%"
"04/19/2012","603.48","590.72","603.48","590.72","","2.16%"
"04/18/2012","590.72","588.58","595.21","586.82","","0.36%"
"04/17/2012","588.58","600.84","600.84","588.56","","-2.04%"
"04/12/2012","600.84","587.37","602.07","587.37","","2.29%"
"04/11/2012","587.37","570.11","587.37","569.04","","3.03%"
"04/10/2012","570.11","572.53","582.49","569.48","","-0.42%"
"04/09/2012","572.53","594.32","597.52","570.71","","-3.67%"
"04/08/2012","594.32","602.51","608.31","594.32","","-1.36%"
"04/05/2012","602.51","608.44","613.33","602.24","","-0.97%"
"04/04/2012","608.44","613.66","623.46","608.36","","-0.85%"
"04/03/2012","613.66","614.18","614.61","608.00","","-0.08%"
"04/02/2012","614.18","622.52","624.74","614.18","","-1.34%"
"04/01/2012","622.52","641.63","641.63","619.81","","-2.98%"
"03/29/2012","641.63","652.01","655.44","641.63","","-1.59%"
"03/28/2012","652.01","647.62","652.01","612.22","","0.68%"
"03/27/2012","647.62","634.22","656.67","634.22","","2.11%"
"03/26/2012","634.22","644.03","644.03","619.68","","-1.52%"
"03/25/2012","644.03","681.12","681.12","644.03","","-5.45%"
"03/22/2012","681.12","690.95","692.66","680.65","","-1.42%"
"03/21/2012","690.95","678.16","700.45","678.16","","1.89%"
"03/20/2012","678.16","656.00","678.16","640.34","","3.38%"
"03/19/2012","656.00","668.38","674.77","656.00","","-1.85%"
"03/18/2012","668.38","688.23","688.23","666.94","","-2.88%"
"03/15/2012","688.23","668.48","694.28","668.48","","2.95%"
"03/14/2012","668.48","656.84","668.48","650.10","","1.77%"
"03/13/2012","656.84","698.52","699.61","656.84","","-5.97%"
"03/12/2012","698.52","726.99","726.99","698.52","","-3.92%"
"03/11/2012","726.99","741.58","741.58","726.99","","-1.97%"
"03/08/2012","741.58","766.10","766.10","741.53","","-3.20%"
"03/07/2012","766.10","781.87","781.92","766.10","","-2.02%"
"03/06/2012","781.87","758.04","782.50","729.89","","3.14%"
"03/05/2012","758.04","744.15","758.04","735.66","","1.87%"
"03/04/2012","744.15","738.47","749.49","738.47","","0.77%"
"03/01/2012","738.47","739.03","742.90","736.18","","-0.08%"
"02/29/2012","739.03","723.77","740.88","723.77","","2.11%"
"02/28/2012","723.77","720.74","726.82","713.93","","0.42%"
"02/27/2012","720.74","726.78","732.22","718.72","","-0.83%"
"02/26/2012","726.78","700.58","726.80","700.58","","3.74%"
"02/23/2012","700.58","675.02","701.29","675.02","","3.79%"
"02/22/2012","675.02","681.62","684.97","670.05","","-0.97%"
"02/21/2012","681.62","702.03","702.03","679.11","","-2.91%"
"02/20/2012","702.03","708.62","721.26","702.03","","-0.93%"
"02/19/2012","708.62","680.11","708.91","680.11","","4.19%"
"02/16/2012","680.11","667.81","680.11","652.96","","1.84%"
"02/15/2012","667.81","652.90","677.19","652.90","","2.28%"
"02/14/2012","652.90","641.47","680.34","632.06","","1.78%"
"02/13/2012","641.47","605.06","646.32","605.06","","6.02%"
"02/12/2012","605.06","574.31","605.06","574.31","","5.35%"
"02/09/2012","574.31","571.84","576.58","568.57","","0.43%"
"02/08/2012","571.84","555.45","572.61","555.45","","2.95%"
"02/07/2012","555.45","557.17","557.17","527.68","","-0.31%"
"02/06/2012","557.17","562.13","562.13","555.28","","-0.88%"
"02/02/2012","562.13","575.70","575.70","542.29","","-2.36%"
"02/01/2012","575.70","567.65","579.53","567.65","","1.42%"
"01/31/2012","567.65","551.68","567.65","551.68","","2.89%"
"01/30/2012","551.68","539.47","551.68","528.73","","2.26%"
"01/29/2012","539.47","534.22","546.91","534.22","","0.98%"
"01/26/2012","534.22","496.08","534.22","496.08","","7.69%"
"01/24/2012","496.08","482.43","496.08","482.43","","2.83%"
"01/23/2012","482.43","468.22","482.43","466.16","","3.03%"
"01/22/2012","468.22","474.97","474.97","465.91","","-1.42%"
"01/19/2012","474.97","492.51","491.72","474.97","","-3.56%"
"01/18/2012","492.51","487.96","496.79","487.96","","0.93%"
"01/17/2012","487.96","473.89","487.96","453.11","","2.97%"
"01/16/2012","473.89","474.78","475.46","465.12","","-0.19%"
"01/15/2012","474.78","470.65","477.84","470.65","","0.88%"
"01/12/2012","470.65","459.86","470.65","458.14","","2.35%"
"01/11/2012","459.86","444.55","469.14","444.55","","3.44%"
"01/10/2012","444.55","424.30","444.55","403.84","","4.77%"
"01/09/2012","424.30","432.06","434.40","424.08","","-1.80%"
"01/05/2012","432.06","442.76","443.09","431.67","","-2.42%"
"01/04/2012","442.76","443.21","446.97","442.76","","-0.10%"
"01/03/2012","443.21","446.67","449.04","442.31","","-0.77%"
"01/02/2012","446.67","440.82","447.92","440.82","","1.33%"
"12/29/2011","440.82","428.60","441.01","428.60","","2.85%"
"12/28/2011","428.60","438.88","438.88","425.16","","-2.34%"
"12/27/2011","438.88","447.82","447.90","438.88","","-2.00%"
"12/26/2011","447.82","457.97","458.25","447.82","","-2.22%"
"12/25/2011","457.97","444.94","465.93","444.94","","2.93%"
"12/22/2011","444.94","457.40","457.40","442.06","","-2.72%"
"12/21/2011","457.40","465.54","469.01","457.40","","-1.75%"
"12/20/2011","465.54","484.43","485.22","465.47","","-3.90%"
"12/19/2011","484.43","483.09","488.01","479.13","","0.28%"
"12/18/2011","483.09","505.55","505.55","481.86","","-4.44%"
"12/15/2011","505.55","508.73","508.73","504.45","","-0.63%"
"12/14/2011","508.73","509.92","511.36","508.73","","-0.23%"
"12/13/2011","509.92","509.16","510.80","503.96","","0.15%"
"12/12/2011","509.16","525.51","525.54","509.16","","-3.11%"
"12/11/2011","525.51","525.04","534.00","525.04","","0.09%"
"12/08/2011","525.04","533.81","533.81","523.16","","-1.64%"
"12/07/2011","533.81","537.97","541.52","533.81","","-0.77%"
"12/06/2011","537.97","531.06","538.71","526.22","","1.30%"
"12/05/2011","531.06","538.78","538.78","528.03","","-1.43%"
"12/04/2011","538.78","547.65","550.73","538.78","","-1.62%"
"12/01/2011","547.65","532.62","549.31","532.62","","2.82%"
"11/30/2011","532.62","526.07","550.40","526.07","","1.25%"
"11/29/2011","526.07","487.77","526.07","487.77","","7.85%"
"11/24/2011","487.77","481.29","487.77","478.43","","1.35%"
"11/23/2011","481.29","459.38","481.52","459.03","","4.77%"
"11/22/2011","459.38","472.60","479.91","459.06","","-2.80%"
"11/21/2011","472.60","494.87","494.87","472.59","","-4.50%"
"11/20/2011","494.87","510.06","510.06","470.57","","-2.98%"
"11/17/2011","510.06","508.43","510.64","505.99","","0.32%"
"11/16/2011","508.43","500.29","508.68","498.20","","1.63%"
"11/15/2011","500.29","499.58","505.55","495.20","","0.14%"
"11/14/2011","499.58","527.66","528.45","499.58","","-5.32%"
"11/13/2011","527.66","544.53","546.87","527.66","","-3.10%"
"11/10/2011","544.53","547.68","549.47","542.10","","-0.58%"
"11/09/2011","547.68","552.11","554.85","547.08","","-0.80%"
"11/03/2011","552.11","548.20","553.32","546.59","","0.71%"
"11/02/2011","548.20","542.35","548.42","540.78","","1.08%"
"11/01/2011","542.35","555.63","555.63","542.35","","-2.39%"
"10/31/2011","555.63","564.50","564.50","555.63","","-1.57%"
"10/30/2011","564.50","560.14","567.41","560.14","","0.78%"
"10/27/2011","560.14","549.87","562.66","549.87","","1.87%"
"10/26/2011","549.87","555.60","555.60","546.47","","-1.03%"
"10/25/2011","555.60","560.95","564.38","555.60","","-0.95%"
"10/24/2011","560.95","567.46","567.46","560.03","","-1.15%"
"10/23/2011","567.46","563.60","574.36","563.60","","0.68%"
"10/20/2011","563.60","568.11","568.86","561.45","","-0.79%"
"10/19/2011","568.11","554.21","570.47","554.12","","2.51%"
"10/18/2011","554.21","545.80","554.21","539.33","","1.54%"
"10/17/2011","545.80","537.22","546.39","535.36","","1.60%"
"10/16/2011","537.22","522.74","537.25","522.74","","2.77%"
"10/13/2011","522.74","512.58","523.61","512.58","","1.98%"
"10/12/2011","512.58","510.92","520.45","510.92","","0.32%"
"10/11/2011","510.92","503.70","511.35","503.70","","1.43%"
"10/10/2011","503.70","512.45","512.45","472.27","","-1.71%"
"10/09/2011","512.45","509.81","513.41","509.28","","0.52%"
"10/05/2011","509.81","525.32","528.97","509.75","","-2.95%"
"10/04/2011","525.32","543.83","543.83","525.32","","-3.40%"
"10/03/2011","543.83","553.92","553.92","541.20","","-1.82%"
"10/02/2011","553.92","534.80","555.86","534.80","","3.58%"
"09/29/2011","534.80","522.62","534.80","520.24","","2.33%"
"09/28/2011","522.62","541.49","541.49","519.31","","-3.48%"
"09/27/2011","541.49","543.37","558.80","541.49","","-0.35%"
"09/26/2011","543.37","532.20","543.42","529.34","","2.10%"
"09/25/2011","532.20","556.55","556.55","531.73","","-4.38%"
"09/22/2011","556.55","574.02","574.02","556.36","","-3.04%"
"09/21/2011","574.02","577.42","579.93","574.02","","-0.59%"
"09/20/2011","577.42","582.74","586.06","576.85","","-0.91%"
"09/19/2011","582.74","573.15","583.57","566.84","","1.67%"
"09/18/2011","573.15","586.20","591.29","573.15","","-2.23%"
"09/15/2011","586.20","607.49","611.76","586.20","","-3.50%"
"09/14/2011","607.49","614.56","618.07","606.99","","-1.15%"
"09/13/2011","614.56","627.49","627.49","613.61","","-2.06%"
"09/12/2011","627.49","641.18","641.18","627.49","","-2.14%"
"09/11/2011","641.18","649.94","649.94","637.44","","-1.35%"
"09/08/2011","649.94","642.57","651.40","642.15","","1.15%"
"09/07/2011","642.57","637.09","646.08","635.17","","0.86%"
"09/06/2011","637.09","638.04","639.21","635.45","","-0.15%"
"09/05/2011","638.04","636.59","638.68","632.97","","0.23%"
"09/04/2011","636.59","631.03","637.33","631.03","","0.88%"
"08/29/2011","631.03","633.56","635.61","630.89","","-0.40%"
"08/28/2011","633.56","639.00","643.17","633.16","","-0.85%"
"08/25/2011","639.00","632.46","641.05","632.09","","1.03%"
"08/24/2011","632.46","630.23","633.76","630.14","","0.35%"
"08/23/2011","630.23","632.17","633.56","629.55","","-0.31%"
"08/22/2011","632.17","627.09","638.99","627.09","","0.81%"
"08/21/2011","627.09","648.20","648.20","616.29","","-3.26%"
"08/18/2011","648.20","649.15","655.51","648.18","","-0.15%"
"08/17/2011","649.15","641.22","649.15","638.01","","1.24%"
"08/16/2011","641.22","644.15","646.36","638.97","","-0.45%"
"08/15/2011","644.15","636.98","645.28","635.03","","1.13%"
"08/14/2011","636.98","640.21","646.76","636.98","","-0.50%"
"08/11/2011","640.21","658.63","658.63","640.11","","-2.80%"
"08/10/2011","658.63","629.16","668.39","629.16","","4.68%"
"08/09/2011","629.16","658.16","658.16","612.59","","-4.41%"
"08/08/2011","658.16","684.53","687.17","658.16","","-3.85%"
"08/07/2011","684.53","718.41","718.41","684.53","","-4.72%"
"08/04/2011","718.41","696.99","720.69","696.99","","3.07%"
"08/03/2011","696.99","698.82","698.82","690.14","","-0.26%"
"08/02/2011","698.82","721.96","722.07","698.57","","-3.21%"
"08/01/2011","721.96","719.51","727.55","719.51","","0.34%"
"07/31/2011","719.51","718.28","724.42","718.28","","0.17%"
"07/28/2011","718.28","715.86","723.65","712.30","","0.34%"
"07/27/2011","715.86","725.55","725.55","715.86","","-1.34%"
"07/26/2011","725.55","732.19","733.49","725.55","","-0.91%"
"07/25/2011","732.19","741.31","741.31","729.36","","-1.23%"
"07/21/2011","741.31","747.82","747.82","740.96","","-0.87%"
"07/20/2011","747.82","752.32","761.06","747.82","","-0.60%"
"07/19/2011","752.32","757.53","764.82","750.45","","-0.69%"
"07/18/2011","757.53","770.52","770.52","757.49","","-1.69%"
"07/17/2011","770.52","741.56","771.77","741.56","","3.91%"
"07/14/2011","741.56","736.11","744.90","702.62","","0.74%"
"07/13/2011","736.11","706.28","740.56","706.28","","4.22%"
"07/12/2011","706.28","736.37","736.37","698.83","","-4.09%"
"07/11/2011","736.37","761.06","761.06","736.37","","-3.24%"
"07/10/2011","761.06","790.13","797.98","760.80","","-3.68%"
"07/07/2011","790.13","783.76","790.93","773.58","","0.81%"
"07/06/2011","783.76","815.02","815.02","783.22","","-3.84%"
"07/05/2011","815.02","803.91","822.55","803.58","","1.38%"
"07/04/2011","803.91","809.35","809.35","795.37","","-0.67%"
"07/03/2011","809.35","792.91","813.40","792.91","","2.07%"
"06/30/2011","792.91","778.81","793.47","773.50","","1.81%"
"06/29/2011","778.81","816.29","816.29","778.81","","-4.59%"
"06/28/2011","816.29","812.59","821.07","812.54","","0.46%"
"06/27/2011","812.59","812.06","815.38","805.92","","0.07%"
"06/26/2011","812.06","824.10","830.78","811.11","","-1.46%"
"06/23/2011","824.10","813.75","827.77","814.09","","1.27%"
"06/22/2011","813.75","821.34","826.95","813.75","","-0.92%"
"06/21/2011","821.34","820.37","832.61","814.38","","0.12%"
"06/20/2011","820.37","829.41","837.29","820.37","","-1.09%"
"06/19/2011","829.41","806.62","829.49","806.62","","2.83%"
"06/16/2011","806.62","795.40","806.64","785.61","","1.41%"
"06/15/2011","795.40","806.70","808.54","795.40","","-1.40%"
"06/14/2011","806.70","793.96","808.43","793.96","","1.60%"
"06/13/2011","793.96","776.54","796.10","776.54","","2.24%"
"06/12/2011","776.54","775.14","776.54","771.34","","0.18%"
"06/09/2011","775.14","765.66","779.44","765.66","","1.24%"
"06/08/2011","765.66","764.01","765.98","757.00","","0.22%"
"06/07/2011","764.01","759.96","770.11","759.96","","0.53%"
"06/06/2011","759.96","769.12","769.12","759.96","","-1.19%"
"06/05/2011","769.12","759.86","772.69","759.86","","1.22%"
"06/02/2011","759.86","780.92","780.92","755.44","","-2.70%"
"06/01/2011","780.92","775.25","784.14","775.25","","0.73%"
"05/31/2011","775.25","790.72","790.72","766.12","","-1.96%"
"05/30/2011","790.72","791.64","808.93","790.69","","-0.12%"
"05/29/2011","791.64","747.67","791.65","747.67","","5.88%"
"05/26/2011","747.67","729.83","747.67","729.83","","2.44%"
"05/25/2011","729.83","725.76","730.37","721.49","","0.56%"
"05/24/2011","725.76","733.36","733.36","725.76","","-1.04%"
"05/23/2011","733.36","745.23","748.65","731.46","","-1.59%"
"05/22/2011","745.23","727.62","745.23","727.62","","2.42%"
"05/19/2011","727.62","728.02","741.77","725.54","","-0.05%"
"05/18/2011","728.02","699.91","728.07","699.91","","4.02%"
"05/17/2011","699.91","660.89","699.97","634.58","","5.90%"
"05/16/2011","660.89","650.16","660.92","650.16","","1.65%"
"05/15/2011","650.16","624.27","650.16","624.27","","4.15%"
"05/12/2011","624.27","621.42","624.27","611.16","","0.46%"
"05/11/2011","621.42","627.81","629.55","621.42","","-1.02%"
"05/10/2011","627.81","624.27","628.07","618.23","","0.57%"
"05/09/2011","624.27","612.23","624.65","612.23","","1.97%"
"05/08/2011","612.23","628.34","628.34","607.73","","-2.56%"
"05/05/2011","628.34","639.13","639.12","628.34","","-1.69%"
"05/04/2011","639.13","662.45","662.45","639.13","","-3.52%"
"05/03/2011","662.45","676.32","676.32","662.45","","-2.05%"
"05/02/2011","676.32","667.87","677.21","667.87","","1.27%"
"04/28/2011","667.87","652.82","667.87","652.82","","2.31%"
"04/27/2011","652.82","664.29","664.29","648.95","","-1.73%"
"04/26/2011","664.29","685.10","686.76","663.66","","-3.04%"
"04/21/2011","685.10","683.65","686.49","682.29","","0.21%"
"04/20/2011","683.65","695.34","697.85","679.01","","-1.68%"
"04/19/2011","695.34","671.19","698.36","671.19","","3.60%"
"04/18/2011","671.19","714.47","714.47","668.77","","-6.06%"
"04/17/2011","714.47","749.12","749.12","714.47","","-4.63%"
"04/14/2011","749.12","750.06","761.47","749.03","","-0.13%"
"04/13/2011","750.06","729.75","750.06","729.75","","2.78%"
"04/12/2011","729.75","749.09","749.09","729.55","","-2.58%"
"04/11/2011","749.09","753.00","761.68","749.09","","-0.52%"
"04/10/2011","753.00","769.75","769.75","748.00","","-2.18%"
"04/07/2011","769.75","787.69","787.69","764.98","","-2.28%"
"04/06/2011","787.69","781.75","793.28","781.75","","0.76%"
"04/05/2011","781.75","782.48","782.48","740.92","","-0.09%"
"04/04/2011","782.48","800.56","835.41","782.48","","-2.26%"
"04/03/2011","800.56","760.10","800.56","760.10","","5.32%"
"03/31/2011","760.10","760.83","760.83","716.79","","-0.10%"
"03/30/2011","760.83","776.98","808.60","754.89","","-2.08%"
"03/29/2011","776.98","797.98","797.98","776.16","","-2.63%"
"03/28/2011","797.98","799.04","841.28","797.27","","-0.13%"
"03/27/2011","799.04","845.58","845.58","789.08","","-5.50%"
"03/24/2011","845.58","919.17","919.17","835.06","","-8.01%"
"03/23/2011","919.17","1,014.06","1,014.06","915.26","","-9.36%"
"01/27/2011","1,014.06","1,178.61","1,178.61","968.52","","-13.96%"
"01/26/2011","1,178.61","1,275.19","1,275.19","1,178.61","","-7.57%"
"01/24/2011","1,275.19","1,254.57","1,276.90","1,254.57","","1.64%"
"01/23/2011","1,254.57","1,272.13","1,272.13","1,249.86","","-1.38%"
"01/20/2011","1,272.13","1,269.25","1,279.28","1,269.25","","0.23%"
"01/19/2011","1,269.25","1,266.89","1,270.75","1,259.79","","0.19%"
"01/18/2011","1,266.89","1,305.65","1,310.02","1,266.39","","-2.97%"
"01/17/2011","1,305.65","1,346.05","1,352.54","1,303.96","","-3.00%"
"01/16/2011","1,346.05","1,355.51","1,356.52","1,345.37","","-0.70%"
"01/13/2011","1,355.51","1,345.42","1,356.28","1,345.42","","0.75%"
"01/12/2011","1,345.42","1,343.38","1,354.42","1,343.38","","0.15%"
"01/11/2011","1,343.38","1,357.37","1,357.37","1,343.28","","-1.03%"
"01/10/2011","1,357.37","1,352.61","1,364.06","1,352.61","","0.35%"
"01/06/2011","1,352.61","1,354.37","1,357.58","1,350.55","","-0.13%"
"01/05/2011","1,354.37","1,361.90","1,365.17","1,354.37","","-0.55%"
"01/04/2011","1,361.90","1,349.68","1,364.46","1,349.68","","0.91%"
"01/03/2011","1,349.68","1,356.00","1,359.45","1,349.48","","-0.47%"
"01/02/2011","1,356.00","1,352.26","1,358.46","1,341.85","","0.28%"
"12/30/2010","1,352.26","1,348.35","1,359.71","1,342.76","","0.29%"
"12/29/2010","1,348.35","1,340.35","1,349.29","1,337.98","","0.60%"
"12/28/2010","1,340.35","1,331.48","1,345.06","1,331.48","","0.67%"
"12/27/2010","1,331.48","1,326.62","1,331.48","1,322.53","","0.37%"
"12/26/2010","1,326.62","1,326.39","1,334.58","1,325.76","","0.02%"
"12/23/2010","1,326.39","1,306.03","1,326.40","1,306.03","","1.56%"
"12/22/2010","1,306.03","1,311.06","1,312.37","1,298.39","","-0.38%"
"12/21/2010","1,311.06","1,302.59","1,312.74","1,302.59","","0.65%"
"12/20/2010","1,302.59","1,296.23","1,310.55","1,296.23","","0.49%"
"12/19/2010","1,296.23","1,300.85","1,303.83","1,296.02","","-0.36%"
"12/16/2010","1,300.94","1,308.47","1,317.43","1,300.94","","-0.58%"
"12/15/2010","1,308.47","1,321.15","1,328.09","1,308.47","","-0.96%"
"12/14/2010","1,321.15","1,331.43","1,332.00","1,320.06","","-0.77%"
"12/13/2010","1,331.43","1,341.18","1,344.62","1,331.43","","-0.73%"
"12/12/2010","1,341.18","1,306.86","1,349.12","1,306.86","","2.63%"
"12/09/2010","1,306.86","1,281.61","1,306.88","1,281.61","","1.97%"
"12/08/2010","1,281.61","1,266.94","1,281.79","1,266.94","","1.16%"
"12/06/2010","1,266.94","1,268.10","1,277.49","1,266.94","","-0.09%"
"12/05/2010","1,268.10","1,269.54","1,269.75","1,263.97","","-0.11%"
"12/02/2010","1,269.54","1,267.24","1,283.43","1,267.25","","0.18%"
"12/01/2010","1,267.24","1,258.73","1,267.24","1,256.49","","0.68%"
"11/30/2010","1,258.73","1,268.61","1,268.61","1,258.73","","-0.78%"
"11/29/2010","1,268.61","1,261.09","1,269.23","1,261.09","","0.60%"
"11/28/2010","1,261.09","1,271.44","1,273.07","1,261.09","","-0.81%"
"11/25/2010","1,271.44","1,264.93","1,274.69","1,264.93","","0.51%"
"11/24/2010","1,264.93","1,270.45","1,272.22","1,263.53","","-0.43%"
"11/23/2010","1,270.45","1,280.08","1,280.86","1,257.82","","-0.75%"
"11/22/2010","1,280.08","1,273.03","1,286.08","1,272.89","","0.55%"
"11/21/2010","1,273.03","1,260.31","1,273.14","1,260.31","","1.01%"
"11/18/2010","1,260.31","1,250.95","1,263.70","1,250.95","","0.75%"
"11/14/2010","1,250.95","1,246.49","1,259.01","1,246.49","","0.36%"
"11/11/2010","1,246.49","1,252.87","1,254.08","1,246.40","","-0.51%"
"11/10/2010","1,252.87","1,256.05","1,263.94","1,252.87","","-0.25%"
"11/09/2010","1,256.05","1,248.75","1,259.23","1,248.75","","0.58%"
"11/08/2010","1,248.75","1,225.00","1,250.41","1,225.00","","1.94%"
"11/07/2010","1,225.00","1,205.14","1,225.02","1,205.14","","1.65%"
"11/04/2010","1,205.14","1,187.35","1,205.56","1,187.35","","1.50%"
"11/03/2010","1,187.35","1,185.26","1,191.57","1,184.89","","0.18%"
"11/02/2010","1,185.26","1,179.61","1,186.91","1,178.86","","0.48%"
"11/01/2010","1,179.61","1,185.01","1,185.01","1,179.30","","-0.46%"
"10/31/2010","1,185.01","1,194.03","1,195.96","1,185.01","","-0.76%"
"10/28/2010","1,194.03","1,190.78","1,196.49","1,188.67","","0.27%"
"10/27/2010","1,190.78","1,197.83","1,203.58","1,190.78","","-0.59%"
"10/26/2010","1,197.83","1,207.85","1,208.20","1,197.83","","-0.83%"
"10/25/2010","1,207.85","1,204.90","1,213.87","1,204.90","","0.24%"
"10/24/2010","1,204.90","1,202.36","1,208.94","1,202.36","","0.21%"
"10/21/2010","1,202.36","1,188.38","1,204.48","1,188.38","","1.18%"
"10/20/2010","1,188.38","1,202.66","1,202.66","1,186.69","","-1.19%"
"10/19/2010","1,202.66","1,188.80","1,205.30","1,188.80","","1.17%"
"10/18/2010","1,188.80","1,188.90","1,193.24","1,186.99","","-0.01%"
"10/17/2010","1,188.90","1,192.74","1,197.00","1,188.90","","-0.32%"
"10/14/2010","1,192.74","1,190.39","1,196.08","1,190.22","","0.20%"
"10/13/2010","1,190.39","1,183.08","1,194.19","1,183.08","","0.62%"
"10/12/2010","1,183.08","1,178.13","1,183.13","1,172.96","","0.42%"
"10/11/2010","1,178.13","1,187.66","1,187.66","1,176.84","","-0.80%"
"10/10/2010","1,187.66","1,189.63","1,195.85","1,187.66","","-0.17%"
"10/07/2010","1,189.63","1,185.83","1,190.03","1,185.18","","0.32%"
"10/05/2010","1,185.83","1,189.88","1,195.80","1,185.80","","-0.34%"
"10/04/2010","1,189.88","1,184.62","1,194.31","1,184.62","","0.44%"
"10/03/2010","1,184.62","1,157.75","1,186.06","1,157.75","","2.32%"
"09/30/2010","1,157.75","1,168.60","1,168.60","1,153.46","","-0.93%"
"09/29/2010","1,168.60","1,173.83","1,184.89","1,168.60","","-0.45%"
"09/28/2010","1,173.83","1,165.05","1,174.11","1,151.72","","0.75%"
"09/27/2010","1,165.05","1,177.26","1,182.11","1,165.05","","-1.04%"
"09/26/2010","1,177.26","1,168.80","1,185.57","1,168.80","","0.72%"
"09/23/2010","1,168.80","1,147.66","1,170.88","1,147.66","","1.84%"
"09/22/2010","1,147.66","1,141.40","1,147.85","1,136.53","","0.55%"
"09/21/2010","1,141.40","1,109.37","1,145.05","1,109.37","","2.89%"
"09/20/2010","1,109.37","1,092.91","1,109.40","1,092.91","","1.51%"
"09/19/2010","1,092.91","1,061.30","1,092.97","1,061.30","","2.98%"
"09/16/2010","1,061.30","1,075.91","1,075.91","1,056.22","","-1.36%"
"09/15/2010","1,075.91","1,131.27","1,131.27","1,075.90","","-4.89%"
"09/14/2010","1,131.27","1,158.60","1,167.34","1,131.23","","-2.36%"
"09/13/2010","1,158.60","1,147.88","1,158.66","1,147.88","","0.93%"
"09/08/2010","1,147.88","1,140.11","1,148.06","1,136.22","","0.68%"
"09/07/2010","1,140.11","1,146.21","1,146.21","1,137.79","","-0.53%"
"09/06/2010","1,146.21","1,149.85","1,151.27","1,146.21","","-0.32%"
"09/05/2010","1,149.85","1,148.18","1,158.43","1,148.18","","0.15%"
"09/02/2010","1,148.18","1,141.51","1,154.89","1,141.51","","0.58%"
"09/01/2010","1,141.51","1,127.07","1,141.59","1,127.07","","1.28%"
"08/31/2010","1,127.07","1,137.03","1,137.03","1,122.07","","-0.88%"
"08/30/2010","1,137.03","1,130.89","1,141.57","1,125.90","","0.54%"
"08/29/2010","1,130.89","1,110.36","1,136.45","1,110.36","","1.85%"
"08/26/2010","1,110.36","1,099.11","1,110.36","1,099.11","","1.02%"
"08/25/2010","1,099.11","1,113.48","1,113.48","1,098.57","","-1.29%"
"08/24/2010","1,113.48","1,122.78","1,122.78","1,113.42","","-0.83%"
"08/23/2010","1,122.78","1,111.22","1,122.99","1,111.22","","1.04%"
"08/22/2010","1,111.22","1,120.75","1,120.87","1,111.18","","-0.85%"
"08/19/2010","1,120.75","1,124.01","1,124.20","1,120.19","","-0.29%"
"08/18/2010","1,124.01","1,129.21","1,133.94","1,123.72","","-0.46%"
"08/17/2010","1,129.21","1,103.94","1,129.54","1,103.94","","2.29%"
"08/16/2010","1,103.94","1,101.50","1,103.94","1,097.74","","0.22%"
"08/15/2010","1,101.50","1,114.40","1,118.11","1,101.50","","-1.16%"
"08/12/2010","1,114.40","1,124.64","1,124.64","1,110.75","","-0.91%"
"08/11/2010","1,124.64","1,140.31","1,140.31","1,124.64","","-1.37%"
"08/10/2010","1,140.31","1,131.82","1,140.83","1,131.82","","0.75%"
"08/09/2010","1,131.82","1,123.80","1,131.82","1,121.60","","0.71%"
"08/08/2010","1,123.80","1,124.78","1,128.82","1,119.59","","-0.09%"
"08/05/2010","1,124.78","1,101.11","1,128.08","1,101.11","","2.15%"
"08/04/2010","1,101.11","1,106.59","1,106.59","1,093.22","","-0.50%"
"08/03/2010","1,106.59","1,112.51","1,125.95","1,106.59","","-0.53%"
"08/02/2010","1,112.51","1,123.09","1,125.33","1,112.45","","-0.94%"
"08/01/2010","1,123.09","1,119.92","1,125.54","1,119.92","","0.28%"